transaction_id,transaction_date,transaction_type,category,description,amount,department_id,employee_id,payment_method,transaction_reference
1,2024-06-07,EXPENSE,Software,They them read.,252154.56,3,,Bank Transfer,TXN-0000001
2,2025-12-09,EXPENSE,Professional Services,Process rate certain health another.,128490.41,6,296.0,Cash,TXN-0000002
3,2024-02-12,EXPENSE,Marketing,List into note be.,129960.09,4,,Mobile Money,TXN-0000003
4,2024-05-13,EXPENSE,Utilities,Instead year poor so least.,49488.43,2,30.0,Cash,TXN-0000004
5,2024-03-05,EXPENSE,Maintenance,Campaign floor rise garden building.,430939.53,9,,Mobile Money,TXN-0000005
6,2024-06-13,EXPENSE,Payroll,Why visit their about of.,277397.6,6,,Credit Card,TXN-0000006
7,2025-08-20,INCOME,Consulting Revenue,Case painting Congress start education process.,828485.27,7,108.0,Bank Transfer,TXN-0000007
8,2025-11-02,EXPENSE,Professional Services,Matter they option report effort.,361883.3,4,,Cash,TXN-0000008
9,2024-01-10,INCOME,Sales Revenue,War effort best son technology.,885902.24,3,,Mobile Money,TXN-0000009
10,2024-10-17,INCOME,Consulting Revenue,Around election economic it responsibility.,620037.65,8,,Credit Card,TXN-0000010
11,2025-09-20,INCOME,Consulting Revenue,Eat economic forward.,303541.64,3,,Cash,TXN-0000011
12,2025-08-27,EXPENSE,Professional Services,Great good light issue.,460772.86,9,,Cash,TXN-0000012
13,2024-12-01,INCOME,Sales Revenue,Necessary talk writer maybe.,855326.52,5,,Debit Card,TXN-0000013
14,2024-02-24,EXPENSE,Insurance,Kitchen small well forget PM.,140740.39,5,,Debit Card,TXN-0000014
15,2024-03-16,INCOME,Service Revenue,Check wide town.,936120.64,2,,Cash,TXN-0000015
16,2025-11-20,EXPENSE,Logistics,Morning ready prepare particular law computer.,237745.41,3,221.0,Bank Transfer,TXN-0000016
17,2024-10-16,EXPENSE,Professional Services,Gun serious view teach property time.,168638.57,1,,Debit Card,TXN-0000017
18,2024-09-25,EXPENSE,Payroll,Employee each star several parent always.,416257.7,3,,Mobile Money,TXN-0000018
19,2025-08-31,EXPENSE,Insurance,Conference deep news good trouble water stock.,259716.52,10,,Cash,TXN-0000019
20,2025-03-02,EXPENSE,Professional Services,Product instead take.,165990.8,5,,Debit Card,TXN-0000020
21,2025-06-11,EXPENSE,Travel,Wall turn group.,483271.61,4,,Bank Transfer,TXN-0000021
22,2024-09-03,EXPENSE,Marketing,Half two surface production beyond stock.,361299.8,10,,Credit Card,TXN-0000022
23,2024-12-25,EXPENSE,Rent,Economy often before.,345936.65,10,,Mobile Money,TXN-0000023
24,2025-07-27,INCOME,Sales Revenue,Same strategy anyone former.,987992.48,10,193.0,Credit Card,TXN-0000024
25,2025-09-23,EXPENSE,Rent,Where join station kitchen appear account.,56329.08,5,,Cash,TXN-0000025
26,2025-11-03,INCOME,Consulting Revenue,Game then environmental effect.,483731.85,4,,Debit Card,TXN-0000026
27,2024-12-07,EXPENSE,Utilities,Out stuff happen expect wrong fill.,490613.0,7,,Mobile Money,TXN-0000027
28,2024-05-29,INCOME,Service Revenue,Public expert tree.,704218.26,4,,Bank Transfer,TXN-0000028
29,2024-01-13,EXPENSE,Professional Services,Enough me different method.,15083.21,7,,Debit Card,TXN-0000029
30,2024-04-17,EXPENSE,Software,Level admit may cause hand seat.,483932.4,2,,Credit Card,TXN-0000030
31,2024-12-14,EXPENSE,Professional Services,Detail I include example bring.,318197.15,5,28.0,Credit Card,TXN-0000031
32,2025-07-08,EXPENSE,Logistics,Quality ten require rock.,88954.18,8,212.0,Credit Card,TXN-0000032
33,2024-09-19,INCOME,Subscription Revenue,Payment linked to inactive employee,873482.82,6,265.0,Bank Transfer,TXN-0000033
34,2025-06-28,EXPENSE,Utilities,Example good forget.,65899.19,2,8.0,Mobile Money,TXN-0000034
35,2024-10-12,EXPENSE,Marketing,Response color hospital part early sign.,279242.73,8,,Bank Transfer,TXN-0000035
36,2024-11-13,EXPENSE,Equipment,Figure field agree.,39709.56,5,,Cash,TXN-0000036
37,2024-09-23,INCOME,Subscription Revenue,Nothing expert guess.,382941.89,6,,Debit Card,TXN-0000037
38,2025-06-21,INCOME,Sales Revenue,Expect leg west eat behavior majority.,173594.87,9,,Credit Card,TXN-0000038
39,2025-07-21,INCOME,Sales Revenue,Social executive system head operation bed.,938760.21,9,,Mobile Money,TXN-0000039
40,2025-04-03,EXPENSE,Rent,Future fast stuff sit husband.,455754.77,6,,Cash,TXN-0000040
41,2025-06-03,INCOME,Other Income,Lead agreement college hand traditional.,923119.04,10,,Debit Card,TXN-0000041
42,2024-05-22,INCOME,Other Income,Talk right other somebody.,891655.7,9,,Mobile Money,TXN-0000042
43,2024-10-30,EXPENSE,Software,Make writer become team.,77903.6,4,113.0,Credit Card,TXN-0000043
44,2024-08-13,EXPENSE,Insurance,Somebody rule site thus consider who.,278188.42,8,86.0,Credit Card,TXN-0000044
45,2024-06-09,EXPENSE,Rent,Laugh plant skill reason pattern.,104784.6,7,,Cash,TXN-0000045
46,2024-03-14,EXPENSE,Travel,Research much deep produce evidence prove.,64261.23,8,,Mobile Money,TXN-0000046
47,2024-02-18,EXPENSE,Marketing,Somebody cost dinner three less prove.,214310.42,9,,Debit Card,TXN-0000047
48,2025-08-28,INCOME,Service Revenue,Inside note artist.,533892.44,7,,Credit Card,TXN-0000048
49,2024-12-28,INCOME,Other Income,Perhaps song other everything.,994001.95,8,,Credit Card,TXN-0000049
50,2024-05-13,EXPENSE,Professional Services,Moment for produce than finish hour.,485004.68,1,,Cash,TXN-0000050
51,2025-04-01,INCOME,Service Revenue,Key over art figure consumer office.,273300.19,6,,Debit Card,TXN-0000051
52,2025-09-26,EXPENSE,Software,There indicate leader.,445463.02,3,67.0,Mobile Money,TXN-0000052
53,2024-05-05,EXPENSE,Maintenance,Result score consider detail.,383784.62,1,,Credit Card,TXN-0000053
54,2024-03-13,INCOME,Consulting Revenue,Lawyer add staff size.,708661.69,8,65.0,Mobile Money,TXN-0000054
55,2024-05-10,INCOME,Service Revenue,Somebody about score nation material.,178513.12,6,,Mobile Money,TXN-0000055
56,2024-07-07,EXPENSE,Rent,Her special every glass.,156774.06,3,,Bank Transfer,TXN-0000056
57,2024-03-08,EXPENSE,Marketing,Leg put degree doctor red plant high.,166202.62,6,,Mobile Money,TXN-0000057
58,2025-12-25,EXPENSE,Maintenance,Whom federal have information east.,395083.85,4,,Mobile Money,TXN-0000058
59,2024-12-14,EXPENSE,Professional Services,Establish activity goal.,324970.27,5,213.0,Mobile Money,TXN-0000059
60,2025-02-07,EXPENSE,Insurance,Study business response about.,427050.66,2,,Cash,TXN-0000060
61,2024-07-10,EXPENSE,Travel,Difference style article.,200465.73,8,201.0,Debit Card,TXN-0000061
62,2025-05-14,EXPENSE,Rent,Second throughout team.,149212.97,5,,Debit Card,TXN-0000062
63,2024-01-16,EXPENSE,Equipment,Similar society bank theory memory only.,250231.06,4,92.0,Cash,TXN-0000063
64,2024-09-10,EXPENSE,Maintenance,Bag interesting consider.,82354.37,9,,Debit Card,TXN-0000064
65,2024-05-04,EXPENSE,Maintenance,Ago particularly hour Republican.,219413.93,1,,Mobile Money,TXN-0000065
66,2025-04-28,EXPENSE,Office Supplies,Sure value painting realize.,339017.71,5,,Cash,TXN-0000066
67,2024-01-30,EXPENSE,Logistics,Laugh his ok executive across.,421092.13,3,,Bank Transfer,TXN-0000067
68,2025-04-04,EXPENSE,Rent,Actually coach accept answer be.,318453.84,10,,Bank Transfer,TXN-0000068
69,2025-05-18,INCOME,Sales Revenue,Draw especially indeed.,233135.04,4,,Bank Transfer,TXN-0000069
70,2025-12-27,EXPENSE,Office Supplies,Large population thousand avoid clearly.,360948.99,9,,Mobile Money,TXN-0000070
71,2024-03-16,INCOME,Service Revenue,Stay hear yet.,255273.6,7,,Bank Transfer,TXN-0000071
72,2025-10-06,INCOME,Other Income,Agree reality scene your start.,777310.08,2,9.0,Bank Transfer,TXN-0000072
73,2025-01-04,EXPENSE,Office Supplies,Quality your suffer history add drop.,104146.32,5,,Credit Card,TXN-0000073
74,2025-04-15,INCOME,Subscription Revenue,List enough success line already almost.,30964.08,8,,Cash,TXN-0000074
75,2025-05-18,EXPENSE,Utilities,Executive direction door yourself could.,498994.25,7,,Mobile Money,TXN-0000075
76,2025-02-08,EXPENSE,Software,Their protect your act.,231877.3,10,,Debit Card,TXN-0000076
77,2025-03-31,EXPENSE,Professional Services,Sit team build human travel red.,170972.67,6,,Debit Card,TXN-0000077
78,2025-05-23,EXPENSE,Rent,Ask per single painting interesting activity.,445625.12,6,,Credit Card,TXN-0000078
79,2025-03-23,EXPENSE,Equipment,Total continue statement night carry argue.,67867.87,2,,Debit Card,TXN-0000079
80,2025-11-20,EXPENSE,Travel,Threat ready reflect political hundred score.,448887.73,9,177.0,Credit Card,TXN-0000080
81,2024-09-10,EXPENSE,Marketing,Mr close test control note send.,369795.2,6,32.0,Mobile Money,TXN-0000081
82,2024-01-29,EXPENSE,Insurance,Environment and economic character.,322973.63,9,39.0,Mobile Money,TXN-0000082
83,2025-04-23,EXPENSE,Utilities,Election later trial never.,436959.44,10,,Credit Card,TXN-0000083
84,2024-03-03,INCOME,Consulting Revenue,Response shoulder turn series type position.,496511.77,5,,Bank Transfer,TXN-0000084
85,2025-06-21,EXPENSE,Rent,Try subject rest shake.,394956.5,3,,Mobile Money,TXN-0000085
86,2024-12-30,EXPENSE,Travel,Everybody whether rest.,232151.47,1,,Cash,TXN-0000086
87,2024-06-23,INCOME,Sales Revenue,Rock work music mother knowledge.,196667.32,6,,Credit Card,TXN-0000087
88,2024-07-10,INCOME,Sales Revenue,Nothing professional record standard.,787916.17,5,,Debit Card,TXN-0000088
89,2024-10-27,INCOME,Service Revenue,So result long civil.,586922.05,7,12.0,Cash,TXN-0000089
90,2024-07-03,INCOME,Service Revenue,Economic care concern region arm among.,799244.75,2,,Bank Transfer,TXN-0000090
91,2024-02-27,EXPENSE,Logistics,Simply upon change measure production administration.,83218.22,8,,Cash,TXN-0000091
92,2025-02-21,EXPENSE,Maintenance,Record behavior might traditional contain.,14427.92,8,,Debit Card,TXN-0000092
93,2025-12-22,INCOME,Service Revenue,Bring even walk parent.,905195.19,6,,Bank Transfer,TXN-0000093
94,2025-10-09,INCOME,Other Income,Eat lead ask air free bad.,96090.79,2,155.0,Credit Card,TXN-0000094
95,2025-07-18,INCOME,Other Income,Step onto join never offer.,712951.82,8,110.0,Cash,TXN-0000095
96,2025-09-19,EXPENSE,Payroll,Action newspaper myself low ever always.,216770.27,3,,Mobile Money,TXN-0000096
97,2024-05-28,EXPENSE,Utilities,Sound arrive common.,93634.11,4,,Credit Card,TXN-0000097
98,2025-12-28,INCOME,Sales Revenue,Chance here couple how region.,159229.94,3,,Credit Card,TXN-0000098
99,2025-02-02,EXPENSE,Office Supplies,Vote computer relationship.,20677.31,5,,Debit Card,TXN-0000099
100,2024-06-22,EXPENSE,Marketing,Ago back southern right kitchen put.,309416.46,10,280.0,Cash,TXN-0000100
101,2024-09-07,EXPENSE,Payroll,Best call candidate knowledge day.,190543.23,7,,Debit Card,TXN-0000101
102,2025-03-06,INCOME,Sales Revenue,Say society reality thus me.,826256.58,2,,Cash,TXN-0000102
103,2025-12-28,INCOME,Service Revenue,Girl across put understand hand research.,79402.6,4,201.0,Cash,TXN-0000103
104,2024-02-27,EXPENSE,Maintenance,To drug population any design.,104241.67,8,,Credit Card,TXN-0000104
105,2025-06-26,EXPENSE,Logistics,Name compare majority month cover head.,199947.49,1,,Bank Transfer,TXN-0000105
106,2024-04-14,EXPENSE,Utilities,Wind picture behind.,6661.25,4,,Cash,TXN-0000106
107,2025-06-11,INCOME,Sales Revenue,Offer occur dog avoid administration.,888977.96,8,,Debit Card,TXN-0000107
108,2025-05-26,EXPENSE,Rent,Sell go add kid school.,56895.24,4,,Bank Transfer,TXN-0000108
109,2025-09-14,EXPENSE,Office Supplies,Power market chair.,136942.99,5,,Mobile Money,TXN-0000109
110,2025-01-27,INCOME,Subscription Revenue,Several smile amount ground save.,85847.04,9,,Mobile Money,TXN-0000110
111,2025-07-26,INCOME,Subscription Revenue,Act yard realize figure.,459244.12,3,,Mobile Money,TXN-0000111
112,2025-12-20,INCOME,Sales Revenue,Feeling Congress surface matter indicate we.,827254.48,4,14.0,Credit Card,TXN-0000112
113,2024-07-26,EXPENSE,Logistics,Little at military.,252410.43,2,29.0,Debit Card,TXN-0000113
114,2025-04-30,EXPENSE,Maintenance,Despite space in feel allow.,377766.52,1,,Cash,TXN-0000114
115,2025-05-17,EXPENSE,Office Supplies,Three conference between art it.,31153.05,7,,Bank Transfer,TXN-0000115
116,2025-08-26,INCOME,Other Income,Simply have film throughout cup.,611460.12,7,,Mobile Money,TXN-0000116
117,2024-06-09,EXPENSE,Payroll,Already force win.,123536.64,3,,Credit Card,TXN-0000117
118,2025-01-03,INCOME,Subscription Revenue,Government population whatever deep feel.,68672.56,8,163.0,Cash,TXN-0000118
119,2024-03-27,EXPENSE,Rent,Place page specific.,290418.89,2,,Bank Transfer,TXN-0000119
120,2024-03-16,EXPENSE,Office Supplies,Evidence whole rise reach media Democrat.,125573.94,4,,Bank Transfer,TXN-0000120
121,2025-03-17,EXPENSE,Equipment,Anyone strategy memory partner.,169484.97,9,,Debit Card,TXN-0000121
122,2024-04-09,INCOME,Other Income,Vote future with certain record.,696554.64,9,88.0,Credit Card,TXN-0000122
123,2024-12-09,EXPENSE,Payroll,All along force cost position.,366372.0,10,,Credit Card,TXN-0000123
124,2025-07-28,EXPENSE,Software,War way deal when compare what.,456753.77,3,,Cash,TXN-0000124
125,2025-11-23,EXPENSE,Maintenance,Guy physical soldier.,137899.49,6,,Bank Transfer,TXN-0000125
126,2025-08-07,INCOME,Sales Revenue,Thought piece some.,895223.72,7,,Credit Card,TXN-0000126
127,2025-05-14,EXPENSE,Insurance,Every rest fly add already.,431103.75,4,,Cash,TXN-0000127
128,2025-07-10,EXPENSE,Office Supplies,Second simply open.,274354.26,8,289.0,Credit Card,TXN-0000128
129,2024-09-14,INCOME,Service Revenue,Enter easy despite.,536570.19,1,,Credit Card,TXN-0000129
130,2025-05-28,EXPENSE,Professional Services,Company push water both whose dark.,182682.02,5,,Debit Card,TXN-0000130
131,2025-09-21,EXPENSE,Maintenance,Brother after stock tend.,240324.41,5,119.0,Mobile Money,TXN-0000131
132,2025-04-04,EXPENSE,Marketing,Trouble contain return general.,20256.97,4,171.0,Debit Card,TXN-0000132
133,2025-12-08,EXPENSE,Payroll,Option first end by.,221690.22,7,134.0,Debit Card,TXN-0000133
134,2025-05-07,EXPENSE,Rent,Need improve street explain financial store.,256922.63,2,,Debit Card,TXN-0000134
135,2024-11-24,INCOME,Sales Revenue,Out agreement away.,376172.74,3,,Debit Card,TXN-0000135
136,2024-10-23,EXPENSE,Maintenance,Claim first own mouth investment.,190243.07,2,276.0,Mobile Money,TXN-0000136
137,2025-03-09,INCOME,Consulting Revenue,Maybe food must.,392843.36,1,,Mobile Money,TXN-0000137
138,2024-02-29,INCOME,Other Income,Understand risk section accept believe article.,611496.09,7,,Bank Transfer,TXN-0000138
139,2025-10-04,EXPENSE,Software,Common size decade decision clear stock.,170552.8,5,,Debit Card,TXN-0000139
140,2025-09-09,EXPENSE,Marketing,Night often feel because put so.,371017.73,9,,Mobile Money,TXN-0000140
141,2024-09-07,EXPENSE,Travel,General myself opportunity.,462524.78,4,,Bank Transfer,TXN-0000141
142,2024-01-08,EXPENSE,Rent,Later side win catch foreign.,100003.89,5,,Debit Card,TXN-0000142
143,2025-10-20,INCOME,Consulting Revenue,She action cut.,849123.6,6,,Mobile Money,TXN-0000143
144,2024-04-16,INCOME,Service Revenue,Whose condition growth interview check few.,992551.46,2,212.0,Credit Card,TXN-0000144
145,2025-09-23,INCOME,Service Revenue,Generation project letter issue sit.,956896.6,9,,Cash,TXN-0000145
146,2025-03-08,EXPENSE,Travel,Author old lead matter red report trial.,343807.52,2,,Mobile Money,TXN-0000146
147,2024-12-22,EXPENSE,Office Supplies,His could show modern.,195898.85,9,189.0,Bank Transfer,TXN-0000147
148,2024-03-29,EXPENSE,Software,Cause trip environment if bit.,419028.32,8,300.0,Credit Card,TXN-0000148
149,2025-10-21,INCOME,Other Income,Write thousand evening seat but.,577850.87,7,,Debit Card,TXN-0000149
150,2024-09-25,INCOME,Sales Revenue,Protect activity check energy early.,78936.86,7,,Debit Card,TXN-0000150
151,2025-11-03,EXPENSE,Rent,Choice vote decide.,121033.49,9,,Cash,TXN-0000151
152,2024-07-14,INCOME,Subscription Revenue,Head citizen court speech.,814822.49,1,216.0,Credit Card,TXN-0000152
153,2024-02-20,EXPENSE,Payroll,Democrat story require table explain.,166029.07,10,,Bank Transfer,TXN-0000153
154,2024-06-09,INCOME,Service Revenue,Food job defense above point organization.,597978.61,6,,Cash,TXN-0000154
155,2025-09-24,EXPENSE,Equipment,Lawyer leave evening minute.,288462.78,5,44.0,Mobile Money,TXN-0000155
156,2024-05-13,EXPENSE,Maintenance,Could film treatment leg.,484624.05,7,176.0,Credit Card,TXN-0000156
157,2025-07-19,EXPENSE,Rent,Avoid visit poor send image them.,57010.75,2,,Mobile Money,TXN-0000157
158,2024-08-13,INCOME,Consulting Revenue,Dark common identify decide hundred.,466347.71,5,,Debit Card,TXN-0000158
159,2025-12-18,EXPENSE,Office Supplies,Daughter without together.,157209.21,2,,Credit Card,TXN-0000159
160,2025-03-04,EXPENSE,Marketing,Unusually large expense transaction,798929.99,9,,Bank Transfer,TXN-0000160
161,2024-07-09,EXPENSE,Logistics,Read when everyone.,426268.94,1,7.0,Mobile Money,TXN-0000161
162,2024-01-24,EXPENSE,Utilities,Garden tree risk box.,63599.52,10,,Debit Card,TXN-0000162
163,2024-03-26,EXPENSE,Utilities,Want fund necessary them car indicate.,369095.81,4,139.0,Cash,TXN-0000163
164,2024-05-27,INCOME,Consulting Revenue,Nature action cut kid south customer.,98963.57,5,126.0,Debit Card,TXN-0000164
165,2025-07-21,EXPENSE,Marketing,Drive school bar energy deal.,393800.56,9,110.0,Mobile Money,TXN-0000165
166,2024-08-09,INCOME,Other Income,Lay worry never artist forward cause.,811581.07,6,,Mobile Money,TXN-0000166
167,2025-10-13,EXPENSE,Insurance,Clearly lot organization.,63222.49,4,71.0,Mobile Money,TXN-0000167
168,2025-11-04,EXPENSE,Equipment,Page boy month like.,137685.51,8,,Mobile Money,TXN-0000168
169,2024-10-17,INCOME,Sales Revenue,Next what medical west television.,348234.84,9,34.0,Cash,TXN-0000169
170,2025-01-07,EXPENSE,Professional Services,Bar kitchen might.,479933.16,9,,Debit Card,TXN-0000170
171,2024-10-28,INCOME,Sales Revenue,Detail market hundred develop address.,492764.84,10,214.0,Bank Transfer,TXN-0000171
172,2024-06-18,INCOME,Subscription Revenue,Simple must recognize television picture.,265217.16,7,,Bank Transfer,TXN-0000172
173,2024-07-31,EXPENSE,Payroll,Always use sea kind available.,428273.07,4,296.0,Mobile Money,TXN-0000173
174,2024-09-11,EXPENSE,Travel,Wall lay music rather.,87058.48,5,,Mobile Money,TXN-0000174
175,2024-04-08,INCOME,Other Income,Nature information as fine machine over.,918073.77,6,,Credit Card,TXN-0000175
176,2025-04-15,INCOME,Subscription Revenue,Either head without.,970783.42,9,,Mobile Money,TXN-0000176
177,2025-07-24,EXPENSE,Rent,Interesting usually both center fall follow.,234909.34,9,,Credit Card,TXN-0000177
178,2024-10-03,INCOME,Service Revenue,According south cut newspaper.,340990.97,2,285.0,Bank Transfer,TXN-0000178
179,2025-12-23,EXPENSE,Marketing,Before unit theory box.,377720.89,7,,Cash,TXN-0000179
180,2025-08-05,INCOME,Subscription Revenue,Require yourself positive region north than.,669185.78,7,,Credit Card,TXN-0000180
181,2024-08-06,EXPENSE,Software,Pressure system list.,455371.7,4,,Credit Card,TXN-0000181
182,2025-02-13,EXPENSE,Logistics,Me hot it interview.,498732.14,8,158.0,Mobile Money,TXN-0000182
183,2024-12-15,EXPENSE,Logistics,Mind senior person.,265273.66,2,,Bank Transfer,TXN-0000183
184,2024-09-13,EXPENSE,Office Supplies,Few save who value.,341749.93,8,11.0,Mobile Money,TXN-0000184
185,2024-06-24,INCOME,Service Revenue,Whom according discuss newspaper marriage detail consider.,492543.97,1,,Cash,TXN-0000185
186,2025-04-18,EXPENSE,Equipment,Plant whatever live.,459605.4,7,,Cash,TXN-0000186
187,2025-10-05,INCOME,Sales Revenue,There center among improve.,503723.38,1,,Cash,TXN-0000187
188,2024-06-15,INCOME,Other Income,Ground try morning girl seven.,278606.71,3,,Mobile Money,TXN-0000188
189,2025-03-19,EXPENSE,Travel,Campaign reveal happen hand none crime success.,270871.65,7,,Credit Card,TXN-0000189
190,2024-12-28,EXPENSE,Software,May mean increase court front.,30573.32,8,,Debit Card,TXN-0000190
191,2025-02-02,EXPENSE,Equipment,Quickly time line.,159014.38,3,,Mobile Money,TXN-0000191
192,2024-03-04,EXPENSE,Travel,Use daughter security maybe school gas.,45816.32,10,,Cash,TXN-0000192
193,2025-01-17,INCOME,Other Income,Exactly discover tell spend two ability.,278731.81,8,,Bank Transfer,TXN-0000193
194,2024-05-21,EXPENSE,Rent,Network box color assume though wonder.,97721.66,6,,Credit Card,TXN-0000194
195,2025-05-21,INCOME,Subscription Revenue,Fear phone stuff future model.,975218.9,7,,Credit Card,TXN-0000195
196,2024-01-11,INCOME,Service Revenue,Apply respond laugh know here.,846705.1,7,,Debit Card,TXN-0000196
197,2025-04-02,INCOME,Consulting Revenue,Standard prevent wait.,952922.31,4,17.0,Mobile Money,TXN-0000197
198,2024-06-07,EXPENSE,Travel,Even individual off data.,388004.19,1,,Credit Card,TXN-0000198
199,2025-11-04,INCOME,Subscription Revenue,Force remember take or.,519791.05,3,,Debit Card,TXN-0000199
200,2024-04-17,EXPENSE,Maintenance,Name week unit early.,239839.22,2,286.0,Credit Card,TXN-0000200
201,2024-05-30,EXPENSE,Logistics,Choose rise fall turn still.,287803.18,1,184.0,Credit Card,TXN-0000201
202,2025-05-22,EXPENSE,Equipment,Next song section threat summer order.,300639.09,4,253.0,Mobile Money,TXN-0000202
203,2025-08-31,INCOME,Consulting Revenue,By federal soldier drop herself consider.,138223.29,9,,Mobile Money,TXN-0000203
204,2025-03-18,INCOME,Other Income,Total leg produce first land treat.,238569.05,3,,Credit Card,TXN-0000204
205,2025-11-26,EXPENSE,Marketing,Store exactly expert arm.,93933.03,10,19.0,Credit Card,TXN-0000205
206,2025-08-14,EXPENSE,Maintenance,From bill customer form into.,236296.01,1,300.0,Debit Card,TXN-0000206
207,2025-04-22,INCOME,Service Revenue,Crime daughter girl threat staff.,258473.47,1,229.0,Bank Transfer,TXN-0000207
208,2025-07-10,INCOME,Service Revenue,Arm mouth say social position identify.,240889.35,4,,Cash,TXN-0000208
209,2025-06-14,EXPENSE,Insurance,Test material operation.,106060.52,5,,Bank Transfer,TXN-0000209
210,2025-04-27,INCOME,Subscription Revenue,Field reality question phone safe.,891943.46,1,,Credit Card,TXN-0000210
211,2024-07-15,EXPENSE,Payroll,Store whatever we teacher life.,262358.63,6,,Bank Transfer,TXN-0000211
212,2024-04-01,EXPENSE,Equipment,Arm herself give network animal return.,286112.05,7,,Mobile Money,TXN-0000212
213,2024-05-01,INCOME,Consulting Revenue,Wear baby country.,314091.56,3,251.0,Cash,TXN-0000213
214,2025-11-22,EXPENSE,Professional Services,He computer improve whom there doctor.,310741.3,3,,Bank Transfer,TXN-0000214
215,2024-08-23,INCOME,Service Revenue,Opportunity try picture.,632946.59,8,220.0,Cash,TXN-0000215
216,2025-10-12,EXPENSE,Payroll,Than establish effect.,102884.93,3,,Cash,TXN-0000216
217,2025-03-05,INCOME,Other Income,For social city sell.,47635.98,10,,Cash,TXN-0000217
218,2025-04-02,EXPENSE,Logistics,Call Mrs much bank.,336392.99,4,,Bank Transfer,TXN-0000218
219,2025-12-22,EXPENSE,Rent,Note law one.,119773.23,2,,Debit Card,TXN-0000219
220,2024-03-20,EXPENSE,Logistics,Power plan all direction.,210882.35,6,,Bank Transfer,TXN-0000220
221,2025-10-19,EXPENSE,Maintenance,Sense character learn another doctor.,15896.86,6,224.0,Mobile Money,TXN-0000221
222,2025-11-22,EXPENSE,Maintenance,Democratic difficult money international night.,325025.86,7,,Bank Transfer,TXN-0000222
223,2024-06-28,EXPENSE,Professional Services,Employee take artist.,112353.85,5,,Mobile Money,TXN-0000223
224,2024-08-25,INCOME,Consulting Revenue,Medical certainly set.,830549.8,10,,Mobile Money,TXN-0000224
225,2024-07-31,INCOME,Other Income,Offer may father.,587739.31,10,1.0,Credit Card,TXN-0000225
226,2025-10-28,EXPENSE,Marketing,Opportunity until anything statement.,155899.35,8,,Credit Card,TXN-0000226
227,2024-05-21,INCOME,Consulting Revenue,Later important director.,570319.73,7,227.0,Debit Card,TXN-0000227
228,2024-01-31,INCOME,Subscription Revenue,Election scene at crime well message.,235573.61,10,,Debit Card,TXN-0000228
229,2025-11-12,EXPENSE,Travel,Office of wind receive someone.,4604.12,9,,Debit Card,TXN-0000229
230,2024-11-07,EXPENSE,Travel,Point million itself including.,207964.31,7,,Debit Card,TXN-0000230
231,2025-02-10,INCOME,Subscription Revenue,Together yard southern same.,67625.73,8,28.0,Credit Card,TXN-0000231
232,2024-12-23,EXPENSE,Utilities,Second skill seem help such.,8834.39,3,,Mobile Money,TXN-0000232
233,2024-02-03,EXPENSE,Equipment,Deep baby black sense idea front.,336069.0,4,,Credit Card,TXN-0000233
234,2024-06-28,EXPENSE,Equipment,Everyone daughter end amount accept clearly.,328749.06,8,96.0,Credit Card,TXN-0000234
235,2024-06-18,EXPENSE,Office Supplies,Nor south sign.,143255.43,9,,Cash,TXN-0000235
236,2024-12-05,INCOME,Sales Revenue,Church do price.,431823.68,7,50.0,Cash,TXN-0000236
237,2025-12-25,INCOME,Other Income,Successful world back away industry unit.,20272.76,9,,Mobile Money,TXN-0000237
238,2025-06-07,EXPENSE,Maintenance,Home bring culture head really remember.,12429.77,8,79.0,Mobile Money,TXN-0000238
239,2024-09-26,INCOME,Subscription Revenue,Agent start perform cut six.,775813.95,9,,Credit Card,TXN-0000239
240,2025-07-22,EXPENSE,Insurance,Through television mouth.,179344.56,6,,Debit Card,TXN-0000240
241,2024-03-13,INCOME,Subscription Revenue,Child word particular.,797009.82,10,,Cash,TXN-0000241
242,2024-09-26,INCOME,Sales Revenue,Continue seek mind play.,919272.59,5,,Debit Card,TXN-0000242
243,2025-02-17,EXPENSE,Insurance,Worker organization detail wrong during cut.,54613.72,5,,Mobile Money,TXN-0000243
244,2024-06-18,EXPENSE,Maintenance,Hand hold have continue wife fund.,136678.18,7,,Debit Card,TXN-0000244
245,2025-07-16,INCOME,Subscription Revenue,Result only cold age himself.,794847.32,4,,Cash,TXN-0000245
246,2024-05-19,EXPENSE,Maintenance,Institution travel indicate father.,385725.46,6,294.0,Bank Transfer,TXN-0000246
247,2025-09-10,EXPENSE,Equipment,Yard north start worry recognize.,218934.84,2,,Mobile Money,TXN-0000247
248,2025-07-22,EXPENSE,Travel,Enjoy billion question.,370334.89,8,271.0,Cash,TXN-0000248
249,2025-11-21,EXPENSE,Professional Services,Morning happen will.,137446.02,5,,Cash,TXN-0000249
250,2024-12-02,EXPENSE,Insurance,Keep become state investment national.,160136.77,4,,Mobile Money,TXN-0000250
251,2024-03-05,INCOME,Consulting Revenue,Development land medical.,67180.26,4,293.0,Cash,TXN-0000251
252,2025-06-10,EXPENSE,Equipment,Social upon effort close task agree cause.,140928.97,10,,Credit Card,TXN-0000252
253,2024-02-19,INCOME,Service Revenue,Situation memory reason.,305188.56,4,,Cash,TXN-0000253
254,2024-02-21,EXPENSE,Software,President alone forget remain easy give.,89225.25,2,53.0,Debit Card,TXN-0000254
255,2024-03-10,EXPENSE,Office Supplies,Picture arrive address idea forget while.,252697.55,2,280.0,Bank Transfer,TXN-0000255
256,2024-12-29,INCOME,Consulting Revenue,According tax whether.,425411.46,5,,Bank Transfer,TXN-0000256
257,2025-10-11,EXPENSE,Payroll,Expert term son husband standard dog.,401388.11,4,,Debit Card,TXN-0000257
258,2025-10-08,EXPENSE,Professional Services,Teach what cut owner list.,215726.0,10,42.0,Mobile Money,TXN-0000258
259,2025-06-21,INCOME,Service Revenue,Recent cell avoid strong better.,124634.43,6,122.0,Cash,TXN-0000259
260,2025-03-22,EXPENSE,Equipment,Herself receive give maintain free woman.,349677.51,6,,Mobile Money,TXN-0000260
261,2025-03-02,EXPENSE,Maintenance,Than top political.,463170.89,2,,Bank Transfer,TXN-0000261
262,2025-11-26,INCOME,Consulting Revenue,Election glass war.,131396.98,9,,Credit Card,TXN-0000262
263,2025-06-03,INCOME,Service Revenue,Weight eye condition.,846641.5,7,,Mobile Money,TXN-0000263
264,2025-07-01,INCOME,Service Revenue,Particular then public.,520468.67,6,,Bank Transfer,TXN-0000264
265,2025-02-08,INCOME,Consulting Revenue,Feel management their beautiful.,787550.33,8,266.0,Bank Transfer,TXN-0000265
266,2024-06-28,INCOME,Sales Revenue,Energy kid design everybody sport.,77894.11,5,,Mobile Money,TXN-0000266
267,2024-08-21,INCOME,Other Income,Maybe heart range everyone.,101716.16,6,,Mobile Money,TXN-0000267
268,2024-02-16,EXPENSE,Logistics,Drug land wife walk.,404401.34,10,,Cash,TXN-0000268
269,2024-05-28,EXPENSE,Utilities,Last game treatment south yourself table.,95656.69,7,,Debit Card,TXN-0000269
270,2024-05-11,INCOME,Consulting Revenue,Music by all.,342682.51,10,114.0,Cash,TXN-0000270
271,2025-06-19,EXPENSE,Professional Services,Improve challenge human whole fast plan.,41660.48,7,,Mobile Money,TXN-0000271
272,2025-01-10,INCOME,Sales Revenue,Effort answer great return.,540905.26,5,,Credit Card,TXN-0000272
273,2024-02-17,EXPENSE,Office Supplies,Nice bed leg.,353860.53,9,,Debit Card,TXN-0000273
274,2025-07-25,INCOME,Sales Revenue,Record evening see it local population.,604160.94,2,113.0,Credit Card,TXN-0000274
275,2025-11-10,EXPENSE,Utilities,Technology season many account ask step.,381440.68,5,,Credit Card,TXN-0000275
276,2024-12-08,EXPENSE,Rent,Air may its return list couple.,281706.26,5,27.0,Credit Card,TXN-0000276
277,2025-11-01,EXPENSE,Logistics,Entire believe law shake evening issue.,37447.84,8,,Cash,TXN-0000277
278,2025-11-07,EXPENSE,Equipment,Mother around car doctor ok.,78095.26,8,,Bank Transfer,TXN-0000278
279,2024-12-10,EXPENSE,Utilities,Human wait production near drive past.,35078.35,3,,Credit Card,TXN-0000279
280,2025-01-20,EXPENSE,Logistics,Son moment born.,115546.78,1,,Cash,TXN-0000280
281,2024-03-18,EXPENSE,Software,Sense miss perhaps leader success through.,471653.07,7,,Bank Transfer,TXN-0000281
282,2024-10-27,INCOME,Sales Revenue,Purpose campaign do police.,558823.63,1,,Bank Transfer,TXN-0000282
283,2025-11-14,EXPENSE,Utilities,Growth appear debate local.,333945.49,3,,Credit Card,TXN-0000283
284,2024-06-17,EXPENSE,Payroll,Trouble imagine provide wish east.,422034.38,4,94.0,Debit Card,TXN-0000284
285,2024-10-18,EXPENSE,Maintenance,Election environment world worry send couple.,254476.25,8,,Credit Card,TXN-0000285
286,2024-09-16,INCOME,Service Revenue,Clear on bed speak among actually.,228950.11,5,,Debit Card,TXN-0000286
287,2025-08-07,EXPENSE,Insurance,Practice hair name boy.,329394.6,9,,Bank Transfer,TXN-0000287
288,2024-02-14,EXPENSE,Payroll,Discuss Mr floor table.,352242.47,2,,Mobile Money,TXN-0000288
289,2024-05-31,EXPENSE,Rent,Old region month.,483476.37,6,84.0,Bank Transfer,TXN-0000289
290,2025-07-05,INCOME,Sales Revenue,Likely other play option group.,844122.94,7,63.0,Mobile Money,TXN-0000290
291,2025-02-23,EXPENSE,Utilities,Place person prepare guess list.,470770.95,9,,Debit Card,TXN-0000291
292,2025-02-08,INCOME,Subscription Revenue,Break husband former study kid amount.,841436.46,9,,Cash,TXN-0000292
293,2024-03-23,EXPENSE,Utilities,Area institution including wonder decide crime.,129070.53,9,,Debit Card,TXN-0000293
294,2024-03-20,EXPENSE,Software,Food example voice research.,132542.43,10,,Bank Transfer,TXN-0000294
295,2025-12-29,EXPENSE,Rent,Lay century story country.,295720.66,6,,Cash,TXN-0000295
296,2024-02-18,INCOME,Service Revenue,Memory budget west myself stay.,695387.72,8,,Mobile Money,TXN-0000296
297,2025-11-21,EXPENSE,Insurance,Goal individual election dream level.,110998.85,10,,Debit Card,TXN-0000297
298,2024-07-10,EXPENSE,Rent,Way rule wish try our.,244068.67,3,,Debit Card,TXN-0000298
299,2024-10-23,INCOME,Service Revenue,Article hot baby interest.,668504.03,1,,Debit Card,TXN-0000299
300,2024-04-29,EXPENSE,Logistics,Research design involve work which.,222088.24,7,98.0,Cash,TXN-0000300
301,2024-05-11,INCOME,Subscription Revenue,Hair step night take nation put.,755221.8,10,177.0,Credit Card,TXN-0000301
302,2024-04-04,INCOME,Subscription Revenue,Worry same morning.,938773.33,5,,Cash,TXN-0000302
303,2024-05-02,EXPENSE,Equipment,Affect artist clear though.,62607.93,5,,Mobile Money,TXN-0000303
304,2025-07-12,EXPENSE,Software,Product toward push.,291642.7,1,199.0,Credit Card,TXN-0000304
305,2024-06-09,EXPENSE,Professional Services,Second he need case across somebody none.,478700.13,2,200.0,Mobile Money,TXN-0000305
306,2024-01-07,INCOME,Other Income,Star Mr us.,405027.32,1,,Debit Card,TXN-0000306
307,2025-10-08,EXPENSE,Marketing,Chair already model by lay.,135764.09,7,,Cash,TXN-0000307
308,2024-04-27,EXPENSE,Logistics,Position physical meeting argue choose.,207119.07,1,190.0,Mobile Money,TXN-0000308
309,2025-10-10,INCOME,Subscription Revenue,Structure while center plan above.,748551.41,5,33.0,Debit Card,TXN-0000309
310,2024-05-14,EXPENSE,Professional Services,Role fly understand scene ground.,475970.91,4,76.0,Debit Card,TXN-0000310
311,2025-05-25,INCOME,Service Revenue,Pick energy decade.,961413.72,6,200.0,Bank Transfer,TXN-0000311
312,2025-09-08,INCOME,Consulting Revenue,Wear value where military.,747673.6,9,,Debit Card,TXN-0000312
313,2024-05-07,EXPENSE,Utilities,Type key nearly.,226855.48,2,,Bank Transfer,TXN-0000313
314,2025-08-30,INCOME,Service Revenue,Learn pick color out quickly.,18172.15,6,,Credit Card,TXN-0000314
315,2024-07-11,INCOME,Sales Revenue,Might nothing area if.,196533.63,2,,Debit Card,TXN-0000315
316,2025-08-06,EXPENSE,Rent,Single but letter play.,165364.18,10,77.0,Credit Card,TXN-0000316
317,2024-11-23,INCOME,Sales Revenue,Lay carry however strategy air bit.,16562.46,2,,Cash,TXN-0000317
318,2024-04-23,INCOME,Consulting Revenue,Price ground get answer which.,890214.84,4,,Debit Card,TXN-0000318
319,2024-12-09,EXPENSE,Logistics,Once against case.,399592.8,5,,Cash,TXN-0000319
320,2024-04-12,EXPENSE,Professional Services,Similar close bill fact memory director.,256484.86,5,,Credit Card,TXN-0000320
321,2025-05-30,EXPENSE,Logistics,Reality expect couple travel learn.,233322.57,8,,Cash,TXN-0000321
322,2024-08-04,INCOME,Consulting Revenue,Available easy major others.,54681.1,3,59.0,Mobile Money,TXN-0000322
323,2024-02-14,EXPENSE,Marketing,As fire quality clearly.,114814.92,4,,Cash,TXN-0000323
324,2025-12-15,EXPENSE,Maintenance,Bring class morning administration.,259005.44,9,8.0,Bank Transfer,TXN-0000324
325,2024-05-03,EXPENSE,Payroll,Property watch guy skin.,192050.3,5,210.0,Debit Card,TXN-0000325
326,2024-09-18,EXPENSE,Insurance,Appear increase yet.,386406.09,7,,Debit Card,TXN-0000326
327,2025-03-22,EXPENSE,Professional Services,Major fine father across along.,226377.6,5,,Debit Card,TXN-0000327
328,2025-02-28,EXPENSE,Equipment,Ability involve year.,107390.26,5,,Cash,TXN-0000328
329,2024-04-24,INCOME,Subscription Revenue,Those happy outside claim professional movie.,825725.35,3,,Debit Card,TXN-0000329
330,2024-09-02,EXPENSE,Marketing,Billion garden politics his seat.,320057.89,4,,Bank Transfer,TXN-0000330
331,2025-06-26,EXPENSE,Insurance,School often everyone plan.,340102.1,3,,Debit Card,TXN-0000331
332,2024-02-04,INCOME,Service Revenue,By single now alone wrong.,259247.68,6,270.0,Credit Card,TXN-0000332
333,2025-09-22,EXPENSE,Professional Services,Discuss standard believe.,80260.08,5,,Mobile Money,TXN-0000333
334,2025-10-01,EXPENSE,Equipment,Down show opportunity.,354587.06,9,280.0,Mobile Money,TXN-0000334
335,2025-03-18,INCOME,Other Income,Energy central education early Mrs.,452278.64,3,242.0,Debit Card,TXN-0000335
336,2025-09-15,INCOME,Service Revenue,Unit visit evening tough they product.,719614.89,7,,Cash,TXN-0000336
337,2024-07-26,INCOME,Consulting Revenue,Shoulder social so paper democratic.,779364.23,3,,Bank Transfer,TXN-0000337
338,2024-10-03,EXPENSE,Rent,Condition letter ready.,240901.58,5,,Bank Transfer,TXN-0000338
339,2024-12-12,INCOME,Consulting Revenue,Ability summer whole will.,227669.05,2,199.0,Bank Transfer,TXN-0000339
340,2025-05-11,INCOME,Consulting Revenue,It would bill.,361917.28,10,,Cash,TXN-0000340
341,2025-02-25,EXPENSE,Travel,Newspaper by again.,176911.08,8,,Credit Card,TXN-0000341
342,2024-09-11,INCOME,Other Income,Left energy stuff law.,797739.66,8,63.0,Debit Card,TXN-0000342
343,2024-04-12,INCOME,Service Revenue,Work describe continue.,888292.37,10,,Credit Card,TXN-0000343
344,2025-01-20,EXPENSE,Payroll,Easy visit act each.,234234.18,2,24.0,Credit Card,TXN-0000344
345,2024-07-11,EXPENSE,Travel,Consider science although.,113917.02,5,,Mobile Money,TXN-0000345
346,2024-06-01,EXPENSE,Maintenance,Money new media south good.,271826.17,6,,Mobile Money,TXN-0000346
347,2024-09-07,EXPENSE,Maintenance,City quickly away her though marriage.,265810.84,9,244.0,Cash,TXN-0000347
348,2024-07-29,EXPENSE,Maintenance,Area image one soldier card authority.,497991.66,3,294.0,Cash,TXN-0000348
349,2024-08-01,INCOME,Other Income,Collection good article west.,262575.71,8,,Credit Card,TXN-0000349
350,2024-01-15,EXPENSE,Professional Services,Term imagine your prepare attack.,451608.14,10,,Credit Card,TXN-0000350
351,2024-06-18,INCOME,Service Revenue,Sister small if many president.,175705.34,4,,Debit Card,TXN-0000351
352,2024-11-21,INCOME,Sales Revenue,Husband sort benefit very young job.,930085.16,8,231.0,Credit Card,TXN-0000352
353,2025-07-16,EXPENSE,Travel,Base health will traditional.,366186.08,9,203.0,Cash,TXN-0000353
354,2025-06-27,EXPENSE,Professional Services,Scene film into however writer expect.,236327.72,8,,Mobile Money,TXN-0000354
355,2025-08-29,INCOME,Subscription Revenue,Clearly attorney other commercial indeed.,391145.97,6,,Bank Transfer,TXN-0000355
356,2024-01-17,EXPENSE,Professional Services,Mention worker skin Mrs.,189434.96,3,282.0,Credit Card,TXN-0000356
357,2025-04-01,INCOME,Service Revenue,Among participant social fact arm this.,789569.24,9,298.0,Credit Card,TXN-0000357
358,2024-11-19,EXPENSE,Insurance,Value standard bar themselves whole change.,208253.71,9,285.0,Debit Card,TXN-0000358
359,2024-08-29,EXPENSE,Marketing,Teach sit cause.,213904.18,4,,Credit Card,TXN-0000359
360,2025-08-26,EXPENSE,Travel,Push either again police.,361239.35,6,,Mobile Money,TXN-0000360
361,2025-01-21,EXPENSE,Logistics,Matter miss experience.,380484.59,7,,Mobile Money,TXN-0000361
362,2025-10-22,INCOME,Consulting Revenue,Would site huge.,547649.78,4,104.0,Debit Card,TXN-0000362
363,2024-08-04,EXPENSE,Travel,Citizen he he book music participant.,103586.4,6,,Debit Card,TXN-0000363
364,2024-12-04,EXPENSE,Insurance,Eat in but mind fire.,46694.6,9,,Mobile Money,TXN-0000364
365,2025-04-25,EXPENSE,Marketing,Nearly quickly service nor child call.,483468.89,3,200.0,Credit Card,TXN-0000365
366,2024-09-12,EXPENSE,Logistics,Action entire box recently sometimes.,45085.77,1,,Credit Card,TXN-0000366
367,2024-10-27,EXPENSE,Travel,Medical politics believe win perform your.,313333.62,9,211.0,Debit Card,TXN-0000367
368,2024-08-13,EXPENSE,Software,Manager cultural camera teach guess dinner.,369318.42,9,,Debit Card,TXN-0000368
369,2024-10-28,EXPENSE,Travel,Consider several professional stuff end.,84293.04,10,294.0,Credit Card,TXN-0000369
370,2025-08-26,EXPENSE,Office Supplies,Book which interview once.,381768.13,7,202.0,Debit Card,TXN-0000370
371,2025-10-24,EXPENSE,Marketing,Phone effort player form oil without.,244941.71,8,,Mobile Money,TXN-0000371
372,2025-01-07,EXPENSE,Software,This site drug.,284410.06,6,,Mobile Money,TXN-0000372
373,2024-07-05,INCOME,Consulting Revenue,Long ago send firm up.,98405.85,5,,Bank Transfer,TXN-0000373
374,2024-12-26,EXPENSE,Office Supplies,Single unit cell career everybody red.,387440.45,9,281.0,Cash,TXN-0000374
375,2024-07-03,EXPENSE,Marketing,Investment interest southern.,216744.16,8,,Credit Card,TXN-0000375
376,2025-05-18,INCOME,Other Income,Sure health serious who.,22856.2,8,,Bank Transfer,TXN-0000376
377,2024-07-20,EXPENSE,Rent,Receive despite growth push.,17545.78,2,55.0,Debit Card,TXN-0000377
378,2025-10-18,INCOME,Sales Revenue,Page project she understand suddenly.,314739.51,3,,Mobile Money,TXN-0000378
379,2024-07-06,EXPENSE,Professional Services,Although race as professional something.,309618.82,2,,Cash,TXN-0000379
380,2025-08-05,EXPENSE,Utilities,Magazine goal soon.,2265.36,9,,Bank Transfer,TXN-0000380
381,2024-09-18,EXPENSE,Equipment,Citizen hold mention commercial friend sense.,388891.36,5,,Cash,TXN-0000381
382,2025-02-08,INCOME,Other Income,Customer try miss try.,574979.93,2,,Mobile Money,TXN-0000382
383,2024-10-26,INCOME,Sales Revenue,Cut west short close.,387606.13,10,,Mobile Money,TXN-0000383
384,2025-06-20,EXPENSE,Office Supplies,Enter war space argue which.,194165.14,3,,Cash,TXN-0000384
385,2025-10-23,EXPENSE,Utilities,Second understand season game discover girl.,23482.2,3,,Mobile Money,TXN-0000385
386,2025-08-19,INCOME,Consulting Revenue,Imagine world civil soon.,231483.78,3,261.0,Mobile Money,TXN-0000386
387,2025-10-20,EXPENSE,Professional Services,Structure military movie place know husband.,490476.98,5,,Cash,TXN-0000387
388,2024-06-04,EXPENSE,Utilities,Interview notice movement.,332621.95,6,,Mobile Money,TXN-0000388
389,2025-02-04,EXPENSE,Marketing,Officer modern house simply.,384342.17,8,,Bank Transfer,TXN-0000389
390,2024-03-31,INCOME,Consulting Revenue,Time parent seek.,315171.92,10,239.0,Mobile Money,TXN-0000390
391,2025-02-20,INCOME,Service Revenue,Five relationship certainly take road.,732855.87,7,218.0,Cash,TXN-0000391
392,2025-09-13,INCOME,Other Income,Ability inside probably.,556306.43,9,,Cash,TXN-0000392
393,2025-06-17,EXPENSE,Utilities,Member whatever political tree government.,18431.76,9,,Cash,TXN-0000393
394,2024-06-20,EXPENSE,Software,Strategy available use tree bag author.,250976.28,8,,Cash,TXN-0000394
395,2024-12-12,INCOME,Service Revenue,Or society high current.,949403.73,4,,Mobile Money,TXN-0000395
396,2024-08-31,INCOME,Subscription Revenue,Computer idea thousand state.,60549.75,7,251.0,Mobile Money,TXN-0000396
397,2025-04-14,EXPENSE,Logistics,Strategy sit night.,212724.25,6,,Debit Card,TXN-0000397
398,2025-02-16,EXPENSE,Insurance,Instead win create heart.,222780.47,7,,Debit Card,TXN-0000398
399,2025-12-22,EXPENSE,Logistics,Long institution someone any million.,133273.79,8,,Debit Card,TXN-0000399
400,2025-01-11,EXPENSE,Logistics,Financial way its street range modern.,404765.11,4,,Mobile Money,TXN-0000400
401,2025-05-07,EXPENSE,Software,Seek attention war show performance.,324239.47,3,,Debit Card,TXN-0000401
402,2025-05-25,INCOME,Subscription Revenue,Red build standard.,177956.53,1,,Debit Card,TXN-0000402
403,2025-10-23,EXPENSE,Maintenance,Interview bit need but wall.,262584.94,7,,Credit Card,TXN-0000403
404,2025-04-22,EXPENSE,Travel,Unusually large expense transaction,1647012.23,1,179.0,Debit Card,TXN-0000404
405,2024-01-22,EXPENSE,Rent,Yard meeting structure.,386653.27,8,,Debit Card,TXN-0000405
406,2024-05-22,INCOME,Service Revenue,Also group together employee Democrat.,206734.44,9,,Mobile Money,TXN-0000406
407,2025-11-08,EXPENSE,Marketing,Collection increase forward operation stay.,361086.17,2,195.0,Debit Card,TXN-0000407
408,2025-11-28,EXPENSE,Insurance,Work important view if take.,22406.79,5,,Bank Transfer,TXN-0000408
409,2024-10-03,EXPENSE,Professional Services,Read her each appear.,105306.92,5,1.0,Mobile Money,TXN-0000409
410,2025-10-07,INCOME,Consulting Revenue,Blue identify these use ok.,840046.71,6,73.0,Mobile Money,TXN-0000410
411,2024-06-30,EXPENSE,Office Supplies,Budget president color attention trip require.,434805.3,8,,Mobile Money,TXN-0000411
412,2025-03-11,INCOME,Consulting Revenue,Cultural service often region not none.,925280.02,8,,Mobile Money,TXN-0000412
413,2024-12-12,INCOME,Subscription Revenue,Food Republican you to prevent.,865131.31,1,70.0,Mobile Money,TXN-0000413
414,2025-09-04,INCOME,Other Income,Quite way condition.,623137.83,5,76.0,Bank Transfer,TXN-0000414
415,2024-03-11,EXPENSE,Payroll,East eye hear.,142554.9,2,46.0,Bank Transfer,TXN-0000415
416,2025-10-28,INCOME,Subscription Revenue,Garden receive investment will.,441848.53,8,,Bank Transfer,TXN-0000416
417,2024-01-15,EXPENSE,Payroll,Series production develop avoid treatment quality.,164621.06,7,,Cash,TXN-0000417
418,2025-03-26,INCOME,Subscription Revenue,Discuss treat city significant wish.,481018.81,8,101.0,Credit Card,TXN-0000418
419,2025-07-05,EXPENSE,Rent,Per society result he computer prove.,214130.98,5,,Debit Card,TXN-0000419
420,2025-03-09,EXPENSE,Logistics,Evening discuss less half situation bad.,186231.19,8,,Credit Card,TXN-0000420
421,2024-07-16,EXPENSE,Rent,Structure perform wall rock buy one.,472972.71,6,,Credit Card,TXN-0000421
422,2025-04-11,EXPENSE,Marketing,Play week detail well now.,380502.64,1,,Cash,TXN-0000422
423,2025-05-19,EXPENSE,Equipment,Enough office rock seem.,378352.44,1,,Cash,TXN-0000423
424,2025-07-25,EXPENSE,Utilities,Today rule impact campaign.,470778.39,10,205.0,Bank Transfer,TXN-0000424
425,2025-02-25,EXPENSE,Payroll,Attorney hot book.,55783.9,4,,Debit Card,TXN-0000425
426,2024-10-07,EXPENSE,Logistics,Oil yard pay recent.,294536.6,5,,Bank Transfer,TXN-0000426
427,2025-05-19,EXPENSE,Office Supplies,Even upon site turn war.,454704.12,4,,Cash,TXN-0000427
428,2024-02-27,EXPENSE,Software,Own reason play.,458416.53,9,,Bank Transfer,TXN-0000428
429,2025-04-20,EXPENSE,Utilities,Fly would baby step forward.,379488.82,7,,Debit Card,TXN-0000429
430,2025-09-06,INCOME,Sales Revenue,Science character couple.,820483.17,5,19.0,Mobile Money,TXN-0000430
431,2024-07-02,EXPENSE,Insurance,Choice vote organization western.,340684.45,5,,Debit Card,TXN-0000431
432,2024-05-07,EXPENSE,Office Supplies,Movie financial itself respond fire.,402959.78,4,,Debit Card,TXN-0000432
433,2024-06-20,EXPENSE,Equipment,Lead shake certainly.,464918.59,6,,Bank Transfer,TXN-0000433
434,2024-12-19,EXPENSE,Travel,Building keep collection.,310475.34,8,30.0,Cash,TXN-0000434
435,2024-07-28,INCOME,Sales Revenue,International huge here mouth special manage.,868202.62,9,,Cash,TXN-0000435
436,2025-01-27,INCOME,Subscription Revenue,Involve member order action.,805552.74,5,43.0,Mobile Money,TXN-0000436
437,2025-07-16,EXPENSE,Insurance,Move her money.,163485.39,10,,Debit Card,TXN-0000437
438,2025-04-11,EXPENSE,Travel,Fight sit guy own total.,444489.98,9,,Cash,TXN-0000438
439,2025-12-04,EXPENSE,Maintenance,Natural yard detail common.,294224.21,1,96.0,Bank Transfer,TXN-0000439
440,2024-07-02,EXPENSE,Software,Generation indicate process rather behind.,218421.18,6,28.0,Bank Transfer,TXN-0000440
441,2025-07-26,EXPENSE,Marketing,Career three wide.,104154.6,1,,Cash,TXN-0000441
442,2025-01-09,EXPENSE,Logistics,Majority treat partner cup.,311602.87,7,11.0,Cash,TXN-0000442
443,2025-07-19,EXPENSE,Marketing,Why near minute very.,455216.99,6,,Mobile Money,TXN-0000443
444,2024-11-20,EXPENSE,Rent,Class floor war say indicate area.,489257.28,1,,Cash,TXN-0000444
445,2024-12-08,INCOME,Consulting Revenue,Truth then change half factor.,282426.72,1,,Mobile Money,TXN-0000445
446,2025-11-11,INCOME,Service Revenue,Fill owner occur think table force.,35498.45,3,,Cash,TXN-0000446
447,2024-12-12,EXPENSE,Utilities,Leave door center full four.,279654.67,6,150.0,Credit Card,TXN-0000447
448,2024-09-09,INCOME,Other Income,Cultural spend final offer person relationship.,148631.19,1,,Mobile Money,TXN-0000448
449,2024-02-02,EXPENSE,Marketing,Final management every.,404066.12,1,,Bank Transfer,TXN-0000449
450,2025-12-07,EXPENSE,Rent,Practice common school option.,283741.11,1,,Debit Card,TXN-0000450
451,2024-08-01,INCOME,Consulting Revenue,General seek level past yard.,711728.4,4,,Debit Card,TXN-0000451
452,2025-10-14,EXPENSE,Professional Services,Allow art father one identify use.,300401.52,4,,Cash,TXN-0000452
453,2024-09-14,EXPENSE,Marketing,Night happy present air vote.,136176.73,6,,Debit Card,TXN-0000453
454,2025-07-07,INCOME,Sales Revenue,Professor cold production its.,381000.26,2,,Mobile Money,TXN-0000454
455,2025-04-01,INCOME,Service Revenue,Woman best hotel challenge sort voice.,767041.87,3,,Debit Card,TXN-0000455
456,2024-12-15,EXPENSE,Payroll,Network north safe ok.,178162.87,2,,Credit Card,TXN-0000456
457,2025-02-27,EXPENSE,Software,Sit run medical under sense.,323614.12,7,,Cash,TXN-0000457
458,2024-03-27,EXPENSE,Utilities,These tend sport.,168935.2,6,,Credit Card,TXN-0000458
459,2024-05-11,INCOME,Other Income,Spend line culture spring up.,132694.16,7,,Cash,TXN-0000459
460,2024-06-08,INCOME,Consulting Revenue,Toward relationship others ball.,269183.77,9,,Bank Transfer,TXN-0000460
461,2025-07-12,EXPENSE,Software,Box more develop will call because.,8431.59,5,,Debit Card,TXN-0000461
462,2024-03-10,EXPENSE,Utilities,Impact appear travel.,442502.83,6,,Cash,TXN-0000462
463,2025-01-19,EXPENSE,Logistics,Set view or big.,128398.52,7,,Bank Transfer,TXN-0000463
464,2025-04-17,INCOME,Consulting Revenue,South ever American fill should.,36494.56,7,,Debit Card,TXN-0000464
465,2025-10-22,INCOME,Consulting Revenue,Hotel turn fear.,605321.04,4,,Debit Card,TXN-0000465
466,2025-09-28,EXPENSE,Utilities,National wide remain PM wrong perform.,429542.64,9,,Credit Card,TXN-0000466
467,2025-05-11,EXPENSE,Professional Services,Tell reduce hour best radio just.,219881.01,6,,Mobile Money,TXN-0000467
468,2025-09-25,EXPENSE,Professional Services,Cover protect effort financial.,136483.19,10,,Debit Card,TXN-0000468
469,2024-03-10,INCOME,Sales Revenue,Prevent price structure window what hotel.,134929.12,9,,Debit Card,TXN-0000469
470,2024-08-15,EXPENSE,Office Supplies,Population admit dinner claim south final.,241781.22,8,,Bank Transfer,TXN-0000470
471,2025-01-30,EXPENSE,Maintenance,Radio throw almost fly.,143226.36,6,,Cash,TXN-0000471
472,2025-12-14,EXPENSE,Insurance,Discover ever laugh believe hear.,416231.77,10,,Mobile Money,TXN-0000472
473,2024-10-21,EXPENSE,Travel,Kitchen small camera.,461089.48,2,,Credit Card,TXN-0000473
474,2025-04-27,INCOME,Other Income,Will seat will act matter strategy.,347509.94,7,,Mobile Money,TXN-0000474
475,2025-10-12,INCOME,Consulting Revenue,Future move serious yet quality.,370373.55,4,,Bank Transfer,TXN-0000475
476,2025-02-20,EXPENSE,Professional Services,Act fact key involve.,216031.97,5,,Bank Transfer,TXN-0000476
477,2024-10-05,EXPENSE,Utilities,Major few whose.,391336.99,3,,Mobile Money,TXN-0000477
478,2024-11-11,EXPENSE,Office Supplies,Past series feeling eye attorney.,402829.38,5,,Bank Transfer,TXN-0000478
479,2025-04-08,EXPENSE,Office Supplies,Do difficult phone through.,138876.21,8,,Bank Transfer,TXN-0000479
480,2024-07-13,INCOME,Consulting Revenue,Energy over deal finally.,960778.46,6,,Debit Card,TXN-0000480
481,2024-08-03,EXPENSE,Payroll,Although manager operation.,481749.54,6,,Credit Card,TXN-0000481
482,2024-09-26,EXPENSE,Equipment,Moment water above different understand lay.,496059.26,4,248.0,Mobile Money,TXN-0000482
483,2025-11-23,EXPENSE,Rent,Debate great increase few.,280684.87,10,,Bank Transfer,TXN-0000483
484,2025-08-13,INCOME,Other Income,Born floor group bed which.,100741.23,9,,Bank Transfer,TXN-0000484
485,2025-09-01,INCOME,Sales Revenue,Movie meet cultural character.,478912.86,6,,Mobile Money,TXN-0000485
486,2024-04-12,EXPENSE,Marketing,Sometimes baby sell race official quickly.,47651.37,10,,Credit Card,TXN-0000486
487,2025-06-22,INCOME,Other Income,Analysis find change investment but go.,389878.38,1,,Cash,TXN-0000487
488,2025-09-06,EXPENSE,Office Supplies,Affect wife well question.,435299.89,7,295.0,Cash,TXN-0000488
489,2024-11-20,EXPENSE,Insurance,Of next author economy.,175780.05,1,,Bank Transfer,TXN-0000489
490,2024-09-02,EXPENSE,Insurance,Inside particular truth plant watch rest.,99254.87,2,190.0,Credit Card,TXN-0000490
491,2025-09-04,INCOME,Service Revenue,Either hundred sing edge.,411838.26,1,98.0,Credit Card,TXN-0000491
492,2024-02-05,EXPENSE,Payroll,Meet realize question place several young.,217281.11,8,,Credit Card,TXN-0000492
493,2025-08-16,EXPENSE,Logistics,Thus success think choice road.,334886.5,4,,Mobile Money,TXN-0000493
494,2024-03-21,EXPENSE,Logistics,Final he response wife individual deal.,497147.19,2,,Cash,TXN-0000494
495,2024-01-25,INCOME,Consulting Revenue,Worker very line.,290493.31,8,,Mobile Money,TXN-0000495
496,2025-04-30,EXPENSE,Equipment,Southern always large remember.,202686.16,5,,Credit Card,TXN-0000496
497,2024-05-07,EXPENSE,Insurance,Process candidate southern.,117060.22,9,,Credit Card,TXN-0000497
498,2025-10-20,INCOME,Subscription Revenue,Fast accept rich.,440615.16,8,,Mobile Money,TXN-0000498
499,2025-09-08,INCOME,Sales Revenue,Turn deal would seven with eight.,265080.61,9,86.0,Mobile Money,TXN-0000499
500,2024-02-14,EXPENSE,Equipment,Kitchen miss half parent.,203826.07,8,,Debit Card,TXN-0000500
501,2025-07-17,EXPENSE,Logistics,Professional even today whom answer amount.,346835.22,8,,Debit Card,TXN-0000501
502,2025-05-25,INCOME,Other Income,Middle respond lose fight show.,177077.09,7,,Bank Transfer,TXN-0000502
503,2024-11-07,INCOME,Consulting Revenue,Create policy top.,390181.99,10,292.0,Cash,TXN-0000503
504,2024-03-26,EXPENSE,Office Supplies,Economy care me real subject leave.,46833.88,6,,Mobile Money,TXN-0000504
505,2024-10-27,EXPENSE,Logistics,Relationship hold anything head.,72942.19,10,,Credit Card,TXN-0000505
506,2025-10-12,EXPENSE,Payroll,Allow hit participant.,379743.19,9,,Mobile Money,TXN-0000506
507,2025-06-05,INCOME,Other Income,Marriage always throughout scene nor site.,394714.95,7,,Cash,TXN-0000507
508,2024-10-04,INCOME,Sales Revenue,Fill school dream range clearly whatever.,664675.32,9,72.0,Cash,TXN-0000508
509,2025-09-17,EXPENSE,Marketing,Long system week staff present professional.,122253.62,3,,Cash,TXN-0000509
510,2025-10-18,EXPENSE,Marketing,Cell court paper.,451754.64,4,,Credit Card,TXN-0000510
511,2024-02-09,EXPENSE,Insurance,White long for sing series yeah.,386995.42,1,,Bank Transfer,TXN-0000511
512,2024-05-01,INCOME,Subscription Revenue,Move behavior billion.,497020.41,5,,Cash,TXN-0000512
513,2025-08-16,EXPENSE,Professional Services,Car performance environmental.,251220.09,1,,Debit Card,TXN-0000513
514,2025-07-26,INCOME,Subscription Revenue,Before model star hair.,689621.22,6,,Mobile Money,TXN-0000514
515,2024-10-03,EXPENSE,Logistics,Serious reflect throughout.,409903.54,6,,Mobile Money,TXN-0000515
516,2025-05-15,EXPENSE,Insurance,Doctor assume business rich agree law.,338823.68,1,,Debit Card,TXN-0000516
517,2024-07-06,INCOME,Service Revenue,Energy ability east indeed whatever.,917398.36,8,,Debit Card,TXN-0000517
518,2025-09-12,EXPENSE,Payroll,Force organization within.,132719.86,7,,Credit Card,TXN-0000518
519,2024-11-05,EXPENSE,Software,What black style garden.,206132.34,5,,Debit Card,TXN-0000519
520,2024-03-11,INCOME,Consulting Revenue,While hard idea offer.,801639.76,3,150.0,Credit Card,TXN-0000520
521,2025-04-19,INCOME,Other Income,History work loss full fill.,436980.84,5,,Bank Transfer,TXN-0000521
522,2025-07-26,EXPENSE,Marketing,Somebody nice of value season fish could.,26303.88,6,295.0,Bank Transfer,TXN-0000522
523,2025-11-20,EXPENSE,Insurance,Town blood try white.,174453.13,1,,Mobile Money,TXN-0000523
524,2024-01-07,EXPENSE,Utilities,City show instead that majority feel.,118480.78,6,,Cash,TXN-0000524
525,2025-08-17,INCOME,Other Income,Physical marriage thank.,96714.77,5,,Credit Card,TXN-0000525
526,2024-07-28,EXPENSE,Maintenance,Upon we three.,281764.66,8,,Mobile Money,TXN-0000526
527,2025-06-22,EXPENSE,Office Supplies,Theory work ten him.,93897.22,8,,Bank Transfer,TXN-0000527
528,2025-02-14,EXPENSE,Marketing,Remember sound help top.,104396.42,9,206.0,Bank Transfer,TXN-0000528
529,2024-07-14,EXPENSE,Maintenance,Increase employee expect out but south.,400399.81,10,,Mobile Money,TXN-0000529
530,2025-09-19,INCOME,Consulting Revenue,Court weight address tend summer thank.,159590.29,10,137.0,Debit Card,TXN-0000530
531,2025-01-28,EXPENSE,Logistics,Glass continue art.,389475.01,5,,Mobile Money,TXN-0000531
532,2025-09-11,EXPENSE,Payroll,Event organization military big while.,11443.87,3,,Credit Card,TXN-0000532
533,2024-10-20,EXPENSE,Payroll,Board police already other ask ever.,215178.03,2,,Credit Card,TXN-0000533
534,2025-06-17,INCOME,Other Income,News lay up air.,823414.76,1,,Bank Transfer,TXN-0000534
535,2025-05-14,EXPENSE,Professional Services,Near true since dark project mouth.,366055.06,6,21.0,Mobile Money,TXN-0000535
536,2024-11-11,INCOME,Other Income,Smile accept voice before every.,753658.91,3,282.0,Cash,TXN-0000536
537,2025-07-23,EXPENSE,Software,Professor prove military everyone allow kitchen.,401984.57,4,,Bank Transfer,TXN-0000537
538,2025-07-08,INCOME,Subscription Revenue,Protect give site analysis remember.,246814.7,3,126.0,Bank Transfer,TXN-0000538
539,2024-07-24,EXPENSE,Professional Services,Artist financial almost million.,141719.91,2,218.0,Mobile Money,TXN-0000539
540,2025-03-25,EXPENSE,Rent,Author production fight certain time.,88591.37,4,,Mobile Money,TXN-0000540
541,2025-04-27,EXPENSE,Software,Represent near activity could.,255586.08,7,,Debit Card,TXN-0000541
542,2024-01-01,EXPENSE,Software,Find south ten success ago its.,169847.68,7,,Credit Card,TXN-0000542
543,2024-10-14,EXPENSE,Logistics,Personal her prepare entire night figure.,121735.19,8,,Credit Card,TXN-0000543
544,2025-09-25,EXPENSE,Software,Near during gas bill ability author.,57254.57,1,,Debit Card,TXN-0000544
545,2025-05-22,EXPENSE,Logistics,Old suggest official fish public themselves.,461728.33,9,,Mobile Money,TXN-0000545
546,2025-07-10,EXPENSE,Software,Reflect program hear.,231717.83,2,,Credit Card,TXN-0000546
547,2024-12-13,INCOME,Other Income,Detail together several.,100396.47,7,,Cash,TXN-0000547
548,2024-11-21,INCOME,Service Revenue,Sure story expert along play health.,972120.38,6,,Credit Card,TXN-0000548
549,2024-12-01,EXPENSE,Office Supplies,Should apply blue pull.,380360.1,4,190.0,Debit Card,TXN-0000549
550,2025-10-11,EXPENSE,Maintenance,Catch figure government imagine.,291798.06,6,,Mobile Money,TXN-0000550
551,2024-03-16,INCOME,Sales Revenue,Either today cut little kind.,897420.64,10,,Credit Card,TXN-0000551
552,2024-02-25,EXPENSE,Maintenance,Become yard game less white.,264478.49,1,91.0,Mobile Money,TXN-0000552
553,2024-11-25,EXPENSE,Equipment,American less person general food.,375188.21,6,,Debit Card,TXN-0000553
554,2024-06-26,EXPENSE,Payroll,Organization nor population why.,13250.36,1,,Bank Transfer,TXN-0000554
555,2024-03-31,INCOME,Consulting Revenue,Stage floor read population contain.,548929.33,1,,Bank Transfer,TXN-0000555
556,2024-07-07,INCOME,Service Revenue,Back heavy fly need.,198457.74,7,,Credit Card,TXN-0000556
557,2025-08-17,INCOME,Subscription Revenue,Attention accept career.,211051.89,4,247.0,Debit Card,TXN-0000557
558,2025-03-01,EXPENSE,Office Supplies,Drive good class building pattern hold.,233265.66,1,277.0,Debit Card,TXN-0000558
559,2024-01-03,INCOME,Consulting Revenue,Group former professional.,240954.38,8,76.0,Bank Transfer,TXN-0000559
560,2025-11-09,EXPENSE,Rent,Nature put able power anything.,414398.72,5,,Bank Transfer,TXN-0000560
561,2025-08-22,EXPENSE,Software,Improve score send nature cover.,352178.07,10,115.0,Credit Card,TXN-0000561
562,2025-01-27,EXPENSE,Logistics,Size into all understand.,410058.5,8,277.0,Debit Card,TXN-0000562
563,2024-11-18,EXPENSE,Utilities,Include decade whose protect.,227552.66,10,,Bank Transfer,TXN-0000563
564,2024-03-15,EXPENSE,Utilities,Station window society practice.,247296.76,4,,Cash,TXN-0000564
565,2025-11-29,INCOME,Sales Revenue,Scene before perform first.,981221.41,6,,Cash,TXN-0000565
566,2025-01-09,INCOME,Subscription Revenue,College dream ask science manage another.,610509.86,9,38.0,Mobile Money,TXN-0000566
567,2025-02-03,EXPENSE,Equipment,Easy mind or painting.,144473.68,8,132.0,Debit Card,TXN-0000567
568,2025-01-13,INCOME,Consulting Revenue,Each current population agree condition our benefit.,707165.29,5,,Debit Card,TXN-0000568
569,2025-06-11,EXPENSE,Maintenance,Then task two former.,167690.43,4,,Debit Card,TXN-0000569
570,2025-02-18,EXPENSE,Logistics,Catch role claim decide call recently.,249234.03,7,,Bank Transfer,TXN-0000570
571,2024-06-18,EXPENSE,Equipment,Evening energy artist drug manager.,90783.37,1,,Debit Card,TXN-0000571
572,2024-07-24,EXPENSE,Logistics,Morning general up now result.,470954.21,3,,Cash,TXN-0000572
573,2025-09-29,EXPENSE,Marketing,Address paper economy west happen party.,205924.29,3,,Mobile Money,TXN-0000573
574,2024-11-29,EXPENSE,Utilities,Practice final model cultural also.,61519.25,7,,Bank Transfer,TXN-0000574
575,2024-09-04,EXPENSE,Rent,Message result record.,494939.8,4,,Bank Transfer,TXN-0000575
576,2024-11-13,EXPENSE,Utilities,Add above institution tend sign pattern.,295194.07,10,285.0,Bank Transfer,TXN-0000576
577,2025-07-28,EXPENSE,Rent,Forget beat that.,25445.59,4,,Mobile Money,TXN-0000577
578,2025-09-01,EXPENSE,Logistics,Catch season her may.,84876.13,1,,Cash,TXN-0000578
579,2024-11-15,EXPENSE,Professional Services,Someone produce part.,425717.45,1,238.0,Credit Card,TXN-0000579
580,2025-04-22,EXPENSE,Insurance,Language admit two.,65591.64,2,172.0,Mobile Money,TXN-0000580
581,2025-10-29,EXPENSE,Maintenance,Order hit phone actually rich.,300349.1,7,,Bank Transfer,TXN-0000581
582,2025-04-20,EXPENSE,Professional Services,Both visit letter.,101937.89,6,,Debit Card,TXN-0000582
583,2025-04-15,EXPENSE,Payroll,Whole seem Congress far approach nice.,343237.5,10,,Credit Card,TXN-0000583
584,2024-02-13,INCOME,Sales Revenue,Seek information score require security seek task.,971225.03,6,,Cash,TXN-0000584
585,2024-06-14,EXPENSE,Logistics,Minute drive others he respond.,230322.27,5,,Cash,TXN-0000585
586,2025-11-19,INCOME,Sales Revenue,Hear art beyond hope toward.,58220.81,6,240.0,Debit Card,TXN-0000586
587,2025-02-19,EXPENSE,Maintenance,Full organization record between common task.,262945.67,8,278.0,Bank Transfer,TXN-0000587
588,2024-01-02,EXPENSE,Maintenance,Act interest recent.,57389.82,8,,Mobile Money,TXN-0000588
589,2025-11-23,EXPENSE,Travel,Beautiful around end owner break with.,250063.92,10,171.0,Cash,TXN-0000589
590,2024-11-22,INCOME,Other Income,Young rich change light financial.,242844.61,7,,Cash,TXN-0000590
591,2024-09-11,EXPENSE,Utilities,Sound everybody wear human at.,89544.43,3,,Bank Transfer,TXN-0000591
592,2025-12-07,EXPENSE,Rent,Avoid left could human our who.,348817.11,5,,Cash,TXN-0000592
593,2025-02-23,INCOME,Subscription Revenue,Always policy peace save from.,811757.37,2,,Cash,TXN-0000593
594,2024-10-23,EXPENSE,Payroll,None growth join.,288022.81,4,,Bank Transfer,TXN-0000594
595,2025-04-02,INCOME,Sales Revenue,Student PM without eye former.,252862.53,9,,Credit Card,TXN-0000595
596,2025-10-23,INCOME,Subscription Revenue,What camera individual pay budget something.,535065.69,9,,Mobile Money,TXN-0000596
597,2025-01-14,EXPENSE,Office Supplies,Street president course indeed human.,165382.59,6,88.0,Bank Transfer,TXN-0000597
598,2025-09-06,INCOME,Consulting Revenue,Choose lose past recognize kind girl.,777796.52,8,,Cash,TXN-0000598
599,2024-07-21,INCOME,Service Revenue,Question little sing effect generation if.,562945.22,7,,Cash,TXN-0000599
600,2024-03-19,INCOME,Consulting Revenue,Why treatment price foreign.,130998.3,4,,Credit Card,TXN-0000600
601,2024-11-09,EXPENSE,Marketing,Decade form arm.,289925.56,2,,Mobile Money,TXN-0000601
602,2025-06-04,EXPENSE,Software,Stage never part protect teach.,452927.06,1,,Cash,TXN-0000602
603,2025-07-05,EXPENSE,Logistics,Center production them we.,360889.33,8,,Bank Transfer,TXN-0000603
604,2025-01-27,INCOME,Subscription Revenue,Matter camera name.,695795.98,8,,Cash,TXN-0000604
605,2025-03-02,INCOME,Consulting Revenue,Our clearly anything.,211801.6,3,,Credit Card,TXN-0000605
606,2025-02-11,INCOME,Consulting Revenue,Attorney hear magazine tend other situation.,214331.89,4,,Bank Transfer,TXN-0000606
607,2025-01-29,INCOME,Consulting Revenue,Hospital drug good concern like.,500004.17,1,,Credit Card,TXN-0000607
608,2024-11-11,EXPENSE,Professional Services,Service type receive.,79802.64,10,,Bank Transfer,TXN-0000608
609,2024-09-01,EXPENSE,Office Supplies,Letter eight foot detail add.,190887.02,6,,Debit Card,TXN-0000609
610,2025-09-28,EXPENSE,Marketing,Concern best cover role young PM.,441148.16,5,296.0,Bank Transfer,TXN-0000610
611,2025-10-22,EXPENSE,Equipment,Moment how soon recognize.,445066.18,8,,Cash,TXN-0000611
612,2025-05-10,EXPENSE,Software,Firm boy environment economic message total.,9269.78,10,,Credit Card,TXN-0000612
613,2024-04-02,EXPENSE,Payroll,Attack population experience born hard theory.,321964.93,5,,Bank Transfer,TXN-0000613
614,2025-07-24,INCOME,Sales Revenue,Someone generation especially hand.,25485.07,3,,Cash,TXN-0000614
615,2025-04-22,EXPENSE,Payroll,Civil it relationship line.,97282.74,5,,Credit Card,TXN-0000615
616,2025-05-27,INCOME,Sales Revenue,Rise reach life arm newspaper candidate.,115736.18,9,,Cash,TXN-0000616
617,2024-10-24,EXPENSE,Logistics,Pass painting soldier rule team.,307861.38,10,,Cash,TXN-0000617
618,2025-01-14,EXPENSE,Office Supplies,Side her condition.,479733.22,10,230.0,Debit Card,TXN-0000618
619,2024-12-08,INCOME,Consulting Revenue,Million today throw assume area upon.,798608.85,2,167.0,Mobile Money,TXN-0000619
620,2025-02-24,INCOME,Service Revenue,Analysis second form.,306572.48,6,,Bank Transfer,TXN-0000620
621,2025-08-21,EXPENSE,Equipment,Produce his water determine program serious.,143859.88,3,,Debit Card,TXN-0000621
622,2024-01-15,EXPENSE,Software,Information wear effort worry never rule responsibility.,454387.15,5,,Credit Card,TXN-0000622
623,2025-05-19,INCOME,Service Revenue,Party specific like.,961897.99,4,,Debit Card,TXN-0000623
624,2025-06-18,EXPENSE,Payroll,Hand herself scene.,354888.4,3,128.0,Cash,TXN-0000624
625,2024-03-09,INCOME,Subscription Revenue,Officer future myself make religious.,838168.18,2,,Credit Card,TXN-0000625
626,2025-05-28,EXPENSE,Office Supplies,Wife eight analysis such cover third.,138821.22,7,,Cash,TXN-0000626
627,2025-03-08,EXPENSE,Travel,Individual total guy.,236669.93,1,,Bank Transfer,TXN-0000627
628,2025-04-07,EXPENSE,Office Supplies,Offer knowledge fire market level.,463242.57,9,,Bank Transfer,TXN-0000628
629,2025-09-12,INCOME,Other Income,After whole center myself.,995260.52,6,98.0,Debit Card,TXN-0000629
630,2025-02-14,INCOME,Consulting Revenue,Agreement carry executive.,636082.79,2,,Bank Transfer,TXN-0000630
631,2024-08-25,EXPENSE,Marketing,Party level camera law plan.,146241.53,2,,Mobile Money,TXN-0000631
632,2024-05-18,INCOME,Other Income,Collection successful model ready quite.,51189.1,10,,Debit Card,TXN-0000632
633,2024-09-19,EXPENSE,Utilities,Above start successful land half suffer data.,264862.01,6,,Credit Card,TXN-0000633
634,2024-06-12,INCOME,Service Revenue,Sign without community daughter director.,440403.04,6,,Bank Transfer,TXN-0000634
635,2024-02-25,INCOME,Consulting Revenue,Exactly city network here former.,980718.67,10,,Bank Transfer,TXN-0000635
636,2024-08-08,INCOME,Subscription Revenue,Their white tax.,699675.99,6,,Mobile Money,TXN-0000636
637,2025-01-21,EXPENSE,Utilities,Industry crime energy see.,333824.39,8,,Cash,TXN-0000637
638,2025-09-13,INCOME,Consulting Revenue,Of field time.,185902.32,5,,Credit Card,TXN-0000638
639,2024-06-07,INCOME,Other Income,Poor firm cause.,864159.12,2,,Credit Card,TXN-0000639
640,2024-08-29,EXPENSE,Payroll,Pattern subject up for green.,135897.02,2,,Debit Card,TXN-0000640
641,2025-08-26,INCOME,Sales Revenue,Region perform our your police maybe.,224235.12,9,,Mobile Money,TXN-0000641
642,2024-01-25,EXPENSE,Payroll,Bit week real pay character.,95590.9,2,,Credit Card,TXN-0000642
643,2024-07-04,EXPENSE,Marketing,Ability scene bar receive thing kitchen.,3855.07,2,,Bank Transfer,TXN-0000643
644,2024-12-05,INCOME,Consulting Revenue,Institution few new computer quickly.,891129.23,3,260.0,Debit Card,TXN-0000644
645,2024-06-05,EXPENSE,Equipment,Democrat thing mission light especially painting.,309517.07,9,,Cash,TXN-0000645
646,2025-03-05,EXPENSE,Software,Me particularly discuss sit measure.,312496.42,9,278.0,Credit Card,TXN-0000646
647,2024-11-11,EXPENSE,Payroll,Other board something light ahead I.,63187.5,7,,Debit Card,TXN-0000647
648,2025-10-21,EXPENSE,Utilities,Unusually large expense transaction,1001417.5,5,,Cash,TXN-0000648
649,2025-07-03,INCOME,Consulting Revenue,Between learn everybody water.,199474.87,3,,Cash,TXN-0000649
650,2024-07-15,EXPENSE,Utilities,Task city develop finish become for.,50088.6,1,,Credit Card,TXN-0000650
651,2025-08-14,INCOME,Consulting Revenue,Number word let soldier.,408615.74,9,,Credit Card,TXN-0000651
652,2024-02-05,INCOME,Other Income,Single left feel defense everyone.,258198.59,1,,Credit Card,TXN-0000652
653,2025-01-24,EXPENSE,Maintenance,Part citizen way goal.,460646.8,7,202.0,Mobile Money,TXN-0000653
654,2025-01-06,EXPENSE,Logistics,Beat able activity relate strategy.,122105.38,3,72.0,Debit Card,TXN-0000654
655,2025-08-21,INCOME,Consulting Revenue,Pm visit push carry group.,167336.73,9,,Bank Transfer,TXN-0000655
656,2024-03-02,EXPENSE,Professional Services,While war finish by pressure.,193047.71,5,,Cash,TXN-0000656
657,2025-09-24,EXPENSE,Office Supplies,Interview year lose.,326254.59,10,,Mobile Money,TXN-0000657
658,2025-05-29,EXPENSE,Equipment,Instead follow particular down candidate never.,354455.82,8,,Cash,TXN-0000658
659,2024-11-16,EXPENSE,Professional Services,Response exist scientist.,243910.63,3,230.0,Debit Card,TXN-0000659
660,2025-09-06,INCOME,Consulting Revenue,Role TV edge gas.,844409.37,1,112.0,Bank Transfer,TXN-0000660
661,2024-08-13,EXPENSE,Software,How toward building.,427382.3,1,,Cash,TXN-0000661
662,2025-05-23,EXPENSE,Professional Services,Her medical cultural improve service.,483298.02,3,,Mobile Money,TXN-0000662
663,2025-08-14,EXPENSE,Marketing,Mission cell act.,172987.99,3,,Debit Card,TXN-0000663
664,2024-11-24,EXPENSE,Equipment,Method TV myself none bill.,372725.76,9,,Credit Card,TXN-0000664
665,2024-06-27,EXPENSE,Professional Services,Once close detail future election.,499046.49,7,,Credit Card,TXN-0000665
666,2024-08-10,EXPENSE,Software,Itself lay usually light.,349958.7,4,,Bank Transfer,TXN-0000666
667,2024-01-27,EXPENSE,Marketing,Late exactly draw turn explain.,397722.75,9,,Mobile Money,TXN-0000667
668,2025-11-20,EXPENSE,Logistics,Certainly past he my.,313652.6,8,,Mobile Money,TXN-0000668
669,2025-04-09,EXPENSE,Professional Services,Visit else outside ten.,442434.94,1,,Credit Card,TXN-0000669
670,2025-08-21,EXPENSE,Professional Services,Mean different prepare lawyer.,386863.21,4,189.0,Cash,TXN-0000670
671,2024-03-11,INCOME,Sales Revenue,Top edge interesting recognize.,728212.81,10,,Bank Transfer,TXN-0000671
672,2025-08-04,EXPENSE,Software,During thousand each worker.,125473.75,8,,Debit Card,TXN-0000672
673,2024-02-08,INCOME,Subscription Revenue,Represent answer nation base.,983571.53,1,,Debit Card,TXN-0000673
674,2025-03-04,INCOME,Other Income,Method floor camera.,556062.83,5,,Cash,TXN-0000674
675,2024-01-11,EXPENSE,Equipment,Office song occur.,99712.06,6,,Cash,TXN-0000675
676,2025-02-21,EXPENSE,Equipment,Spend cover blood.,63497.64,2,6.0,Debit Card,TXN-0000676
677,2024-04-05,EXPENSE,Software,Later his likely with factor agreement perform.,37406.7,5,,Debit Card,TXN-0000677
678,2025-11-05,INCOME,Service Revenue,Discuss give lead he.,171254.51,6,,Debit Card,TXN-0000678
679,2024-07-18,INCOME,Service Revenue,Opportunity though possible.,710902.21,6,,Debit Card,TXN-0000679
680,2025-07-30,INCOME,Other Income,Best check resource debate budget cover.,419335.82,6,51.0,Bank Transfer,TXN-0000680
681,2024-09-17,EXPENSE,Professional Services,Whom thousand meeting.,155002.6,2,,Mobile Money,TXN-0000681
682,2025-01-06,INCOME,Consulting Revenue,Red possible we simple.,736793.28,1,,Debit Card,TXN-0000682
683,2024-11-08,EXPENSE,Travel,Hard too its campaign notice.,33377.87,4,,Credit Card,TXN-0000683
684,2025-03-04,INCOME,Consulting Revenue,Payment linked to inactive employee,142965.11,8,111.0,Mobile Money,TXN-0000684
685,2024-08-12,EXPENSE,Rent,House film prove call set tend.,496530.4,4,,Credit Card,TXN-0000685
686,2024-08-30,INCOME,Other Income,Pass car although understand finish.,120916.51,9,33.0,Cash,TXN-0000686
687,2024-08-29,EXPENSE,Logistics,Them can debate manage tax approach.,363014.43,4,,Debit Card,TXN-0000687
688,2024-05-14,EXPENSE,Maintenance,Middle senior understand laugh.,341313.21,6,,Bank Transfer,TXN-0000688
689,2025-11-23,INCOME,Service Revenue,Short by bill player degree stuff.,446823.46,6,,Mobile Money,TXN-0000689
690,2025-06-27,INCOME,Subscription Revenue,Specific only know though you.,892236.3,4,157.0,Cash,TXN-0000690
691,2025-07-16,EXPENSE,Office Supplies,Knowledge none put high.,120064.16,2,,Cash,TXN-0000691
692,2025-10-17,EXPENSE,Marketing,Security worry security garden.,487020.54,1,,Debit Card,TXN-0000692
693,2024-04-07,EXPENSE,Payroll,No such turn wonder role.,444421.45,1,273.0,Bank Transfer,TXN-0000693
694,2025-01-13,EXPENSE,Rent,Crime up short.,122483.66,7,,Debit Card,TXN-0000694
695,2024-10-04,EXPENSE,Logistics,People at main free.,19679.83,1,257.0,Credit Card,TXN-0000695
696,2024-03-08,INCOME,Consulting Revenue,Similar organization discussion.,33498.32,2,,Credit Card,TXN-0000696
697,2024-08-24,EXPENSE,Equipment,Magazine suddenly where upon.,32277.9,9,,Mobile Money,TXN-0000697
698,2024-12-15,EXPENSE,Logistics,Loss rather because society value.,96588.46,2,,Cash,TXN-0000698
699,2025-01-19,EXPENSE,Rent,Later responsibility soldier happy.,105602.6,3,,Debit Card,TXN-0000699
700,2025-11-28,INCOME,Consulting Revenue,Sense east day amount.,667648.66,5,105.0,Debit Card,TXN-0000700
701,2025-08-16,INCOME,Sales Revenue,Personal what painting daughter side water.,52953.82,6,24.0,Bank Transfer,TXN-0000701
702,2025-03-16,INCOME,Subscription Revenue,Buy serve really after area.,11924.85,1,,Bank Transfer,TXN-0000702
703,2024-05-02,INCOME,Service Revenue,Work public toward wonder yourself happy.,342865.87,6,,Mobile Money,TXN-0000703
704,2025-07-14,EXPENSE,Marketing,Tough require would with hear perform.,24615.24,8,,Credit Card,TXN-0000704
705,2024-01-11,EXPENSE,Marketing,Law claim institution agreement.,339828.61,10,,Mobile Money,TXN-0000705
706,2025-02-20,EXPENSE,Maintenance,War account his me.,232662.19,2,,Bank Transfer,TXN-0000706
707,2025-09-09,EXPENSE,Payroll,Everybody success month practice deal plan.,445719.93,9,,Cash,TXN-0000707
708,2025-02-10,EXPENSE,Insurance,Its safe side lawyer dog show.,453205.3,8,,Mobile Money,TXN-0000708
709,2024-10-27,EXPENSE,Software,Along kind so medical.,432519.34,4,,Mobile Money,TXN-0000709
710,2025-08-07,EXPENSE,Marketing,Prevent down manage interview.,395127.14,10,,Cash,TXN-0000710
711,2024-07-23,EXPENSE,Office Supplies,Allow step whose teacher break.,307747.33,3,260.0,Mobile Money,TXN-0000711
712,2024-11-01,INCOME,Consulting Revenue,South smile owner.,367633.59,10,,Debit Card,TXN-0000712
713,2025-03-31,EXPENSE,Equipment,Station Democrat cause floor.,464766.97,2,,Mobile Money,TXN-0000713
714,2024-06-22,EXPENSE,Office Supplies,Heart month yes into.,140994.12,9,,Bank Transfer,TXN-0000714
715,2025-02-23,EXPENSE,Payroll,Lose when message.,329002.99,5,,Bank Transfer,TXN-0000715
716,2024-04-08,INCOME,Sales Revenue,Take career prevent.,354357.61,8,,Cash,TXN-0000716
717,2025-08-07,INCOME,Service Revenue,Performance can floor care.,908100.94,2,,Cash,TXN-0000717
718,2025-03-19,EXPENSE,Office Supplies,Decade chance us compare beautiful war.,331175.77,3,143.0,Debit Card,TXN-0000718
719,2025-03-11,EXPENSE,Office Supplies,West bad any television similar though.,292181.07,8,289.0,Debit Card,TXN-0000719
720,2024-12-09,INCOME,Subscription Revenue,Life glass professional.,235624.74,6,,Mobile Money,TXN-0000720
721,2025-12-20,INCOME,Sales Revenue,Such money raise side perform town trade.,741492.74,2,,Credit Card,TXN-0000721
722,2024-03-03,EXPENSE,Logistics,Common environmental prevent friend direction issue.,140273.39,1,,Debit Card,TXN-0000722
723,2025-01-21,EXPENSE,Logistics,Mention responsibility hotel deep.,174772.97,6,,Debit Card,TXN-0000723
724,2024-06-15,INCOME,Sales Revenue,Rise guy huge sure skill.,455673.83,9,,Mobile Money,TXN-0000724
725,2025-09-25,EXPENSE,Maintenance,Despite necessary thought two walk single.,483875.29,9,,Cash,TXN-0000725
726,2024-11-15,EXPENSE,Marketing,Whether after current product.,322527.89,3,,Bank Transfer,TXN-0000726
727,2024-11-10,EXPENSE,Rent,Military person want your.,370393.33,8,,Bank Transfer,TXN-0000727
728,2025-11-20,EXPENSE,Rent,Agency production alone ahead still among.,384745.22,10,,Bank Transfer,TXN-0000728
729,2025-12-17,EXPENSE,Marketing,Perhaps money effect term avoid.,148227.54,2,,Debit Card,TXN-0000729
730,2025-08-21,EXPENSE,Insurance,Close through theory early contain.,346732.42,5,12.0,Debit Card,TXN-0000730
731,2024-01-07,EXPENSE,Equipment,Second trip available look.,242254.21,9,,Debit Card,TXN-0000731
732,2024-09-06,INCOME,Subscription Revenue,Arrive people these start.,134822.14,5,,Mobile Money,TXN-0000732
733,2025-10-21,INCOME,Consulting Revenue,Ask often lot.,567321.45,7,,Bank Transfer,TXN-0000733
734,2025-08-01,EXPENSE,Utilities,Television school line one first.,251538.26,8,,Credit Card,TXN-0000734
735,2025-05-10,INCOME,Consulting Revenue,Payment linked to inactive employee,468611.51,1,272.0,Debit Card,TXN-0000735
736,2024-01-12,INCOME,Sales Revenue,Likely take notice.,468945.02,3,,Mobile Money,TXN-0000736
737,2025-12-28,EXPENSE,Insurance,Leave structure under part believe.,283581.05,10,,Debit Card,TXN-0000737
738,2024-09-13,EXPENSE,Logistics,Marriage center but.,30861.1,4,,Bank Transfer,TXN-0000738
739,2025-01-10,INCOME,Service Revenue,Main best they out must young.,518292.13,2,,Mobile Money,TXN-0000739
740,2024-08-18,EXPENSE,Maintenance,Practice knowledge write parent exactly.,250605.36,10,,Debit Card,TXN-0000740
741,2024-08-27,EXPENSE,Payroll,Public international cultural individual.,81261.08,8,271.0,Bank Transfer,TXN-0000741
742,2025-03-12,INCOME,Service Revenue,Know someone only.,68595.97,9,,Debit Card,TXN-0000742
743,2024-12-06,INCOME,Service Revenue,Society create money.,92900.46,5,,Mobile Money,TXN-0000743
744,2025-09-16,EXPENSE,Utilities,West should end challenge.,255542.17,2,189.0,Cash,TXN-0000744
745,2025-03-18,INCOME,Subscription Revenue,My pass main.,66300.8,4,,Mobile Money,TXN-0000745
746,2024-02-03,INCOME,Service Revenue,Fly standard cultural form physical.,360558.73,7,,Mobile Money,TXN-0000746
747,2024-04-23,INCOME,Consulting Revenue,Concern there than.,217885.09,3,,Credit Card,TXN-0000747
748,2024-05-12,INCOME,Sales Revenue,Management how mention.,823402.84,5,35.0,Bank Transfer,TXN-0000748
749,2025-10-08,EXPENSE,Rent,Deal body newspaper tend guy.,320398.78,1,,Mobile Money,TXN-0000749
750,2024-12-07,INCOME,Subscription Revenue,Seem form arrive probably bring.,653119.08,4,17.0,Debit Card,TXN-0000750
751,2024-05-25,EXPENSE,Marketing,Reduce spend her determine.,38618.3,5,,Mobile Money,TXN-0000751
752,2024-08-17,EXPENSE,Professional Services,Thus student management present.,327338.93,4,,Debit Card,TXN-0000752
753,2024-01-26,EXPENSE,Insurance,Ahead today a.,133491.58,3,,Mobile Money,TXN-0000753
754,2025-06-18,INCOME,Subscription Revenue,Itself consider window.,117581.1,6,,Cash,TXN-0000754
755,2024-02-19,EXPENSE,Payroll,Star example when.,156230.43,3,,Bank Transfer,TXN-0000755
756,2025-06-02,EXPENSE,Software,Indeed son a traditional century.,157977.2,8,,Debit Card,TXN-0000756
757,2025-07-10,EXPENSE,Marketing,Himself yard teach prepare.,201336.56,3,,Cash,TXN-0000757
758,2024-09-03,EXPENSE,Insurance,Know put agency around test professional.,54126.73,10,,Debit Card,TXN-0000758
759,2025-05-31,EXPENSE,Marketing,Financial certain seem best few sense.,399737.06,3,285.0,Debit Card,TXN-0000759
760,2025-02-28,EXPENSE,Software,May however another idea follow impact.,256076.86,4,,Debit Card,TXN-0000760
761,2024-12-31,EXPENSE,Marketing,Enough know since school north week.,254483.72,1,,Mobile Money,TXN-0000761
762,2025-04-04,INCOME,Subscription Revenue,So board arm.,718910.73,9,231.0,Credit Card,TXN-0000762
763,2024-03-10,EXPENSE,Travel,Wrong civil growth heavy.,456122.37,6,243.0,Mobile Money,TXN-0000763
764,2024-05-11,EXPENSE,Travel,Low himself indeed.,143351.84,5,,Debit Card,TXN-0000764
765,2025-04-19,EXPENSE,Office Supplies,Involve section save despite.,17928.01,7,,Bank Transfer,TXN-0000765
766,2024-03-19,INCOME,Sales Revenue,General issue build.,392666.78,9,,Credit Card,TXN-0000766
767,2024-09-22,EXPENSE,Insurance,Yeah mouth action at fill range.,217760.73,8,,Debit Card,TXN-0000767
768,2024-02-19,EXPENSE,Professional Services,Every continue serious society grow reality.,231855.88,4,,Cash,TXN-0000768
769,2025-03-04,EXPENSE,Logistics,Important ability night.,432806.5,7,52.0,Credit Card,TXN-0000769
770,2025-06-20,INCOME,Consulting Revenue,Himself place sea administration including.,34113.74,3,,Debit Card,TXN-0000770
771,2024-05-03,EXPENSE,Software,Physical cost wind significant simple memory.,365838.35,10,,Bank Transfer,TXN-0000771
772,2025-12-10,EXPENSE,Rent,South help question trouble because.,287178.83,10,,Credit Card,TXN-0000772
773,2025-12-19,INCOME,Consulting Revenue,Growth threat they specific your.,474047.37,8,,Mobile Money,TXN-0000773
774,2024-07-29,EXPENSE,Software,Likely light young and sure.,334545.98,2,,Debit Card,TXN-0000774
775,2025-11-02,INCOME,Subscription Revenue,Customer suddenly rise these.,776112.96,4,31.0,Credit Card,TXN-0000775
776,2025-12-20,EXPENSE,Maintenance,Energy himself nor.,388716.28,5,261.0,Cash,TXN-0000776
777,2024-04-08,INCOME,Consulting Revenue,Economic total news.,938452.65,8,,Debit Card,TXN-0000777
778,2025-04-08,INCOME,Service Revenue,Late church cut quickly avoid.,433105.94,8,,Debit Card,TXN-0000778
779,2024-11-16,EXPENSE,Maintenance,Raise traditional forget.,132019.15,5,,Debit Card,TXN-0000779
780,2025-07-07,EXPENSE,Software,Team job dark door everything.,421518.99,9,,Credit Card,TXN-0000780
781,2024-01-22,EXPENSE,Office Supplies,List indicate write become from hard.,363098.26,8,,Debit Card,TXN-0000781
782,2024-01-02,EXPENSE,Logistics,Amount sense even wish Mr customer.,400709.06,8,,Cash,TXN-0000782
783,2024-12-22,INCOME,Service Revenue,Simple plan state.,932457.41,5,,Credit Card,TXN-0000783
784,2025-11-10,INCOME,Service Revenue,Truth road child measure everyone.,400196.91,3,,Bank Transfer,TXN-0000784
785,2024-06-23,EXPENSE,Travel,Avoid home heart difference recent.,355535.55,5,,Debit Card,TXN-0000785
786,2024-01-31,EXPENSE,Equipment,Forget entire Mr enter hundred because.,168841.85,6,84.0,Cash,TXN-0000786
787,2025-11-03,EXPENSE,Insurance,Difficult family cover push.,40648.09,2,,Debit Card,TXN-0000787
788,2025-11-16,INCOME,Service Revenue,Role store nearly.,710276.0,3,,Cash,TXN-0000788
789,2025-03-21,INCOME,Subscription Revenue,Anyone low cause join team.,777195.47,5,,Debit Card,TXN-0000789
790,2024-07-15,EXPENSE,Marketing,Successful less card right list.,396777.65,9,,Credit Card,TXN-0000790
791,2024-02-01,EXPENSE,Equipment,Green sell help discover.,245693.71,5,108.0,Debit Card,TXN-0000791
792,2025-01-07,EXPENSE,Office Supplies,Magazine response agree.,455416.18,4,,Mobile Money,TXN-0000792
793,2024-10-16,INCOME,Service Revenue,Speech that budget capital.,718297.06,9,,Cash,TXN-0000793
794,2025-01-21,EXPENSE,Maintenance,Mouth able middle himself evening.,289655.46,2,,Debit Card,TXN-0000794
795,2024-08-19,INCOME,Sales Revenue,Matter win high stock young.,146573.88,1,,Credit Card,TXN-0000795
796,2025-03-19,INCOME,Service Revenue,Series fight visit hear.,895093.47,5,,Cash,TXN-0000796
797,2025-12-09,EXPENSE,Payroll,Condition occur wear.,333574.99,7,,Debit Card,TXN-0000797
798,2024-01-29,INCOME,Subscription Revenue,Be compare law must doctor but.,77600.36,6,,Bank Transfer,TXN-0000798
799,2025-05-05,EXPENSE,Software,Billion case your class think test.,91576.06,9,,Credit Card,TXN-0000799
800,2024-05-07,INCOME,Subscription Revenue,Wait open wish need last.,229761.52,10,,Bank Transfer,TXN-0000800
801,2025-04-18,EXPENSE,Office Supplies,Buy usually teach ball.,420807.01,8,,Credit Card,TXN-0000801
802,2025-06-21,INCOME,Service Revenue,Administration will avoid seven.,616177.76,4,,Debit Card,TXN-0000802
803,2024-10-06,EXPENSE,Maintenance,Analysis stock adult.,156359.1,6,82.0,Mobile Money,TXN-0000803
804,2024-09-24,EXPENSE,Software,Season baby skill.,303662.06,1,,Mobile Money,TXN-0000804
805,2025-06-22,EXPENSE,Rent,Station could agency audience leader.,1129.09,1,,Credit Card,TXN-0000805
806,2025-01-03,INCOME,Subscription Revenue,Pay population couple view many billion.,94537.59,3,,Bank Transfer,TXN-0000806
807,2024-06-25,EXPENSE,Travel,Bed start explain democratic discover need.,174237.63,4,,Debit Card,TXN-0000807
808,2024-12-11,EXPENSE,Rent,Tough remember record from talk.,66571.04,4,168.0,Cash,TXN-0000808
809,2025-06-08,EXPENSE,Payroll,Campaign particular finish major.,258531.09,8,,Bank Transfer,TXN-0000809
810,2025-04-30,EXPENSE,Professional Services,Left ability majority push employee note.,394990.37,1,101.0,Bank Transfer,TXN-0000810
811,2024-07-11,EXPENSE,Insurance,Toward interest real degree.,263361.63,1,,Bank Transfer,TXN-0000811
812,2025-02-20,EXPENSE,Travel,Which when score bring.,469540.54,8,,Credit Card,TXN-0000812
813,2024-08-20,EXPENSE,Maintenance,Yet this soldier perform expert free.,140558.24,4,,Bank Transfer,TXN-0000813
814,2024-06-07,EXPENSE,Logistics,Evening single whatever follow arrive increase.,273583.53,8,,Cash,TXN-0000814
815,2025-08-03,EXPENSE,Professional Services,Audience economy gun air head boy.,162946.41,9,,Bank Transfer,TXN-0000815
816,2024-05-12,EXPENSE,Payroll,Next officer modern I arm more.,376775.39,5,,Debit Card,TXN-0000816
817,2025-11-26,EXPENSE,Professional Services,Heart five drug certain.,88811.78,4,,Cash,TXN-0000817
818,2024-08-24,INCOME,Subscription Revenue,Product necessary very myself growth security.,136656.7,3,,Debit Card,TXN-0000818
819,2024-09-07,INCOME,Sales Revenue,Sure ago medical station opportunity.,295152.27,3,116.0,Cash,TXN-0000819
820,2025-03-27,INCOME,Consulting Revenue,Executive off film.,914171.49,5,,Credit Card,TXN-0000820
821,2024-07-01,INCOME,Subscription Revenue,Window senior administration investment law product.,268182.43,4,,Cash,TXN-0000821
822,2025-05-14,EXPENSE,Payroll,Morning director player.,452221.66,2,,Mobile Money,TXN-0000822
823,2025-10-19,EXPENSE,Rent,Their push why stuff employee.,221368.27,9,,Mobile Money,TXN-0000823
824,2025-07-08,EXPENSE,Maintenance,Hear at allow economy fact.,417142.18,6,,Mobile Money,TXN-0000824
825,2025-12-09,INCOME,Sales Revenue,Goal responsibility college finally summer argue.,958158.74,2,224.0,Mobile Money,TXN-0000825
826,2024-10-21,EXPENSE,Equipment,Director report class that majority attention.,145558.76,2,,Cash,TXN-0000826
827,2025-04-27,INCOME,Other Income,Finish his discuss more have.,455516.47,10,,Credit Card,TXN-0000827
828,2024-07-04,EXPENSE,Rent,Along long personal now box smile.,37167.16,3,,Credit Card,TXN-0000828
829,2025-04-03,EXPENSE,Utilities,Need enjoy imagine.,216148.89,5,,Cash,TXN-0000829
830,2024-02-21,EXPENSE,Marketing,Glass people in today though popular.,463224.78,5,,Mobile Money,TXN-0000830
831,2025-06-14,EXPENSE,Travel,Single suffer when white dinner view.,220757.54,5,103.0,Mobile Money,TXN-0000831
832,2025-10-30,INCOME,Other Income,Red data maintain.,839622.78,6,,Cash,TXN-0000832
833,2025-11-13,INCOME,Subscription Revenue,Approach back media.,900935.71,10,26.0,Credit Card,TXN-0000833
834,2025-05-14,EXPENSE,Maintenance,Age son skin.,80358.68,4,,Mobile Money,TXN-0000834
835,2025-05-02,INCOME,Consulting Revenue,Take although nearly including.,395498.25,8,,Bank Transfer,TXN-0000835
836,2025-09-01,INCOME,Service Revenue,Agree against together inside box.,14811.07,9,,Mobile Money,TXN-0000836
837,2025-11-29,EXPENSE,Payroll,Relationship present program.,175114.28,10,120.0,Credit Card,TXN-0000837
838,2025-07-15,EXPENSE,Marketing,Left move believe brother six drive yard.,170869.19,7,,Bank Transfer,TXN-0000838
839,2024-01-21,EXPENSE,Maintenance,Area defense show strategy.,427183.17,6,,Cash,TXN-0000839
840,2024-08-13,INCOME,Other Income,Executive country these.,55715.96,4,138.0,Bank Transfer,TXN-0000840
841,2024-11-23,EXPENSE,Office Supplies,Blood traditional by challenge.,411085.36,7,,Credit Card,TXN-0000841
842,2024-12-08,INCOME,Other Income,Sea space hand.,329945.52,9,,Cash,TXN-0000842
843,2025-03-01,EXPENSE,Professional Services,See since film.,433005.69,8,,Bank Transfer,TXN-0000843
844,2024-09-27,EXPENSE,Rent,Behind sure fish fall.,213668.91,1,,Mobile Money,TXN-0000844
845,2024-10-17,INCOME,Consulting Revenue,Us call teacher age car poor.,789307.67,4,,Bank Transfer,TXN-0000845
846,2025-12-02,EXPENSE,Travel,Side word back.,366894.57,2,,Mobile Money,TXN-0000846
847,2024-12-02,EXPENSE,Travel,Someone shoulder daughter.,99290.65,9,,Mobile Money,TXN-0000847
848,2024-10-04,INCOME,Subscription Revenue,Issue those lead American affect.,442296.33,2,,Mobile Money,TXN-0000848
849,2025-06-10,EXPENSE,Travel,Concern available indicate.,416392.11,6,,Debit Card,TXN-0000849
850,2024-12-12,EXPENSE,Equipment,Evening not have born goal cup.,215112.19,9,277.0,Mobile Money,TXN-0000850
851,2025-09-20,INCOME,Consulting Revenue,Crime approach mind series bar.,178636.52,9,,Credit Card,TXN-0000851
852,2025-11-16,EXPENSE,Travel,Word factor future.,55304.7,10,,Mobile Money,TXN-0000852
853,2024-03-25,INCOME,Service Revenue,Black price find modern.,711714.02,10,83.0,Credit Card,TXN-0000853
854,2025-10-19,INCOME,Service Revenue,Also purpose human commercial writer.,580479.39,10,,Cash,TXN-0000854
855,2024-02-29,EXPENSE,Marketing,Music control key avoid mind different.,62213.81,10,,Bank Transfer,TXN-0000855
856,2024-11-21,EXPENSE,Utilities,Back evening billion board.,106599.28,3,,Bank Transfer,TXN-0000856
857,2024-01-18,INCOME,Consulting Revenue,Environmental college million smile soon perform.,948594.52,5,,Debit Card,TXN-0000857
858,2024-02-16,EXPENSE,Professional Services,Activity key community station field.,36464.52,5,238.0,Mobile Money,TXN-0000858
859,2024-03-17,EXPENSE,Travel,Behavior play design suddenly.,158509.71,9,,Credit Card,TXN-0000859
860,2024-01-14,EXPENSE,Utilities,Above note reveal every stock analysis door.,201532.82,5,,Mobile Money,TXN-0000860
861,2025-05-08,EXPENSE,Logistics,Successful base word require.,473109.09,7,,Mobile Money,TXN-0000861
862,2024-07-14,EXPENSE,Equipment,Detail local for green.,201034.48,5,,Mobile Money,TXN-0000862
863,2025-10-05,INCOME,Consulting Revenue,Available lose traditional second thus different.,134465.04,9,,Debit Card,TXN-0000863
864,2025-05-21,EXPENSE,Marketing,Quite we minute surface thing official.,293471.64,5,,Debit Card,TXN-0000864
865,2025-07-29,EXPENSE,Utilities,Student sound be eat.,246014.71,1,,Cash,TXN-0000865
866,2024-07-18,EXPENSE,Professional Services,Finally direction onto admit happy.,265080.65,10,,Mobile Money,TXN-0000866
867,2024-07-13,EXPENSE,Professional Services,Resource stage nor how.,180935.82,5,3.0,Mobile Money,TXN-0000867
868,2024-06-14,INCOME,Other Income,Able station treatment season certain expect.,368197.22,1,,Cash,TXN-0000868
869,2024-03-14,INCOME,Other Income,Majority value shake.,472739.07,4,,Mobile Money,TXN-0000869
870,2024-06-14,EXPENSE,Travel,While budget yet.,18315.82,7,,Credit Card,TXN-0000870
871,2025-09-28,INCOME,Subscription Revenue,Difference join top.,210147.56,1,45.0,Debit Card,TXN-0000871
872,2025-01-26,INCOME,Service Revenue,Since food ok.,98072.4,4,,Credit Card,TXN-0000872
873,2024-11-14,INCOME,Sales Revenue,Shake before learn their.,897869.38,2,,Cash,TXN-0000873
874,2025-03-01,INCOME,Sales Revenue,Plant evening reason.,406478.84,5,,Debit Card,TXN-0000874
875,2025-10-31,INCOME,Subscription Revenue,Control happen dinner.,326584.74,3,,Debit Card,TXN-0000875
876,2024-08-05,INCOME,Subscription Revenue,You newspaper soldier sound move per.,113298.56,2,,Mobile Money,TXN-0000876
877,2024-07-26,EXPENSE,Travel,System see window kind send.,173874.61,9,38.0,Mobile Money,TXN-0000877
878,2024-01-02,EXPENSE,Insurance,She politics outside discuss similar.,100659.71,9,,Bank Transfer,TXN-0000878
879,2024-09-06,EXPENSE,Software,Unusually large expense transaction,959834.87,7,,Cash,TXN-0000879
880,2025-08-01,EXPENSE,Office Supplies,Professor next worker behavior.,328867.99,4,,Cash,TXN-0000880
881,2024-12-17,EXPENSE,Payroll,Alone Mrs there assume.,178345.21,9,,Debit Card,TXN-0000881
882,2025-08-18,INCOME,Other Income,Investment safe gun stand bed great.,924189.42,6,,Mobile Money,TXN-0000882
883,2025-02-23,EXPENSE,Maintenance,Enough order task fill push.,62210.78,10,,Bank Transfer,TXN-0000883
884,2025-05-18,EXPENSE,Maintenance,Must region system.,216650.33,5,,Cash,TXN-0000884
885,2025-04-05,INCOME,Subscription Revenue,Want art throughout letter.,426696.07,3,,Mobile Money,TXN-0000885
886,2024-02-01,EXPENSE,Logistics,Say so begin from others race.,467993.62,5,269.0,Debit Card,TXN-0000886
887,2025-03-30,EXPENSE,Professional Services,Pass industry play three moment.,483084.69,8,247.0,Cash,TXN-0000887
888,2025-01-15,EXPENSE,Payroll,Can bed among world name so.,443336.26,1,3.0,Credit Card,TXN-0000888
889,2025-12-20,EXPENSE,Professional Services,Firm name whether rise within without.,406781.92,10,,Cash,TXN-0000889
890,2024-02-22,INCOME,Service Revenue,Writer suggest interesting recently good police guy.,838317.55,4,,Mobile Money,TXN-0000890
891,2025-02-11,INCOME,Service Revenue,Personal goal cell view girl.,132958.03,6,,Cash,TXN-0000891
892,2025-04-15,INCOME,Consulting Revenue,Produce benefit impact.,900046.53,7,157.0,Debit Card,TXN-0000892
893,2024-06-23,EXPENSE,Marketing,Discover evening evening history something part.,76101.67,2,,Mobile Money,TXN-0000893
894,2025-05-13,EXPENSE,Logistics,Effect short white.,396203.3,10,181.0,Bank Transfer,TXN-0000894
895,2024-11-09,EXPENSE,Travel,Share whole increase material.,95116.68,3,,Debit Card,TXN-0000895
896,2025-05-07,INCOME,Other Income,Just future then example.,100430.23,5,28.0,Mobile Money,TXN-0000896
897,2025-07-24,INCOME,Other Income,Show lot citizen.,759150.37,5,141.0,Credit Card,TXN-0000897
898,2025-02-04,INCOME,Consulting Revenue,Effect house current middle nature.,533927.39,4,,Debit Card,TXN-0000898
899,2024-06-16,INCOME,Consulting Revenue,And radio deal.,375381.85,10,127.0,Credit Card,TXN-0000899
900,2024-05-07,EXPENSE,Payroll,Late decision arm clearly them.,320185.86,10,,Mobile Money,TXN-0000900
901,2025-12-12,INCOME,Consulting Revenue,Though admit scene development.,277131.46,5,,Credit Card,TXN-0000901
902,2024-09-22,INCOME,Other Income,According mean ready million.,21904.39,8,286.0,Credit Card,TXN-0000902
903,2025-06-26,INCOME,Consulting Revenue,Toward school drop establish store skin.,705578.23,4,,Credit Card,TXN-0000903
904,2024-02-21,EXPENSE,Professional Services,Fall end center gas maintain morning.,237882.84,4,,Debit Card,TXN-0000904
905,2024-04-16,INCOME,Subscription Revenue,Issue exactly policy area attention baby.,403858.56,8,183.0,Mobile Money,TXN-0000905
906,2025-02-09,EXPENSE,Software,Mind onto data mention response.,160924.83,9,,Debit Card,TXN-0000906
907,2024-08-20,EXPENSE,Utilities,Foreign seven degree past food.,90682.51,7,,Bank Transfer,TXN-0000907
908,2025-06-03,INCOME,Service Revenue,Four south personal training worker.,584296.75,10,,Credit Card,TXN-0000908
909,2024-08-12,EXPENSE,Marketing,Could bad determine skill later.,231872.99,1,,Bank Transfer,TXN-0000909
910,2025-09-15,INCOME,Sales Revenue,Commercial manage democratic feeling.,215617.15,5,,Credit Card,TXN-0000910
911,2024-09-19,EXPENSE,Payroll,Agency design issue box.,26219.05,3,,Cash,TXN-0000911
912,2025-02-25,EXPENSE,Logistics,Fill share player pretty yourself job.,442772.31,9,148.0,Mobile Money,TXN-0000912
913,2025-02-27,EXPENSE,Office Supplies,Study prevent morning realize read mother.,352723.08,10,68.0,Cash,TXN-0000913
914,2024-10-23,EXPENSE,Rent,Themselves ground watch boy.,111302.6,2,,Bank Transfer,TXN-0000914
915,2025-07-13,INCOME,Subscription Revenue,About state thought surface cost.,353171.03,4,,Debit Card,TXN-0000915
916,2024-07-06,INCOME,Sales Revenue,Civil market every group.,949445.65,3,46.0,Mobile Money,TXN-0000916
917,2025-01-29,EXPENSE,Marketing,Heart believe back defense.,491529.06,1,,Mobile Money,TXN-0000917
918,2025-11-02,EXPENSE,Maintenance,Drop worker painting board first through.,336814.32,10,2.0,Debit Card,TXN-0000918
919,2024-06-04,EXPENSE,Office Supplies,Might trouble significant camera.,197543.14,4,,Debit Card,TXN-0000919
920,2024-06-16,INCOME,Service Revenue,Paper fear total nation.,751261.22,10,,Mobile Money,TXN-0000920
921,2025-01-13,EXPENSE,Travel,For establish home behind.,74529.74,1,,Mobile Money,TXN-0000921
922,2024-07-04,EXPENSE,Marketing,Eight other campaign might blood.,460004.35,8,,Cash,TXN-0000922
923,2025-10-28,INCOME,Service Revenue,Performance require sit alone happen.,467197.42,1,,Cash,TXN-0000923
924,2024-09-03,EXPENSE,Professional Services,Shake career month.,460948.62,6,,Bank Transfer,TXN-0000924
925,2025-05-20,INCOME,Service Revenue,Radio total above movie movie.,196471.47,6,8.0,Bank Transfer,TXN-0000925
926,2024-07-15,EXPENSE,Rent,Cut nature your involve course cover.,333135.14,4,,Credit Card,TXN-0000926
927,2025-03-14,INCOME,Subscription Revenue,Without would short.,648934.84,8,,Debit Card,TXN-0000927
928,2025-06-07,INCOME,Consulting Revenue,Bed rock car treatment question turn.,556013.56,2,,Cash,TXN-0000928
929,2024-11-28,EXPENSE,Professional Services,Want else site provide pull star probably.,327457.04,4,,Mobile Money,TXN-0000929
930,2024-02-11,EXPENSE,Office Supplies,Such pass try part book miss.,92721.44,5,,Debit Card,TXN-0000930
931,2024-02-05,EXPENSE,Logistics,Job involve lawyer stand station.,207141.47,9,,Bank Transfer,TXN-0000931
932,2025-11-25,INCOME,Subscription Revenue,Area away cell company.,737498.47,6,161.0,Mobile Money,TXN-0000932
933,2025-01-01,INCOME,Sales Revenue,Miss economy Mr attention report adult.,819449.5,9,,Mobile Money,TXN-0000933
934,2025-05-18,EXPENSE,Logistics,Company him down me themselves hard.,193915.79,10,,Cash,TXN-0000934
935,2025-02-27,EXPENSE,Equipment,Music financial year.,7290.92,4,,Mobile Money,TXN-0000935
936,2024-05-30,EXPENSE,Marketing,Matter someone animal drug often.,91986.82,7,,Cash,TXN-0000936
937,2024-07-19,INCOME,Service Revenue,Likely impact pattern become magazine ever.,97392.94,10,66.0,Debit Card,TXN-0000937
938,2024-01-09,INCOME,Consulting Revenue,Kid gas help.,345126.35,8,,Debit Card,TXN-0000938
939,2024-04-23,EXPENSE,Office Supplies,Even off I able represent.,227126.41,3,204.0,Mobile Money,TXN-0000939
940,2025-02-19,INCOME,Sales Revenue,Stock board those.,291892.79,7,,Bank Transfer,TXN-0000940
941,2024-02-28,INCOME,Subscription Revenue,Entire cold thousand wait.,55776.09,2,250.0,Credit Card,TXN-0000941
942,2025-01-11,INCOME,Other Income,Expert it agreement safe whole style.,151316.09,1,,Credit Card,TXN-0000942
943,2025-10-16,EXPENSE,Marketing,Onto five raise.,156387.21,4,,Credit Card,TXN-0000943
944,2025-12-30,EXPENSE,Software,Arrive degree soldier.,17435.73,5,,Credit Card,TXN-0000944
945,2024-09-12,EXPENSE,Rent,Discussion quality will.,230971.78,7,,Cash,TXN-0000945
946,2025-12-22,EXPENSE,Office Supplies,Peace today reason see sport career.,302125.22,9,,Credit Card,TXN-0000946
947,2024-04-06,EXPENSE,Logistics,Time Mrs part environmental.,147734.93,8,,Cash,TXN-0000947
948,2024-01-18,INCOME,Subscription Revenue,Concern expert away various mind media.,510722.06,5,,Mobile Money,TXN-0000948
949,2025-08-06,EXPENSE,Equipment,Take animal admit.,304175.54,9,3.0,Cash,TXN-0000949
950,2025-06-05,EXPENSE,Office Supplies,Carry year give building.,259502.21,9,183.0,Bank Transfer,TXN-0000950
951,2025-01-27,EXPENSE,Software,Sister important appear.,290061.41,6,,Mobile Money,TXN-0000951
952,2025-03-24,INCOME,Subscription Revenue,College foot campaign decision control news.,794829.34,7,,Credit Card,TXN-0000952
953,2025-06-05,INCOME,Service Revenue,Prove significant can professional time ever.,334120.48,3,,Debit Card,TXN-0000953
954,2025-03-16,EXPENSE,Equipment,Doctor door whatever various identify.,460984.15,10,,Mobile Money,TXN-0000954
955,2024-09-08,EXPENSE,Maintenance,Concern group message throw yeah.,341329.9,8,124.0,Debit Card,TXN-0000955
956,2025-07-13,EXPENSE,Equipment,Whatever early forward property either.,208677.6,2,52.0,Debit Card,TXN-0000956
957,2024-10-19,EXPENSE,Maintenance,Relate young involve.,193781.24,9,194.0,Cash,TXN-0000957
958,2024-07-02,EXPENSE,Insurance,Tv board business long.,407064.0,7,,Cash,TXN-0000958
959,2024-09-24,EXPENSE,Professional Services,Education unit public.,471380.64,10,,Debit Card,TXN-0000959
960,2024-01-15,EXPENSE,Payroll,Nature return since.,447172.62,5,,Credit Card,TXN-0000960
961,2024-03-17,EXPENSE,Logistics,Finally energy deal.,338241.94,10,,Cash,TXN-0000961
962,2025-07-10,EXPENSE,Payroll,Bill bad able deal.,353930.91,7,,Credit Card,TXN-0000962
963,2024-10-20,EXPENSE,Travel,For century medical.,24477.94,9,,Credit Card,TXN-0000963
964,2025-10-14,EXPENSE,Office Supplies,Necessary from concern table billion.,434544.67,9,15.0,Bank Transfer,TXN-0000964
965,2024-02-24,EXPENSE,Maintenance,Time throw whole.,96116.38,8,,Bank Transfer,TXN-0000965
966,2024-09-21,EXPENSE,Logistics,Listen some painting strong.,416456.85,4,,Mobile Money,TXN-0000966
967,2024-06-29,EXPENSE,Office Supplies,Better and visit.,316187.25,10,,Bank Transfer,TXN-0000967
968,2024-06-23,INCOME,Service Revenue,Environmental address body catch.,168343.54,1,111.0,Bank Transfer,TXN-0000968
969,2025-06-14,EXPENSE,Software,Carry maybe sell reason become mean.,91009.9,1,,Credit Card,TXN-0000969
970,2025-08-07,EXPENSE,Software,Site discussion development scientist traditional.,76799.35,2,,Credit Card,TXN-0000970
971,2024-04-30,EXPENSE,Equipment,Generation large along education really.,318942.71,4,,Debit Card,TXN-0000971
972,2025-02-03,EXPENSE,Payroll,Car poor measure too number evidence.,277103.28,2,24.0,Credit Card,TXN-0000972
973,2025-07-20,INCOME,Other Income,Area beat follow.,598856.27,7,,Bank Transfer,TXN-0000973
974,2024-07-20,EXPENSE,Marketing,Fall admit expect.,311590.15,10,126.0,Bank Transfer,TXN-0000974
975,2024-02-12,EXPENSE,Professional Services,Yard message read.,243492.97,6,,Cash,TXN-0000975
976,2025-03-01,EXPENSE,Rent,Call although smile.,4893.47,1,,Cash,TXN-0000976
977,2025-06-28,EXPENSE,Maintenance,Because let back man decade yeah.,40512.06,8,,Debit Card,TXN-0000977
978,2025-11-29,EXPENSE,Office Supplies,Light car hotel sit.,410593.53,3,,Debit Card,TXN-0000978
979,2025-01-29,EXPENSE,Travel,Reach American president fund.,495602.69,9,,Mobile Money,TXN-0000979
980,2025-04-10,INCOME,Sales Revenue,Some leader stop response relate myself.,319490.0,8,,Cash,TXN-0000980
981,2025-12-21,INCOME,Subscription Revenue,Great hope song toward.,976605.01,1,,Cash,TXN-0000981
982,2025-04-22,EXPENSE,Marketing,Box fly cause.,241833.72,9,,Bank Transfer,TXN-0000982
983,2024-05-31,EXPENSE,Rent,Image mind military.,24246.93,4,,Cash,TXN-0000983
984,2024-11-24,INCOME,Other Income,Teach require partner.,933761.08,4,,Cash,TXN-0000984
985,2024-07-12,EXPENSE,Marketing,Piece again goal financial involve.,418850.39,3,7.0,Bank Transfer,TXN-0000985
986,2025-12-19,EXPENSE,Payroll,Event expect section like loss since.,435346.88,4,39.0,Cash,TXN-0000986
987,2025-04-25,INCOME,Consulting Revenue,Thus care physical business power need.,195033.22,8,,Debit Card,TXN-0000987
988,2024-01-24,INCOME,Sales Revenue,Near history only themselves need.,885215.24,2,51.0,Mobile Money,TXN-0000988
989,2025-08-10,EXPENSE,Software,Enjoy expert sign top world.,363047.78,3,,Credit Card,TXN-0000989
990,2025-03-14,INCOME,Subscription Revenue,Arm environmental left wait.,499166.36,1,43.0,Mobile Money,TXN-0000990
991,2025-10-25,EXPENSE,Utilities,Bit bring stage.,57356.94,7,,Mobile Money,TXN-0000991
992,2025-12-18,EXPENSE,Maintenance,Weight talk few decade.,268971.78,3,,Bank Transfer,TXN-0000992
993,2024-06-29,INCOME,Sales Revenue,Town should color about including.,339761.83,9,,Debit Card,TXN-0000993
994,2025-09-14,EXPENSE,Equipment,Wife ok bring through.,221769.32,1,21.0,Cash,TXN-0000994
995,2024-06-12,EXPENSE,Utilities,Yet president yet take begin.,242180.4,6,12.0,Debit Card,TXN-0000995
996,2025-07-28,EXPENSE,Rent,Opportunity black police.,181145.99,4,268.0,Debit Card,TXN-0000996
997,2024-07-14,EXPENSE,Rent,Really I hope do sort possible.,332706.95,1,,Debit Card,TXN-0000997
998,2024-07-17,INCOME,Consulting Revenue,Appear Mr article such loss institution.,506782.59,3,,Mobile Money,TXN-0000998
999,2024-01-07,EXPENSE,Professional Services,Reduce catch grow indicate accept.,32080.09,8,,Mobile Money,TXN-0000999
1000,2024-11-19,EXPENSE,Professional Services,Or shake sometimes result.,25706.01,1,,Credit Card,TXN-0001000
1001,2025-09-19,EXPENSE,Logistics,Number young such left morning.,225303.53,5,,Bank Transfer,TXN-0001001
1002,2025-05-24,INCOME,Other Income,Argue ask court more.,239969.74,6,,Bank Transfer,TXN-0001002
1003,2025-08-27,INCOME,Service Revenue,Much officer couple.,447447.31,8,,Mobile Money,TXN-0001003
1004,2024-01-02,INCOME,Service Revenue,Reason recent cup successful direction past.,553012.92,10,281.0,Credit Card,TXN-0001004
1005,2024-05-04,INCOME,Consulting Revenue,Life fight natural.,116860.64,3,99.0,Debit Card,TXN-0001005
1006,2025-01-14,INCOME,Service Revenue,About maintain themselves.,851333.56,9,21.0,Debit Card,TXN-0001006
1007,2025-10-28,INCOME,Consulting Revenue,Court artist million think.,51042.84,6,241.0,Debit Card,TXN-0001007
1008,2025-08-23,EXPENSE,Professional Services,Life who save campaign oil action.,401184.03,2,,Mobile Money,TXN-0001008
1009,2025-12-26,INCOME,Consulting Revenue,Soldier thousand morning administration.,939768.75,8,,Cash,TXN-0001009
1010,2025-02-24,EXPENSE,Office Supplies,Card writer last follow where fly.,315746.88,2,131.0,Bank Transfer,TXN-0001010
1011,2025-06-11,EXPENSE,Logistics,Democratic free seven establish interesting any.,302478.32,5,,Cash,TXN-0001011
1012,2024-11-05,EXPENSE,Office Supplies,Room politics second.,271661.95,9,32.0,Bank Transfer,TXN-0001012
1013,2024-08-11,INCOME,Consulting Revenue,Modern house natural two serious shake.,822736.63,6,,Mobile Money,TXN-0001013
1014,2025-04-24,EXPENSE,Equipment,Who son clearly story method.,232896.33,7,,Cash,TXN-0001014
1015,2025-06-14,EXPENSE,Marketing,Score check cold keep.,134719.19,7,,Bank Transfer,TXN-0001015
1016,2024-01-22,EXPENSE,Payroll,Build serve fish significant.,77485.99,2,,Debit Card,TXN-0001016
1017,2025-04-26,INCOME,Subscription Revenue,Option late major alone.,871301.66,8,,Bank Transfer,TXN-0001017
1018,2024-09-04,INCOME,Service Revenue,Key near thought step establish couple.,668825.86,9,180.0,Credit Card,TXN-0001018
1019,2024-09-21,INCOME,Other Income,Life particular cause development.,875235.86,8,,Credit Card,TXN-0001019
1020,2025-09-30,INCOME,Service Revenue,Shake forward painting rate.,731243.05,1,,Debit Card,TXN-0001020
1021,2025-06-23,EXPENSE,Logistics,Another mission red management sell.,345170.52,9,,Cash,TXN-0001021
1022,2024-11-04,EXPENSE,Office Supplies,Walk arrive carry certain argue.,181019.69,9,,Mobile Money,TXN-0001022
1023,2024-12-15,EXPENSE,Payroll,Fact like scene.,304234.29,4,174.0,Mobile Money,TXN-0001023
1024,2025-10-08,EXPENSE,Logistics,Yourself agreement this.,8932.24,5,125.0,Cash,TXN-0001024
1025,2024-01-28,EXPENSE,Logistics,Student program report security actually politics.,212420.31,10,,Debit Card,TXN-0001025
1026,2025-10-23,EXPENSE,Travel,Key certain it.,267324.02,5,233.0,Credit Card,TXN-0001026
1027,2025-10-27,EXPENSE,Office Supplies,Star age sound memory bad.,160228.47,7,,Debit Card,TXN-0001027
1028,2024-07-26,INCOME,Service Revenue,Record exactly something once away interview.,606782.4,9,,Mobile Money,TXN-0001028
1029,2024-05-19,EXPENSE,Equipment,Quality street without him.,83844.79,3,,Debit Card,TXN-0001029
1030,2025-04-29,EXPENSE,Office Supplies,East late human report fight.,415387.52,5,,Mobile Money,TXN-0001030
1031,2024-11-26,EXPENSE,Rent,Food gun line.,426197.73,7,,Credit Card,TXN-0001031
1032,2025-02-03,INCOME,Sales Revenue,Rock particularly pass together move couple.,125524.0,3,204.0,Credit Card,TXN-0001032
1033,2024-08-28,INCOME,Consulting Revenue,Official discussion ahead.,185282.14,7,88.0,Cash,TXN-0001033
1034,2025-09-01,EXPENSE,Marketing,Impact number debate his feeling.,443560.21,4,,Bank Transfer,TXN-0001034
1035,2024-02-12,INCOME,Consulting Revenue,Add necessary age nature hair.,370168.22,2,,Debit Card,TXN-0001035
1036,2025-03-22,INCOME,Consulting Revenue,Statement soon board conference specific Mr.,934675.17,2,240.0,Debit Card,TXN-0001036
1037,2024-01-15,INCOME,Other Income,Though wall environmental.,272326.9,10,,Debit Card,TXN-0001037
1038,2025-09-23,INCOME,Sales Revenue,Myself at special difficult move toward.,635458.69,9,,Credit Card,TXN-0001038
1039,2025-05-13,EXPENSE,Travel,Fast born to apply old.,189904.14,9,188.0,Bank Transfer,TXN-0001039
1040,2024-01-16,INCOME,Sales Revenue,Fund get hear believe.,131786.23,7,,Mobile Money,TXN-0001040
1041,2025-07-10,EXPENSE,Marketing,Again maybe pull let ball physical.,451135.65,7,,Cash,TXN-0001041
1042,2025-05-01,EXPENSE,Insurance,Through clearly sing staff final idea.,495357.9,3,,Credit Card,TXN-0001042
1043,2024-10-13,INCOME,Other Income,Finish difficult year.,622137.9,8,,Cash,TXN-0001043
1044,2024-07-08,EXPENSE,Software,Follow thing world.,120692.87,1,162.0,Bank Transfer,TXN-0001044
1045,2025-03-15,INCOME,Sales Revenue,Student push sign.,798968.12,4,,Mobile Money,TXN-0001045
1046,2025-01-19,EXPENSE,Marketing,Husband minute bring.,458783.27,4,239.0,Cash,TXN-0001046
1047,2024-11-30,INCOME,Consulting Revenue,Story relate shoulder example quite wind.,742748.73,2,258.0,Bank Transfer,TXN-0001047
1048,2024-05-16,INCOME,Subscription Revenue,Field real technology be.,979895.34,4,,Cash,TXN-0001048
1049,2025-07-05,EXPENSE,Equipment,House kitchen executive.,469945.11,5,25.0,Bank Transfer,TXN-0001049
1050,2024-06-17,EXPENSE,Logistics,Small there without heart.,208465.59,7,,Cash,TXN-0001050
1051,2024-03-16,EXPENSE,Maintenance,Policy section decade ready.,14215.99,10,,Credit Card,TXN-0001051
1052,2024-03-27,EXPENSE,Travel,Dark gas different outside.,303960.83,3,,Bank Transfer,TXN-0001052
1053,2025-04-07,EXPENSE,Professional Services,Listen among threat establish.,299262.92,1,,Bank Transfer,TXN-0001053
1054,2025-07-30,EXPENSE,Travel,Information he soldier reduce.,219447.57,6,,Bank Transfer,TXN-0001054
1055,2024-12-24,INCOME,Service Revenue,Note support finish then investment.,325236.89,3,,Credit Card,TXN-0001055
1056,2025-12-18,INCOME,Sales Revenue,Cover must night hold away run.,11631.25,5,,Credit Card,TXN-0001056
1057,2025-09-29,EXPENSE,Professional Services,Change under wall through.,83363.68,10,,Cash,TXN-0001057
1058,2025-06-07,EXPENSE,Logistics,Attention human stock great recent can.,67698.47,3,201.0,Bank Transfer,TXN-0001058
1059,2024-09-24,INCOME,Other Income,Purpose a himself later.,552515.99,3,,Mobile Money,TXN-0001059
1060,2025-04-28,EXPENSE,Equipment,Ball scene prevent include serious.,309325.36,8,,Debit Card,TXN-0001060
1061,2024-05-18,INCOME,Sales Revenue,Song listen American.,650857.99,5,139.0,Credit Card,TXN-0001061
1062,2024-09-27,INCOME,Sales Revenue,Station discuss brother believe.,645222.19,4,,Credit Card,TXN-0001062
1063,2024-11-28,INCOME,Other Income,Human decade maybe meet with.,918182.74,2,,Debit Card,TXN-0001063
1064,2025-09-18,EXPENSE,Marketing,Should girl task future affect.,259890.7,6,,Cash,TXN-0001064
1065,2024-12-27,INCOME,Consulting Revenue,Kid foreign weight.,663101.12,7,251.0,Cash,TXN-0001065
1066,2025-06-28,EXPENSE,Payroll,Nation strategy sort nor plant.,115581.41,6,,Mobile Money,TXN-0001066
1067,2025-07-26,EXPENSE,Logistics,Kind hope exist take day according.,410576.52,9,,Credit Card,TXN-0001067
1068,2024-12-28,EXPENSE,Equipment,Compare box form.,8918.67,5,,Bank Transfer,TXN-0001068
1069,2025-01-26,INCOME,Other Income,Others those establish gun matter debate.,226233.98,5,,Cash,TXN-0001069
1070,2024-12-17,INCOME,Sales Revenue,He grow week card project term.,774161.94,4,,Credit Card,TXN-0001070
1071,2024-07-31,INCOME,Subscription Revenue,Whole doctor dog dinner expert then.,744653.86,3,,Cash,TXN-0001071
1072,2024-09-07,EXPENSE,Payroll,Energy whether movie in home feel.,316729.77,7,,Bank Transfer,TXN-0001072
1073,2024-09-08,EXPENSE,Equipment,Take job state campaign level so.,106528.04,5,,Mobile Money,TXN-0001073
1074,2025-01-16,INCOME,Subscription Revenue,Push small others citizen.,333386.84,2,,Bank Transfer,TXN-0001074
1075,2025-08-29,INCOME,Other Income,Board effect around compare plant three.,298054.1,7,71.0,Mobile Money,TXN-0001075
1076,2024-06-19,INCOME,Consulting Revenue,Country many debate room at home.,915727.55,9,67.0,Debit Card,TXN-0001076
1077,2025-02-05,INCOME,Consulting Revenue,Interview weight price build.,70276.45,6,,Cash,TXN-0001077
1078,2024-01-26,EXPENSE,Software,Hit tough move evening.,203234.56,4,,Debit Card,TXN-0001078
1079,2025-07-15,EXPENSE,Professional Services,Activity charge learn.,386668.35,10,,Mobile Money,TXN-0001079
1080,2025-05-20,EXPENSE,Equipment,Indeed price watch.,460652.89,6,,Debit Card,TXN-0001080
1081,2025-08-10,EXPENSE,Office Supplies,Next dark view.,243434.51,5,,Debit Card,TXN-0001081
1082,2024-07-13,EXPENSE,Maintenance,Half meet star become fire.,78200.15,2,170.0,Cash,TXN-0001082
1083,2024-03-01,EXPENSE,Equipment,Nothing degree exactly.,229524.63,10,,Bank Transfer,TXN-0001083
1084,2025-08-13,INCOME,Subscription Revenue,Cover total wait far goal fill.,807380.36,3,,Mobile Money,TXN-0001084
1085,2025-05-15,EXPENSE,Logistics,Traditional seat glass.,453981.66,10,,Mobile Money,TXN-0001085
1086,2025-05-17,INCOME,Service Revenue,Page open friend.,216935.32,10,,Debit Card,TXN-0001086
1087,2024-10-20,EXPENSE,Payroll,Goal lay high resource different.,475154.19,10,,Credit Card,TXN-0001087
1088,2024-01-10,INCOME,Service Revenue,Phone administration reason adult road still.,668125.71,6,,Mobile Money,TXN-0001088
1089,2024-11-26,INCOME,Other Income,Throw almost policy it effect cover.,269605.91,2,,Bank Transfer,TXN-0001089
1090,2024-08-08,EXPENSE,Travel,Method blue attack look.,72607.58,10,,Mobile Money,TXN-0001090
1091,2024-06-05,EXPENSE,Office Supplies,Price exactly floor season scene.,418741.14,9,,Credit Card,TXN-0001091
1092,2025-03-30,EXPENSE,Payroll,Send serious school total space.,435502.73,7,,Debit Card,TXN-0001092
1093,2025-12-03,INCOME,Consulting Revenue,Share opportunity really.,423058.29,5,223.0,Credit Card,TXN-0001093
1094,2024-12-31,INCOME,Sales Revenue,Able organization stage different former plant.,516010.82,3,126.0,Credit Card,TXN-0001094
1095,2025-10-01,INCOME,Subscription Revenue,Car federal cut.,85467.3,9,,Cash,TXN-0001095
1096,2024-08-10,EXPENSE,Professional Services,Every Democrat against wall.,72817.59,3,,Debit Card,TXN-0001096
1097,2024-06-26,EXPENSE,Office Supplies,Allow mind reason administration sport.,329846.83,9,53.0,Cash,TXN-0001097
1098,2024-01-06,INCOME,Sales Revenue,Stay arm behind stop alone.,806403.84,7,126.0,Credit Card,TXN-0001098
1099,2024-07-17,EXPENSE,Maintenance,Guess trouble then hotel.,401884.38,4,192.0,Debit Card,TXN-0001099
1100,2025-11-13,INCOME,Other Income,Thing discover now listen.,653603.97,4,,Mobile Money,TXN-0001100
1101,2024-09-02,INCOME,Service Revenue,Own outside why travel.,680213.71,10,,Bank Transfer,TXN-0001101
1102,2024-06-10,INCOME,Other Income,Stuff tax response sit letter economy.,544884.44,3,,Bank Transfer,TXN-0001102
1103,2024-02-26,INCOME,Service Revenue,Early indeed step type together begin.,930501.7,8,,Mobile Money,TXN-0001103
1104,2024-05-14,EXPENSE,Professional Services,Business kind mission security provide.,391778.09,8,214.0,Debit Card,TXN-0001104
1105,2024-12-24,EXPENSE,Professional Services,Else occur cup by.,189360.1,6,,Debit Card,TXN-0001105
1106,2024-12-20,EXPENSE,Rent,Guy hit light company by college.,104805.63,9,170.0,Debit Card,TXN-0001106
1107,2024-04-24,INCOME,Sales Revenue,Suffer animal inside fish yourself herself.,116799.89,1,105.0,Cash,TXN-0001107
1108,2025-04-27,INCOME,Service Revenue,Leg value before though across main.,242688.91,1,,Credit Card,TXN-0001108
1109,2025-11-05,INCOME,Service Revenue,Tend alone officer parent kind.,196706.34,2,36.0,Debit Card,TXN-0001109
1110,2025-09-03,EXPENSE,Insurance,Body personal matter sort on live.,158135.59,1,,Credit Card,TXN-0001110
1111,2024-02-24,EXPENSE,Rent,Write throughout wait.,216650.16,7,226.0,Debit Card,TXN-0001111
1112,2024-03-25,EXPENSE,Software,Yes hour nor mission yes.,316488.77,2,,Debit Card,TXN-0001112
1113,2025-01-21,INCOME,Other Income,Relationship knowledge see reveal.,482736.86,3,216.0,Debit Card,TXN-0001113
1114,2024-10-26,EXPENSE,Office Supplies,Industry whole less.,367645.52,5,,Mobile Money,TXN-0001114
1115,2024-09-16,EXPENSE,Payroll,Throughout pull certainly four and collection.,227352.23,1,145.0,Bank Transfer,TXN-0001115
1116,2025-09-02,EXPENSE,Software,Senior final both worry interview strategy.,412701.4,3,,Bank Transfer,TXN-0001116
1117,2024-05-25,INCOME,Consulting Revenue,Pay medical yeah understand.,512174.8,4,,Bank Transfer,TXN-0001117
1118,2024-02-23,INCOME,Other Income,East eat college there set stand.,188929.31,5,,Cash,TXN-0001118
1119,2024-04-01,EXPENSE,Utilities,Race adult radio.,296278.66,10,,Debit Card,TXN-0001119
1120,2025-07-09,EXPENSE,Software,Goal central Congress move.,475897.58,7,,Debit Card,TXN-0001120
1121,2024-11-03,EXPENSE,Utilities,Accept into common blood.,374820.91,10,,Mobile Money,TXN-0001121
1122,2025-09-14,EXPENSE,Travel,Physical doctor enter dream world morning.,499219.95,7,,Debit Card,TXN-0001122
1123,2024-07-21,INCOME,Other Income,Second rule own.,15846.0,5,190.0,Credit Card,TXN-0001123
1124,2025-06-30,INCOME,Service Revenue,Talk many discussion capital.,978510.29,9,,Cash,TXN-0001124
1125,2025-12-14,EXPENSE,Travel,Pm bar think meeting drop.,247361.54,1,,Cash,TXN-0001125
1126,2025-05-17,EXPENSE,Professional Services,Off admit front should student third.,299959.03,6,,Bank Transfer,TXN-0001126
1127,2025-10-21,EXPENSE,Travel,Benefit cup factor scene form grow.,188499.51,1,,Cash,TXN-0001127
1128,2025-07-04,EXPENSE,Office Supplies,Sell near door late stage.,212336.01,3,,Debit Card,TXN-0001128
1129,2024-06-16,EXPENSE,Maintenance,Quite vote maintain attention central.,64959.22,9,,Bank Transfer,TXN-0001129
1130,2025-07-22,EXPENSE,Travel,Nice compare form write system.,333349.65,8,,Bank Transfer,TXN-0001130
1131,2025-08-14,EXPENSE,Professional Services,Civil tree against paper.,121415.43,7,128.0,Bank Transfer,TXN-0001131
1132,2024-06-05,EXPENSE,Office Supplies,Year international husband I fear fund.,332147.69,1,,Cash,TXN-0001132
1133,2024-08-02,EXPENSE,Logistics,Seat hit brother.,373132.2,7,,Debit Card,TXN-0001133
1134,2024-04-03,EXPENSE,Marketing,Campaign your skin PM day fall.,244410.07,5,,Cash,TXN-0001134
1135,2025-08-22,EXPENSE,Logistics,Before far skill skin question.,437112.85,3,,Mobile Money,TXN-0001135
1136,2024-10-28,EXPENSE,Insurance,Their professor let them.,169886.69,2,,Bank Transfer,TXN-0001136
1137,2025-10-07,EXPENSE,Equipment,Political low home room middle become.,261013.25,9,184.0,Mobile Money,TXN-0001137
1138,2024-12-03,INCOME,Consulting Revenue,Pretty especially call staff Mr.,371157.61,7,,Bank Transfer,TXN-0001138
1139,2024-05-12,EXPENSE,Equipment,Research table describe type democratic.,280279.29,10,,Bank Transfer,TXN-0001139
1140,2024-07-06,EXPENSE,Equipment,Why race concern career president evidence.,467176.84,4,,Mobile Money,TXN-0001140
1141,2025-08-16,EXPENSE,Software,Space run himself treat either.,284768.46,6,,Mobile Money,TXN-0001141
1142,2024-09-26,INCOME,Sales Revenue,Order most first.,226892.71,10,,Credit Card,TXN-0001142
1143,2024-01-19,INCOME,Consulting Revenue,Nearly somebody thought.,907236.23,2,,Debit Card,TXN-0001143
1144,2025-02-08,EXPENSE,Equipment,Director perform join.,34620.62,3,75.0,Mobile Money,TXN-0001144
1145,2024-07-06,EXPENSE,Professional Services,Religious animal body.,422986.7,5,,Mobile Money,TXN-0001145
1146,2025-04-30,EXPENSE,Insurance,Else item throw to kitchen wonder.,152782.09,8,,Cash,TXN-0001146
1147,2024-07-02,EXPENSE,Equipment,Choice me American four.,370023.37,2,,Credit Card,TXN-0001147
1148,2024-01-01,INCOME,Service Revenue,Mouth school dog.,499714.01,1,,Credit Card,TXN-0001148
1149,2024-09-23,EXPENSE,Marketing,Shake total attention attack here ago.,91035.04,6,,Bank Transfer,TXN-0001149
1150,2024-10-13,EXPENSE,Marketing,Product education anyone voice mother.,118295.26,2,145.0,Mobile Money,TXN-0001150
1151,2025-03-27,EXPENSE,Maintenance,Recently foreign special.,383309.37,2,,Credit Card,TXN-0001151
1152,2024-02-13,EXPENSE,Payroll,Trial operation full view hope.,46147.92,9,,Credit Card,TXN-0001152
1153,2024-10-24,EXPENSE,Logistics,Their toward necessary individual indicate agree.,326141.21,9,,Debit Card,TXN-0001153
1154,2024-05-07,INCOME,Subscription Revenue,Leg first near.,14386.69,3,7.0,Mobile Money,TXN-0001154
1155,2024-01-19,INCOME,Subscription Revenue,Water personal he whose party building.,475745.42,6,,Debit Card,TXN-0001155
1156,2025-02-17,EXPENSE,Maintenance,Improve fly Democrat raise professional.,145376.31,10,,Bank Transfer,TXN-0001156
1157,2024-08-10,INCOME,Consulting Revenue,Give lot agency participant.,881073.81,1,82.0,Mobile Money,TXN-0001157
1158,2025-07-14,INCOME,Service Revenue,Address hot offer town do case.,754873.22,5,,Credit Card,TXN-0001158
1159,2024-09-30,EXPENSE,Travel,Sign company cost either.,432571.82,7,167.0,Credit Card,TXN-0001159
1160,2025-05-23,EXPENSE,Office Supplies,Our back fill movement real.,393736.22,7,286.0,Cash,TXN-0001160
1161,2024-10-18,EXPENSE,Marketing,Board understand point.,7420.48,4,,Cash,TXN-0001161
1162,2024-01-22,INCOME,Subscription Revenue,Feeling spring personal respond audience anything.,858378.08,10,,Mobile Money,TXN-0001162
1163,2024-01-19,EXPENSE,Logistics,Amount others while perform population term.,34486.57,6,33.0,Bank Transfer,TXN-0001163
1164,2024-03-08,INCOME,Service Revenue,Do second woman as too.,507491.43,2,,Cash,TXN-0001164
1165,2024-01-30,INCOME,Service Revenue,Magazine represent fall interest.,641172.39,7,,Credit Card,TXN-0001165
1166,2024-06-19,EXPENSE,Maintenance,Kid sort until magazine.,469317.7,5,,Cash,TXN-0001166
1167,2025-04-09,INCOME,Service Revenue,Protect his apply perform stock.,166781.75,6,,Debit Card,TXN-0001167
1168,2024-12-27,INCOME,Service Revenue,Chance continue power happen.,209041.03,8,,Credit Card,TXN-0001168
1169,2025-01-08,EXPENSE,Payroll,Street level any high spring.,139761.59,1,,Mobile Money,TXN-0001169
1170,2024-04-17,EXPENSE,Software,Too event yet science miss meet.,316837.97,4,,Bank Transfer,TXN-0001170
1171,2024-04-29,EXPENSE,Marketing,Program recently through need western.,355536.41,6,230.0,Debit Card,TXN-0001171
1172,2024-02-08,EXPENSE,Utilities,Live picture little when ground give.,291441.68,6,128.0,Bank Transfer,TXN-0001172
1173,2024-09-15,EXPENSE,Insurance,Wish answer space well.,227932.63,1,,Bank Transfer,TXN-0001173
1174,2024-01-19,INCOME,Subscription Revenue,Lead woman already couple.,336465.1,5,,Cash,TXN-0001174
1175,2024-09-08,INCOME,Other Income,Nor data support loss hold.,607596.13,9,,Cash,TXN-0001175
1176,2025-02-01,EXPENSE,Office Supplies,His couple rate chair year writer.,254331.55,3,,Bank Transfer,TXN-0001176
1177,2025-09-12,INCOME,Consulting Revenue,Strategy could foot choose simple.,591230.32,8,,Debit Card,TXN-0001177
1178,2025-10-03,EXPENSE,Office Supplies,Technology perform their choose particularly before.,200579.41,2,,Debit Card,TXN-0001178
1179,2025-12-18,EXPENSE,Software,Hard his American impact total fish.,69695.37,3,,Mobile Money,TXN-0001179
1180,2025-06-15,INCOME,Other Income,Six inside game American others.,658956.92,5,,Cash,TXN-0001180
1181,2025-07-23,EXPENSE,Rent,Large room activity TV role.,444795.8,3,,Cash,TXN-0001181
1182,2025-11-23,EXPENSE,Payroll,Major certain mother act gas.,389569.34,4,,Debit Card,TXN-0001182
1183,2025-12-08,EXPENSE,Software,Democratic right about citizen yard.,229551.17,7,,Bank Transfer,TXN-0001183
1184,2024-05-08,EXPENSE,Office Supplies,Radio chance reflect office material.,459359.92,9,,Debit Card,TXN-0001184
1185,2024-09-27,EXPENSE,Rent,Person human present.,388694.95,1,,Cash,TXN-0001185
1186,2025-11-16,EXPENSE,Maintenance,Part help since.,184384.52,6,,Mobile Money,TXN-0001186
1187,2024-11-09,EXPENSE,Marketing,American office major section plan buy.,473098.75,10,,Debit Card,TXN-0001187
1188,2024-06-18,EXPENSE,Payroll,Ever organization five.,378550.86,7,,Bank Transfer,TXN-0001188
1189,2024-11-02,EXPENSE,Travel,Rest that past four policy speech.,44393.2,8,197.0,Bank Transfer,TXN-0001189
1190,2024-03-16,EXPENSE,Software,Heart instead report.,336006.02,7,272.0,Mobile Money,TXN-0001190
1191,2024-10-09,EXPENSE,Professional Services,Animal bed probably.,68770.26,3,115.0,Credit Card,TXN-0001191
1192,2025-06-01,EXPENSE,Insurance,Green purpose name.,50998.74,2,296.0,Cash,TXN-0001192
1193,2025-05-15,EXPENSE,Professional Services,Region area add.,214876.57,4,,Bank Transfer,TXN-0001193
1194,2024-09-09,INCOME,Subscription Revenue,Walk room sort face.,231309.74,5,,Mobile Money,TXN-0001194
1195,2025-04-15,EXPENSE,Professional Services,Pull buy easy since meet sea.,1479.69,2,,Bank Transfer,TXN-0001195
1196,2025-11-14,INCOME,Consulting Revenue,Hit ago level morning perform.,495479.79,5,,Credit Card,TXN-0001196
1197,2024-10-23,EXPENSE,Professional Services,Laugh suggest say small country enjoy.,239679.79,6,,Mobile Money,TXN-0001197
1198,2025-07-05,INCOME,Service Revenue,Grow between world candidate.,85135.7,5,,Bank Transfer,TXN-0001198
1199,2025-03-26,EXPENSE,Maintenance,Wind enjoy later.,497288.97,5,,Cash,TXN-0001199
1200,2025-08-02,EXPENSE,Professional Services,Can future also share.,373385.63,4,,Bank Transfer,TXN-0001200
1201,2024-11-29,EXPENSE,Insurance,Director easy series budget usually.,484085.09,7,,Bank Transfer,TXN-0001201
1202,2025-03-09,EXPENSE,Software,Economic anything rate us.,106960.25,2,91.0,Mobile Money,TXN-0001202
1203,2024-01-07,EXPENSE,Equipment,During turn stay professor.,64762.16,5,,Cash,TXN-0001203
1204,2024-08-11,EXPENSE,Logistics,Particular song program mean paper.,17300.0,6,,Debit Card,TXN-0001204
1205,2025-05-04,INCOME,Sales Revenue,Give us accept go.,781784.7,7,162.0,Cash,TXN-0001205
1206,2024-05-21,EXPENSE,Maintenance,Decision contain door move.,7485.05,1,297.0,Bank Transfer,TXN-0001206
1207,2025-10-14,EXPENSE,Rent,Arm foot interest make heart.,225921.6,9,,Debit Card,TXN-0001207
1208,2024-09-28,INCOME,Subscription Revenue,Officer still allow since every past.,918498.06,4,,Mobile Money,TXN-0001208
1209,2025-10-03,INCOME,Subscription Revenue,Our approach member money include executive.,755705.1,4,,Bank Transfer,TXN-0001209
1210,2025-05-18,EXPENSE,Travel,Team everybody prevent situation but.,53212.62,2,,Debit Card,TXN-0001210
1211,2025-09-24,EXPENSE,Equipment,Garden instead sister himself ask sit.,249407.61,9,56.0,Credit Card,TXN-0001211
1212,2024-02-02,EXPENSE,Software,Range throw high sing sea beautiful.,147602.73,9,,Credit Card,TXN-0001212
1213,2024-03-19,EXPENSE,Utilities,Or think wind figure.,52678.74,10,,Credit Card,TXN-0001213
1214,2024-11-08,EXPENSE,Payroll,Strategy operation lot each travel quality.,150815.57,1,,Credit Card,TXN-0001214
1215,2025-11-15,EXPENSE,Travel,Owner forward about.,32463.63,3,,Mobile Money,TXN-0001215
1216,2025-06-13,EXPENSE,Maintenance,Difficult rise those lot sell star.,410397.13,1,,Credit Card,TXN-0001216
1217,2025-11-20,EXPENSE,Marketing,Garden media management.,124204.37,9,,Mobile Money,TXN-0001217
1218,2024-09-28,EXPENSE,Equipment,Some store model.,426439.45,1,,Mobile Money,TXN-0001218
1219,2024-08-08,EXPENSE,Maintenance,Oil your born happen mother ability.,262270.53,6,,Bank Transfer,TXN-0001219
1220,2025-12-23,EXPENSE,Travel,Dark choose effort until so.,9330.87,4,,Mobile Money,TXN-0001220
1221,2025-04-25,EXPENSE,Insurance,Town bring like company care represent.,231106.62,5,,Credit Card,TXN-0001221
1222,2025-01-07,INCOME,Sales Revenue,Study much manager as huge among.,515428.11,7,292.0,Credit Card,TXN-0001222
1223,2025-02-04,EXPENSE,Logistics,Us case other likely soldier large.,409653.49,1,196.0,Credit Card,TXN-0001223
1224,2025-05-18,EXPENSE,Rent,Magazine then anything power.,236489.95,6,,Cash,TXN-0001224
1225,2025-03-03,INCOME,Consulting Revenue,Memory necessary plant per.,126047.55,4,,Bank Transfer,TXN-0001225
1226,2024-08-28,INCOME,Subscription Revenue,Phone act even officer suddenly.,514261.23,1,,Mobile Money,TXN-0001226
1227,2025-06-27,EXPENSE,Professional Services,While enter coach.,247153.18,10,287.0,Cash,TXN-0001227
1228,2025-01-17,EXPENSE,Rent,Training but discuss high.,437411.4,1,,Cash,TXN-0001228
1229,2025-03-06,EXPENSE,Professional Services,Break song ahead grow mission.,160475.29,8,,Debit Card,TXN-0001229
1230,2025-02-04,EXPENSE,Marketing,Discussion yet focus approach lose could.,119875.32,1,7.0,Mobile Money,TXN-0001230
1231,2025-10-12,EXPENSE,Insurance,Player feel paper popular firm.,241605.07,10,,Credit Card,TXN-0001231
1232,2024-03-26,INCOME,Other Income,Any modern call safe realize see.,477427.42,3,,Debit Card,TXN-0001232
1233,2024-11-13,EXPENSE,Professional Services,Rather respond argue pressure person according.,33008.03,7,,Mobile Money,TXN-0001233
1234,2024-11-16,EXPENSE,Travel,Car board although medical.,349308.75,2,,Debit Card,TXN-0001234
1235,2024-02-05,INCOME,Subscription Revenue,History save such offer owner shake.,362835.18,3,,Debit Card,TXN-0001235
1236,2025-05-15,EXPENSE,Travel,Investment space say suddenly relate.,339283.48,9,,Debit Card,TXN-0001236
1237,2024-05-09,INCOME,Subscription Revenue,Impact area second resource.,658148.2,10,,Bank Transfer,TXN-0001237
1238,2024-05-16,EXPENSE,Insurance,Part specific choose just.,183284.86,2,,Bank Transfer,TXN-0001238
1239,2025-02-27,EXPENSE,Software,Before receive company cover.,368170.86,8,,Credit Card,TXN-0001239
1240,2024-10-16,EXPENSE,Software,Remember protect agent effort.,38209.28,8,,Mobile Money,TXN-0001240
1241,2024-03-26,EXPENSE,Rent,Radio all bed human buy take.,324855.7,1,,Cash,TXN-0001241
1242,2024-05-11,INCOME,Other Income,Treat future those.,549150.18,9,,Bank Transfer,TXN-0001242
1243,2024-12-24,EXPENSE,Office Supplies,List low this.,130329.26,6,,Credit Card,TXN-0001243
1244,2025-02-06,EXPENSE,Software,Performance wait sing important program.,255063.58,7,154.0,Debit Card,TXN-0001244
1245,2024-05-17,EXPENSE,Maintenance,Economic manage piece build.,121281.4,4,,Cash,TXN-0001245
1246,2024-02-09,INCOME,Consulting Revenue,To world live.,627431.31,6,165.0,Mobile Money,TXN-0001246
1247,2025-08-25,INCOME,Sales Revenue,Away score no.,323624.46,6,,Cash,TXN-0001247
1248,2024-08-14,EXPENSE,Logistics,Health crime director quality.,67604.91,4,,Bank Transfer,TXN-0001248
1249,2025-08-30,EXPENSE,Office Supplies,Cause item fast.,402245.06,5,,Credit Card,TXN-0001249
1250,2024-04-12,EXPENSE,Equipment,Entire probably bring wait hear blue.,55940.75,9,,Mobile Money,TXN-0001250
1251,2025-05-31,EXPENSE,Maintenance,Particularly culture run everything believe another forward.,464906.78,9,,Mobile Money,TXN-0001251
1252,2024-09-27,EXPENSE,Professional Services,Compare some draw.,479333.1,5,,Credit Card,TXN-0001252
1253,2024-06-09,EXPENSE,Office Supplies,Action cut writer.,316665.06,1,285.0,Debit Card,TXN-0001253
1254,2025-03-26,EXPENSE,Travel,Hard from born all look him.,235322.32,8,,Credit Card,TXN-0001254
1255,2025-07-12,EXPENSE,Utilities,Good seek throughout.,285828.01,4,,Cash,TXN-0001255
1256,2024-01-14,INCOME,Other Income,Paper scene mother environment seem read.,951908.25,2,,Credit Card,TXN-0001256
1257,2025-12-18,EXPENSE,Maintenance,Then main improve continue into consider.,112237.19,9,,Bank Transfer,TXN-0001257
1258,2025-12-19,EXPENSE,Equipment,Manager lot strategy today.,93529.47,4,,Debit Card,TXN-0001258
1259,2024-05-31,EXPENSE,Utilities,Compare mind discover.,455806.57,6,,Debit Card,TXN-0001259
1260,2025-03-06,INCOME,Other Income,Career rate some general tonight.,616786.98,6,,Cash,TXN-0001260
1261,2025-06-24,EXPENSE,Office Supplies,Environment loss collection sit economic my.,43683.56,1,119.0,Debit Card,TXN-0001261
1262,2024-11-08,EXPENSE,Rent,Early its direction various yes military.,102309.63,3,,Mobile Money,TXN-0001262
1263,2024-10-17,EXPENSE,Software,Assume position above trial talk blue.,334201.22,10,229.0,Cash,TXN-0001263
1264,2025-05-25,EXPENSE,Insurance,Crime though lose born program.,475660.21,6,,Mobile Money,TXN-0001264
1265,2024-03-15,EXPENSE,Insurance,Fish study affect down decision.,292522.44,7,,Bank Transfer,TXN-0001265
1266,2025-10-30,INCOME,Consulting Revenue,Bad story knowledge past almost minute.,69085.74,7,277.0,Mobile Money,TXN-0001266
1267,2025-09-12,EXPENSE,Software,Operation line admit son.,193581.4,4,,Mobile Money,TXN-0001267
1268,2024-12-22,INCOME,Other Income,Sometimes player only world prevent window.,825765.49,9,11.0,Cash,TXN-0001268
1269,2025-12-26,INCOME,Consulting Revenue,Close two Mrs brother small.,548931.19,3,,Debit Card,TXN-0001269
1270,2025-02-07,EXPENSE,Logistics,Measure kind world expect meet finish.,107520.74,4,104.0,Credit Card,TXN-0001270
1271,2025-06-28,INCOME,Other Income,Our bring trial.,300578.26,1,81.0,Mobile Money,TXN-0001271
1272,2024-10-14,EXPENSE,Marketing,Order wear operation.,257560.61,1,107.0,Mobile Money,TXN-0001272
1273,2024-08-23,INCOME,Sales Revenue,History staff above series.,520411.01,5,,Mobile Money,TXN-0001273
1274,2025-06-10,INCOME,Sales Revenue,Citizen vote become indicate.,635371.55,7,,Credit Card,TXN-0001274
1275,2024-11-07,INCOME,Service Revenue,Same right local.,859863.15,1,49.0,Bank Transfer,TXN-0001275
1276,2025-10-14,EXPENSE,Maintenance,Nothing strong bill.,49862.74,7,193.0,Mobile Money,TXN-0001276
1277,2024-11-18,INCOME,Service Revenue,Here firm travel.,528919.9,6,,Debit Card,TXN-0001277
1278,2025-10-09,INCOME,Sales Revenue,Throw here financial gas.,538087.61,6,,Mobile Money,TXN-0001278
1279,2024-11-18,INCOME,Other Income,Food letter across service place listen.,358475.37,2,,Cash,TXN-0001279
1280,2024-02-18,INCOME,Subscription Revenue,Campaign use keep tonight history.,89000.83,7,,Mobile Money,TXN-0001280
1281,2025-02-13,EXPENSE,Maintenance,Job smile use seem.,330252.35,1,200.0,Bank Transfer,TXN-0001281
1282,2025-06-15,INCOME,Other Income,Trade join box federal surface.,27411.61,2,,Cash,TXN-0001282
1283,2024-05-03,EXPENSE,Office Supplies,Heart thought could get wind live.,256045.07,10,195.0,Credit Card,TXN-0001283
1284,2025-03-22,EXPENSE,Travel,Matter face only tonight.,37223.1,1,,Mobile Money,TXN-0001284
1285,2024-04-09,EXPENSE,Travel,Conference create cover somebody.,160405.32,8,,Credit Card,TXN-0001285
1286,2024-01-06,EXPENSE,Marketing,Yet pressure article.,454679.63,7,,Credit Card,TXN-0001286
1287,2025-09-08,EXPENSE,Travel,Now truth from.,77285.27,4,,Cash,TXN-0001287
1288,2024-02-28,INCOME,Consulting Revenue,Fish have page worry generation.,745110.42,1,,Bank Transfer,TXN-0001288
1289,2025-03-22,EXPENSE,Rent,Artist choose reach sea.,343821.39,3,,Debit Card,TXN-0001289
1290,2025-01-27,INCOME,Service Revenue,Fight character it.,664611.01,1,,Bank Transfer,TXN-0001290
1291,2024-06-12,EXPENSE,Equipment,Heavy single nor.,222808.78,5,,Credit Card,TXN-0001291
1292,2025-10-13,EXPENSE,Logistics,These take include catch the.,100401.04,2,,Bank Transfer,TXN-0001292
1293,2025-02-25,INCOME,Other Income,Role source bring camera matter.,762752.84,6,,Bank Transfer,TXN-0001293
1294,2025-07-09,INCOME,Other Income,Get Mr democratic.,698050.3,5,,Cash,TXN-0001294
1295,2024-03-30,INCOME,Sales Revenue,Per central program.,822482.81,3,,Cash,TXN-0001295
1296,2024-04-25,INCOME,Service Revenue,Degree character hard.,57083.08,10,,Debit Card,TXN-0001296
1297,2024-06-24,INCOME,Subscription Revenue,Former both play go provide safe.,874210.07,9,81.0,Mobile Money,TXN-0001297
1298,2024-05-28,EXPENSE,Marketing,Institution position deep.,167748.04,1,,Bank Transfer,TXN-0001298
1299,2025-01-22,EXPENSE,Office Supplies,Because enjoy process practice poor.,493439.08,3,,Cash,TXN-0001299
1300,2025-03-21,INCOME,Other Income,Here let compare.,302392.9,1,87.0,Debit Card,TXN-0001300
1301,2024-07-07,INCOME,Service Revenue,Yourself true recently.,491480.49,10,,Credit Card,TXN-0001301
1302,2025-10-29,EXPENSE,Office Supplies,Live leg compare reason class.,281015.75,9,,Debit Card,TXN-0001302
1303,2024-01-09,INCOME,Service Revenue,Several on college animal.,487012.99,7,,Credit Card,TXN-0001303
1304,2025-12-06,EXPENSE,Payroll,Season page arm or.,133742.57,9,,Cash,TXN-0001304
1305,2024-02-18,INCOME,Service Revenue,Know turn pass.,985486.37,9,,Debit Card,TXN-0001305
1306,2025-02-12,EXPENSE,Travel,Tax a important ten can.,278755.93,4,,Cash,TXN-0001306
1307,2025-06-27,EXPENSE,Insurance,Lead as would real little.,160342.36,1,,Bank Transfer,TXN-0001307
1308,2024-02-06,EXPENSE,Travel,Hope week set.,468739.57,9,,Bank Transfer,TXN-0001308
1309,2025-03-25,INCOME,Sales Revenue,Hold investment without who.,837905.06,2,,Credit Card,TXN-0001309
1310,2024-07-29,EXPENSE,Marketing,There physical family measure.,53281.56,10,130.0,Debit Card,TXN-0001310
1311,2025-01-23,INCOME,Other Income,Say letter who determine.,693963.75,10,37.0,Mobile Money,TXN-0001311
1312,2025-01-29,INCOME,Consulting Revenue,Remain fall beautiful control also.,855568.94,1,132.0,Debit Card,TXN-0001312
1313,2025-05-28,EXPENSE,Logistics,Career carry how first city.,444942.58,5,,Cash,TXN-0001313
1314,2024-06-04,EXPENSE,Logistics,Spring decision in weight stuff.,466782.27,4,,Debit Card,TXN-0001314
1315,2025-12-08,EXPENSE,Equipment,Hospital decide experience boy cost science.,189141.52,1,,Credit Card,TXN-0001315
1316,2024-01-03,EXPENSE,Maintenance,Music popular tell.,29967.44,5,,Mobile Money,TXN-0001316
1317,2025-09-23,INCOME,Service Revenue,Whatever ability evening.,16613.24,2,,Credit Card,TXN-0001317
1318,2025-02-18,EXPENSE,Payroll,Light public next.,106142.26,3,,Credit Card,TXN-0001318
1319,2025-06-14,EXPENSE,Logistics,Democratic eight beat town point myself.,472114.37,5,111.0,Cash,TXN-0001319
1320,2025-07-21,INCOME,Consulting Revenue,Plant next difficult.,125797.04,1,169.0,Mobile Money,TXN-0001320
1321,2025-11-04,EXPENSE,Software,Seat simple let cover scene.,67066.92,7,,Debit Card,TXN-0001321
1322,2025-02-24,EXPENSE,Rent,Cup million nor fine pull staff.,109297.19,2,,Mobile Money,TXN-0001322
1323,2024-08-27,EXPENSE,Utilities,Fly positive economy home mind strong.,230506.69,3,,Cash,TXN-0001323
1324,2024-09-02,INCOME,Consulting Revenue,Letter miss rich nothing necessary ahead.,251663.59,7,,Credit Card,TXN-0001324
1325,2025-04-11,EXPENSE,Insurance,Task report hour sport sit arrive.,115788.7,10,108.0,Cash,TXN-0001325
1326,2024-06-29,EXPENSE,Software,Own memory may arm ahead standard.,120924.36,6,204.0,Bank Transfer,TXN-0001326
1327,2025-05-12,EXPENSE,Insurance,Wife service suddenly so.,490860.61,4,287.0,Mobile Money,TXN-0001327
1328,2025-02-07,EXPENSE,Travel,Order image month play quality.,352703.21,1,131.0,Cash,TXN-0001328
1329,2024-05-28,EXPENSE,Professional Services,Rather executive success work.,418047.99,5,,Debit Card,TXN-0001329
1330,2025-09-09,INCOME,Subscription Revenue,Provide fine prove strategy himself.,209688.16,8,,Bank Transfer,TXN-0001330
1331,2025-10-13,INCOME,Other Income,I response offer.,953236.69,1,,Mobile Money,TXN-0001331
1332,2025-07-16,EXPENSE,Utilities,Lose until speech.,301974.17,6,,Mobile Money,TXN-0001332
1333,2025-10-06,EXPENSE,Software,Green safe smile election drop skill.,287907.11,8,198.0,Bank Transfer,TXN-0001333
1334,2025-06-09,EXPENSE,Rent,Daughter for game four.,331998.46,5,241.0,Credit Card,TXN-0001334
1335,2025-10-05,EXPENSE,Equipment,Government red out here watch.,271175.95,10,27.0,Cash,TXN-0001335
1336,2025-09-26,EXPENSE,Rent,Upon region spend break.,147375.63,2,,Mobile Money,TXN-0001336
1337,2025-05-27,EXPENSE,Software,Usually economic little.,215227.99,5,,Bank Transfer,TXN-0001337
1338,2025-05-12,EXPENSE,Maintenance,Alone three pass.,456041.88,2,,Cash,TXN-0001338
1339,2024-10-05,EXPENSE,Insurance,Check its personal itself writer camera.,228701.39,8,,Mobile Money,TXN-0001339
1340,2024-05-12,EXPENSE,Payroll,Little officer concern through home.,294508.61,7,,Mobile Money,TXN-0001340
1341,2025-12-05,INCOME,Subscription Revenue,Never reveal subject.,254774.57,2,136.0,Cash,TXN-0001341
1342,2024-10-15,EXPENSE,Professional Services,Bed down set station camera.,498367.57,7,,Bank Transfer,TXN-0001342
1343,2025-01-26,EXPENSE,Equipment,Payment linked to inactive employee,164518.21,8,272.0,Cash,TXN-0001343
1344,2024-07-26,EXPENSE,Insurance,Small detail reach.,484430.72,10,,Credit Card,TXN-0001344
1345,2024-03-01,EXPENSE,Insurance,Mother decade magazine front start.,312272.56,9,,Credit Card,TXN-0001345
1346,2025-07-16,INCOME,Other Income,But west quality physical.,73341.49,7,272.0,Debit Card,TXN-0001346
1347,2024-10-25,INCOME,Consulting Revenue,Family other four add.,680613.37,9,,Debit Card,TXN-0001347
1348,2025-12-20,INCOME,Service Revenue,Prove white dinner around religious.,71094.56,5,214.0,Credit Card,TXN-0001348
1349,2025-06-14,INCOME,Consulting Revenue,Person pattern have become.,374725.96,7,,Bank Transfer,TXN-0001349
1350,2025-02-28,EXPENSE,Utilities,Up my about artist.,218168.38,10,,Debit Card,TXN-0001350
1351,2025-02-09,EXPENSE,Utilities,Republican business quality every spend.,136220.7,5,31.0,Debit Card,TXN-0001351
1352,2024-04-12,INCOME,Subscription Revenue,Now point half.,375895.65,1,63.0,Bank Transfer,TXN-0001352
1353,2024-05-09,EXPENSE,Travel,Remain quality team capital together.,484526.67,1,,Cash,TXN-0001353
1354,2024-03-17,EXPENSE,Payroll,Those not write.,206150.93,3,288.0,Cash,TXN-0001354
1355,2025-09-07,EXPENSE,Software,Price Democrat call.,374829.91,5,106.0,Debit Card,TXN-0001355
1356,2024-12-18,INCOME,Other Income,North trial realize new until.,714069.86,10,,Cash,TXN-0001356
1357,2024-07-30,INCOME,Consulting Revenue,Where best real task situation.,123758.34,10,,Credit Card,TXN-0001357
1358,2025-11-05,EXPENSE,Equipment,President one challenge.,315903.76,6,,Mobile Money,TXN-0001358
1359,2025-04-23,EXPENSE,Software,Public reach anything.,254855.84,8,,Credit Card,TXN-0001359
1360,2025-07-04,EXPENSE,Professional Services,East rich turn.,454983.33,1,,Debit Card,TXN-0001360
1361,2024-05-08,INCOME,Other Income,I blood go.,747407.5,3,,Cash,TXN-0001361
1362,2024-07-30,INCOME,Subscription Revenue,Miss him water economic.,696269.92,8,,Cash,TXN-0001362
1363,2024-02-14,INCOME,Subscription Revenue,Where audience structure.,12002.26,2,,Credit Card,TXN-0001363
1364,2024-02-01,EXPENSE,Travel,Us exactly hand check.,31572.49,3,,Bank Transfer,TXN-0001364
1365,2025-01-28,INCOME,Sales Revenue,Growth arrive happen identify west close.,208968.37,2,,Mobile Money,TXN-0001365
1366,2024-01-20,EXPENSE,Professional Services,Spring actually economy.,176709.18,8,,Bank Transfer,TXN-0001366
1367,2025-04-28,EXPENSE,Marketing,Too safe town prepare interview.,440791.89,10,,Mobile Money,TXN-0001367
1368,2024-10-17,INCOME,Subscription Revenue,Indeed decide away.,220860.88,6,152.0,Credit Card,TXN-0001368
1369,2024-04-28,EXPENSE,Professional Services,Customer loss white.,79484.8,10,,Debit Card,TXN-0001369
1370,2025-01-03,INCOME,Other Income,Environmental focus avoid money alone.,632783.78,8,,Mobile Money,TXN-0001370
1371,2025-03-21,EXPENSE,Marketing,May special fill.,466528.36,3,,Mobile Money,TXN-0001371
1372,2024-10-02,INCOME,Consulting Revenue,Address sure deal.,318890.68,2,,Credit Card,TXN-0001372
1373,2024-11-17,EXPENSE,Software,Least describe consumer never increase industry.,255627.27,7,,Mobile Money,TXN-0001373
1374,2024-06-04,INCOME,Subscription Revenue,Media participant approach project.,63637.15,5,,Mobile Money,TXN-0001374
1375,2024-01-20,EXPENSE,Insurance,Against night interview.,79630.03,1,,Mobile Money,TXN-0001375
1376,2024-12-02,EXPENSE,Equipment,Thank prepare those score wide.,347158.65,2,,Debit Card,TXN-0001376
1377,2025-09-10,INCOME,Service Revenue,Season treatment order think determine.,398942.3,2,16.0,Cash,TXN-0001377
1378,2025-08-21,EXPENSE,Professional Services,Chair owner mean add.,113991.11,3,29.0,Mobile Money,TXN-0001378
1379,2025-02-22,EXPENSE,Equipment,Dog arrive position against although side.,203566.5,6,,Bank Transfer,TXN-0001379
1380,2024-04-24,INCOME,Service Revenue,Support campaign professional personal.,284939.0,2,,Mobile Money,TXN-0001380
1381,2024-08-11,EXPENSE,Travel,Consumer although source.,111406.07,4,,Cash,TXN-0001381
1382,2024-02-25,EXPENSE,Utilities,Oil later yet color.,233714.55,1,,Bank Transfer,TXN-0001382
1383,2025-07-13,INCOME,Other Income,System beautiful wall strategy either material.,41701.99,6,,Credit Card,TXN-0001383
1384,2024-09-30,INCOME,Subscription Revenue,Send walk TV analysis despite without.,778008.91,8,,Cash,TXN-0001384
1385,2024-01-28,EXPENSE,Software,Approach better create parent fire.,166791.99,6,57.0,Debit Card,TXN-0001385
1386,2025-07-10,INCOME,Subscription Revenue,Often will would world other.,21023.1,6,,Mobile Money,TXN-0001386
1387,2025-11-16,INCOME,Service Revenue,News offer with agree pressure any.,626665.53,6,205.0,Cash,TXN-0001387
1388,2025-01-29,EXPENSE,Travel,Mr opportunity bit half.,145357.59,3,,Debit Card,TXN-0001388
1389,2025-03-24,EXPENSE,Payroll,Material reason fine sell sign throughout.,291686.93,9,,Credit Card,TXN-0001389
1390,2024-07-05,EXPENSE,Software,Usually blue yeah article lawyer.,281096.87,10,205.0,Credit Card,TXN-0001390
1391,2024-07-07,INCOME,Sales Revenue,Usually political do wide.,44641.91,3,,Debit Card,TXN-0001391
1392,2024-12-28,INCOME,Sales Revenue,Bad less suffer assume market.,487742.91,10,,Mobile Money,TXN-0001392
1393,2024-09-28,EXPENSE,Software,Sea study scene product.,38702.58,10,267.0,Debit Card,TXN-0001393
1394,2024-06-26,EXPENSE,Office Supplies,Six less along five.,34391.59,3,,Credit Card,TXN-0001394
1395,2024-08-14,INCOME,Consulting Revenue,Well purpose walk reach.,809162.36,6,,Bank Transfer,TXN-0001395
1396,2025-12-09,EXPENSE,Payroll,Prove wonder meet mention campaign.,496798.76,7,,Bank Transfer,TXN-0001396
1397,2024-05-05,INCOME,Consulting Revenue,Series discussion physical minute.,422708.1,2,,Mobile Money,TXN-0001397
1398,2025-12-27,INCOME,Service Revenue,Teacher camera appear fish day.,939123.33,7,,Credit Card,TXN-0001398
1399,2024-04-04,INCOME,Service Revenue,Through short evening.,136231.35,5,,Mobile Money,TXN-0001399
1400,2024-03-31,INCOME,Other Income,Partner statement collection trade.,103832.64,1,271.0,Bank Transfer,TXN-0001400
1401,2025-06-05,INCOME,Subscription Revenue,Travel forward mouth.,81578.7,9,,Bank Transfer,TXN-0001401
1402,2024-12-04,EXPENSE,Insurance,Wide move again fast.,300944.28,5,155.0,Cash,TXN-0001402
1403,2025-02-11,EXPENSE,Logistics,Suddenly also gas popular.,363976.12,2,,Mobile Money,TXN-0001403
1404,2024-08-13,EXPENSE,Professional Services,Carry until consumer trip.,377283.96,10,8.0,Cash,TXN-0001404
1405,2025-07-28,EXPENSE,Software,List raise response.,257977.54,10,,Bank Transfer,TXN-0001405
1406,2024-11-13,INCOME,Other Income,Meet have everyone deal various.,51382.5,2,,Credit Card,TXN-0001406
1407,2024-05-27,INCOME,Sales Revenue,President worker which mouth fly wish.,346517.1,1,,Bank Transfer,TXN-0001407
1408,2025-03-20,EXPENSE,Rent,Ability treat today join discuss.,170212.46,4,,Cash,TXN-0001408
1409,2024-01-03,EXPENSE,Logistics,Response hope without within study.,216626.36,10,,Credit Card,TXN-0001409
1410,2024-08-11,EXPENSE,Office Supplies,Often head look until personal southern.,499825.37,2,,Mobile Money,TXN-0001410
1411,2024-01-01,EXPENSE,Equipment,Unusually large expense transaction,741450.23,3,,Bank Transfer,TXN-0001411
1412,2025-03-29,INCOME,Consulting Revenue,Product assume oil color those magazine.,906660.46,8,,Debit Card,TXN-0001412
1413,2025-04-14,INCOME,Sales Revenue,Mean crime own better join nice.,157542.1,6,,Credit Card,TXN-0001413
1414,2025-02-09,EXPENSE,Marketing,Young system continue new.,26735.69,5,,Cash,TXN-0001414
1415,2024-06-03,EXPENSE,Travel,Both area voice.,292809.18,6,,Credit Card,TXN-0001415
1416,2024-12-24,EXPENSE,Payroll,Bit something culture eat practice.,75169.09,4,133.0,Mobile Money,TXN-0001416
1417,2024-06-13,EXPENSE,Logistics,Purpose test bar.,177621.82,2,,Mobile Money,TXN-0001417
1418,2024-07-12,EXPENSE,Insurance,President speak risk politics newspaper.,316227.49,4,295.0,Cash,TXN-0001418
1419,2025-06-27,INCOME,Sales Revenue,Past seat partner onto.,310174.28,9,,Mobile Money,TXN-0001419
1420,2024-12-15,INCOME,Sales Revenue,Impact more hotel manager degree.,403956.25,6,198.0,Credit Card,TXN-0001420
1421,2024-07-12,EXPENSE,Maintenance,Everybody follow control security never.,466103.41,6,67.0,Credit Card,TXN-0001421
1422,2025-06-14,EXPENSE,Rent,Recent least effort real test.,236410.09,3,,Cash,TXN-0001422
1423,2024-01-28,EXPENSE,Equipment,Shoulder difference face collection.,128081.9,3,,Credit Card,TXN-0001423
1424,2025-09-03,EXPENSE,Payroll,I she as color shoulder week.,182673.18,6,,Debit Card,TXN-0001424
1425,2024-05-30,EXPENSE,Utilities,Miss accept senior begin report order.,252488.7,1,,Cash,TXN-0001425
1426,2024-06-23,INCOME,Service Revenue,Contain kind for stage which.,319169.15,1,,Debit Card,TXN-0001426
1427,2024-03-20,INCOME,Consulting Revenue,Such trip reduce goal.,841995.27,8,,Debit Card,TXN-0001427
1428,2024-07-03,EXPENSE,Insurance,Really cell beautiful.,63367.19,3,197.0,Debit Card,TXN-0001428
1429,2024-10-03,EXPENSE,Office Supplies,First name local my across.,89712.18,10,,Credit Card,TXN-0001429
1430,2024-11-06,EXPENSE,Equipment,Ago federal must hot energy feeling.,344481.35,3,276.0,Credit Card,TXN-0001430
1431,2025-01-23,INCOME,Service Revenue,While since bit send both child series.,475310.78,4,,Bank Transfer,TXN-0001431
1432,2024-09-23,EXPENSE,Payroll,Establish ok possible.,370025.44,6,,Mobile Money,TXN-0001432
1433,2025-02-13,EXPENSE,Maintenance,Because lawyer want voice future environment.,389760.94,1,69.0,Cash,TXN-0001433
1434,2024-04-08,INCOME,Subscription Revenue,Candidate just suddenly friend take play.,502162.18,1,,Cash,TXN-0001434
1435,2025-09-04,INCOME,Sales Revenue,Deep recognize democratic foreign.,142184.36,7,,Cash,TXN-0001435
1436,2025-11-27,INCOME,Subscription Revenue,Beat purpose thus.,230977.73,6,,Debit Card,TXN-0001436
1437,2024-12-04,INCOME,Consulting Revenue,Special store little tonight outside near.,699552.13,10,112.0,Credit Card,TXN-0001437
1438,2024-10-12,EXPENSE,Maintenance,Body staff would significant.,350410.59,9,,Mobile Money,TXN-0001438
1439,2025-02-18,EXPENSE,Payroll,Begin short else strategy condition same.,318937.09,7,,Mobile Money,TXN-0001439
1440,2025-05-14,EXPENSE,Travel,Two simply yes full pay recently.,235876.45,3,,Bank Transfer,TXN-0001440
1441,2024-06-07,INCOME,Sales Revenue,She view worry.,302322.68,9,129.0,Credit Card,TXN-0001441
1442,2024-02-22,EXPENSE,Insurance,Enter politics money walk.,87535.08,1,,Cash,TXN-0001442
1443,2024-08-16,EXPENSE,Maintenance,Smile leave road agree.,238363.29,10,,Credit Card,TXN-0001443
1444,2025-02-13,INCOME,Consulting Revenue,History guess add letter.,151042.36,6,116.0,Cash,TXN-0001444
1445,2025-07-12,INCOME,Consulting Revenue,Various responsibility follow.,136867.24,8,,Credit Card,TXN-0001445
1446,2024-06-06,EXPENSE,Travel,Include sit recent eye bit.,181693.88,6,55.0,Cash,TXN-0001446
1447,2024-08-21,EXPENSE,Software,Positive down themselves value political reflect.,94163.95,2,,Debit Card,TXN-0001447
1448,2025-11-11,EXPENSE,Equipment,Near agree whole.,497645.1,4,,Credit Card,TXN-0001448
1449,2024-12-12,EXPENSE,Payroll,Yes well out actually meet.,413725.2,9,,Cash,TXN-0001449
1450,2025-11-28,EXPENSE,Marketing,Section safe benefit treat ground fall.,405856.33,1,,Debit Card,TXN-0001450
1451,2024-03-11,EXPENSE,Maintenance,Remain relationship performance article important.,313301.32,10,,Credit Card,TXN-0001451
1452,2025-06-20,EXPENSE,Insurance,Concern each himself admit reach organization must.,396006.24,5,,Mobile Money,TXN-0001452
1453,2025-10-10,INCOME,Subscription Revenue,Third audience fill.,580466.0,4,,Credit Card,TXN-0001453
1454,2025-10-20,EXPENSE,Office Supplies,Everybody pattern through control weight.,66270.33,1,163.0,Debit Card,TXN-0001454
1455,2024-11-01,EXPENSE,Equipment,Unit surface behavior chair something future.,356631.43,8,,Debit Card,TXN-0001455
1456,2025-03-07,EXPENSE,Professional Services,Throw evidence example.,322777.5,9,,Bank Transfer,TXN-0001456
1457,2025-08-16,EXPENSE,Payroll,As determine reflect weight him recognize.,258873.53,7,213.0,Bank Transfer,TXN-0001457
1458,2024-08-29,EXPENSE,Payroll,Your become daughter.,163458.51,5,,Debit Card,TXN-0001458
1459,2025-05-22,EXPENSE,Payroll,Past network kind discuss reality television.,68398.85,2,287.0,Debit Card,TXN-0001459
1460,2024-07-22,EXPENSE,Marketing,Make letter nature society.,115598.53,6,,Bank Transfer,TXN-0001460
1461,2025-04-02,INCOME,Consulting Revenue,Policy dream well when term.,466020.02,8,,Mobile Money,TXN-0001461
1462,2024-03-03,INCOME,Service Revenue,Everybody put real.,510129.74,10,,Debit Card,TXN-0001462
1463,2024-02-14,INCOME,Other Income,Ever country interesting employee reveal.,944218.6,8,,Cash,TXN-0001463
1464,2024-01-11,INCOME,Subscription Revenue,Send if stuff plant.,558415.71,3,,Credit Card,TXN-0001464
1465,2024-05-20,INCOME,Other Income,Community environmental none somebody will.,720917.92,2,16.0,Bank Transfer,TXN-0001465
1466,2024-08-23,EXPENSE,Marketing,Bit now current.,252800.26,7,,Cash,TXN-0001466
1467,2025-08-02,INCOME,Service Revenue,Subject mind former.,326539.44,6,,Cash,TXN-0001467
1468,2025-12-12,INCOME,Consulting Revenue,Price health term production window.,868370.37,1,,Mobile Money,TXN-0001468
1469,2025-05-06,EXPENSE,Logistics,Story court ground age do tax.,348945.78,1,,Bank Transfer,TXN-0001469
1470,2025-09-10,INCOME,Consulting Revenue,Property attack affect door break half.,634850.9,6,,Mobile Money,TXN-0001470
1471,2025-09-18,EXPENSE,Travel,True method clear similar value.,79156.67,3,,Debit Card,TXN-0001471
1472,2025-02-07,EXPENSE,Maintenance,Cause open stay imagine deal I.,346439.93,7,,Credit Card,TXN-0001472
1473,2025-10-27,EXPENSE,Insurance,Back investment agent nature.,99989.08,1,,Debit Card,TXN-0001473
1474,2025-04-18,INCOME,Sales Revenue,Fund doctor picture usually respond develop.,590460.49,3,,Bank Transfer,TXN-0001474
1475,2024-11-22,INCOME,Service Revenue,Bit little clear name.,865998.63,5,121.0,Debit Card,TXN-0001475
1476,2025-11-09,INCOME,Subscription Revenue,Cultural I them relationship.,468662.8,8,,Mobile Money,TXN-0001476
1477,2024-08-19,EXPENSE,Travel,Reach write happen.,451697.08,3,,Debit Card,TXN-0001477
1478,2024-11-20,EXPENSE,Professional Services,New where church.,162012.76,4,,Bank Transfer,TXN-0001478
1479,2025-07-09,INCOME,Other Income,Per full sport.,443227.3,2,,Mobile Money,TXN-0001479
1480,2025-09-18,EXPENSE,Utilities,Finish choose city moment trade win.,315144.54,3,,Bank Transfer,TXN-0001480
1481,2025-09-09,EXPENSE,Equipment,Can away public.,43584.19,10,,Mobile Money,TXN-0001481
1482,2024-05-02,EXPENSE,Equipment,Low conference natural process teacher.,197125.22,7,,Mobile Money,TXN-0001482
1483,2024-09-25,EXPENSE,Travel,Difficult six smile.,237809.09,2,,Credit Card,TXN-0001483
1484,2025-03-13,INCOME,Service Revenue,When bag dog make.,374569.79,7,,Credit Card,TXN-0001484
1485,2024-07-09,EXPENSE,Maintenance,Certain owner task phone news college.,26158.52,3,,Credit Card,TXN-0001485
1486,2024-08-12,EXPENSE,Payroll,Very treat series free factor understand.,186485.74,3,,Debit Card,TXN-0001486
1487,2024-11-12,EXPENSE,Maintenance,Stage young behind worker charge dinner.,368227.57,7,,Debit Card,TXN-0001487
1488,2025-10-19,EXPENSE,Professional Services,Difficult gas data home behind.,484823.04,2,,Mobile Money,TXN-0001488
1489,2025-03-17,INCOME,Service Revenue,Require defense total important story.,655934.03,5,,Mobile Money,TXN-0001489
1490,2024-04-07,INCOME,Subscription Revenue,We truth foot ago.,751672.73,2,194.0,Bank Transfer,TXN-0001490
1491,2024-02-28,INCOME,Other Income,Our small certain hot.,212563.47,7,,Credit Card,TXN-0001491
1492,2025-11-27,INCOME,Other Income,Especially debate soldier you.,400911.65,8,,Debit Card,TXN-0001492
1493,2024-09-03,INCOME,Other Income,No situation write really.,868813.6,1,,Bank Transfer,TXN-0001493
1494,2025-09-28,EXPENSE,Software,Old that foreign.,197231.1,7,9.0,Bank Transfer,TXN-0001494
1495,2024-07-24,EXPENSE,Office Supplies,Crime outside what minute.,195644.12,2,,Bank Transfer,TXN-0001495
1496,2024-05-25,EXPENSE,Utilities,Yeah ahead choice hour account.,195031.56,1,,Mobile Money,TXN-0001496
1497,2025-01-01,EXPENSE,Maintenance,Mention even key southern as.,423581.13,1,,Cash,TXN-0001497
1498,2025-03-03,INCOME,Service Revenue,Set drug data use.,743486.67,6,,Credit Card,TXN-0001498
1499,2024-10-14,EXPENSE,Maintenance,Picture at message.,365005.54,4,,Debit Card,TXN-0001499
1500,2024-11-25,EXPENSE,Professional Services,Hard history treat machine finally phone.,461034.88,3,,Cash,TXN-0001500
1501,2024-09-09,INCOME,Other Income,Friend particular interesting use.,398641.35,8,,Bank Transfer,TXN-0001501
1502,2025-12-21,INCOME,Consulting Revenue,Rest debate discover win easy.,521660.67,10,,Bank Transfer,TXN-0001502
1503,2025-06-02,EXPENSE,Marketing,General give happy town west near.,347004.14,10,,Cash,TXN-0001503
1504,2024-10-09,EXPENSE,Software,Concern offer travel music number.,146928.24,9,245.0,Bank Transfer,TXN-0001504
1505,2024-01-20,INCOME,Service Revenue,Amount red top officer.,578141.72,4,,Bank Transfer,TXN-0001505
1506,2025-12-27,INCOME,Service Revenue,Individual color Congress never upon.,397183.93,10,135.0,Mobile Money,TXN-0001506
1507,2024-08-08,INCOME,Sales Revenue,Page blood success avoid wish.,257216.61,9,,Debit Card,TXN-0001507
1508,2024-09-24,INCOME,Subscription Revenue,Ten take organization.,487209.29,3,,Bank Transfer,TXN-0001508
1509,2024-06-01,EXPENSE,Marketing,Hundred today knowledge loss tonight drive.,350491.96,6,181.0,Mobile Money,TXN-0001509
1510,2025-11-09,EXPENSE,Professional Services,Really too crime result economy.,218430.9,6,,Cash,TXN-0001510
1511,2025-01-18,INCOME,Service Revenue,Sense she half.,695793.45,6,,Cash,TXN-0001511
1512,2024-06-27,INCOME,Subscription Revenue,Huge increase pick.,671499.09,7,78.0,Credit Card,TXN-0001512
1513,2024-04-14,EXPENSE,Maintenance,Everybody have child edge dinner buy.,89490.59,4,,Debit Card,TXN-0001513
1514,2025-09-11,EXPENSE,Insurance,Prevent issue card career large.,427077.01,9,,Bank Transfer,TXN-0001514
1515,2024-12-04,EXPENSE,Office Supplies,Lot group author lot whom study.,176024.14,10,,Debit Card,TXN-0001515
1516,2024-12-27,EXPENSE,Marketing,Woman serve no mouth however.,205858.71,5,,Mobile Money,TXN-0001516
1517,2024-12-24,INCOME,Consulting Revenue,Through discover control.,679129.3,6,78.0,Cash,TXN-0001517
1518,2024-07-15,INCOME,Sales Revenue,Quickly book involve left.,924068.28,2,,Debit Card,TXN-0001518
1519,2025-10-21,EXPENSE,Rent,Factor make these.,263641.35,1,,Mobile Money,TXN-0001519
1520,2025-06-24,INCOME,Consulting Revenue,Involve task long.,820636.56,6,,Debit Card,TXN-0001520
1521,2024-08-30,EXPENSE,Logistics,Along war wait four million both.,6976.86,9,1.0,Cash,TXN-0001521
1522,2024-01-31,EXPENSE,Insurance,Consumer crime relationship rest.,444936.34,7,,Mobile Money,TXN-0001522
1523,2025-06-09,EXPENSE,Travel,Style difficult build ten state.,127565.72,7,109.0,Mobile Money,TXN-0001523
1524,2025-07-06,EXPENSE,Maintenance,Bad level likely.,274478.59,7,,Mobile Money,TXN-0001524
1525,2024-03-21,EXPENSE,Travel,Only pretty baby like.,194942.35,6,113.0,Credit Card,TXN-0001525
1526,2025-12-16,INCOME,Subscription Revenue,Part behind foreign maybe.,448258.96,10,,Credit Card,TXN-0001526
1527,2025-10-28,INCOME,Subscription Revenue,Type not between purpose.,581385.53,3,221.0,Credit Card,TXN-0001527
1528,2024-12-31,EXPENSE,Payroll,Tree owner drug pay too.,462510.04,6,112.0,Mobile Money,TXN-0001528
1529,2024-05-04,INCOME,Other Income,Central now Republican behind.,887207.72,8,161.0,Bank Transfer,TXN-0001529
1530,2025-05-08,INCOME,Service Revenue,Mind establish bill leg.,124150.89,5,2.0,Debit Card,TXN-0001530
1531,2025-09-17,EXPENSE,Equipment,Quickly book guess professional.,14183.89,8,,Cash,TXN-0001531
1532,2024-02-02,EXPENSE,Payroll,Scene whose spring rather.,38941.57,6,,Mobile Money,TXN-0001532
1533,2024-07-18,EXPENSE,Equipment,Edge easy whatever.,189446.94,10,,Debit Card,TXN-0001533
1534,2025-12-03,EXPENSE,Payroll,Wait interesting media analysis.,278768.28,8,,Mobile Money,TXN-0001534
1535,2024-11-02,EXPENSE,Office Supplies,Guy treat turn stock admit.,195044.61,6,226.0,Cash,TXN-0001535
1536,2024-05-06,EXPENSE,Insurance,Republican hit nation customer phone give.,225749.89,5,,Cash,TXN-0001536
1537,2024-04-18,EXPENSE,Software,Far wonder close oil out.,451675.87,6,,Credit Card,TXN-0001537
1538,2025-09-01,INCOME,Other Income,Stage firm provide bank.,539867.83,5,,Cash,TXN-0001538
1539,2025-10-03,EXPENSE,Utilities,Several partner information energy either.,459490.67,4,,Debit Card,TXN-0001539
1540,2024-09-13,INCOME,Subscription Revenue,Recent thank ready project.,258464.62,8,,Credit Card,TXN-0001540
1541,2025-06-28,EXPENSE,Marketing,Forget this whatever.,40600.08,4,,Cash,TXN-0001541
1542,2025-01-12,EXPENSE,Software,Address without impact heart never.,192360.58,2,,Cash,TXN-0001542
1543,2025-08-05,INCOME,Other Income,Medical public rate last.,758394.32,9,,Debit Card,TXN-0001543
1544,2024-01-14,EXPENSE,Logistics,Present leave buy.,269395.38,4,96.0,Cash,TXN-0001544
1545,2025-08-18,INCOME,Sales Revenue,Travel safe after.,918963.28,6,,Debit Card,TXN-0001545
1546,2024-09-15,INCOME,Sales Revenue,Model red day experience.,443768.65,7,,Debit Card,TXN-0001546
1547,2024-07-20,INCOME,Consulting Revenue,My majority raise plan.,732063.4,2,,Debit Card,TXN-0001547
1548,2024-01-13,INCOME,Service Revenue,Activity former part painting least.,297545.37,3,,Mobile Money,TXN-0001548
1549,2024-12-15,INCOME,Service Revenue,Discussion character where pattern list.,196559.39,4,29.0,Mobile Money,TXN-0001549
1550,2025-08-04,INCOME,Service Revenue,Role Congress kind book.,378140.7,4,,Debit Card,TXN-0001550
1551,2025-05-12,EXPENSE,Professional Services,Company say with surface company.,157570.48,10,,Bank Transfer,TXN-0001551
1552,2024-02-10,EXPENSE,Marketing,Pay from article few coach.,252380.8,2,,Bank Transfer,TXN-0001552
1553,2025-10-27,EXPENSE,Insurance,Own natural cost sense direction simple.,244909.12,6,,Cash,TXN-0001553
1554,2024-01-18,EXPENSE,Insurance,Tv worker than hit indeed case.,74003.78,8,,Mobile Money,TXN-0001554
1555,2025-12-29,EXPENSE,Equipment,Meeting community writer.,124527.92,10,,Mobile Money,TXN-0001555
1556,2024-05-17,INCOME,Other Income,Major never between able.,727487.7,7,,Mobile Money,TXN-0001556
1557,2024-06-13,INCOME,Subscription Revenue,Room individual offer agree network.,660773.2,8,,Debit Card,TXN-0001557
1558,2025-04-22,EXPENSE,Rent,Cup ground threat life meet trade.,395690.65,1,,Debit Card,TXN-0001558
1559,2024-06-15,INCOME,Consulting Revenue,If moment get itself around.,665142.07,8,,Cash,TXN-0001559
1560,2024-02-18,EXPENSE,Payroll,See seek must in writer past.,447463.03,1,,Bank Transfer,TXN-0001560
1561,2025-01-20,EXPENSE,Payroll,Raise professional eight.,116430.09,3,,Credit Card,TXN-0001561
1562,2024-12-07,EXPENSE,Marketing,Fish report garden college control key.,224870.9,3,,Mobile Money,TXN-0001562
1563,2024-08-17,INCOME,Consulting Revenue,School hold lead pattern.,624940.51,2,,Mobile Money,TXN-0001563
1564,2024-08-24,EXPENSE,Utilities,Not affect world simple model upon.,229947.59,6,283.0,Mobile Money,TXN-0001564
1565,2024-06-24,INCOME,Consulting Revenue,Most always culture.,558079.62,10,,Cash,TXN-0001565
1566,2024-09-26,EXPENSE,Rent,Student skill subject section do spring.,491127.34,9,,Mobile Money,TXN-0001566
1567,2024-06-24,INCOME,Consulting Revenue,Cell whatever evidence customer.,767166.09,9,,Debit Card,TXN-0001567
1568,2025-05-02,INCOME,Subscription Revenue,Blue my join action.,345344.34,8,268.0,Credit Card,TXN-0001568
1569,2024-02-24,EXPENSE,Software,City trade rate.,17585.17,8,,Bank Transfer,TXN-0001569
1570,2025-04-20,INCOME,Service Revenue,Into production man.,853534.88,7,,Mobile Money,TXN-0001570
1571,2024-11-14,INCOME,Service Revenue,Politics management here approach.,539382.01,6,,Credit Card,TXN-0001571
1572,2025-08-23,EXPENSE,Rent,Effort entire tree just past office.,414144.04,3,,Cash,TXN-0001572
1573,2025-01-10,EXPENSE,Office Supplies,Too thus ground.,225447.99,9,,Bank Transfer,TXN-0001573
1574,2024-08-04,INCOME,Other Income,Congress by firm.,178942.59,2,53.0,Mobile Money,TXN-0001574
1575,2024-08-01,INCOME,Subscription Revenue,Growth guy seem movement speak year.,691604.96,10,271.0,Debit Card,TXN-0001575
1576,2024-09-22,EXPENSE,Rent,Church however activity none.,204590.54,5,,Cash,TXN-0001576
1577,2024-09-02,INCOME,Subscription Revenue,Class east not sort.,780580.1,9,,Mobile Money,TXN-0001577
1578,2024-12-03,EXPENSE,Office Supplies,Watch two least lawyer finish.,268329.37,7,,Mobile Money,TXN-0001578
1579,2025-09-22,INCOME,Subscription Revenue,Common state bag wrong.,480055.31,6,,Debit Card,TXN-0001579
1580,2024-02-23,EXPENSE,Professional Services,Check place entire.,392546.35,6,,Bank Transfer,TXN-0001580
1581,2025-10-20,INCOME,Subscription Revenue,Safe foreign seven contain draw.,486576.92,3,,Bank Transfer,TXN-0001581
1582,2025-01-29,INCOME,Service Revenue,Store particularly care street seek by.,334927.43,9,,Cash,TXN-0001582
1583,2024-08-18,EXPENSE,Rent,Throughout onto determine.,314463.14,6,,Cash,TXN-0001583
1584,2024-10-22,EXPENSE,Office Supplies,We structure perform.,171963.51,9,,Debit Card,TXN-0001584
1585,2024-05-03,EXPENSE,Logistics,Finally quite success.,75340.44,9,148.0,Bank Transfer,TXN-0001585
1586,2025-06-30,INCOME,Consulting Revenue,Professor senior early.,94790.67,1,,Debit Card,TXN-0001586
1587,2025-07-20,EXPENSE,Utilities,Because billion page.,203627.56,1,,Bank Transfer,TXN-0001587
1588,2025-04-04,EXPENSE,Logistics,Must good natural as girl consumer.,411246.78,2,,Debit Card,TXN-0001588
1589,2025-07-14,EXPENSE,Equipment,Edge responsibility high choice.,45576.91,5,142.0,Mobile Money,TXN-0001589
1590,2024-03-09,EXPENSE,Software,Involve baby change person.,23474.36,1,,Debit Card,TXN-0001590
1591,2024-02-20,INCOME,Consulting Revenue,Important tonight strategy image.,43577.63,9,,Credit Card,TXN-0001591
1592,2025-06-05,EXPENSE,Rent,Those hit find final.,203662.72,10,,Bank Transfer,TXN-0001592
1593,2025-11-09,EXPENSE,Equipment,Military Mrs maybe trade leader find.,155774.34,5,,Debit Card,TXN-0001593
1594,2024-07-31,EXPENSE,Software,Season civil situation.,369811.89,9,,Credit Card,TXN-0001594
1595,2024-05-01,EXPENSE,Equipment,Throw recently week.,106371.71,4,,Mobile Money,TXN-0001595
1596,2024-05-06,INCOME,Service Revenue,Mrs house hand sometimes.,311357.35,6,,Bank Transfer,TXN-0001596
1597,2024-01-08,EXPENSE,Insurance,Difference class dog.,365045.26,4,,Debit Card,TXN-0001597
1598,2025-11-30,EXPENSE,Logistics,Character leader blue ball.,92804.91,5,,Cash,TXN-0001598
1599,2025-03-30,EXPENSE,Maintenance,Kitchen summer likely.,204078.82,4,,Bank Transfer,TXN-0001599
1600,2024-03-06,EXPENSE,Maintenance,Brother here big you.,18398.26,6,281.0,Bank Transfer,TXN-0001600
1601,2025-03-09,INCOME,Other Income,Window social girl.,869102.18,9,,Mobile Money,TXN-0001601
1602,2025-09-16,EXPENSE,Marketing,City kid send.,421242.25,2,,Cash,TXN-0001602
1603,2025-08-18,EXPENSE,Maintenance,Wall likely what.,219327.53,10,,Mobile Money,TXN-0001603
1604,2024-12-09,INCOME,Subscription Revenue,Man sign record.,826388.48,10,,Bank Transfer,TXN-0001604
1605,2025-02-14,EXPENSE,Equipment,Whole nice of number.,479664.27,9,10.0,Credit Card,TXN-0001605
1606,2024-01-11,EXPENSE,Insurance,Crime gun race side president.,147734.69,10,93.0,Cash,TXN-0001606
1607,2024-08-13,INCOME,Sales Revenue,Good college third.,110136.42,5,,Mobile Money,TXN-0001607
1608,2024-10-18,EXPENSE,Marketing,Style high defense right.,185476.52,4,179.0,Credit Card,TXN-0001608
1609,2025-02-22,EXPENSE,Marketing,Interesting writer certainly answer some unit.,221246.19,10,,Mobile Money,TXN-0001609
1610,2025-06-27,INCOME,Service Revenue,Near who character nature shake.,788765.8,10,,Mobile Money,TXN-0001610
1611,2024-10-01,EXPENSE,Logistics,Institution western chance think game.,292596.02,5,,Debit Card,TXN-0001611
1612,2024-06-16,INCOME,Sales Revenue,Arm law feeling staff order concern.,634561.33,9,,Mobile Money,TXN-0001612
1613,2025-07-30,INCOME,Service Revenue,Beyond buy long six if including.,655508.73,2,,Mobile Money,TXN-0001613
1614,2025-12-30,INCOME,Subscription Revenue,Bed prove book treat first.,46454.63,5,43.0,Debit Card,TXN-0001614
1615,2025-05-18,EXPENSE,Travel,Memory recognize apply such little skin.,224450.86,7,,Debit Card,TXN-0001615
1616,2024-08-10,INCOME,Sales Revenue,Republican traditional go hold improve always.,376279.28,7,,Debit Card,TXN-0001616
1617,2024-08-06,EXPENSE,Insurance,Scene bad happen.,370188.32,3,,Mobile Money,TXN-0001617
1618,2024-10-17,EXPENSE,Travel,Than feeling gun.,364471.77,6,,Cash,TXN-0001618
1619,2025-12-03,EXPENSE,Utilities,Go evidence executive matter.,417776.85,8,,Debit Card,TXN-0001619
1620,2024-12-03,EXPENSE,Professional Services,West four national perform would green.,414417.1,3,97.0,Cash,TXN-0001620
1621,2024-12-22,EXPENSE,Professional Services,Identify produce especially.,124018.73,7,,Credit Card,TXN-0001621
1622,2024-06-20,INCOME,Service Revenue,Upon information weight various budget.,818584.66,7,249.0,Debit Card,TXN-0001622
1623,2024-04-16,EXPENSE,Utilities,Development respond state.,156185.48,5,,Debit Card,TXN-0001623
1624,2025-09-03,INCOME,Service Revenue,Hear now garden effort.,440977.24,2,98.0,Debit Card,TXN-0001624
1625,2025-08-05,INCOME,Consulting Revenue,Almost keep table look teacher include.,348071.72,2,,Credit Card,TXN-0001625
1626,2024-06-02,EXPENSE,Equipment,Picture wife tell contain note politics.,360216.35,2,131.0,Bank Transfer,TXN-0001626
1627,2024-03-03,EXPENSE,Software,Middle either nearly attorney accept write.,172994.08,1,,Debit Card,TXN-0001627
1628,2024-11-01,INCOME,Service Revenue,Worry popular response sport.,872025.7,6,,Mobile Money,TXN-0001628
1629,2024-06-09,INCOME,Consulting Revenue,Sit fall field.,407943.5,9,,Bank Transfer,TXN-0001629
1630,2025-09-27,EXPENSE,Travel,Serve cause personal behind push.,323968.22,9,,Bank Transfer,TXN-0001630
1631,2024-09-22,EXPENSE,Professional Services,Similar population game change money manage.,36838.64,7,158.0,Bank Transfer,TXN-0001631
1632,2024-08-23,EXPENSE,Marketing,Consider day industry policy.,328631.0,4,,Bank Transfer,TXN-0001632
1633,2025-04-03,EXPENSE,Office Supplies,Lead rich article.,76571.63,8,127.0,Credit Card,TXN-0001633
1634,2025-03-21,INCOME,Subscription Revenue,School house product.,134120.47,8,,Mobile Money,TXN-0001634
1635,2025-07-04,EXPENSE,Equipment,Word hot cause east.,441162.1,6,,Cash,TXN-0001635
1636,2024-07-15,EXPENSE,Payroll,Career civil center summer.,317644.83,5,,Cash,TXN-0001636
1637,2024-09-14,EXPENSE,Logistics,Hour not ten expect fill.,353484.9,5,,Credit Card,TXN-0001637
1638,2025-12-24,EXPENSE,Travel,Trial trial entire year player.,134974.67,10,38.0,Credit Card,TXN-0001638
1639,2025-11-04,EXPENSE,Software,Skill sort else end.,318965.92,8,207.0,Mobile Money,TXN-0001639
1640,2025-04-15,EXPENSE,Maintenance,Why window process.,407676.71,1,,Debit Card,TXN-0001640
1641,2024-07-04,INCOME,Subscription Revenue,Several win operation couple service.,898588.81,9,96.0,Bank Transfer,TXN-0001641
1642,2024-03-21,INCOME,Subscription Revenue,Across politics rest exactly available eye.,132207.92,4,,Mobile Money,TXN-0001642
1643,2025-07-17,EXPENSE,Rent,Voice teach white.,171430.16,5,107.0,Cash,TXN-0001643
1644,2025-05-25,EXPENSE,Office Supplies,Game where herself.,95516.39,2,,Bank Transfer,TXN-0001644
1645,2024-09-01,EXPENSE,Utilities,Mother politics organization up.,199608.54,5,,Bank Transfer,TXN-0001645
1646,2025-07-26,INCOME,Subscription Revenue,Short tree strategy she for reality.,143820.25,1,,Cash,TXN-0001646
1647,2025-05-22,INCOME,Other Income,Simply pay not across usually.,838183.6,10,,Debit Card,TXN-0001647
1648,2025-10-20,EXPENSE,Utilities,Teach final financial choice.,56063.98,5,,Credit Card,TXN-0001648
1649,2024-04-20,EXPENSE,Insurance,Purpose call sort fund.,454635.2,6,,Debit Card,TXN-0001649
1650,2024-12-28,EXPENSE,Software,When and information happen.,290321.22,2,194.0,Mobile Money,TXN-0001650
1651,2025-05-22,INCOME,Subscription Revenue,Far stay might surface poor.,847571.59,4,,Debit Card,TXN-0001651
1652,2025-03-08,INCOME,Subscription Revenue,Help customer character those scientist.,47494.72,3,,Credit Card,TXN-0001652
1653,2025-10-09,EXPENSE,Travel,Seek worry increase government safe put.,431549.22,8,,Cash,TXN-0001653
1654,2024-03-13,INCOME,Consulting Revenue,Imagine prevent she.,113717.78,9,,Credit Card,TXN-0001654
1655,2025-08-19,EXPENSE,Equipment,Camera point yet.,480871.7,2,,Credit Card,TXN-0001655
1656,2025-07-27,INCOME,Subscription Revenue,Mission church budget.,134118.88,1,,Bank Transfer,TXN-0001656
1657,2025-08-14,INCOME,Subscription Revenue,Practice why these right.,845908.42,10,,Bank Transfer,TXN-0001657
1658,2024-03-31,EXPENSE,Maintenance,Peace spring look throw.,307949.12,9,289.0,Cash,TXN-0001658
1659,2025-08-17,EXPENSE,Software,Stop student four power.,92783.81,7,,Mobile Money,TXN-0001659
1660,2024-02-29,EXPENSE,Rent,Industry account early body.,490329.29,4,,Bank Transfer,TXN-0001660
1661,2024-03-11,EXPENSE,Insurance,Less leg style live.,465064.4,3,22.0,Mobile Money,TXN-0001661
1662,2025-02-03,EXPENSE,Professional Services,Sit data history candidate feel develop.,492833.65,1,,Mobile Money,TXN-0001662
1663,2024-06-15,INCOME,Consulting Revenue,Analysis song place no.,756883.69,10,6.0,Cash,TXN-0001663
1664,2024-10-12,EXPENSE,Marketing,Structure include author wide artist tend.,14056.89,1,,Mobile Money,TXN-0001664
1665,2024-04-16,INCOME,Sales Revenue,Amount simple ready house learn.,487552.06,3,,Debit Card,TXN-0001665
1666,2024-01-01,EXPENSE,Insurance,Avoid along crime west.,412837.06,8,,Cash,TXN-0001666
1667,2025-09-11,EXPENSE,Payroll,Mr research Congress civil.,86720.05,4,117.0,Cash,TXN-0001667
1668,2024-09-13,INCOME,Consulting Revenue,Nature enjoy them heart president.,939892.19,3,,Credit Card,TXN-0001668
1669,2024-10-22,INCOME,Other Income,Boy kind door agree increase sure.,458978.75,3,,Debit Card,TXN-0001669
1670,2024-03-03,INCOME,Sales Revenue,Ready total in there hour summer.,303747.88,4,,Debit Card,TXN-0001670
1671,2025-07-15,EXPENSE,Software,Unusually large expense transaction,707501.86,2,,Mobile Money,TXN-0001671
1672,2024-04-23,EXPENSE,Software,Break just often building.,300476.84,8,,Bank Transfer,TXN-0001672
1673,2024-06-26,EXPENSE,Logistics,Position analysis often everyone affect when.,415746.56,10,139.0,Mobile Money,TXN-0001673
1674,2024-02-26,INCOME,Subscription Revenue,General foot lose training.,987120.09,9,180.0,Debit Card,TXN-0001674
1675,2025-12-09,EXPENSE,Logistics,Military draw concern.,183386.91,1,,Debit Card,TXN-0001675
1676,2025-11-24,EXPENSE,Insurance,Method senior garden away win city.,246926.02,1,256.0,Mobile Money,TXN-0001676
1677,2024-07-14,EXPENSE,Payroll,Office interview little.,290947.54,4,75.0,Bank Transfer,TXN-0001677
1678,2025-08-20,EXPENSE,Utilities,Recent important between audience local rock.,397006.39,6,,Cash,TXN-0001678
1679,2025-10-31,INCOME,Service Revenue,Several major place owner.,217383.01,2,,Debit Card,TXN-0001679
1680,2024-11-07,EXPENSE,Payroll,Around line leave.,210841.67,1,43.0,Debit Card,TXN-0001680
1681,2025-03-20,EXPENSE,Utilities,Public customer difficult.,443441.23,4,,Credit Card,TXN-0001681
1682,2024-12-08,INCOME,Sales Revenue,Person goal eight thousand human.,850715.39,7,90.0,Mobile Money,TXN-0001682
1683,2024-03-01,INCOME,Other Income,Former who speak subject much.,214996.79,7,,Credit Card,TXN-0001683
1684,2024-06-03,EXPENSE,Equipment,Wrong magazine he end.,419101.78,4,195.0,Bank Transfer,TXN-0001684
1685,2025-02-19,INCOME,Other Income,Discuss gas ready ready usually.,953900.85,4,33.0,Mobile Money,TXN-0001685
1686,2024-01-22,INCOME,Subscription Revenue,Social certainly lawyer.,129865.16,10,,Mobile Money,TXN-0001686
1687,2025-03-17,EXPENSE,Travel,Story scientist matter condition.,24054.38,2,,Cash,TXN-0001687
1688,2025-02-13,EXPENSE,Insurance,Character maybe prepare Congress fact.,37727.79,1,171.0,Mobile Money,TXN-0001688
1689,2024-02-21,EXPENSE,Office Supplies,Become pretty will.,319206.15,3,,Credit Card,TXN-0001689
1690,2024-08-24,EXPENSE,Software,Per three space nation military.,44427.11,7,94.0,Debit Card,TXN-0001690
1691,2025-06-25,INCOME,Sales Revenue,Reduce step know.,158571.65,3,,Cash,TXN-0001691
1692,2024-02-25,EXPENSE,Equipment,Half better foot grow enter old few.,239989.63,2,213.0,Debit Card,TXN-0001692
1693,2024-02-03,EXPENSE,Rent,Cell view mean agency.,85097.24,10,99.0,Debit Card,TXN-0001693
1694,2024-02-12,EXPENSE,Professional Services,We ready order.,222453.54,2,,Cash,TXN-0001694
1695,2024-06-16,INCOME,Subscription Revenue,Son authority you business owner city.,94595.59,6,66.0,Mobile Money,TXN-0001695
1696,2025-09-30,EXPENSE,Payroll,Space past small article those.,465054.08,8,,Debit Card,TXN-0001696
1697,2024-08-11,INCOME,Sales Revenue,Ask management shake radio necessary.,322749.37,8,,Cash,TXN-0001697
1698,2025-06-15,EXPENSE,Insurance,Half remember necessary outside rate.,297793.19,2,,Cash,TXN-0001698
1699,2025-06-25,EXPENSE,Utilities,Indicate current example probably.,239198.08,2,,Bank Transfer,TXN-0001699
1700,2024-12-31,INCOME,Consulting Revenue,Quickly report challenge interest.,170857.13,5,150.0,Cash,TXN-0001700
1701,2025-07-17,INCOME,Consulting Revenue,Minute plan attack road.,887967.86,7,,Bank Transfer,TXN-0001701
1702,2025-04-21,EXPENSE,Office Supplies,Growth instead cause ever social represent.,222390.89,8,,Debit Card,TXN-0001702
1703,2025-04-10,INCOME,Sales Revenue,During stage prevent room.,685569.26,7,,Debit Card,TXN-0001703
1704,2025-12-20,EXPENSE,Software,Sing authority task social policy important.,327672.38,9,,Bank Transfer,TXN-0001704
1705,2024-02-01,INCOME,Sales Revenue,Woman wait cultural exactly.,893853.06,2,,Mobile Money,TXN-0001705
1706,2025-06-24,EXPENSE,Utilities,Week itself wear.,231291.7,7,19.0,Bank Transfer,TXN-0001706
1707,2025-12-04,INCOME,Service Revenue,Edge capital pick force indeed.,457415.48,9,47.0,Cash,TXN-0001707
1708,2024-05-06,EXPENSE,Logistics,Pattern whose eat picture chair.,44836.11,3,126.0,Debit Card,TXN-0001708
1709,2025-07-21,EXPENSE,Equipment,Race plant mean different central.,179470.38,7,,Bank Transfer,TXN-0001709
1710,2024-12-02,INCOME,Sales Revenue,Stay run represent.,669046.79,6,,Credit Card,TXN-0001710
1711,2025-06-20,EXPENSE,Maintenance,Nature mouth difference window.,29568.12,8,,Credit Card,TXN-0001711
1712,2024-05-18,EXPENSE,Utilities,Hospital thing rise final.,62363.13,5,89.0,Debit Card,TXN-0001712
1713,2025-11-22,EXPENSE,Maintenance,Bit feel against woman.,493376.65,2,,Debit Card,TXN-0001713
1714,2024-10-11,EXPENSE,Professional Services,Live lot lose.,159234.72,5,,Mobile Money,TXN-0001714
1715,2025-05-21,INCOME,Other Income,Letter wear finish main entire next.,154396.8,4,,Bank Transfer,TXN-0001715
1716,2025-11-17,EXPENSE,Travel,Personal party share.,64021.69,2,,Mobile Money,TXN-0001716
1717,2024-08-01,EXPENSE,Travel,On certainly around evidence sign party.,200765.35,4,,Cash,TXN-0001717
1718,2024-11-12,EXPENSE,Utilities,Start your one.,314328.85,6,,Credit Card,TXN-0001718
1719,2024-11-19,INCOME,Subscription Revenue,Happy research return.,397001.37,3,254.0,Debit Card,TXN-0001719
1720,2025-03-31,EXPENSE,Software,Job simply able activity.,94974.12,4,222.0,Debit Card,TXN-0001720
1721,2025-04-13,EXPENSE,Software,Source church college.,5765.07,1,,Debit Card,TXN-0001721
1722,2024-03-29,INCOME,Service Revenue,Notice example degree though artist.,481047.02,2,,Debit Card,TXN-0001722
1723,2024-01-21,EXPENSE,Maintenance,Weight carry yourself attention able throughout.,442514.16,4,,Bank Transfer,TXN-0001723
1724,2024-09-11,EXPENSE,Insurance,Matter ask million affect standard experience.,299712.17,1,,Cash,TXN-0001724
1725,2024-11-18,EXPENSE,Logistics,Goal rise past.,374955.52,8,,Bank Transfer,TXN-0001725
1726,2025-08-28,INCOME,Other Income,Ok difference these party herself candidate.,235147.53,1,,Debit Card,TXN-0001726
1727,2024-09-11,EXPENSE,Travel,Close music group.,319724.15,8,,Mobile Money,TXN-0001727
1728,2025-06-10,INCOME,Consulting Revenue,Discover different both hundred create.,705113.04,6,,Cash,TXN-0001728
1729,2025-06-22,EXPENSE,Equipment,Read deal cup seven song fish.,379769.17,8,219.0,Cash,TXN-0001729
1730,2024-08-16,EXPENSE,Marketing,Arm teacher according feeling move wish.,418214.54,6,,Bank Transfer,TXN-0001730
1731,2024-09-09,EXPENSE,Maintenance,Group seek public experience maintain.,242359.95,6,3.0,Cash,TXN-0001731
1732,2025-08-08,INCOME,Sales Revenue,Where study reflect feel own campaign.,91780.33,2,,Cash,TXN-0001732
1733,2025-07-11,EXPENSE,Payroll,Approach once page life.,348569.12,5,,Cash,TXN-0001733
1734,2025-05-31,EXPENSE,Payroll,Study leader among newspaper hope.,11601.82,6,180.0,Mobile Money,TXN-0001734
1735,2024-08-22,EXPENSE,Marketing,Factor whom candidate.,251592.9,9,,Credit Card,TXN-0001735
1736,2024-12-22,EXPENSE,Insurance,Blue traditional feel.,25764.02,4,,Cash,TXN-0001736
1737,2024-11-04,EXPENSE,Marketing,Method true foreign.,144722.04,7,,Bank Transfer,TXN-0001737
1738,2024-06-03,INCOME,Consulting Revenue,Make measure risk.,863217.35,1,,Mobile Money,TXN-0001738
1739,2025-01-24,INCOME,Subscription Revenue,Education street game smile.,517671.58,10,273.0,Bank Transfer,TXN-0001739
1740,2025-07-09,EXPENSE,Office Supplies,Talk article sit.,45425.93,2,61.0,Mobile Money,TXN-0001740
1741,2024-01-19,EXPENSE,Software,Fight beyond although.,301735.2,9,83.0,Credit Card,TXN-0001741
1742,2025-05-28,INCOME,Sales Revenue,Music movement available common cultural.,193523.2,7,,Credit Card,TXN-0001742
1743,2024-10-18,INCOME,Service Revenue,End what exist around indicate.,523912.23,6,,Mobile Money,TXN-0001743
1744,2024-10-21,INCOME,Service Revenue,Participant newspaper campaign major say.,692176.13,2,,Debit Card,TXN-0001744
1745,2025-01-28,INCOME,Consulting Revenue,Section few account lawyer food six.,793245.81,8,,Mobile Money,TXN-0001745
1746,2024-01-01,INCOME,Service Revenue,Environmental make say store hit.,322392.87,8,251.0,Debit Card,TXN-0001746
1747,2024-02-17,INCOME,Sales Revenue,Difficult information common.,679471.73,5,,Bank Transfer,TXN-0001747
1748,2025-04-16,EXPENSE,Marketing,Evidence what win blood memory your.,18308.38,10,247.0,Debit Card,TXN-0001748
1749,2025-09-01,INCOME,Other Income,Star current defense example.,460790.75,10,,Debit Card,TXN-0001749
1750,2024-10-13,INCOME,Sales Revenue,Tree great little single north several.,977759.1,6,,Credit Card,TXN-0001750
1751,2024-10-10,EXPENSE,Software,Alone reach trouble activity feel exist.,113886.28,1,,Cash,TXN-0001751
1752,2025-04-24,EXPENSE,Maintenance,With entire when.,424344.7,9,,Cash,TXN-0001752
1753,2025-07-07,EXPENSE,Maintenance,Finish evening watch.,303831.88,7,,Credit Card,TXN-0001753
1754,2024-09-07,EXPENSE,Professional Services,Stop including admit sound.,292900.61,8,267.0,Bank Transfer,TXN-0001754
1755,2024-09-16,EXPENSE,Logistics,Ahead moment campaign director close member.,392652.84,2,77.0,Bank Transfer,TXN-0001755
1756,2024-09-07,INCOME,Sales Revenue,Author morning expect.,110957.68,2,107.0,Bank Transfer,TXN-0001756
1757,2024-12-27,INCOME,Subscription Revenue,Discover range somebody add in.,334891.52,6,,Bank Transfer,TXN-0001757
1758,2025-04-29,INCOME,Consulting Revenue,Beyond protect majority thus popular less.,410955.63,10,,Cash,TXN-0001758
1759,2024-11-11,EXPENSE,Travel,Last month cell side surface peace.,356021.52,2,72.0,Credit Card,TXN-0001759
1760,2024-12-03,INCOME,Service Revenue,Record employee success capital billion.,907285.33,9,,Credit Card,TXN-0001760
1761,2025-05-08,EXPENSE,Software,Soldier no anyone again.,443355.76,8,295.0,Debit Card,TXN-0001761
1762,2024-04-26,INCOME,Sales Revenue,Owner drop so hotel down.,256066.3,1,,Debit Card,TXN-0001762
1763,2025-09-19,EXPENSE,Professional Services,Draw notice on international performance role.,479436.04,4,,Credit Card,TXN-0001763
1764,2025-03-29,INCOME,Sales Revenue,Result fight mission water.,430008.38,9,193.0,Bank Transfer,TXN-0001764
1765,2025-04-18,EXPENSE,Payroll,Actually analysis year door.,497761.35,10,35.0,Debit Card,TXN-0001765
1766,2025-04-17,INCOME,Service Revenue,Happen like end begin performance.,83767.91,8,,Debit Card,TXN-0001766
1767,2024-03-23,INCOME,Other Income,Fly rest one.,549019.93,4,,Credit Card,TXN-0001767
1768,2024-01-23,EXPENSE,Travel,Yourself think open young.,492318.76,8,,Credit Card,TXN-0001768
1769,2025-11-03,EXPENSE,Utilities,Door magazine beyond front event if.,112442.7,4,,Debit Card,TXN-0001769
1770,2025-05-14,EXPENSE,Equipment,Effort expert break tend drop.,85356.15,6,,Bank Transfer,TXN-0001770
1771,2024-03-17,EXPENSE,Professional Services,Talk seek movement reduce create.,441283.63,1,120.0,Debit Card,TXN-0001771
1772,2025-02-14,INCOME,Other Income,Cut always meeting.,523596.58,4,,Cash,TXN-0001772
1773,2024-10-14,EXPENSE,Logistics,Crime hope might international.,63035.11,9,285.0,Credit Card,TXN-0001773
1774,2025-05-22,EXPENSE,Maintenance,Scene able later middle.,116938.63,6,70.0,Cash,TXN-0001774
1775,2024-08-23,INCOME,Subscription Revenue,Continue through service whole drive.,595643.79,9,,Debit Card,TXN-0001775
1776,2025-12-26,EXPENSE,Maintenance,East second general factor several seat.,177699.25,8,191.0,Mobile Money,TXN-0001776
1777,2024-01-14,EXPENSE,Utilities,South almost personal.,161242.52,4,18.0,Mobile Money,TXN-0001777
1778,2024-03-16,EXPENSE,Equipment,Sing fear oil.,206071.76,8,206.0,Credit Card,TXN-0001778
1779,2024-02-11,EXPENSE,Office Supplies,Technology any surface six rock.,46214.74,10,,Bank Transfer,TXN-0001779
1780,2025-07-17,EXPENSE,Maintenance,Who Congress other suggest.,47556.14,2,,Cash,TXN-0001780
1781,2025-01-27,INCOME,Service Revenue,Young last what adult onto.,35306.13,4,,Bank Transfer,TXN-0001781
1782,2024-09-06,EXPENSE,Travel,Sure participant already.,342904.25,4,,Cash,TXN-0001782
1783,2025-08-13,INCOME,Subscription Revenue,Game bad somebody fund series.,18337.08,4,,Credit Card,TXN-0001783
1784,2025-12-09,INCOME,Sales Revenue,Smile maybe dream answer be.,812642.87,10,27.0,Bank Transfer,TXN-0001784
1785,2024-05-04,INCOME,Consulting Revenue,Apply thus writer.,522186.18,1,,Bank Transfer,TXN-0001785
1786,2025-06-27,EXPENSE,Travel,Song learn really.,224934.17,5,221.0,Cash,TXN-0001786
1787,2025-05-15,INCOME,Subscription Revenue,Support believe hour part economic.,251396.09,6,,Debit Card,TXN-0001787
1788,2024-10-15,INCOME,Subscription Revenue,Day hope here spend.,945574.62,3,,Cash,TXN-0001788
1789,2025-04-09,INCOME,Service Revenue,Require option should oil staff push.,390744.09,8,,Bank Transfer,TXN-0001789
1790,2024-01-09,INCOME,Subscription Revenue,What moment money example my simply.,986745.59,1,,Mobile Money,TXN-0001790
1791,2024-02-28,EXPENSE,Logistics,Page occur large soldier also.,484877.53,1,,Debit Card,TXN-0001791
1792,2025-09-13,EXPENSE,Maintenance,Break market design light listen deep.,161089.86,9,213.0,Cash,TXN-0001792
1793,2025-02-21,EXPENSE,Maintenance,Be energy at foot upon tell.,132263.83,6,,Mobile Money,TXN-0001793
1794,2024-09-28,EXPENSE,Maintenance,Fish man edge out matter.,348814.23,9,,Mobile Money,TXN-0001794
1795,2024-09-25,INCOME,Service Revenue,Indeed Mrs rise.,43280.11,6,,Debit Card,TXN-0001795
1796,2025-01-12,EXPENSE,Software,Receive statement key.,461697.14,6,,Debit Card,TXN-0001796
1797,2024-09-14,INCOME,Service Revenue,Race big simple treat majority.,58018.2,7,,Debit Card,TXN-0001797
1798,2025-06-15,EXPENSE,Payroll,Direction response child mother question seven.,340097.19,1,,Bank Transfer,TXN-0001798
1799,2025-09-17,INCOME,Consulting Revenue,Total unit their away explain.,865454.28,2,,Bank Transfer,TXN-0001799
1800,2024-04-20,INCOME,Other Income,Keep carry actually.,61641.63,8,37.0,Debit Card,TXN-0001800
1801,2024-04-29,EXPENSE,Travel,Indeed when expert body defense.,476763.12,6,,Debit Card,TXN-0001801
1802,2025-10-08,INCOME,Sales Revenue,Suffer reason claim how appear national.,23415.95,5,150.0,Mobile Money,TXN-0001802
1803,2025-05-25,INCOME,Consulting Revenue,Standard themselves sometimes possible from officer.,259400.13,8,,Credit Card,TXN-0001803
1804,2024-10-02,INCOME,Other Income,Family practice response as.,811631.41,6,209.0,Bank Transfer,TXN-0001804
1805,2024-08-06,INCOME,Other Income,Message memory citizen before own.,585152.47,3,,Mobile Money,TXN-0001805
1806,2024-07-19,EXPENSE,Software,Ability sea important indeed.,222298.08,1,99.0,Cash,TXN-0001806
1807,2025-05-26,INCOME,Subscription Revenue,Star whose keep letter consumer.,606413.76,2,260.0,Bank Transfer,TXN-0001807
1808,2024-06-26,INCOME,Sales Revenue,Item enter heavy.,794693.59,7,,Debit Card,TXN-0001808
1809,2024-09-17,INCOME,Sales Revenue,Themselves modern billion service relate.,374454.21,6,,Debit Card,TXN-0001809
1810,2024-12-11,INCOME,Consulting Revenue,Rise evidence seven.,940682.45,8,,Bank Transfer,TXN-0001810
1811,2025-10-07,EXPENSE,Travel,Field past during eight writer.,36506.92,7,,Mobile Money,TXN-0001811
1812,2025-05-11,EXPENSE,Professional Services,Country their explain thing wrong similar.,428521.48,7,,Bank Transfer,TXN-0001812
1813,2024-02-08,EXPENSE,Maintenance,Yeah expert mother kid building leave.,481247.54,4,,Credit Card,TXN-0001813
1814,2024-11-23,EXPENSE,Utilities,Thing start medical know.,292385.26,7,,Credit Card,TXN-0001814
1815,2024-08-06,EXPENSE,Equipment,Home machine product approach.,50720.46,9,,Debit Card,TXN-0001815
1816,2024-06-23,INCOME,Other Income,Ball instead decision class food try.,425226.15,6,,Cash,TXN-0001816
1817,2025-02-07,EXPENSE,Marketing,While range plan also remain win.,126396.32,5,278.0,Credit Card,TXN-0001817
1818,2024-06-24,INCOME,Sales Revenue,Simply mouth while.,868143.12,4,,Credit Card,TXN-0001818
1819,2025-03-15,INCOME,Consulting Revenue,Claim machine information.,769749.55,10,,Credit Card,TXN-0001819
1820,2024-09-09,EXPENSE,Professional Services,Week own soon identify kid region.,374334.92,6,,Bank Transfer,TXN-0001820
1821,2024-04-11,EXPENSE,Travel,Peace throw full find.,457808.81,5,,Cash,TXN-0001821
1822,2024-10-06,EXPENSE,Rent,Me wall into.,444646.13,10,,Mobile Money,TXN-0001822
1823,2025-05-19,INCOME,Other Income,Realize natural computer trial network.,262517.96,7,297.0,Credit Card,TXN-0001823
1824,2024-10-30,EXPENSE,Travel,Audience wall center society.,280614.6,9,,Bank Transfer,TXN-0001824
1825,2024-11-02,EXPENSE,Professional Services,Stay place many movie.,376220.08,8,,Mobile Money,TXN-0001825
1826,2025-08-11,EXPENSE,Travel,Expect coach letter onto chair floor.,426996.59,8,,Mobile Money,TXN-0001826
1827,2024-06-28,EXPENSE,Software,Cost music bit risk month.,124867.49,3,,Cash,TXN-0001827
1828,2025-09-23,INCOME,Other Income,Term foot able science rock.,460032.68,7,276.0,Cash,TXN-0001828
1829,2024-07-31,EXPENSE,Professional Services,Far themselves real thing unit.,218173.32,8,,Mobile Money,TXN-0001829
1830,2025-10-31,EXPENSE,Maintenance,Here enjoy in.,305697.05,10,98.0,Debit Card,TXN-0001830
1831,2024-02-15,INCOME,Consulting Revenue,Thought week recently arm.,134917.78,10,,Cash,TXN-0001831
1832,2025-01-12,INCOME,Subscription Revenue,Reach month knowledge assume message.,440876.14,10,,Bank Transfer,TXN-0001832
1833,2024-11-02,EXPENSE,Software,Where condition mind age mean.,210809.68,8,,Bank Transfer,TXN-0001833
1834,2025-07-17,INCOME,Consulting Revenue,Either whose course use recently.,847257.97,7,,Credit Card,TXN-0001834
1835,2024-07-09,EXPENSE,Maintenance,Position into major.,296015.9,7,,Debit Card,TXN-0001835
1836,2024-06-06,EXPENSE,Professional Services,Get dream hotel.,239256.7,8,,Bank Transfer,TXN-0001836
1837,2025-04-07,INCOME,Consulting Revenue,Section I with.,806909.24,8,,Bank Transfer,TXN-0001837
1838,2025-12-28,INCOME,Consulting Revenue,Bad more president for model system.,996061.84,1,,Debit Card,TXN-0001838
1839,2024-10-17,EXPENSE,Travel,Seem serious senior.,128767.68,5,276.0,Debit Card,TXN-0001839
1840,2024-02-27,EXPENSE,Software,College hundred company scientist up current.,66960.54,7,,Credit Card,TXN-0001840
1841,2024-10-11,EXPENSE,Travel,Shake production expert per job blue.,466962.57,9,,Debit Card,TXN-0001841
1842,2025-09-09,EXPENSE,Maintenance,I whole rise medical.,334882.86,8,,Mobile Money,TXN-0001842
1843,2025-11-10,INCOME,Consulting Revenue,Of cover him star in.,692949.72,3,171.0,Bank Transfer,TXN-0001843
1844,2025-10-31,EXPENSE,Software,Opportunity forward camera traditional.,476055.12,1,,Credit Card,TXN-0001844
1845,2024-05-29,EXPENSE,Maintenance,Parent daughter recent.,235604.43,9,,Credit Card,TXN-0001845
1846,2024-03-13,EXPENSE,Payroll,Trip performance under.,164165.37,9,,Mobile Money,TXN-0001846
1847,2025-01-28,INCOME,Other Income,Major state way require yard reason.,585258.0,5,,Credit Card,TXN-0001847
1848,2025-11-20,EXPENSE,Logistics,Former say option simply individual.,491274.5,7,210.0,Mobile Money,TXN-0001848
1849,2025-08-12,EXPENSE,Insurance,Attack often every note participant resource.,16525.24,3,,Mobile Money,TXN-0001849
1850,2024-06-20,EXPENSE,Travel,Front first subject example brother.,132837.23,3,,Cash,TXN-0001850
1851,2024-09-18,EXPENSE,Travel,Company either view store scientist no.,99076.45,6,247.0,Cash,TXN-0001851
1852,2025-12-27,EXPENSE,Utilities,Guy Congress effect remember relationship.,216743.69,4,,Mobile Money,TXN-0001852
1853,2024-03-29,EXPENSE,Travel,So tree realize let challenge bit.,70643.68,8,148.0,Cash,TXN-0001853
1854,2025-01-20,EXPENSE,Payroll,President chair provide court.,56736.44,4,,Mobile Money,TXN-0001854
1855,2025-02-27,EXPENSE,Rent,Important first particularly they stop.,427410.41,8,,Debit Card,TXN-0001855
1856,2025-04-12,EXPENSE,Software,Attention home live six usually another.,19001.45,7,,Debit Card,TXN-0001856
1857,2024-09-04,EXPENSE,Professional Services,Whatever test note response we by.,265551.03,8,,Credit Card,TXN-0001857
1858,2024-12-15,INCOME,Subscription Revenue,Join key save charge sense executive.,673191.79,1,,Credit Card,TXN-0001858
1859,2024-06-04,INCOME,Consulting Revenue,Professional professor beat.,826579.14,10,107.0,Mobile Money,TXN-0001859
1860,2024-11-30,INCOME,Service Revenue,Case same better also.,832890.03,7,,Credit Card,TXN-0001860
1861,2025-04-25,EXPENSE,Travel,Raise himself wall seat.,312135.38,2,,Bank Transfer,TXN-0001861
1862,2024-05-15,EXPENSE,Logistics,Able thank hundred by audience.,289031.95,6,,Cash,TXN-0001862
1863,2024-02-17,INCOME,Service Revenue,Stage everything question ago anyone trial.,576639.42,5,,Debit Card,TXN-0001863
1864,2025-09-07,INCOME,Sales Revenue,Commercial choice sister place low high.,991009.6,9,237.0,Cash,TXN-0001864
1865,2024-10-31,EXPENSE,Travel,Now small join not.,217888.27,6,,Bank Transfer,TXN-0001865
1866,2024-02-04,EXPENSE,Logistics,Respond force top environment moment.,73397.52,4,,Cash,TXN-0001866
1867,2024-08-08,EXPENSE,Maintenance,Edge road around.,490705.97,6,,Mobile Money,TXN-0001867
1868,2024-10-09,EXPENSE,Logistics,Street character loss operation.,216923.94,10,,Credit Card,TXN-0001868
1869,2025-04-20,EXPENSE,Travel,Reflect husband conference home shoulder too.,413718.89,9,,Mobile Money,TXN-0001869
1870,2024-10-22,EXPENSE,Logistics,Yet on two in region source.,373180.16,5,,Cash,TXN-0001870
1871,2024-03-23,EXPENSE,Equipment,History player clear world.,121925.91,8,282.0,Debit Card,TXN-0001871
1872,2025-12-17,INCOME,Service Revenue,Note argue approach lay pattern nice.,19631.37,3,,Mobile Money,TXN-0001872
1873,2025-12-15,EXPENSE,Logistics,Science take wrong glass change.,396652.1,8,,Bank Transfer,TXN-0001873
1874,2024-01-18,EXPENSE,Software,Member pick or.,24244.93,6,,Credit Card,TXN-0001874
1875,2025-02-18,EXPENSE,Payroll,Early rule dinner indeed notice.,303555.87,5,,Debit Card,TXN-0001875
1876,2025-01-15,EXPENSE,Maintenance,Whether television here indeed kid.,256002.3,8,286.0,Mobile Money,TXN-0001876
1877,2024-02-22,EXPENSE,Professional Services,Person gas suggest argue.,295002.68,4,,Cash,TXN-0001877
1878,2025-04-29,EXPENSE,Travel,Itself summer summer talk yet.,430446.67,2,,Cash,TXN-0001878
1879,2025-08-21,EXPENSE,Professional Services,Mouth cultural wish.,83705.08,8,,Mobile Money,TXN-0001879
1880,2024-06-10,EXPENSE,Equipment,Great woman seat participant your head.,459742.43,2,10.0,Mobile Money,TXN-0001880
1881,2025-11-10,EXPENSE,Marketing,Value hope worker strategy poor.,298807.35,10,,Mobile Money,TXN-0001881
1882,2025-12-01,INCOME,Consulting Revenue,Today very Mr unit.,109328.62,6,,Bank Transfer,TXN-0001882
1883,2025-08-27,EXPENSE,Rent,Trial reduce task recently turn.,71222.04,5,40.0,Bank Transfer,TXN-0001883
1884,2024-07-26,EXPENSE,Utilities,Learn good smile your.,283822.64,3,,Debit Card,TXN-0001884
1885,2025-04-05,INCOME,Service Revenue,Factor marriage including eye decade relate.,461826.97,3,,Mobile Money,TXN-0001885
1886,2024-03-17,EXPENSE,Utilities,Nation trade where million pick authority.,146261.67,7,184.0,Debit Card,TXN-0001886
1887,2025-08-18,INCOME,Other Income,Window forward dark challenge control.,217418.18,4,,Bank Transfer,TXN-0001887
1888,2024-10-05,INCOME,Sales Revenue,Hotel check remain tree fear.,722083.21,9,,Mobile Money,TXN-0001888
1889,2025-11-02,EXPENSE,Office Supplies,Enter opportunity popular sense that institution.,477241.55,2,,Mobile Money,TXN-0001889
1890,2024-05-16,INCOME,Sales Revenue,Positive despite perhaps floor note attack.,726660.44,2,,Mobile Money,TXN-0001890
1891,2025-01-02,INCOME,Service Revenue,Heavy beat human again building prove.,101352.76,8,,Bank Transfer,TXN-0001891
1892,2024-07-11,EXPENSE,Office Supplies,Situation yes program line under.,4399.06,2,,Mobile Money,TXN-0001892
1893,2024-04-30,INCOME,Service Revenue,Increase group break list hit television.,243687.84,10,,Bank Transfer,TXN-0001893
1894,2024-09-01,INCOME,Sales Revenue,Project interview trip.,106729.58,5,,Mobile Money,TXN-0001894
1895,2025-11-04,INCOME,Other Income,Seven ten create result.,620414.74,3,,Credit Card,TXN-0001895
1896,2024-11-11,EXPENSE,Logistics,Beautiful smile street suffer direction.,448330.58,1,,Mobile Money,TXN-0001896
1897,2025-02-01,INCOME,Other Income,Least thousand might town understand series.,387455.33,5,,Cash,TXN-0001897
1898,2025-12-06,EXPENSE,Equipment,He may scene term information.,27448.18,6,,Debit Card,TXN-0001898
1899,2025-02-03,INCOME,Other Income,Street pattern shake.,724648.49,5,,Bank Transfer,TXN-0001899
1900,2025-09-19,INCOME,Other Income,Send score staff later who truth.,714108.02,1,,Bank Transfer,TXN-0001900
1901,2024-01-03,EXPENSE,Software,Special only step shake.,27243.23,6,,Bank Transfer,TXN-0001901
1902,2025-02-22,EXPENSE,Payroll,Whatever right north that.,471920.34,10,,Mobile Money,TXN-0001902
1903,2024-04-03,INCOME,Service Revenue,Pick kind prevent.,487099.84,10,,Debit Card,TXN-0001903
1904,2024-06-14,EXPENSE,Professional Services,Federal level deep bed.,498348.27,10,,Bank Transfer,TXN-0001904
1905,2024-10-25,EXPENSE,Travel,Technology else particular dark rest wide.,456471.1,6,,Debit Card,TXN-0001905
1906,2024-01-29,EXPENSE,Rent,Want table store father record.,418858.95,3,206.0,Debit Card,TXN-0001906
1907,2025-07-09,EXPENSE,Equipment,While summer modern dinner administration.,295740.8,5,,Cash,TXN-0001907
1908,2025-12-30,EXPENSE,Utilities,Drop shake add relationship early.,390399.84,8,,Debit Card,TXN-0001908
1909,2024-04-15,EXPENSE,Maintenance,Power deal people.,259593.17,8,,Bank Transfer,TXN-0001909
1910,2024-06-24,EXPENSE,Travel,Foreign summer prepare toward.,281316.7,2,,Debit Card,TXN-0001910
1911,2024-10-23,EXPENSE,Rent,Dinner information maintain little.,473677.88,10,,Debit Card,TXN-0001911
1912,2024-02-18,EXPENSE,Professional Services,Paper education lawyer.,21977.26,3,,Cash,TXN-0001912
1913,2024-08-10,EXPENSE,Software,Lawyer my interest add sound street.,443905.14,5,,Debit Card,TXN-0001913
1914,2025-05-22,INCOME,Consulting Revenue,Compare race blood.,907075.56,5,,Cash,TXN-0001914
1915,2025-03-05,EXPENSE,Travel,Door herself door sign federal else.,383110.93,7,,Bank Transfer,TXN-0001915
1916,2025-03-23,EXPENSE,Rent,Kitchen hope thought.,350288.88,1,64.0,Credit Card,TXN-0001916
1917,2024-06-13,EXPENSE,Insurance,Value food change its.,329305.13,3,,Debit Card,TXN-0001917
1918,2024-04-17,EXPENSE,Professional Services,Create white recent admit idea ask.,22457.19,3,,Mobile Money,TXN-0001918
1919,2024-10-07,EXPENSE,Logistics,System that serious various.,252949.75,5,3.0,Mobile Money,TXN-0001919
1920,2025-07-20,EXPENSE,Logistics,Late nice describe.,269947.67,8,,Bank Transfer,TXN-0001920
1921,2025-08-06,EXPENSE,Utilities,Statement amount teacher foot.,450935.23,4,,Cash,TXN-0001921
1922,2025-12-30,EXPENSE,Logistics,Century bar thank along smile.,466011.01,10,,Mobile Money,TXN-0001922
1923,2024-12-07,EXPENSE,Maintenance,Purpose back work vote seek second.,53281.51,1,,Bank Transfer,TXN-0001923
1924,2025-10-31,EXPENSE,Utilities,Move tree show nice none.,161900.57,1,,Mobile Money,TXN-0001924
1925,2025-02-08,INCOME,Subscription Revenue,Laugh style manager reach beautiful she.,354384.63,2,,Cash,TXN-0001925
1926,2025-07-18,EXPENSE,Rent,Run stage else just message public.,449662.04,8,,Credit Card,TXN-0001926
1927,2024-07-15,EXPENSE,Software,Actually mission order.,181932.21,7,220.0,Mobile Money,TXN-0001927
1928,2025-09-29,EXPENSE,Rent,Remember join wear front hope word.,217300.84,8,48.0,Cash,TXN-0001928
1929,2025-09-21,EXPENSE,Marketing,Themselves answer fast money fire.,277063.63,4,,Bank Transfer,TXN-0001929
1930,2025-03-11,INCOME,Sales Revenue,Wind recognize expect get should in.,951173.41,10,,Bank Transfer,TXN-0001930
1931,2025-02-07,EXPENSE,Professional Services,Offer return easy.,476075.26,6,,Cash,TXN-0001931
1932,2024-12-10,INCOME,Subscription Revenue,Heavy official soon.,954198.51,8,,Debit Card,TXN-0001932
1933,2024-01-08,EXPENSE,Rent,Fight then citizen guess.,447758.3,10,24.0,Debit Card,TXN-0001933
1934,2025-05-03,EXPENSE,Travel,Religious away require experience.,404258.59,8,,Mobile Money,TXN-0001934
1935,2025-02-04,EXPENSE,Insurance,Approach image here fast.,494492.54,9,91.0,Credit Card,TXN-0001935
1936,2024-09-26,INCOME,Subscription Revenue,Two popular quite kid.,799621.33,1,,Mobile Money,TXN-0001936
1937,2024-06-29,INCOME,Sales Revenue,Body person social right.,861099.64,9,184.0,Mobile Money,TXN-0001937
1938,2024-04-30,EXPENSE,Rent,Police bank trip reason responsibility spring.,396271.41,7,,Credit Card,TXN-0001938
1939,2025-01-22,EXPENSE,Maintenance,Will none maintain see fish.,327231.57,4,,Credit Card,TXN-0001939
1940,2024-05-16,EXPENSE,Software,Other threat event want.,309908.43,10,64.0,Mobile Money,TXN-0001940
1941,2024-06-07,EXPENSE,Equipment,Event option against.,376885.25,7,,Credit Card,TXN-0001941
1942,2024-05-01,EXPENSE,Equipment,Feel three position.,438104.08,6,,Mobile Money,TXN-0001942
1943,2025-01-28,EXPENSE,Maintenance,Year floor project less task fire.,97238.3,1,185.0,Credit Card,TXN-0001943
1944,2024-06-12,EXPENSE,Equipment,Movement six magazine light.,257202.72,4,,Bank Transfer,TXN-0001944
1945,2024-08-08,EXPENSE,Marketing,Organization trip language end mission understand.,163787.25,5,,Cash,TXN-0001945
1946,2025-07-05,EXPENSE,Rent,Performance chance sign.,194217.95,5,225.0,Cash,TXN-0001946
1947,2024-01-26,EXPENSE,Professional Services,Especially billion music weight bed include.,409870.91,9,,Bank Transfer,TXN-0001947
1948,2025-02-27,EXPENSE,Insurance,Toward almost simply.,457469.02,5,,Bank Transfer,TXN-0001948
1949,2025-07-08,EXPENSE,Logistics,Letter his program.,3228.45,7,,Debit Card,TXN-0001949
1950,2024-10-21,EXPENSE,Office Supplies,His baby have present.,425973.37,10,14.0,Bank Transfer,TXN-0001950
1951,2025-01-30,INCOME,Sales Revenue,Phone child system paper cultural.,232893.66,6,,Mobile Money,TXN-0001951
1952,2024-06-28,INCOME,Other Income,Shoulder side send alone account.,613128.15,8,,Mobile Money,TXN-0001952
1953,2025-09-03,INCOME,Service Revenue,Ability school fall action some.,475607.5,10,,Debit Card,TXN-0001953
1954,2025-07-18,INCOME,Other Income,Area development consider theory.,977752.12,6,,Credit Card,TXN-0001954
1955,2025-12-11,INCOME,Subscription Revenue,Less military per.,24608.64,8,,Cash,TXN-0001955
1956,2025-05-06,INCOME,Subscription Revenue,Almost increase away grow.,431198.31,6,97.0,Bank Transfer,TXN-0001956
1957,2025-11-08,EXPENSE,Rent,Bit home dog knowledge far item.,161000.19,1,,Bank Transfer,TXN-0001957
1958,2024-11-15,EXPENSE,Insurance,Energy case view will.,463877.47,6,,Debit Card,TXN-0001958
1959,2025-08-15,INCOME,Service Revenue,Special among foot class build explain.,903874.22,9,,Cash,TXN-0001959
1960,2025-03-05,INCOME,Subscription Revenue,Better campaign go total when.,314382.3,7,85.0,Cash,TXN-0001960
1961,2025-09-20,INCOME,Sales Revenue,Whether reveal very another.,449968.11,6,,Credit Card,TXN-0001961
1962,2025-02-01,INCOME,Service Revenue,Yes current care one current risk.,962435.62,6,190.0,Bank Transfer,TXN-0001962
1963,2024-01-14,INCOME,Consulting Revenue,Game head responsibility activity.,165431.08,8,225.0,Cash,TXN-0001963
1964,2024-12-26,EXPENSE,Logistics,Reason machine keep.,380623.87,6,186.0,Bank Transfer,TXN-0001964
1965,2024-06-24,INCOME,Other Income,Quality together society again account collection.,748712.19,2,,Debit Card,TXN-0001965
1966,2024-01-07,INCOME,Sales Revenue,Then who expert body information must.,365267.67,2,,Bank Transfer,TXN-0001966
1967,2025-10-21,INCOME,Sales Revenue,Throw idea million human fast.,497687.27,1,,Debit Card,TXN-0001967
1968,2024-01-14,INCOME,Subscription Revenue,Relate action Congress either.,584672.45,4,79.0,Mobile Money,TXN-0001968
1969,2025-11-20,EXPENSE,Payroll,Miss while remain then.,73554.22,7,,Cash,TXN-0001969
1970,2025-12-17,INCOME,Service Revenue,Dream or example sister.,515819.05,10,291.0,Credit Card,TXN-0001970
1971,2024-10-09,EXPENSE,Marketing,Right force friend kid.,425534.76,10,27.0,Debit Card,TXN-0001971
1972,2024-10-31,EXPENSE,Equipment,Cause explain hair.,405788.08,8,155.0,Bank Transfer,TXN-0001972
1973,2025-09-28,INCOME,Service Revenue,Become answer lead.,613646.53,5,,Credit Card,TXN-0001973
1974,2025-12-23,EXPENSE,Insurance,Democratic president generation impact.,494243.99,2,,Mobile Money,TXN-0001974
1975,2025-11-01,EXPENSE,Travel,Plan student because safe.,434947.42,7,,Mobile Money,TXN-0001975
1976,2024-08-11,INCOME,Service Revenue,Difference yeah big bad although part.,93197.7,5,,Debit Card,TXN-0001976
1977,2024-01-18,EXPENSE,Payroll,Deal prove we although.,487500.54,5,,Mobile Money,TXN-0001977
1978,2024-08-28,EXPENSE,Utilities,Usually into yes unit may late last.,184711.79,9,,Bank Transfer,TXN-0001978
1979,2025-08-10,EXPENSE,Equipment,Guy other unit success movement card world.,350918.93,2,,Cash,TXN-0001979
1980,2024-07-07,EXPENSE,Professional Services,Early watch respond safe.,438826.37,4,24.0,Credit Card,TXN-0001980
1981,2024-06-01,INCOME,Consulting Revenue,Upon beyond leave real.,164097.98,4,114.0,Cash,TXN-0001981
1982,2024-12-20,EXPENSE,Office Supplies,Information would suddenly them.,52718.73,10,,Credit Card,TXN-0001982
1983,2024-02-23,INCOME,Other Income,Realize fight treat town little ahead.,729019.44,3,,Debit Card,TXN-0001983
1984,2025-02-10,INCOME,Consulting Revenue,Least quickly fly.,252707.29,9,,Mobile Money,TXN-0001984
1985,2024-07-15,EXPENSE,Travel,Window study space look moment party.,234183.73,8,,Mobile Money,TXN-0001985
1986,2024-12-04,INCOME,Service Revenue,Usually red nature sea simple.,469467.72,8,,Cash,TXN-0001986
1987,2024-08-21,EXPENSE,Equipment,Interest rest fact.,102066.09,9,106.0,Mobile Money,TXN-0001987
1988,2025-05-27,INCOME,Sales Revenue,Or fall plan now strong represent.,844703.87,9,,Credit Card,TXN-0001988
1989,2025-04-16,INCOME,Sales Revenue,Out around fear dinner physical husband.,568597.86,1,298.0,Cash,TXN-0001989
1990,2025-01-22,INCOME,Subscription Revenue,Role same life.,504985.33,8,,Cash,TXN-0001990
1991,2025-05-15,EXPENSE,Equipment,Name low strategy point party.,70165.71,1,,Mobile Money,TXN-0001991
1992,2025-06-28,EXPENSE,Equipment,Teach former apply.,230736.72,3,,Bank Transfer,TXN-0001992
1993,2024-06-17,EXPENSE,Insurance,East toward coach know much.,473769.54,7,194.0,Mobile Money,TXN-0001993
1994,2024-06-05,EXPENSE,Insurance,Because president often.,340785.41,9,82.0,Mobile Money,TXN-0001994
1995,2025-07-12,EXPENSE,Travel,Answer design night.,363729.17,3,,Cash,TXN-0001995
1996,2025-08-17,EXPENSE,Equipment,Travel trade together there create.,161940.16,1,,Bank Transfer,TXN-0001996
1997,2024-09-19,EXPENSE,Payroll,Thank wind matter commercial middle put.,67948.07,5,234.0,Cash,TXN-0001997
1998,2024-12-05,EXPENSE,Office Supplies,East approach two check buy color.,62532.31,9,109.0,Debit Card,TXN-0001998
1999,2024-08-14,EXPENSE,Rent,Success figure white stage dinner.,309282.96,6,,Debit Card,TXN-0001999
2000,2024-07-27,INCOME,Other Income,Model surface threat consumer person former.,986217.68,9,,Debit Card,TXN-0002000
2001,2025-11-16,EXPENSE,Insurance,Me within man way card.,124095.13,5,,Debit Card,TXN-0002001
2002,2025-11-20,EXPENSE,Maintenance,Difficult write focus seem.,229476.87,3,,Credit Card,TXN-0002002
2003,2025-06-10,INCOME,Sales Revenue,Adult radio artist call against town.,673266.64,9,,Mobile Money,TXN-0002003
2004,2024-04-10,EXPENSE,Maintenance,Something center ok measure memory.,363837.86,5,296.0,Mobile Money,TXN-0002004
2005,2025-04-14,EXPENSE,Travel,Unit second possible maintain hot.,112062.66,1,,Cash,TXN-0002005
2006,2025-08-24,INCOME,Service Revenue,Yourself good interest structure they.,450680.25,3,,Debit Card,TXN-0002006
2007,2025-06-09,EXPENSE,Office Supplies,Specific third relationship drug above.,219968.77,3,,Cash,TXN-0002007
2008,2025-12-15,EXPENSE,Rent,Difficult their spend college.,144378.23,2,,Debit Card,TXN-0002008
2009,2024-06-09,EXPENSE,Logistics,Government find network effect.,50116.94,8,40.0,Debit Card,TXN-0002009
2010,2025-01-27,EXPENSE,Utilities,Enough design nation station.,420524.99,6,,Credit Card,TXN-0002010
2011,2025-01-03,INCOME,Other Income,He employee little record development impact.,606265.93,5,57.0,Mobile Money,TXN-0002011
2012,2024-07-29,EXPENSE,Marketing,Source face fast yes tree media.,225341.93,1,,Cash,TXN-0002012
2013,2024-04-15,EXPENSE,Equipment,Republican including manage choice.,68296.36,9,,Bank Transfer,TXN-0002013
2014,2025-02-27,EXPENSE,Professional Services,Back score effort.,260905.96,7,,Bank Transfer,TXN-0002014
2015,2024-10-06,EXPENSE,Software,Two after daughter rather smile while.,221666.74,5,,Mobile Money,TXN-0002015
2016,2025-11-06,INCOME,Other Income,Alone suffer civil clear soon.,618314.51,8,,Debit Card,TXN-0002016
2017,2025-09-15,EXPENSE,Software,Free apply seven yeah.,315932.44,6,,Debit Card,TXN-0002017
2018,2024-11-29,INCOME,Consulting Revenue,Hope husband Mr performance room.,566594.37,7,,Credit Card,TXN-0002018
2019,2025-10-20,EXPENSE,Payroll,Mr perform mean season since.,303943.62,8,216.0,Mobile Money,TXN-0002019
2020,2024-01-13,EXPENSE,Rent,Research despite home cost community brother.,217293.93,1,134.0,Bank Transfer,TXN-0002020
2021,2024-03-17,INCOME,Service Revenue,Light official water.,443910.09,4,,Cash,TXN-0002021
2022,2025-05-08,EXPENSE,Office Supplies,Few network another plant social reflect.,308457.9,4,,Cash,TXN-0002022
2023,2024-02-18,EXPENSE,Marketing,Cause teacher which call series.,78412.51,5,,Cash,TXN-0002023
2024,2024-06-30,EXPENSE,Marketing,Natural fact social gun.,281935.25,7,,Bank Transfer,TXN-0002024
2025,2024-09-19,INCOME,Subscription Revenue,Officer us chance.,379196.09,5,,Bank Transfer,TXN-0002025
2026,2024-06-02,EXPENSE,Travel,Cut resource position always.,101184.81,2,,Cash,TXN-0002026
2027,2025-03-12,INCOME,Service Revenue,Woman my start six.,486229.62,6,205.0,Bank Transfer,TXN-0002027
2028,2024-03-23,INCOME,Sales Revenue,Way machine away onto pick discover.,157159.51,7,,Debit Card,TXN-0002028
2029,2025-07-07,EXPENSE,Logistics,Hair whole once economic clear.,414150.15,10,,Bank Transfer,TXN-0002029
2030,2025-07-17,INCOME,Sales Revenue,Outside suffer accept century.,570900.85,2,55.0,Mobile Money,TXN-0002030
2031,2025-11-05,EXPENSE,Logistics,Whole discussion picture force serve cost.,296846.13,6,,Debit Card,TXN-0002031
2032,2025-01-11,EXPENSE,Office Supplies,Seven analysis so glass.,20333.22,2,,Cash,TXN-0002032
2033,2025-01-14,EXPENSE,Equipment,Laugh return six sister again best.,66016.23,8,,Credit Card,TXN-0002033
2034,2025-06-13,EXPENSE,Rent,Go idea show.,455755.54,6,67.0,Debit Card,TXN-0002034
2035,2024-04-01,EXPENSE,Insurance,Arrive eight experience guess.,285734.9,8,,Credit Card,TXN-0002035
2036,2025-06-23,INCOME,Service Revenue,Show across skill who Democrat.,166267.42,7,,Debit Card,TXN-0002036
2037,2025-02-23,EXPENSE,Equipment,Concern pretty phone face inside court.,285205.61,2,230.0,Bank Transfer,TXN-0002037
2038,2024-11-04,EXPENSE,Logistics,Cover itself perhaps weight throw.,334249.71,2,,Mobile Money,TXN-0002038
2039,2024-08-09,INCOME,Consulting Revenue,Receive these necessary very.,10920.07,3,,Bank Transfer,TXN-0002039
2040,2025-10-20,EXPENSE,Marketing,View analysis mind.,74699.78,8,,Debit Card,TXN-0002040
2041,2025-10-30,INCOME,Other Income,Marriage late amount professor performance.,649896.12,7,,Mobile Money,TXN-0002041
2042,2025-10-08,EXPENSE,Software,Rather you however pressure notice.,31375.25,6,,Debit Card,TXN-0002042
2043,2025-07-31,EXPENSE,Professional Services,Minute order although rock attention thank.,336283.69,5,211.0,Bank Transfer,TXN-0002043
2044,2025-10-06,INCOME,Consulting Revenue,Include value necessary clear.,704107.97,6,282.0,Cash,TXN-0002044
2045,2025-05-13,EXPENSE,Software,Manage politics unit good.,180215.98,9,,Debit Card,TXN-0002045
2046,2025-12-23,EXPENSE,Maintenance,Professor remain none community although cell.,94460.14,5,,Debit Card,TXN-0002046
2047,2024-03-26,EXPENSE,Marketing,Soon miss size building town.,481168.07,9,,Credit Card,TXN-0002047
2048,2025-09-26,EXPENSE,Rent,Admit main respond top feeling often.,403105.94,2,,Debit Card,TXN-0002048
2049,2024-07-16,EXPENSE,Rent,Share should share approach somebody.,455234.51,4,,Credit Card,TXN-0002049
2050,2024-06-24,EXPENSE,Professional Services,Country left director more feeling hospital.,229534.31,5,,Debit Card,TXN-0002050
2051,2025-11-08,INCOME,Service Revenue,Particularly economy reality.,597211.84,5,,Mobile Money,TXN-0002051
2052,2025-11-19,EXPENSE,Professional Services,Work natural on.,346920.96,5,,Bank Transfer,TXN-0002052
2053,2024-01-30,INCOME,Subscription Revenue,Put up answer enough head.,943660.75,3,,Mobile Money,TXN-0002053
2054,2024-12-15,EXPENSE,Payroll,Drop so sister.,240932.46,9,152.0,Bank Transfer,TXN-0002054
2055,2024-04-30,EXPENSE,Rent,Cost happy Mrs somebody force.,205625.91,2,294.0,Mobile Money,TXN-0002055
2056,2025-10-02,EXPENSE,Travel,Interview act receive leave charge.,492161.81,10,,Cash,TXN-0002056
2057,2025-08-15,EXPENSE,Utilities,Necessary minute without cold financial.,190255.86,5,66.0,Cash,TXN-0002057
2058,2024-01-18,INCOME,Consulting Revenue,Far some lawyer camera painting.,510861.3,10,,Bank Transfer,TXN-0002058
2059,2025-01-29,EXPENSE,Marketing,Lead power high my.,142808.7,10,176.0,Debit Card,TXN-0002059
2060,2025-10-08,EXPENSE,Payroll,Open turn open.,284370.06,6,,Cash,TXN-0002060
2061,2024-09-06,EXPENSE,Office Supplies,Allow color threat chance.,132985.05,6,,Debit Card,TXN-0002061
2062,2024-07-11,EXPENSE,Logistics,Read only thought.,74546.1,4,,Debit Card,TXN-0002062
2063,2025-06-21,INCOME,Subscription Revenue,Purpose opportunity card road different brother.,694859.02,9,,Mobile Money,TXN-0002063
2064,2024-07-11,EXPENSE,Office Supplies,Girl population prove.,36486.71,4,,Cash,TXN-0002064
2065,2024-02-18,EXPENSE,Office Supplies,Ready beyond event business not.,162016.38,8,,Debit Card,TXN-0002065
2066,2025-01-25,EXPENSE,Payroll,Argue story owner.,11254.35,8,64.0,Credit Card,TXN-0002066
2067,2025-12-14,EXPENSE,Utilities,High worker more book past.,318950.32,2,158.0,Credit Card,TXN-0002067
2068,2024-09-08,INCOME,Other Income,Bed north get.,87941.21,5,,Mobile Money,TXN-0002068
2069,2025-11-03,EXPENSE,Insurance,Middle rich indicate according modern.,292228.45,8,,Mobile Money,TXN-0002069
2070,2024-09-12,INCOME,Sales Revenue,Prove teach up key.,376222.52,1,,Cash,TXN-0002070
2071,2025-01-06,EXPENSE,Logistics,Later community a.,361045.02,7,,Mobile Money,TXN-0002071
2072,2025-02-01,EXPENSE,Marketing,Cover coach quite any home popular.,222448.6,3,,Credit Card,TXN-0002072
2073,2024-10-28,INCOME,Consulting Revenue,South suffer law under.,458473.95,1,,Mobile Money,TXN-0002073
2074,2024-04-08,EXPENSE,Rent,Southern scene instead risk.,128411.83,8,263.0,Cash,TXN-0002074
2075,2024-11-18,EXPENSE,Maintenance,Them cause blood door music.,424008.87,4,,Cash,TXN-0002075
2076,2024-10-08,EXPENSE,Logistics,Record only ask consider the.,165077.01,4,,Cash,TXN-0002076
2077,2024-09-10,EXPENSE,Office Supplies,Interview list plant.,195012.71,2,,Debit Card,TXN-0002077
2078,2024-04-02,EXPENSE,Travel,Score reveal cold history middle industry.,54707.03,10,,Credit Card,TXN-0002078
2079,2024-12-31,EXPENSE,Software,Recognize term hot record budget artist.,226734.69,10,85.0,Mobile Money,TXN-0002079
2080,2025-04-06,EXPENSE,Maintenance,Those successful outside weight.,302742.66,2,,Debit Card,TXN-0002080
2081,2025-03-04,INCOME,Other Income,Participant various stock under.,726264.07,6,146.0,Mobile Money,TXN-0002081
2082,2025-07-02,EXPENSE,Insurance,Course pull effort painting door would.,415756.03,8,,Debit Card,TXN-0002082
2083,2025-04-02,EXPENSE,Maintenance,Save game bank.,112716.64,4,229.0,Cash,TXN-0002083
2084,2025-11-26,EXPENSE,Office Supplies,Late reveal ahead daughter.,36545.22,4,,Mobile Money,TXN-0002084
2085,2024-11-16,INCOME,Subscription Revenue,Many involve likely special citizen current.,881060.22,10,,Bank Transfer,TXN-0002085
2086,2024-07-27,EXPENSE,Equipment,Every middle alone summer enter.,181026.85,1,11.0,Bank Transfer,TXN-0002086
2087,2024-07-01,EXPENSE,Marketing,Central tax role give yet sister.,249857.36,7,,Cash,TXN-0002087
2088,2025-11-21,EXPENSE,Software,News worker talk something popular much southern.,444014.66,9,,Mobile Money,TXN-0002088
2089,2025-06-17,INCOME,Sales Revenue,Sure your either.,357524.52,3,,Credit Card,TXN-0002089
2090,2024-08-07,EXPENSE,Logistics,Wide market affect type whether.,27650.17,7,2.0,Debit Card,TXN-0002090
2091,2025-06-28,EXPENSE,Professional Services,Stuff world true age arrive.,417507.8,7,,Credit Card,TXN-0002091
2092,2025-08-19,INCOME,Other Income,Hospital anyone son read take.,472987.43,10,,Credit Card,TXN-0002092
2093,2024-12-23,EXPENSE,Professional Services,Brother must these.,144205.25,7,,Credit Card,TXN-0002093
2094,2024-04-29,EXPENSE,Insurance,Third feel budget such leg see.,338485.78,8,,Bank Transfer,TXN-0002094
2095,2025-06-26,INCOME,Consulting Revenue,Either sense trial.,171883.52,5,,Credit Card,TXN-0002095
2096,2024-06-15,EXPENSE,Marketing,My sort father event far.,429763.16,1,,Mobile Money,TXN-0002096
2097,2024-06-06,EXPENSE,Maintenance,Cut dark interest receive.,49415.84,5,,Cash,TXN-0002097
2098,2024-04-24,INCOME,Sales Revenue,Serve first trial reflect.,597778.02,10,,Debit Card,TXN-0002098
2099,2025-03-15,INCOME,Other Income,Skin kitchen today.,971485.58,7,135.0,Credit Card,TXN-0002099
2100,2025-01-30,EXPENSE,Rent,Modern whether window.,482961.5,3,,Mobile Money,TXN-0002100
2101,2024-07-20,EXPENSE,Utilities,Say surface science care.,422054.41,8,,Credit Card,TXN-0002101
2102,2025-09-26,EXPENSE,Equipment,Stay take and if hot might.,264443.27,1,,Bank Transfer,TXN-0002102
2103,2025-04-25,INCOME,Sales Revenue,Travel force attack news.,896742.19,3,,Bank Transfer,TXN-0002103
2104,2024-03-01,EXPENSE,Office Supplies,Condition sport teach.,45733.89,9,,Credit Card,TXN-0002104
2105,2025-03-30,EXPENSE,Professional Services,Yeah size significant opportunity pattern.,178209.0,2,,Debit Card,TXN-0002105
2106,2024-11-11,EXPENSE,Utilities,Method society situation add word listen.,310001.06,7,,Mobile Money,TXN-0002106
2107,2025-06-02,EXPENSE,Utilities,Spend seven only wind blue.,360240.31,1,,Credit Card,TXN-0002107
2108,2025-11-23,INCOME,Sales Revenue,Study condition capital.,771013.71,1,,Mobile Money,TXN-0002108
2109,2025-11-04,EXPENSE,Software,Poor man play gun.,227347.32,5,,Mobile Money,TXN-0002109
2110,2024-06-16,EXPENSE,Equipment,One sit alone reflect another.,182013.97,8,,Credit Card,TXN-0002110
2111,2025-02-10,EXPENSE,Professional Services,End protect think commercial.,240367.41,5,31.0,Debit Card,TXN-0002111
2112,2025-09-25,INCOME,Other Income,Thing memory almost eat.,331181.64,1,,Credit Card,TXN-0002112
2113,2025-02-09,INCOME,Sales Revenue,Hear radio go another write loss.,615838.12,5,,Mobile Money,TXN-0002113
2114,2025-10-06,EXPENSE,Marketing,Personal also field.,59522.26,8,,Mobile Money,TXN-0002114
2115,2024-04-29,EXPENSE,Equipment,Although break marriage assume shoulder.,475435.66,6,237.0,Credit Card,TXN-0002115
2116,2025-02-05,EXPENSE,Rent,Scientist real manager sort open.,161666.85,5,1.0,Mobile Money,TXN-0002116
2117,2025-05-25,EXPENSE,Utilities,Respond tell act future final without.,317837.68,7,104.0,Bank Transfer,TXN-0002117
2118,2025-11-10,EXPENSE,Logistics,Light ten your.,189537.91,6,,Mobile Money,TXN-0002118
2119,2024-11-24,INCOME,Sales Revenue,Actually perhaps between stop keep.,437512.41,2,,Bank Transfer,TXN-0002119
2120,2024-08-15,INCOME,Subscription Revenue,Public option painting option general tonight.,67102.69,10,61.0,Bank Transfer,TXN-0002120
2121,2024-09-09,EXPENSE,Payroll,National take lawyer food.,320252.92,8,,Mobile Money,TXN-0002121
2122,2025-05-30,EXPENSE,Utilities,Last continue sport sport television.,297616.72,5,,Bank Transfer,TXN-0002122
2123,2024-10-14,EXPENSE,Payroll,Reason television national page give.,194233.97,1,,Debit Card,TXN-0002123
2124,2025-11-16,EXPENSE,Utilities,Pattern admit else thought from likely.,431635.72,3,,Cash,TXN-0002124
2125,2025-02-23,INCOME,Other Income,Various difference write social.,672836.18,8,,Debit Card,TXN-0002125
2126,2025-04-09,EXPENSE,Professional Services,Respond million cover dream tonight.,424906.75,9,,Cash,TXN-0002126
2127,2025-06-09,INCOME,Service Revenue,Most interesting base test national.,460716.62,10,,Cash,TXN-0002127
2128,2024-09-20,EXPENSE,Insurance,Leave so personal.,343593.06,3,,Debit Card,TXN-0002128
2129,2024-05-17,EXPENSE,Marketing,Describe suddenly will indeed relate.,469467.45,4,19.0,Cash,TXN-0002129
2130,2025-08-22,EXPENSE,Utilities,Unusually large expense transaction,1737326.15,5,,Debit Card,TXN-0002130
2131,2024-08-08,EXPENSE,Software,Sure music thousand although explain.,8961.72,4,,Credit Card,TXN-0002131
2132,2024-07-27,EXPENSE,Marketing,Will court really several.,363684.8,2,168.0,Mobile Money,TXN-0002132
2133,2025-02-24,EXPENSE,Maintenance,Seat skin catch offer.,261419.46,2,,Cash,TXN-0002133
2134,2025-08-27,INCOME,Other Income,Measure choose officer.,190685.71,5,,Mobile Money,TXN-0002134
2135,2024-02-18,INCOME,Other Income,Good PM coach can should.,646134.99,2,,Mobile Money,TXN-0002135
2136,2024-12-29,INCOME,Consulting Revenue,Nature leg soon produce decide very.,65377.25,5,,Credit Card,TXN-0002136
2137,2024-02-26,EXPENSE,Office Supplies,Can executive small.,330670.63,6,,Mobile Money,TXN-0002137
2138,2025-05-23,EXPENSE,Professional Services,Cell loss above couple.,491712.9,2,,Bank Transfer,TXN-0002138
2139,2024-10-05,EXPENSE,Payroll,Eat gas program hotel note better.,32304.6,2,,Bank Transfer,TXN-0002139
2140,2025-09-10,EXPENSE,Equipment,Never account next current learn plan.,403767.36,1,226.0,Cash,TXN-0002140
2141,2024-11-14,INCOME,Subscription Revenue,Friend cause final this.,736323.1,5,,Bank Transfer,TXN-0002141
2142,2024-06-09,EXPENSE,Logistics,Finally son practice.,402899.59,2,,Cash,TXN-0002142
2143,2024-02-08,EXPENSE,Payroll,Agree believe base.,128224.6,3,,Cash,TXN-0002143
2144,2025-12-04,EXPENSE,Maintenance,Occur tell during tell physical.,313360.83,2,,Credit Card,TXN-0002144
2145,2024-07-11,EXPENSE,Insurance,Conference general specific create purpose.,298666.31,1,,Mobile Money,TXN-0002145
2146,2024-08-06,EXPENSE,Rent,Unusually large expense transaction,1947891.7,9,150.0,Debit Card,TXN-0002146
2147,2025-02-20,EXPENSE,Equipment,Toward realize professional.,448343.46,7,,Mobile Money,TXN-0002147
2148,2024-06-14,INCOME,Subscription Revenue,Clearly century service camera.,761647.69,3,,Debit Card,TXN-0002148
2149,2025-12-04,INCOME,Sales Revenue,Control toward compare our wear.,415135.94,8,16.0,Debit Card,TXN-0002149
2150,2025-03-07,EXPENSE,Maintenance,Time item article size assume.,489350.26,9,6.0,Debit Card,TXN-0002150
2151,2025-07-15,EXPENSE,Professional Services,Arm wear card.,242779.19,10,,Debit Card,TXN-0002151
2152,2025-04-24,EXPENSE,Marketing,Artist interesting popular although professional even.,143150.92,1,31.0,Credit Card,TXN-0002152
2153,2025-02-05,INCOME,Sales Revenue,Trouble effort item.,748950.31,9,,Bank Transfer,TXN-0002153
2154,2024-04-05,EXPENSE,Payroll,Of time tend professional involve.,279634.61,7,78.0,Debit Card,TXN-0002154
2155,2025-05-15,EXPENSE,Logistics,National key structure class decide.,465021.69,7,,Bank Transfer,TXN-0002155
2156,2024-02-19,EXPENSE,Payroll,Far religious already shake again.,482667.46,6,,Credit Card,TXN-0002156
2157,2024-01-13,INCOME,Consulting Revenue,Unit laugh college face policy.,84530.48,10,6.0,Credit Card,TXN-0002157
2158,2025-07-30,EXPENSE,Equipment,Five watch authority stop.,116970.3,5,,Credit Card,TXN-0002158
2159,2025-07-08,EXPENSE,Professional Services,Environmental because need couple under.,459752.77,8,,Mobile Money,TXN-0002159
2160,2025-11-14,INCOME,Consulting Revenue,Nor project physical everything perform friend.,581482.69,3,,Credit Card,TXN-0002160
2161,2024-12-09,INCOME,Consulting Revenue,Stop think audience.,743980.98,5,143.0,Debit Card,TXN-0002161
2162,2025-04-08,EXPENSE,Marketing,Each figure teacher green.,46610.27,9,,Bank Transfer,TXN-0002162
2163,2024-02-26,INCOME,Consulting Revenue,Card form left write south.,482515.15,10,,Bank Transfer,TXN-0002163
2164,2025-05-04,EXPENSE,Software,Occur art feeling air enough.,435177.41,2,280.0,Debit Card,TXN-0002164
2165,2025-12-08,EXPENSE,Office Supplies,Over expert at or morning.,79389.98,4,,Bank Transfer,TXN-0002165
2166,2024-10-09,EXPENSE,Office Supplies,Feel half quality miss career enough.,305287.01,4,164.0,Credit Card,TXN-0002166
2167,2025-07-01,EXPENSE,Marketing,Hand which wear.,341032.55,4,121.0,Debit Card,TXN-0002167
2168,2025-10-24,EXPENSE,Utilities,Begin nearly account.,369642.59,10,,Mobile Money,TXN-0002168
2169,2025-09-12,EXPENSE,Equipment,City draw task.,163622.11,7,4.0,Mobile Money,TXN-0002169
2170,2025-12-26,INCOME,Service Revenue,Boy hospital growth.,380047.99,1,,Debit Card,TXN-0002170
2171,2024-06-29,EXPENSE,Software,Season side management north report.,385877.22,9,157.0,Cash,TXN-0002171
2172,2024-12-28,INCOME,Consulting Revenue,Military lawyer people director before value.,51250.48,9,195.0,Credit Card,TXN-0002172
2173,2025-04-23,EXPENSE,Software,Cost health tonight sign plan.,261262.06,3,,Mobile Money,TXN-0002173
2174,2024-06-27,INCOME,Subscription Revenue,Scene take Democrat today available maybe.,877883.01,3,,Debit Card,TXN-0002174
2175,2024-08-09,EXPENSE,Professional Services,Product avoid apply him.,362250.36,7,31.0,Debit Card,TXN-0002175
2176,2024-12-16,EXPENSE,Marketing,Physical which product economy other action.,413383.57,3,,Credit Card,TXN-0002176
2177,2025-11-22,EXPENSE,Logistics,Song chair during treat.,42264.8,7,,Debit Card,TXN-0002177
2178,2025-06-19,EXPENSE,Utilities,Gas read others for note.,43094.22,4,,Mobile Money,TXN-0002178
2179,2024-08-02,EXPENSE,Office Supplies,Fund apply husband site according.,417936.85,2,,Debit Card,TXN-0002179
2180,2025-01-19,EXPENSE,Professional Services,Would born participant pass build around.,238922.87,6,,Cash,TXN-0002180
2181,2025-05-14,EXPENSE,Logistics,Quite shake theory note wife technology.,211293.39,8,226.0,Cash,TXN-0002181
2182,2024-07-24,EXPENSE,Professional Services,Same discuss fight specific.,4942.83,1,,Debit Card,TXN-0002182
2183,2025-01-11,INCOME,Service Revenue,Accept visit follow rest their.,544228.15,10,,Bank Transfer,TXN-0002183
2184,2025-10-09,EXPENSE,Maintenance,Although stay tend sort.,75867.58,4,,Cash,TXN-0002184
2185,2024-05-15,EXPENSE,Software,Skill pull know step simple open.,226997.55,6,,Mobile Money,TXN-0002185
2186,2024-12-06,EXPENSE,Equipment,Outside him subject.,135644.78,5,,Credit Card,TXN-0002186
2187,2025-04-06,EXPENSE,Equipment,Maybe any term test mother art.,78188.88,3,278.0,Credit Card,TXN-0002187
2188,2025-01-29,EXPENSE,Equipment,Tough beyond interest serious.,415729.55,5,,Credit Card,TXN-0002188
2189,2024-08-14,EXPENSE,Logistics,Strategy thought both through conference moment.,367165.08,2,30.0,Mobile Money,TXN-0002189
2190,2024-06-11,INCOME,Subscription Revenue,Laugh stage six.,53921.0,7,,Credit Card,TXN-0002190
2191,2024-10-21,EXPENSE,Travel,History ten central.,170594.73,1,,Cash,TXN-0002191
2192,2024-10-26,INCOME,Service Revenue,Owner without stage market.,620189.32,2,,Cash,TXN-0002192
2193,2025-05-22,EXPENSE,Maintenance,Once rule strong draw series data.,189478.52,5,,Mobile Money,TXN-0002193
2194,2024-11-19,EXPENSE,Maintenance,Base human learn option organization discover.,248187.1,2,,Credit Card,TXN-0002194
2195,2024-09-09,EXPENSE,Office Supplies,Them beat take capital again.,317354.66,6,,Debit Card,TXN-0002195
2196,2024-01-14,EXPENSE,Logistics,Movie day generation cover idea.,378045.08,3,,Bank Transfer,TXN-0002196
2197,2024-06-09,EXPENSE,Equipment,Somebody method analysis professional.,307137.0,2,164.0,Credit Card,TXN-0002197
2198,2024-07-13,EXPENSE,Insurance,World fear identify brother Congress.,307611.6,1,,Cash,TXN-0002198
2199,2025-05-04,EXPENSE,Insurance,Power guess care.,468054.66,1,,Bank Transfer,TXN-0002199
2200,2025-06-19,EXPENSE,Rent,Offer miss accept.,230734.51,5,,Credit Card,TXN-0002200
2201,2025-07-31,EXPENSE,Office Supplies,Which environment large enjoy establish minute.,352291.23,1,212.0,Cash,TXN-0002201
2202,2024-03-01,INCOME,Consulting Revenue,Pressure study six book what kitchen.,981743.82,9,,Debit Card,TXN-0002202
2203,2025-04-29,INCOME,Subscription Revenue,Beautiful unit executive fine.,142987.46,2,,Credit Card,TXN-0002203
2204,2025-02-20,EXPENSE,Maintenance,Network leg we PM television.,355709.76,8,,Credit Card,TXN-0002204
2205,2025-04-12,EXPENSE,Office Supplies,Forget detail room.,388112.61,2,,Bank Transfer,TXN-0002205
2206,2024-10-06,EXPENSE,Insurance,Write project great worry should.,28356.01,5,153.0,Credit Card,TXN-0002206
2207,2025-08-25,INCOME,Other Income,Mouth attention finally act idea.,983539.91,10,,Debit Card,TXN-0002207
2208,2024-05-11,EXPENSE,Equipment,Contain day computer with street.,256794.23,5,285.0,Bank Transfer,TXN-0002208
2209,2024-05-27,EXPENSE,Rent,Including rich medical.,33787.65,9,,Mobile Money,TXN-0002209
2210,2024-08-05,INCOME,Service Revenue,Mission by exist everyone material fish particular.,602402.62,4,82.0,Mobile Money,TXN-0002210
2211,2025-11-27,EXPENSE,Maintenance,Those time police occur discuss.,220941.81,7,30.0,Credit Card,TXN-0002211
2212,2024-06-29,EXPENSE,Utilities,Price everything culture not hair itself.,67332.63,8,,Mobile Money,TXN-0002212
2213,2025-06-21,EXPENSE,Rent,They information trouble indeed.,154901.6,4,,Mobile Money,TXN-0002213
2214,2025-08-19,EXPENSE,Insurance,A public around hospital young.,272677.44,2,,Cash,TXN-0002214
2215,2024-08-27,INCOME,Service Revenue,However should doctor full.,33934.16,4,134.0,Bank Transfer,TXN-0002215
2216,2024-06-24,EXPENSE,Marketing,Establish lead bar yet.,432880.83,3,,Bank Transfer,TXN-0002216
2217,2024-07-10,EXPENSE,Payroll,Painting car develop office.,52358.28,10,,Bank Transfer,TXN-0002217
2218,2025-07-01,EXPENSE,Rent,Summer civil here.,486812.81,2,,Credit Card,TXN-0002218
2219,2024-09-17,EXPENSE,Utilities,Away participant change culture speech.,113525.74,3,279.0,Bank Transfer,TXN-0002219
2220,2025-01-17,INCOME,Subscription Revenue,Throw him even maintain memory sea.,955439.96,3,290.0,Cash,TXN-0002220
2221,2025-12-05,EXPENSE,Utilities,Memory increase outside these movement.,416427.74,5,142.0,Mobile Money,TXN-0002221
2222,2025-08-24,EXPENSE,Utilities,Money opportunity manage.,432787.76,4,,Bank Transfer,TXN-0002222
2223,2024-01-26,EXPENSE,Professional Services,Trade various value education.,72270.0,8,145.0,Debit Card,TXN-0002223
2224,2024-10-18,INCOME,Other Income,Contain around ground.,956365.16,1,,Credit Card,TXN-0002224
2225,2025-11-10,EXPENSE,Software,Federal point among ten.,115116.47,4,,Bank Transfer,TXN-0002225
2226,2025-01-11,EXPENSE,Maintenance,Actually finally fight arrive.,94559.3,3,,Bank Transfer,TXN-0002226
2227,2024-06-01,INCOME,Other Income,Heart detail discuss ball.,279384.84,2,,Bank Transfer,TXN-0002227
2228,2024-11-05,EXPENSE,Software,Them language person.,333105.65,6,114.0,Credit Card,TXN-0002228
2229,2025-11-09,INCOME,Subscription Revenue,Meeting Congress lawyer.,448698.79,1,,Cash,TXN-0002229
2230,2025-08-21,EXPENSE,Marketing,Day main approach former.,147414.8,1,,Bank Transfer,TXN-0002230
2231,2025-09-06,EXPENSE,Office Supplies,Perform add training wind blue moment.,169645.9,7,,Credit Card,TXN-0002231
2232,2024-06-12,INCOME,Sales Revenue,Hand language today number rock over.,230073.45,7,265.0,Debit Card,TXN-0002232
2233,2024-11-12,EXPENSE,Office Supplies,Fight suffer him wonder.,111421.23,2,,Cash,TXN-0002233
2234,2024-06-28,INCOME,Sales Revenue,Recognize follow baby.,37387.86,9,,Mobile Money,TXN-0002234
2235,2024-01-19,INCOME,Subscription Revenue,Mr pull section authority.,493261.16,1,159.0,Mobile Money,TXN-0002235
2236,2024-04-11,EXPENSE,Logistics,Public we house whose establish.,61517.24,7,,Bank Transfer,TXN-0002236
2237,2025-02-02,INCOME,Consulting Revenue,Heart continue institution sing.,770852.72,6,,Debit Card,TXN-0002237
2238,2024-12-17,EXPENSE,Logistics,Address night professor fall long either.,363423.31,5,,Debit Card,TXN-0002238
2239,2024-04-29,EXPENSE,Rent,Job only without stage four prevent.,49742.58,2,,Cash,TXN-0002239
2240,2025-01-06,INCOME,Service Revenue,Do yet happen shoulder.,177490.51,2,,Debit Card,TXN-0002240
2241,2024-12-29,INCOME,Other Income,Interest science garden still eye.,552071.81,10,9.0,Cash,TXN-0002241
2242,2024-05-20,INCOME,Subscription Revenue,Deal similar authority none recognize.,767980.62,1,,Debit Card,TXN-0002242
2243,2025-10-14,INCOME,Other Income,Physical citizen radio.,925738.4,7,,Mobile Money,TXN-0002243
2244,2025-02-18,EXPENSE,Software,Challenge serious director tree information election.,401404.33,5,,Mobile Money,TXN-0002244
2245,2025-07-17,EXPENSE,Logistics,Real movie still.,73538.2,9,,Debit Card,TXN-0002245
2246,2025-04-27,EXPENSE,Maintenance,Camera positive away image gas.,302443.7,7,,Cash,TXN-0002246
2247,2024-02-22,EXPENSE,Logistics,Investment job president fact machine.,279491.14,8,,Credit Card,TXN-0002247
2248,2025-03-07,INCOME,Sales Revenue,Attack account person watch.,264520.5,9,,Bank Transfer,TXN-0002248
2249,2025-10-19,EXPENSE,Office Supplies,Concern thank recently name.,192343.32,6,250.0,Mobile Money,TXN-0002249
2250,2024-11-12,EXPENSE,Utilities,Note build couple.,127008.18,3,,Mobile Money,TXN-0002250
2251,2025-11-09,INCOME,Other Income,Head play writer.,936250.57,5,,Bank Transfer,TXN-0002251
2252,2024-02-08,EXPENSE,Software,Chance sound another toward economy community need.,290653.58,6,287.0,Bank Transfer,TXN-0002252
2253,2024-07-10,INCOME,Other Income,Film agreement then.,898756.02,7,,Debit Card,TXN-0002253
2254,2024-03-10,INCOME,Service Revenue,Class at game bring.,974143.25,7,,Debit Card,TXN-0002254
2255,2025-09-05,INCOME,Subscription Revenue,Will in simply total.,691048.21,10,,Mobile Money,TXN-0002255
2256,2024-08-11,EXPENSE,Rent,Skin police eight fall.,477013.51,10,267.0,Credit Card,TXN-0002256
2257,2025-12-06,INCOME,Sales Revenue,Draw himself according look.,648527.63,2,,Mobile Money,TXN-0002257
2258,2024-07-16,EXPENSE,Professional Services,Dog head ready detail drive front.,21561.25,4,,Mobile Money,TXN-0002258
2259,2025-10-19,INCOME,Subscription Revenue,As street street town shoulder.,68656.09,7,89.0,Debit Card,TXN-0002259
2260,2025-04-24,INCOME,Consulting Revenue,Approach value control.,908985.66,4,,Bank Transfer,TXN-0002260
2261,2024-12-25,INCOME,Sales Revenue,Partner forward of available.,455605.69,3,,Cash,TXN-0002261
2262,2024-12-30,INCOME,Other Income,Enough rock vote little.,352963.77,2,,Debit Card,TXN-0002262
2263,2024-03-14,EXPENSE,Utilities,Challenge industry right work speak region.,194795.52,8,,Debit Card,TXN-0002263
2264,2024-01-19,EXPENSE,Travel,Policy hold population a choose course.,277679.26,9,97.0,Cash,TXN-0002264
2265,2025-01-23,INCOME,Other Income,In machine among administration hope outside.,745465.96,10,,Bank Transfer,TXN-0002265
2266,2025-08-21,INCOME,Other Income,Check board evening raise space growth woman.,171998.03,10,,Debit Card,TXN-0002266
2267,2024-10-08,EXPENSE,Utilities,Yes movement serve open.,69172.36,1,,Mobile Money,TXN-0002267
2268,2024-05-21,INCOME,Consulting Revenue,The test raise arrive TV.,723644.11,8,,Mobile Money,TXN-0002268
2269,2024-09-09,EXPENSE,Software,Weight peace instead career.,191824.84,6,,Cash,TXN-0002269
2270,2025-04-02,INCOME,Consulting Revenue,Act easy rest.,67389.06,2,,Debit Card,TXN-0002270
2271,2025-10-07,INCOME,Other Income,Maybe identify that worker occur billion.,584545.63,3,,Bank Transfer,TXN-0002271
2272,2025-01-30,EXPENSE,Payroll,Table bed site inside public mention.,442187.81,9,,Bank Transfer,TXN-0002272
2273,2024-11-18,INCOME,Consulting Revenue,Full effect your unit race site break.,632356.6,2,,Cash,TXN-0002273
2274,2024-12-26,EXPENSE,Marketing,Pretty perhaps husband color throw early.,161844.78,6,127.0,Credit Card,TXN-0002274
2275,2024-11-28,EXPENSE,Logistics,Race time despite full.,434642.99,9,,Debit Card,TXN-0002275
2276,2024-07-05,EXPENSE,Utilities,Middle economic town.,268824.57,2,,Cash,TXN-0002276
2277,2025-04-06,EXPENSE,Insurance,Lay particularly environmental.,18626.37,6,106.0,Cash,TXN-0002277
2278,2024-06-30,EXPENSE,Rent,In too less.,425250.29,6,222.0,Mobile Money,TXN-0002278
2279,2024-12-19,INCOME,Sales Revenue,Six economic history increase.,736612.68,9,28.0,Credit Card,TXN-0002279
2280,2024-09-30,EXPENSE,Insurance,Everyone reflect southern even.,145465.07,2,,Mobile Money,TXN-0002280
2281,2024-01-17,EXPENSE,Equipment,Word party seem.,296642.89,2,,Bank Transfer,TXN-0002281
2282,2025-11-06,EXPENSE,Software,Indeed return customer ever produce.,7338.26,8,,Cash,TXN-0002282
2283,2024-12-28,EXPENSE,Payroll,Those Republican local.,177643.76,8,,Debit Card,TXN-0002283
2284,2025-07-24,INCOME,Consulting Revenue,Television win follow tax.,34253.93,7,,Bank Transfer,TXN-0002284
2285,2024-06-07,EXPENSE,Office Supplies,Resource degree after could century attention.,255407.52,7,,Cash,TXN-0002285
2286,2025-01-20,EXPENSE,Office Supplies,Remain information state yet test.,59106.7,6,,Debit Card,TXN-0002286
2287,2025-02-17,EXPENSE,Equipment,Almost like feeling.,304533.38,10,,Cash,TXN-0002287
2288,2025-06-26,INCOME,Subscription Revenue,Wide effort each.,188255.86,7,244.0,Credit Card,TXN-0002288
2289,2025-09-19,INCOME,Consulting Revenue,Process investment goal suffer cause general.,948292.42,8,,Credit Card,TXN-0002289
2290,2025-04-03,EXPENSE,Logistics,Clearly about participant.,308283.99,10,,Bank Transfer,TXN-0002290
2291,2025-02-04,INCOME,Subscription Revenue,Top ready trial.,767141.59,2,,Debit Card,TXN-0002291
2292,2024-01-04,INCOME,Service Revenue,Receive color for notice claim.,315109.25,1,,Mobile Money,TXN-0002292
2293,2024-11-12,EXPENSE,Office Supplies,Head official organization explain over.,76006.25,10,,Mobile Money,TXN-0002293
2294,2024-08-19,EXPENSE,Maintenance,During minute mind over ground quality.,274107.52,7,182.0,Bank Transfer,TXN-0002294
2295,2025-10-21,EXPENSE,Professional Services,Bill available scientist picture charge.,396427.47,3,,Credit Card,TXN-0002295
2296,2025-12-25,EXPENSE,Equipment,Our source subject police site.,374926.99,8,,Credit Card,TXN-0002296
2297,2025-01-30,EXPENSE,Insurance,World despite blood tonight bank professor.,23584.31,4,,Cash,TXN-0002297
2298,2024-06-22,EXPENSE,Office Supplies,Office its deep our.,144334.14,4,,Mobile Money,TXN-0002298
2299,2024-07-21,EXPENSE,Equipment,Attack star carry town.,375056.16,3,,Bank Transfer,TXN-0002299
2300,2024-12-29,INCOME,Consulting Revenue,Away build require.,466653.68,3,105.0,Debit Card,TXN-0002300
2301,2025-01-07,EXPENSE,Professional Services,Probably onto reflect summer.,443027.21,4,,Debit Card,TXN-0002301
2302,2025-04-30,INCOME,Consulting Revenue,White together accept.,932422.82,7,,Mobile Money,TXN-0002302
2303,2024-08-11,EXPENSE,Office Supplies,Successful including summer degree same together.,33041.32,2,,Cash,TXN-0002303
2304,2024-02-11,EXPENSE,Payroll,Certain foot speech law but letter.,88885.59,7,10.0,Bank Transfer,TXN-0002304
2305,2024-06-30,EXPENSE,Logistics,Green thousand hold baby both.,261818.87,10,,Cash,TXN-0002305
2306,2024-08-03,INCOME,Sales Revenue,Cover gas travel institution base raise.,305231.06,6,,Bank Transfer,TXN-0002306
2307,2024-06-12,EXPENSE,Equipment,Include woman friend.,5877.02,9,,Debit Card,TXN-0002307
2308,2024-11-12,EXPENSE,Insurance,Suddenly player employee get.,342209.92,1,,Credit Card,TXN-0002308
2309,2024-07-10,INCOME,Subscription Revenue,Note situation trip.,808364.77,3,,Credit Card,TXN-0002309
2310,2025-01-11,EXPENSE,Professional Services,Smile need ability.,103407.5,7,280.0,Mobile Money,TXN-0002310
2311,2024-01-23,INCOME,Subscription Revenue,Executive dream score control.,836153.77,2,,Credit Card,TXN-0002311
2312,2025-06-03,EXPENSE,Insurance,Green environmental prepare fill like.,43606.77,8,,Credit Card,TXN-0002312
2313,2024-11-04,EXPENSE,Office Supplies,Modern ready nor kid wind lay.,260528.9,1,,Bank Transfer,TXN-0002313
2314,2025-12-26,EXPENSE,Rent,West memory race option happy.,388339.37,9,,Credit Card,TXN-0002314
2315,2025-06-19,INCOME,Sales Revenue,Father help edge.,657986.75,7,,Mobile Money,TXN-0002315
2316,2025-06-19,INCOME,Service Revenue,Design figure age hand wish cut.,728101.14,4,,Mobile Money,TXN-0002316
2317,2025-02-11,EXPENSE,Utilities,Least our mention four image find.,102528.96,4,,Mobile Money,TXN-0002317
2318,2025-11-20,EXPENSE,Maintenance,Receive likely technology.,81521.19,8,,Cash,TXN-0002318
2319,2025-05-10,INCOME,Sales Revenue,Hit act tree political.,370140.91,4,,Credit Card,TXN-0002319
2320,2024-05-19,EXPENSE,Insurance,Who everyone seek term wait deep.,267929.51,1,,Bank Transfer,TXN-0002320
2321,2024-10-09,INCOME,Subscription Revenue,People technology course great entire camera.,72825.06,1,,Credit Card,TXN-0002321
2322,2025-05-16,EXPENSE,Utilities,Reality maybe Democrat significant five.,457020.94,8,,Mobile Money,TXN-0002322
2323,2024-06-20,EXPENSE,Marketing,His entire pattern imagine particular however.,255939.14,5,,Bank Transfer,TXN-0002323
2324,2025-12-20,EXPENSE,Equipment,Hotel stop who real hit.,456763.43,5,,Bank Transfer,TXN-0002324
2325,2024-12-14,INCOME,Sales Revenue,Rule citizen side look about woman.,255699.41,2,,Cash,TXN-0002325
2326,2024-10-17,INCOME,Other Income,Help cold cover plan ball.,515621.35,4,,Credit Card,TXN-0002326
2327,2024-02-03,EXPENSE,Insurance,Player place glass.,165138.75,10,30.0,Cash,TXN-0002327
2328,2024-02-16,EXPENSE,Marketing,Capital season cover challenge.,393786.45,9,218.0,Cash,TXN-0002328
2329,2025-09-09,INCOME,Other Income,Heavy politics suffer daughter.,323534.74,7,,Credit Card,TXN-0002329
2330,2024-04-17,INCOME,Service Revenue,Him particularly two bit close ground.,52310.16,3,,Cash,TXN-0002330
2331,2025-01-06,EXPENSE,Logistics,Act fact bill.,43663.07,7,,Credit Card,TXN-0002331
2332,2025-06-01,INCOME,Sales Revenue,Establish police soon.,819422.3,7,,Bank Transfer,TXN-0002332
2333,2025-02-20,INCOME,Other Income,Third television current include public early.,286644.02,8,44.0,Debit Card,TXN-0002333
2334,2024-01-17,EXPENSE,Utilities,International should institution girl investment task.,424532.01,9,,Bank Transfer,TXN-0002334
2335,2025-10-25,INCOME,Subscription Revenue,Live put shoulder management necessary.,114141.4,3,288.0,Credit Card,TXN-0002335
2336,2024-07-31,EXPENSE,Marketing,Begin season scene.,143199.13,8,,Debit Card,TXN-0002336
2337,2025-12-30,EXPENSE,Office Supplies,Tell board put cover.,408323.01,9,,Cash,TXN-0002337
2338,2024-05-03,EXPENSE,Utilities,Often toward reason.,240343.99,4,,Credit Card,TXN-0002338
2339,2025-07-26,EXPENSE,Professional Services,Make sing daughter.,484462.08,1,,Credit Card,TXN-0002339
2340,2024-09-27,EXPENSE,Logistics,Wide light think table yourself most.,343605.61,2,,Mobile Money,TXN-0002340
2341,2024-11-25,EXPENSE,Payroll,Environmental appear others phone.,25569.25,6,,Debit Card,TXN-0002341
2342,2025-04-23,INCOME,Subscription Revenue,Day certain discuss challenge save choice.,597726.89,5,,Mobile Money,TXN-0002342
2343,2025-10-15,EXPENSE,Maintenance,Congress series method.,122598.0,4,,Debit Card,TXN-0002343
2344,2025-09-24,EXPENSE,Utilities,Employee according major prove suggest.,453190.49,9,,Credit Card,TXN-0002344
2345,2024-04-17,INCOME,Subscription Revenue,Left should win.,486843.28,8,,Debit Card,TXN-0002345
2346,2025-04-11,EXPENSE,Maintenance,Decision data much reach.,305082.74,6,,Mobile Money,TXN-0002346
2347,2025-01-03,INCOME,Other Income,Million partner others.,912870.48,4,,Debit Card,TXN-0002347
2348,2024-11-27,EXPENSE,Payroll,Board goal point southern.,452082.06,4,,Mobile Money,TXN-0002348
2349,2024-11-04,INCOME,Service Revenue,Wrong spend home the year.,275986.49,6,180.0,Mobile Money,TXN-0002349
2350,2025-05-05,EXPENSE,Rent,Moment already design anyone husband.,78547.46,8,,Credit Card,TXN-0002350
2351,2025-05-21,EXPENSE,Payroll,Member nation game.,278140.24,2,,Bank Transfer,TXN-0002351
2352,2025-02-20,EXPENSE,Office Supplies,Behavior base model floor better.,219641.06,7,83.0,Cash,TXN-0002352
2353,2024-11-05,INCOME,Service Revenue,Couple popular series front.,835694.82,9,,Bank Transfer,TXN-0002353
2354,2025-03-15,INCOME,Subscription Revenue,Building toward exist choose important.,262906.72,3,,Cash,TXN-0002354
2355,2025-01-08,EXPENSE,Insurance,Out site pattern at.,365844.38,6,,Bank Transfer,TXN-0002355
2356,2024-01-16,INCOME,Subscription Revenue,Fast senior page dream.,778931.88,2,,Cash,TXN-0002356
2357,2025-04-30,EXPENSE,Rent,Marriage determine born.,433446.33,9,106.0,Bank Transfer,TXN-0002357
2358,2025-12-23,INCOME,Other Income,Provide nation east finish.,310950.55,3,,Debit Card,TXN-0002358
2359,2025-04-01,EXPENSE,Marketing,Wear control last reduce former.,180123.89,1,207.0,Debit Card,TXN-0002359
2360,2024-02-22,EXPENSE,Software,Save black case.,160352.24,5,,Credit Card,TXN-0002360
2361,2024-07-01,EXPENSE,Insurance,Control drop end keep.,36549.67,1,,Mobile Money,TXN-0002361
2362,2024-04-15,EXPENSE,Rent,Arrive discuss wide.,392323.94,7,173.0,Debit Card,TXN-0002362
2363,2025-06-13,EXPENSE,Insurance,Sit try step.,358820.23,5,293.0,Mobile Money,TXN-0002363
2364,2025-11-02,INCOME,Sales Revenue,Draw budget way standard without.,748904.45,7,,Mobile Money,TXN-0002364
2365,2025-02-11,EXPENSE,Logistics,Standard no tend.,430884.56,6,41.0,Mobile Money,TXN-0002365
2366,2025-04-30,EXPENSE,Rent,Sister everything short certain couple.,402448.54,3,,Debit Card,TXN-0002366
2367,2024-03-24,EXPENSE,Professional Services,All environmental alone actually effect.,351487.8,2,,Debit Card,TXN-0002367
2368,2025-07-31,INCOME,Subscription Revenue,Rich baby employee ever nothing production.,868140.78,8,,Debit Card,TXN-0002368
2369,2025-07-08,EXPENSE,Software,Certainly I moment.,132165.77,1,,Credit Card,TXN-0002369
2370,2024-09-20,INCOME,Service Revenue,Mention Mr town exactly.,423741.83,6,269.0,Cash,TXN-0002370
2371,2025-11-06,INCOME,Consulting Revenue,Behind hospital data.,611920.59,10,,Cash,TXN-0002371
2372,2024-03-21,EXPENSE,Maintenance,Lead improve case first.,26039.33,2,,Debit Card,TXN-0002372
2373,2024-04-19,EXPENSE,Rent,Local down tree.,144935.38,5,,Credit Card,TXN-0002373
2374,2025-12-02,EXPENSE,Office Supplies,Why especially yourself two city.,468900.92,9,,Debit Card,TXN-0002374
2375,2025-05-17,INCOME,Subscription Revenue,Wear church law.,129730.38,10,,Mobile Money,TXN-0002375
2376,2025-10-14,EXPENSE,Marketing,Gun party education central.,79924.62,10,12.0,Cash,TXN-0002376
2377,2025-02-24,EXPENSE,Travel,Reflect apply specific research place central three.,147858.81,2,,Bank Transfer,TXN-0002377
2378,2025-04-30,EXPENSE,Travel,Yes soldier rest.,496823.15,6,,Mobile Money,TXN-0002378
2379,2024-01-07,EXPENSE,Payroll,Approach entire improve.,16246.91,1,,Debit Card,TXN-0002379
2380,2024-12-07,EXPENSE,Insurance,Card quality continue.,243071.64,4,108.0,Mobile Money,TXN-0002380
2381,2025-10-16,INCOME,Other Income,Order watch important yes.,975454.32,8,,Debit Card,TXN-0002381
2382,2025-12-22,INCOME,Sales Revenue,Ok individual tonight development not.,291970.1,4,,Mobile Money,TXN-0002382
2383,2024-02-29,EXPENSE,Equipment,When spend cut paper focus necessary day.,498388.14,10,,Cash,TXN-0002383
2384,2024-04-08,EXPENSE,Logistics,Chance sister point fish.,101661.78,3,,Credit Card,TXN-0002384
2385,2024-03-25,INCOME,Other Income,Hold money public.,389200.16,4,,Cash,TXN-0002385
2386,2024-08-09,EXPENSE,Software,North establish really everything.,164889.5,8,,Bank Transfer,TXN-0002386
2387,2025-03-20,EXPENSE,Rent,Enough because method amount.,418905.21,5,,Bank Transfer,TXN-0002387
2388,2024-04-08,EXPENSE,Insurance,Recently dinner area.,352726.69,5,,Credit Card,TXN-0002388
2389,2024-06-18,EXPENSE,Maintenance,Interesting method get show face.,264632.66,7,,Mobile Money,TXN-0002389
2390,2025-08-27,EXPENSE,Travel,Form service sort serve standard they none.,478024.48,4,,Mobile Money,TXN-0002390
2391,2024-11-20,EXPENSE,Insurance,Campaign final newspaper.,260932.3,9,,Cash,TXN-0002391
2392,2024-06-05,EXPENSE,Rent,Learn apply expect face form per.,260161.74,8,,Credit Card,TXN-0002392
2393,2024-10-11,EXPENSE,Utilities,Response result stage others.,493463.96,5,123.0,Debit Card,TXN-0002393
2394,2025-06-02,EXPENSE,Maintenance,Feel hospital list from set new.,362691.98,10,,Bank Transfer,TXN-0002394
2395,2025-01-22,EXPENSE,Travel,Help realize arrive.,130945.61,5,28.0,Mobile Money,TXN-0002395
2396,2025-07-27,INCOME,Consulting Revenue,Fire pull often.,279967.43,3,,Mobile Money,TXN-0002396
2397,2024-08-06,INCOME,Other Income,Drop national travel former medical which.,340705.39,8,,Credit Card,TXN-0002397
2398,2024-05-24,EXPENSE,Travel,Wear write drop news.,452510.53,8,,Bank Transfer,TXN-0002398
2399,2025-06-26,EXPENSE,Office Supplies,Type class name.,305864.56,5,,Bank Transfer,TXN-0002399
2400,2024-07-11,INCOME,Other Income,Side trip two.,176656.67,9,,Bank Transfer,TXN-0002400
2401,2024-06-07,INCOME,Subscription Revenue,Spend degree maintain add.,527962.47,10,,Bank Transfer,TXN-0002401
2402,2024-09-14,EXPENSE,Rent,Never common nothing.,280354.66,6,,Mobile Money,TXN-0002402
2403,2024-05-17,EXPENSE,Maintenance,Range to or should decide.,235376.26,1,295.0,Cash,TXN-0002403
2404,2024-06-13,INCOME,Other Income,Suddenly their radio bank at.,631643.62,6,,Mobile Money,TXN-0002404
2405,2025-12-25,EXPENSE,Professional Services,Section give town usually back.,346114.94,5,,Mobile Money,TXN-0002405
2406,2024-06-07,EXPENSE,Utilities,North determine bed cultural bad.,381773.95,8,,Bank Transfer,TXN-0002406
2407,2025-06-28,EXPENSE,Marketing,Bit speech bed often behavior.,203759.41,8,,Cash,TXN-0002407
2408,2024-02-08,EXPENSE,Equipment,Situation business executive room stay.,451116.25,4,,Mobile Money,TXN-0002408
2409,2024-12-29,INCOME,Other Income,Employee behavior bit word style phone hold.,128186.27,1,,Credit Card,TXN-0002409
2410,2024-04-17,EXPENSE,Equipment,Action take high.,65783.02,10,,Debit Card,TXN-0002410
2411,2025-05-13,INCOME,Consulting Revenue,Will Democrat blue song light.,408376.04,6,,Debit Card,TXN-0002411
2412,2024-08-22,EXPENSE,Professional Services,Method improve easy begin bed agency.,16127.25,6,153.0,Debit Card,TXN-0002412
2413,2025-11-08,EXPENSE,Office Supplies,Parent trial miss.,408745.77,10,,Debit Card,TXN-0002413
2414,2024-05-08,INCOME,Sales Revenue,Decision collection page page.,656228.31,7,277.0,Bank Transfer,TXN-0002414
2415,2024-06-10,EXPENSE,Maintenance,Action east raise.,89140.06,9,,Debit Card,TXN-0002415
2416,2025-02-14,EXPENSE,Marketing,Benefit order offer.,266785.04,1,,Cash,TXN-0002416
2417,2025-01-28,INCOME,Sales Revenue,Include live strategy system both.,361796.92,7,,Debit Card,TXN-0002417
2418,2024-03-27,EXPENSE,Equipment,Reflect if first.,262793.59,10,,Bank Transfer,TXN-0002418
2419,2025-05-06,INCOME,Sales Revenue,Play development nation shake church administration.,605098.41,4,162.0,Credit Card,TXN-0002419
2420,2025-10-04,EXPENSE,Rent,Sign I age speech.,474847.94,2,,Mobile Money,TXN-0002420
2421,2025-08-29,INCOME,Consulting Revenue,Shake condition admit.,698238.96,3,,Cash,TXN-0002421
2422,2025-09-04,EXPENSE,Utilities,Arm always step.,326175.25,3,,Cash,TXN-0002422
2423,2025-05-17,EXPENSE,Office Supplies,Approach top nothing hold culture.,402359.55,4,169.0,Mobile Money,TXN-0002423
2424,2024-11-14,EXPENSE,Payroll,Your knowledge small operation both something.,156045.76,3,283.0,Debit Card,TXN-0002424
2425,2025-10-25,INCOME,Consulting Revenue,Expert condition everyone manager.,453269.98,7,90.0,Cash,TXN-0002425
2426,2024-07-23,EXPENSE,Maintenance,President oil clear me.,385893.61,1,,Debit Card,TXN-0002426
2427,2025-11-17,INCOME,Service Revenue,Serve space local.,87035.05,5,250.0,Credit Card,TXN-0002427
2428,2024-07-15,EXPENSE,Logistics,Together professor join.,204562.84,3,220.0,Debit Card,TXN-0002428
2429,2025-11-27,EXPENSE,Software,With example effort thousand.,141439.94,2,32.0,Credit Card,TXN-0002429
2430,2025-07-24,EXPENSE,Insurance,Talk him day debate.,140942.83,7,,Credit Card,TXN-0002430
2431,2025-03-01,EXPENSE,Travel,Look term owner.,337758.17,2,,Cash,TXN-0002431
2432,2025-01-27,EXPENSE,Maintenance,While drop whose feeling power.,492847.42,10,154.0,Credit Card,TXN-0002432
2433,2024-02-17,EXPENSE,Office Supplies,Feeling range talk contain.,170485.59,5,,Debit Card,TXN-0002433
2434,2024-02-27,EXPENSE,Equipment,Wear network population several daughter guy.,63560.58,9,,Mobile Money,TXN-0002434
2435,2024-05-15,EXPENSE,Logistics,His subject east read teacher.,2164.15,9,128.0,Cash,TXN-0002435
2436,2025-09-08,INCOME,Subscription Revenue,Beyond effort need.,797138.24,2,132.0,Bank Transfer,TXN-0002436
2437,2025-07-13,EXPENSE,Travel,Decision green late.,309600.42,9,,Debit Card,TXN-0002437
2438,2024-08-17,INCOME,Other Income,Mr guess personal author course table.,885849.94,3,,Bank Transfer,TXN-0002438
2439,2025-05-05,EXPENSE,Logistics,Payment linked to inactive employee,466951.48,5,84.0,Debit Card,TXN-0002439
2440,2024-03-09,INCOME,Sales Revenue,Assume pick blood no here.,407501.62,1,,Mobile Money,TXN-0002440
2441,2024-08-07,INCOME,Other Income,Foreign do occur artist.,947325.86,6,,Mobile Money,TXN-0002441
2442,2025-10-08,INCOME,Subscription Revenue,Memory writer tax.,163979.07,4,,Credit Card,TXN-0002442
2443,2025-06-07,INCOME,Other Income,Too raise answer party pick.,280142.89,5,129.0,Debit Card,TXN-0002443
2444,2024-11-30,EXPENSE,Marketing,Nation wall industry line plant health.,273977.88,6,,Bank Transfer,TXN-0002444
2445,2025-08-19,INCOME,Service Revenue,Security positive resource doctor shoulder stuff.,781830.67,4,182.0,Bank Transfer,TXN-0002445
2446,2024-01-24,EXPENSE,Insurance,Happen church paper three.,248758.49,1,,Debit Card,TXN-0002446
2447,2025-07-18,EXPENSE,Payroll,Paper according particular collection.,14458.95,1,140.0,Credit Card,TXN-0002447
2448,2025-06-08,EXPENSE,Maintenance,Truth really allow again every.,311754.86,7,170.0,Debit Card,TXN-0002448
2449,2024-08-24,EXPENSE,Software,Mouth pick land recent water.,353722.91,7,,Cash,TXN-0002449
2450,2024-05-12,INCOME,Subscription Revenue,Method policy high answer believe but.,377752.89,6,,Mobile Money,TXN-0002450
2451,2024-09-09,EXPENSE,Office Supplies,Thing herself detail possible thank floor.,417316.3,4,,Cash,TXN-0002451
2452,2024-07-05,EXPENSE,Travel,Break study seat audience country.,104552.9,1,,Debit Card,TXN-0002452
2453,2024-12-07,INCOME,Other Income,Human any stock event friend.,509538.25,6,,Cash,TXN-0002453
2454,2024-05-10,EXPENSE,Marketing,Feel heart far.,392821.0,9,,Bank Transfer,TXN-0002454
2455,2025-05-30,EXPENSE,Payroll,Spring mean nor key participant.,170712.73,3,,Cash,TXN-0002455
2456,2025-06-12,INCOME,Subscription Revenue,Break smile moment top.,523247.92,1,,Bank Transfer,TXN-0002456
2457,2024-07-11,EXPENSE,Insurance,Hotel information rather gun.,216650.22,6,,Cash,TXN-0002457
2458,2024-12-20,EXPENSE,Logistics,Defense address new simply go bring.,261792.34,7,,Bank Transfer,TXN-0002458
2459,2024-12-20,EXPENSE,Travel,Matter service art.,171394.8,7,164.0,Mobile Money,TXN-0002459
2460,2025-03-20,EXPENSE,Rent,Industry turn tax of.,448083.03,3,,Cash,TXN-0002460
2461,2025-11-11,EXPENSE,Insurance,Left check morning person.,224178.79,9,,Debit Card,TXN-0002461
2462,2024-05-13,INCOME,Other Income,That strong alone term rather difference.,556644.86,1,,Bank Transfer,TXN-0002462
2463,2025-05-10,EXPENSE,Logistics,Agency final to fall.,453223.54,1,,Cash,TXN-0002463
2464,2025-10-02,EXPENSE,Professional Services,War final any above enter.,490455.26,4,,Mobile Money,TXN-0002464
2465,2024-10-21,EXPENSE,Insurance,Season respond red organization red fast.,126446.46,8,86.0,Bank Transfer,TXN-0002465
2466,2025-06-16,INCOME,Consulting Revenue,New food run dream edge single.,826446.96,5,245.0,Credit Card,TXN-0002466
2467,2024-08-20,EXPENSE,Payroll,Chance development process human color.,242409.37,9,,Bank Transfer,TXN-0002467
2468,2024-04-04,INCOME,Service Revenue,Billion national senior house should.,67345.29,4,,Mobile Money,TXN-0002468
2469,2025-04-25,EXPENSE,Payroll,Human television language.,340883.88,2,,Cash,TXN-0002469
2470,2025-01-21,EXPENSE,Travel,Serve garden role process pretty yet.,463977.97,7,201.0,Mobile Money,TXN-0002470
2471,2025-02-03,EXPENSE,Travel,Commercial owner help foot environment term.,242224.57,1,,Cash,TXN-0002471
2472,2025-02-02,INCOME,Service Revenue,Few strategy single wife.,448537.94,7,,Bank Transfer,TXN-0002472
2473,2024-01-04,EXPENSE,Utilities,Respond simply anyone week ask.,476895.95,4,3.0,Bank Transfer,TXN-0002473
2474,2025-07-30,EXPENSE,Utilities,General law card top successful.,318134.04,9,47.0,Debit Card,TXN-0002474
2475,2025-06-21,INCOME,Other Income,Let into focus bed.,935547.36,1,,Mobile Money,TXN-0002475
2476,2024-12-23,INCOME,Subscription Revenue,Wonder machine fine yeah.,877516.95,5,20.0,Cash,TXN-0002476
2477,2024-06-03,EXPENSE,Travel,Popular experience card entire class minute.,75035.3,4,252.0,Credit Card,TXN-0002477
2478,2024-05-20,INCOME,Consulting Revenue,Blue program point.,388164.98,5,,Mobile Money,TXN-0002478
2479,2024-02-20,INCOME,Subscription Revenue,Add politics full prove.,57761.78,7,233.0,Credit Card,TXN-0002479
2480,2025-10-28,EXPENSE,Professional Services,Different huge can.,264653.37,10,131.0,Bank Transfer,TXN-0002480
2481,2025-06-20,EXPENSE,Rent,Payment linked to inactive employee,30921.55,3,80.0,Bank Transfer,TXN-0002481
2482,2025-04-26,EXPENSE,Travel,Visit young if western.,235991.04,9,,Bank Transfer,TXN-0002482
2483,2024-04-20,EXPENSE,Professional Services,Public actually environment would.,31415.69,6,,Debit Card,TXN-0002483
2484,2025-11-23,EXPENSE,Logistics,Thing south nation.,214852.32,6,,Debit Card,TXN-0002484
2485,2024-02-10,EXPENSE,Software,Enjoy loss pressure meet.,225480.55,1,,Credit Card,TXN-0002485
2486,2024-03-16,EXPENSE,Professional Services,Customer nice adult almost.,435471.43,6,,Debit Card,TXN-0002486
2487,2024-01-17,EXPENSE,Payroll,Cost store spend nation serve PM.,488605.32,1,,Cash,TXN-0002487
2488,2024-03-26,EXPENSE,Payroll,Score six upon meeting boy.,419351.85,4,,Mobile Money,TXN-0002488
2489,2025-04-26,EXPENSE,Insurance,Program white who free current property.,358399.5,7,,Credit Card,TXN-0002489
2490,2024-04-11,EXPENSE,Insurance,Collection foreign land.,3225.0,6,,Credit Card,TXN-0002490
2491,2024-11-26,INCOME,Service Revenue,Hear technology mention.,34556.45,10,,Credit Card,TXN-0002491
2492,2025-11-28,INCOME,Subscription Revenue,Big poor senior early.,850171.41,1,202.0,Mobile Money,TXN-0002492
2493,2024-12-15,INCOME,Consulting Revenue,Newspaper day can reduce Mr once.,452204.19,4,,Cash,TXN-0002493
2494,2025-07-21,EXPENSE,Travel,Unusually large expense transaction,1052252.17,2,,Credit Card,TXN-0002494
2495,2025-02-12,EXPENSE,Software,Traditional responsibility either rate person.,41253.53,8,,Credit Card,TXN-0002495
2496,2024-06-16,EXPENSE,Logistics,Those test finish.,101958.76,4,,Debit Card,TXN-0002496
2497,2024-05-12,EXPENSE,Utilities,Subject support happen none reveal.,237875.34,3,,Credit Card,TXN-0002497
2498,2025-12-08,EXPENSE,Rent,Camera fight eye.,272497.29,1,,Debit Card,TXN-0002498
2499,2025-07-03,EXPENSE,Logistics,Should single result.,494531.0,1,,Cash,TXN-0002499
2500,2024-09-13,EXPENSE,Maintenance,Can somebody expert thousand ready.,40458.14,3,,Cash,TXN-0002500
2501,2024-11-25,INCOME,Consulting Revenue,Growth war on.,705066.79,4,164.0,Mobile Money,TXN-0002501
2502,2025-08-17,EXPENSE,Marketing,Life table quite over local each.,47285.18,3,,Mobile Money,TXN-0002502
2503,2024-05-10,EXPENSE,Rent,War choose direction skin.,282768.72,2,,Mobile Money,TXN-0002503
2504,2025-06-26,EXPENSE,Equipment,At author coach rest ten education.,487113.9,6,171.0,Credit Card,TXN-0002504
2505,2025-08-01,EXPENSE,Professional Services,Probably blood color book study.,101786.28,8,7.0,Mobile Money,TXN-0002505
2506,2024-03-27,EXPENSE,Equipment,Less rock statement late raise leave.,267531.66,9,,Debit Card,TXN-0002506
2507,2025-03-30,EXPENSE,Maintenance,Task direction several small all example.,415902.54,2,,Credit Card,TXN-0002507
2508,2025-11-13,INCOME,Other Income,Right along assume those indeed.,841510.42,7,,Debit Card,TXN-0002508
2509,2024-01-17,INCOME,Subscription Revenue,Base campaign for ball stop.,298901.97,3,,Debit Card,TXN-0002509
2510,2024-03-18,EXPENSE,Equipment,Democrat car just else section.,269645.87,10,,Mobile Money,TXN-0002510
2511,2025-10-24,EXPENSE,Office Supplies,Debate already near simply base provide.,340576.87,10,,Mobile Money,TXN-0002511
2512,2024-02-15,EXPENSE,Equipment,Price upon defense service power economy.,17969.3,3,,Credit Card,TXN-0002512
2513,2024-08-22,EXPENSE,Maintenance,Story soon point produce organization understand.,414526.84,2,,Bank Transfer,TXN-0002513
2514,2024-02-29,EXPENSE,Software,Late argue standard.,356529.03,1,,Bank Transfer,TXN-0002514
2515,2024-03-07,EXPENSE,Utilities,About boy drive question walk stuff.,310871.52,7,,Credit Card,TXN-0002515
2516,2025-01-11,INCOME,Sales Revenue,Report he become source friend truth.,653995.09,8,,Credit Card,TXN-0002516
2517,2025-10-07,INCOME,Other Income,Agreement north school whom real.,424378.25,2,,Cash,TXN-0002517
2518,2024-10-30,EXPENSE,Software,Choose yet yeah avoid arrive.,343662.37,4,259.0,Debit Card,TXN-0002518
2519,2025-07-05,INCOME,Service Revenue,War more mother marriage thousand play.,924828.48,10,,Bank Transfer,TXN-0002519
2520,2024-03-20,EXPENSE,Insurance,Military daughter person provide value.,367820.05,9,210.0,Mobile Money,TXN-0002520
2521,2025-09-14,INCOME,Service Revenue,Draw gas share human someone film.,36445.01,10,,Debit Card,TXN-0002521
2522,2024-12-07,EXPENSE,Logistics,Unusually large expense transaction,1758471.4,5,,Debit Card,TXN-0002522
2523,2024-01-04,EXPENSE,Office Supplies,From dream ready.,204298.72,6,,Bank Transfer,TXN-0002523
2524,2024-04-26,EXPENSE,Insurance,One into other answer along card.,249888.43,10,,Credit Card,TXN-0002524
2525,2024-03-23,INCOME,Service Revenue,Example run collection population.,301845.47,5,218.0,Mobile Money,TXN-0002525
2526,2024-02-01,EXPENSE,Utilities,Financial item kind available.,400568.1,8,,Credit Card,TXN-0002526
2527,2024-05-10,INCOME,Subscription Revenue,Threat model place win.,293189.05,5,103.0,Credit Card,TXN-0002527
2528,2024-04-29,EXPENSE,Office Supplies,Money next great enough grow whether.,364954.56,9,,Cash,TXN-0002528
2529,2024-08-23,EXPENSE,Logistics,Authority his ball me total ground.,86951.8,6,87.0,Cash,TXN-0002529
2530,2025-09-20,EXPENSE,Rent,Care commercial picture.,278687.48,6,,Credit Card,TXN-0002530
2531,2024-08-19,EXPENSE,Professional Services,Who cold each school reason born.,238911.52,4,96.0,Debit Card,TXN-0002531
2532,2025-11-08,EXPENSE,Marketing,Author forget research.,335531.59,9,,Mobile Money,TXN-0002532
2533,2024-07-07,EXPENSE,Office Supplies,Involve ahead contain everything evidence compare.,133710.32,5,,Cash,TXN-0002533
2534,2025-08-28,EXPENSE,Maintenance,Dog design performance.,126902.54,8,,Credit Card,TXN-0002534
2535,2025-11-09,EXPENSE,Marketing,Example PM hotel free early.,152372.19,10,,Debit Card,TXN-0002535
2536,2024-06-21,EXPENSE,Utilities,Money read next partner.,206699.46,3,190.0,Bank Transfer,TXN-0002536
2537,2025-09-02,EXPENSE,Office Supplies,Traditional rest debate statement occur.,186411.81,3,,Debit Card,TXN-0002537
2538,2025-06-06,INCOME,Subscription Revenue,Nature everyone free five garden.,38873.54,6,12.0,Debit Card,TXN-0002538
2539,2024-04-07,EXPENSE,Professional Services,Need issue risk.,130648.36,6,,Bank Transfer,TXN-0002539
2540,2025-10-07,EXPENSE,Equipment,Machine son particularly.,156889.21,8,,Bank Transfer,TXN-0002540
2541,2025-09-12,INCOME,Service Revenue,Commercial bad place.,127753.85,8,,Mobile Money,TXN-0002541
2542,2024-02-12,EXPENSE,Office Supplies,Bad than cost town meeting.,99057.31,10,,Credit Card,TXN-0002542
2543,2024-08-24,EXPENSE,Marketing,Report short say large war.,460162.79,6,278.0,Cash,TXN-0002543
2544,2024-10-06,INCOME,Sales Revenue,Film present page natural.,666725.89,6,,Debit Card,TXN-0002544
2545,2024-04-22,INCOME,Subscription Revenue,Difficult investment rule apply.,703165.51,6,,Bank Transfer,TXN-0002545
2546,2024-05-30,EXPENSE,Utilities,When happen hot view career thing.,52497.57,10,,Bank Transfer,TXN-0002546
2547,2025-12-17,EXPENSE,Travel,Interesting investment ability require.,337117.83,8,,Cash,TXN-0002547
2548,2025-12-24,EXPENSE,Logistics,Remain scene put prove every.,443502.76,3,,Cash,TXN-0002548
2549,2024-07-13,EXPENSE,Office Supplies,Bad number food party charge.,470386.59,6,,Debit Card,TXN-0002549
2550,2024-10-07,EXPENSE,Maintenance,Smile remember actually.,5088.9,2,244.0,Bank Transfer,TXN-0002550
2551,2024-05-15,INCOME,Subscription Revenue,Almost ok effort physical reveal.,979849.89,2,,Mobile Money,TXN-0002551
2552,2025-03-29,EXPENSE,Software,Million home offer.,98123.09,10,50.0,Mobile Money,TXN-0002552
2553,2024-12-01,INCOME,Subscription Revenue,Face able cause fall.,574222.67,5,270.0,Bank Transfer,TXN-0002553
2554,2025-10-25,EXPENSE,Rent,Power safe eye goal action fill.,396872.68,9,,Credit Card,TXN-0002554
2555,2025-03-25,INCOME,Sales Revenue,Condition detail recognize.,863591.59,5,,Cash,TXN-0002555
2556,2024-11-22,EXPENSE,Equipment,Network everyone three.,163570.63,5,290.0,Credit Card,TXN-0002556
2557,2025-04-17,EXPENSE,Travel,Deal shake idea.,161654.16,7,,Cash,TXN-0002557
2558,2024-08-21,EXPENSE,Marketing,State sister summer take.,262814.87,3,198.0,Debit Card,TXN-0002558
2559,2024-04-08,EXPENSE,Equipment,Each industry practice.,22830.29,1,,Debit Card,TXN-0002559
2560,2024-02-27,EXPENSE,Rent,Most decade onto.,334894.57,2,,Cash,TXN-0002560
2561,2025-12-15,EXPENSE,Rent,Out fish doctor away.,349802.81,1,100.0,Mobile Money,TXN-0002561
2562,2024-08-25,EXPENSE,Insurance,Do number show star huge.,486065.78,9,,Credit Card,TXN-0002562
2563,2024-10-14,EXPENSE,Logistics,Simple thousand relationship account project floor.,423659.7,3,98.0,Bank Transfer,TXN-0002563
2564,2024-11-14,EXPENSE,Rent,Power public future benefit might.,492538.01,9,218.0,Cash,TXN-0002564
2565,2025-01-22,EXPENSE,Marketing,Teacher watch professor voice sure thought.,103329.18,10,,Mobile Money,TXN-0002565
2566,2025-06-07,INCOME,Consulting Revenue,Clearly item skin these possible performance.,276422.85,6,,Bank Transfer,TXN-0002566
2567,2025-05-24,EXPENSE,Insurance,This kitchen board would.,30695.05,1,,Credit Card,TXN-0002567
2568,2024-02-06,EXPENSE,Marketing,Civil door relate democratic notice.,310205.61,3,,Cash,TXN-0002568
2569,2025-04-03,INCOME,Service Revenue,Wife likely case worker.,665582.09,7,276.0,Credit Card,TXN-0002569
2570,2024-06-03,INCOME,Service Revenue,Expect set view.,706453.8,7,299.0,Cash,TXN-0002570
2571,2025-04-06,EXPENSE,Logistics,Gas add strategy.,135395.94,6,,Bank Transfer,TXN-0002571
2572,2024-04-10,INCOME,Service Revenue,Ok tend necessary training.,773535.94,4,,Debit Card,TXN-0002572
2573,2025-01-09,EXPENSE,Insurance,Seven could particularly game.,252571.92,8,,Credit Card,TXN-0002573
2574,2025-11-24,EXPENSE,Logistics,Pass term adult quickly force election.,111311.69,7,,Cash,TXN-0002574
2575,2025-09-09,EXPENSE,Utilities,Foreign mean unit guy moment.,443855.37,2,,Bank Transfer,TXN-0002575
2576,2024-06-11,EXPENSE,Insurance,Work half use letter treatment.,244636.62,4,77.0,Cash,TXN-0002576
2577,2024-09-29,EXPENSE,Travel,Attorney be heavy small arm argue.,360067.93,10,,Bank Transfer,TXN-0002577
2578,2025-07-27,EXPENSE,Logistics,Firm last physical world listen.,429282.38,10,,Mobile Money,TXN-0002578
2579,2024-02-08,EXPENSE,Software,Far kitchen statement interesting pay.,313981.42,3,,Credit Card,TXN-0002579
2580,2024-05-05,EXPENSE,Insurance,Service first wide himself.,307954.26,2,,Debit Card,TXN-0002580
2581,2024-04-07,EXPENSE,Utilities,Suggest institution choice.,404987.48,9,,Bank Transfer,TXN-0002581
2582,2025-02-05,EXPENSE,Marketing,Us money two big seek.,257148.22,6,,Debit Card,TXN-0002582
2583,2025-10-09,EXPENSE,Professional Services,Through ten then form various.,135954.39,5,23.0,Cash,TXN-0002583
2584,2025-01-22,EXPENSE,Equipment,We look per.,92740.65,9,,Debit Card,TXN-0002584
2585,2025-08-03,EXPENSE,Rent,Such total peace forget make director.,490045.38,8,,Bank Transfer,TXN-0002585
2586,2025-05-05,EXPENSE,Insurance,Quality statement do.,319229.57,1,,Bank Transfer,TXN-0002586
2587,2024-05-09,INCOME,Subscription Revenue,Myself data crime certain follow.,292372.35,4,,Debit Card,TXN-0002587
2588,2025-01-14,EXPENSE,Logistics,Close age boy.,74282.84,10,177.0,Debit Card,TXN-0002588
2589,2025-09-04,EXPENSE,Equipment,Almost crime low rate.,250608.88,9,,Cash,TXN-0002589
2590,2024-12-28,EXPENSE,Rent,Buy with better him ahead.,52866.84,9,109.0,Mobile Money,TXN-0002590
2591,2025-05-19,EXPENSE,Travel,Leave try hot light very.,352155.64,5,,Debit Card,TXN-0002591
2592,2024-12-23,EXPENSE,Logistics,Their yes back serve.,19548.18,3,,Debit Card,TXN-0002592
2593,2024-08-20,INCOME,Sales Revenue,Why create order behind.,399215.01,8,,Debit Card,TXN-0002593
2594,2025-06-30,EXPENSE,Equipment,Thousand step trade.,26258.06,6,,Mobile Money,TXN-0002594
2595,2025-04-19,EXPENSE,Marketing,I look class group might.,418981.15,9,,Debit Card,TXN-0002595
2596,2024-10-13,EXPENSE,Office Supplies,Either your never far between beat.,476370.22,1,,Cash,TXN-0002596
2597,2024-11-15,INCOME,Subscription Revenue,Station training child.,140710.86,9,,Cash,TXN-0002597
2598,2025-12-11,INCOME,Sales Revenue,Play stuff color recent better.,46584.02,7,236.0,Debit Card,TXN-0002598
2599,2024-05-16,EXPENSE,Logistics,Method physical difficult report possible play.,41170.37,1,,Credit Card,TXN-0002599
2600,2025-10-04,INCOME,Service Revenue,Town play get.,165319.93,1,,Cash,TXN-0002600
2601,2025-07-06,EXPENSE,Software,Manage computer arrive visit from like.,228887.05,4,,Mobile Money,TXN-0002601
2602,2025-11-18,EXPENSE,Logistics,Popular play trade successful put.,375702.45,9,,Mobile Money,TXN-0002602
2603,2024-08-10,INCOME,Subscription Revenue,Current score area provide.,366320.47,6,,Debit Card,TXN-0002603
2604,2024-10-22,EXPENSE,Insurance,Say any choice.,162562.95,7,,Debit Card,TXN-0002604
2605,2025-04-13,INCOME,Subscription Revenue,Thought information national thing party accept.,764582.94,5,,Cash,TXN-0002605
2606,2024-06-17,EXPENSE,Marketing,Represent program operation.,329263.45,5,,Cash,TXN-0002606
2607,2024-02-26,EXPENSE,Office Supplies,Something threat also maybe.,23436.09,1,181.0,Debit Card,TXN-0002607
2608,2024-02-01,EXPENSE,Travel,Letter however blue possible first.,170945.38,4,228.0,Cash,TXN-0002608
2609,2024-04-27,EXPENSE,Marketing,Large recent clearly air.,292897.65,9,,Mobile Money,TXN-0002609
2610,2025-05-10,INCOME,Sales Revenue,From it allow rock.,692539.61,5,,Debit Card,TXN-0002610
2611,2024-09-27,EXPENSE,Equipment,Page financial own song particular.,106792.09,4,,Mobile Money,TXN-0002611
2612,2024-09-27,EXPENSE,Software,Record whom least ten commercial idea.,324731.2,2,,Cash,TXN-0002612
2613,2025-10-20,EXPENSE,Utilities,Night career really glass difference.,99713.94,8,,Debit Card,TXN-0002613
2614,2025-07-23,EXPENSE,Software,Wife discover worry.,163520.48,5,295.0,Cash,TXN-0002614
2615,2025-11-11,EXPENSE,Logistics,Organization school wish.,96285.32,3,,Cash,TXN-0002615
2616,2024-11-04,EXPENSE,Professional Services,Sell next plan nearly beyond shoulder.,423725.72,8,,Bank Transfer,TXN-0002616
2617,2024-10-12,EXPENSE,Utilities,Unusually large expense transaction,1578984.33,7,,Mobile Money,TXN-0002617
2618,2025-10-05,INCOME,Service Revenue,Everybody window social room finish hear.,385228.55,5,,Bank Transfer,TXN-0002618
2619,2024-12-31,EXPENSE,Insurance,Case new appear.,166588.52,3,,Debit Card,TXN-0002619
2620,2025-05-09,INCOME,Subscription Revenue,Talk believe senior.,577707.43,5,,Cash,TXN-0002620
2621,2024-10-04,INCOME,Consulting Revenue,Speak attention area music Republican with.,777794.14,7,,Cash,TXN-0002621
2622,2024-03-05,EXPENSE,Office Supplies,Project own already under top decision.,357949.28,7,47.0,Cash,TXN-0002622
2623,2025-06-20,EXPENSE,Professional Services,Unusually large expense transaction,1788384.89,6,,Bank Transfer,TXN-0002623
2624,2024-05-08,EXPENSE,Office Supplies,Feel southern option.,41565.95,10,,Debit Card,TXN-0002624
2625,2024-12-31,INCOME,Sales Revenue,Social about lawyer woman trade.,906136.04,8,,Bank Transfer,TXN-0002625
2626,2024-01-15,EXPENSE,Rent,Television accept section important blood husband.,429910.9,4,,Credit Card,TXN-0002626
2627,2024-08-10,EXPENSE,Rent,Republican common herself college century upon.,185884.18,8,,Credit Card,TXN-0002627
2628,2024-10-07,EXPENSE,Insurance,Easy before scientist.,376497.44,5,,Cash,TXN-0002628
2629,2024-08-11,EXPENSE,Professional Services,Police be control employee financial particularly.,212306.1,6,,Bank Transfer,TXN-0002629
2630,2024-08-17,EXPENSE,Equipment,Individual industry take concern image later.,258409.31,4,266.0,Credit Card,TXN-0002630
2631,2025-12-29,EXPENSE,Office Supplies,Field everybody story look sport.,55488.62,9,,Credit Card,TXN-0002631
2632,2024-11-02,INCOME,Consulting Revenue,Across attorney cup sign parent.,118022.0,4,,Debit Card,TXN-0002632
2633,2025-05-18,INCOME,Service Revenue,Payment linked to inactive employee,209802.53,6,179.0,Bank Transfer,TXN-0002633
2634,2025-04-19,EXPENSE,Marketing,Boy likely pull.,145198.6,6,,Bank Transfer,TXN-0002634
2635,2024-08-18,EXPENSE,Equipment,Book information production big easy purpose.,496914.58,8,,Credit Card,TXN-0002635
2636,2024-02-10,INCOME,Consulting Revenue,Begin nice medical.,600959.92,9,,Credit Card,TXN-0002636
2637,2025-04-26,INCOME,Sales Revenue,Whom market technology.,162319.98,2,,Bank Transfer,TXN-0002637
2638,2024-10-22,INCOME,Sales Revenue,Right hard author.,54027.0,7,249.0,Mobile Money,TXN-0002638
2639,2025-08-18,INCOME,Consulting Revenue,Ball ability pull close.,281056.22,4,,Mobile Money,TXN-0002639
2640,2024-07-06,INCOME,Subscription Revenue,But remember out performance.,970792.0,4,188.0,Mobile Money,TXN-0002640
2641,2024-09-04,INCOME,Subscription Revenue,Soon though newspaper condition approach win.,641934.44,10,,Mobile Money,TXN-0002641
2642,2025-05-31,INCOME,Service Revenue,Activity role individual possible.,337466.4,2,,Bank Transfer,TXN-0002642
2643,2025-08-27,INCOME,Service Revenue,Decision step pretty.,947637.48,2,,Credit Card,TXN-0002643
2644,2025-10-06,EXPENSE,Insurance,Career much they.,183562.08,5,,Debit Card,TXN-0002644
2645,2025-02-05,EXPENSE,Marketing,Hundred might detail work.,194841.53,3,,Credit Card,TXN-0002645
2646,2024-03-22,INCOME,Subscription Revenue,Note effort process.,162227.49,3,,Debit Card,TXN-0002646
2647,2025-02-21,EXPENSE,Software,Leader game improve pressure month.,401580.45,4,208.0,Bank Transfer,TXN-0002647
2648,2024-03-21,EXPENSE,Office Supplies,Thus ground would military white meet.,306791.05,1,,Cash,TXN-0002648
2649,2024-08-26,EXPENSE,Marketing,Unusually large expense transaction,1258119.6,3,27.0,Cash,TXN-0002649
2650,2025-02-24,EXPENSE,Software,Number now sound.,209996.14,4,188.0,Debit Card,TXN-0002650
2651,2024-07-28,EXPENSE,Insurance,Control bit design.,185946.69,9,79.0,Cash,TXN-0002651
2652,2025-03-12,INCOME,Service Revenue,Five get traditional visit event.,616399.03,8,,Mobile Money,TXN-0002652
2653,2024-12-04,EXPENSE,Rent,Discuss draw computer participant.,22853.97,6,,Mobile Money,TXN-0002653
2654,2025-02-28,EXPENSE,Office Supplies,Step coach vote.,412981.85,4,,Bank Transfer,TXN-0002654
2655,2025-02-04,EXPENSE,Maintenance,Several involve evidence.,484756.88,7,,Bank Transfer,TXN-0002655
2656,2024-10-29,EXPENSE,Travel,Service account final back option.,6010.42,5,,Debit Card,TXN-0002656
2657,2025-05-14,INCOME,Subscription Revenue,Term thing somebody peace purpose end.,809231.81,1,,Mobile Money,TXN-0002657
2658,2025-06-22,INCOME,Consulting Revenue,Behind that price option.,520665.16,10,,Bank Transfer,TXN-0002658
2659,2025-03-23,EXPENSE,Software,Condition first account grow significant.,267918.79,7,,Mobile Money,TXN-0002659
2660,2024-08-13,EXPENSE,Maintenance,Account probably visit two town.,356164.02,3,87.0,Debit Card,TXN-0002660
2661,2025-11-04,INCOME,Consulting Revenue,Between tough south subject increase low.,247828.78,1,,Bank Transfer,TXN-0002661
2662,2024-01-11,EXPENSE,Rent,Hear along music benefit.,413481.38,10,,Bank Transfer,TXN-0002662
2663,2025-12-03,EXPENSE,Office Supplies,Us method table.,191518.96,4,,Bank Transfer,TXN-0002663
2664,2024-09-17,EXPENSE,Utilities,Answer sure more billion operation.,422720.67,3,,Credit Card,TXN-0002664
2665,2024-07-14,EXPENSE,Utilities,Door imagine voice significant always high.,67654.65,3,284.0,Mobile Money,TXN-0002665
2666,2024-05-23,EXPENSE,Utilities,Effort she million up.,135514.94,3,,Debit Card,TXN-0002666
2667,2025-11-19,INCOME,Service Revenue,Season who man beyond ready product.,268635.31,10,148.0,Credit Card,TXN-0002667
2668,2025-03-28,INCOME,Service Revenue,Change indeed share.,694433.12,1,50.0,Credit Card,TXN-0002668
2669,2025-04-04,INCOME,Other Income,Focus environment meet knowledge relate professor.,938862.77,3,,Credit Card,TXN-0002669
2670,2024-06-18,INCOME,Service Revenue,Heavy wrong performance whatever.,339581.7,10,,Cash,TXN-0002670
2671,2024-09-30,INCOME,Service Revenue,Will life gas health enjoy.,342294.09,3,,Mobile Money,TXN-0002671
2672,2024-02-08,INCOME,Subscription Revenue,Artist day before personal visit.,997447.23,3,,Cash,TXN-0002672
2673,2024-06-29,INCOME,Subscription Revenue,However media agency.,801847.23,5,276.0,Cash,TXN-0002673
2674,2024-05-15,EXPENSE,Professional Services,Recent probably team husband administration.,290430.77,6,36.0,Debit Card,TXN-0002674
2675,2024-08-14,INCOME,Service Revenue,Develop finally any case store money contain.,10264.26,8,28.0,Mobile Money,TXN-0002675
2676,2025-12-19,INCOME,Service Revenue,So consider rather feeling option control box.,382950.57,3,,Credit Card,TXN-0002676
2677,2024-11-21,EXPENSE,Maintenance,Catch yeah town.,484836.73,7,,Credit Card,TXN-0002677
2678,2024-02-01,EXPENSE,Professional Services,Line box source require Democrat better.,373197.53,4,,Cash,TXN-0002678
2679,2024-07-23,INCOME,Consulting Revenue,Amount nation bank past lay growth.,813535.58,9,,Mobile Money,TXN-0002679
2680,2024-12-09,EXPENSE,Office Supplies,Ahead realize pull here anyone civil.,272401.8,3,,Credit Card,TXN-0002680
2681,2024-11-22,EXPENSE,Marketing,Director turn speak without.,32949.91,7,82.0,Credit Card,TXN-0002681
2682,2024-10-01,INCOME,Service Revenue,Experience size surface vote structure.,946681.84,4,43.0,Credit Card,TXN-0002682
2683,2025-04-09,EXPENSE,Software,Somebody authority sound.,89124.28,3,15.0,Mobile Money,TXN-0002683
2684,2025-08-19,INCOME,Sales Revenue,Soldier produce spring.,773696.82,5,,Bank Transfer,TXN-0002684
2685,2025-09-19,EXPENSE,Logistics,Standard clear ago song expect building.,48851.72,5,,Credit Card,TXN-0002685
2686,2024-01-07,INCOME,Service Revenue,Tv both born case.,193669.68,3,,Debit Card,TXN-0002686
2687,2024-11-28,EXPENSE,Logistics,Thought next how.,14115.1,10,117.0,Debit Card,TXN-0002687
2688,2025-09-09,INCOME,Subscription Revenue,Democratic yeah difficult.,909788.8,10,,Credit Card,TXN-0002688
2689,2025-10-18,EXPENSE,Professional Services,Clear test last war process.,139888.99,6,,Debit Card,TXN-0002689
2690,2025-02-27,EXPENSE,Maintenance,He hundred present another.,442534.6,4,268.0,Mobile Money,TXN-0002690
2691,2024-07-07,EXPENSE,Payroll,Generation detail probably road attack experience.,183240.3,10,12.0,Debit Card,TXN-0002691
2692,2025-12-10,INCOME,Sales Revenue,Expert those among grow stage sense.,583512.72,5,,Mobile Money,TXN-0002692
2693,2025-04-07,EXPENSE,Software,Event view begin rise.,30538.76,3,,Mobile Money,TXN-0002693
2694,2025-12-26,INCOME,Service Revenue,Mission chance technology manage but need.,743647.11,4,247.0,Bank Transfer,TXN-0002694
2695,2024-01-11,EXPENSE,Utilities,My participant yes create.,279219.09,10,,Cash,TXN-0002695
2696,2024-10-14,EXPENSE,Equipment,Option already can moment much.,340954.4,5,,Debit Card,TXN-0002696
2697,2025-08-24,INCOME,Other Income,Line task form.,106994.35,9,188.0,Mobile Money,TXN-0002697
2698,2024-01-06,EXPENSE,Rent,Style likely final front.,278443.38,7,,Credit Card,TXN-0002698
2699,2024-05-13,EXPENSE,Logistics,Natural production until agreement hour bag.,1337.2,3,,Credit Card,TXN-0002699
2700,2025-02-19,EXPENSE,Software,Tax play Mrs whose between agreement.,401621.55,5,,Bank Transfer,TXN-0002700
2701,2024-04-14,EXPENSE,Maintenance,Positive house above treatment together skill.,334304.63,6,,Mobile Money,TXN-0002701
2702,2024-10-03,INCOME,Consulting Revenue,Store physical pull.,978672.11,3,,Mobile Money,TXN-0002702
2703,2024-04-19,EXPENSE,Logistics,Buy article while attorney bad by.,254192.76,10,,Bank Transfer,TXN-0002703
2704,2024-04-01,EXPENSE,Payroll,Care career each animal.,201745.88,8,103.0,Mobile Money,TXN-0002704
2705,2024-08-17,EXPENSE,Marketing,Senior fly later.,420842.39,6,,Credit Card,TXN-0002705
2706,2025-12-18,INCOME,Consulting Revenue,Line wrong live.,277947.72,4,209.0,Bank Transfer,TXN-0002706
2707,2025-09-22,INCOME,Service Revenue,End check so who accept miss.,305387.84,1,,Credit Card,TXN-0002707
2708,2024-06-03,EXPENSE,Software,Individual someone deep toward.,75529.21,5,62.0,Bank Transfer,TXN-0002708
2709,2025-10-17,EXPENSE,Software,Defense adult attention.,338235.29,7,,Bank Transfer,TXN-0002709
2710,2024-01-23,EXPENSE,Maintenance,Final about respond.,183213.05,2,,Credit Card,TXN-0002710
2711,2024-07-05,INCOME,Consulting Revenue,Available too including.,171798.82,7,,Mobile Money,TXN-0002711
2712,2025-03-24,INCOME,Other Income,Do official other Republican.,468906.92,7,,Mobile Money,TXN-0002712
2713,2025-01-21,INCOME,Service Revenue,Care case coach actually whether computer.,511200.29,4,16.0,Mobile Money,TXN-0002713
2714,2025-10-13,EXPENSE,Maintenance,Often yes argue worry him.,20856.78,2,,Bank Transfer,TXN-0002714
2715,2024-07-06,INCOME,Consulting Revenue,Contain difference positive have particularly trouble.,528474.27,1,,Cash,TXN-0002715
2716,2024-07-04,EXPENSE,Marketing,Machine hope design always.,53287.75,9,,Cash,TXN-0002716
2717,2024-08-13,EXPENSE,Rent,Road college again detail inside phone.,140453.31,10,28.0,Bank Transfer,TXN-0002717
2718,2024-08-01,EXPENSE,Maintenance,Pattern later care author carry lot.,96978.91,2,,Debit Card,TXN-0002718
2719,2025-04-15,EXPENSE,Marketing,Most factor employee tell.,499597.03,5,,Credit Card,TXN-0002719
2720,2025-12-10,INCOME,Subscription Revenue,Friend job possible outside.,296271.58,5,38.0,Bank Transfer,TXN-0002720
2721,2025-03-25,EXPENSE,Logistics,Which everybody score appear sound.,423856.89,4,179.0,Debit Card,TXN-0002721
2722,2024-05-19,EXPENSE,Office Supplies,They significant capital.,44994.15,9,,Cash,TXN-0002722
2723,2025-01-20,INCOME,Subscription Revenue,Policy every traditional hope lose.,421103.66,7,,Debit Card,TXN-0002723
2724,2024-06-15,EXPENSE,Travel,Against factor seem party down.,58891.84,9,37.0,Debit Card,TXN-0002724
2725,2024-05-02,EXPENSE,Payroll,Fund produce wonder.,176239.07,5,,Mobile Money,TXN-0002725
2726,2024-03-19,EXPENSE,Logistics,How letter area raise key.,78884.71,6,,Cash,TXN-0002726
2727,2025-09-19,EXPENSE,Utilities,Parent reflect food woman condition move.,482342.82,2,223.0,Credit Card,TXN-0002727
2728,2025-08-28,EXPENSE,Professional Services,Room bar mention huge.,423188.61,5,190.0,Cash,TXN-0002728
2729,2024-01-21,INCOME,Sales Revenue,Serve arm peace.,45403.78,2,,Mobile Money,TXN-0002729
2730,2025-08-19,EXPENSE,Rent,Add entire subject road.,316270.22,8,163.0,Debit Card,TXN-0002730
2731,2024-01-05,INCOME,Sales Revenue,Young few inside support nothing.,501809.98,8,,Credit Card,TXN-0002731
2732,2024-09-07,INCOME,Subscription Revenue,Against bag reduce back first fact.,153581.24,1,,Debit Card,TXN-0002732
2733,2024-07-20,INCOME,Service Revenue,Agency grow practice especially community condition.,307634.72,1,,Mobile Money,TXN-0002733
2734,2024-04-18,EXPENSE,Rent,Begin south across.,370105.01,7,,Credit Card,TXN-0002734
2735,2024-11-18,INCOME,Service Revenue,Fall yeah political.,814440.61,7,8.0,Cash,TXN-0002735
2736,2024-03-09,EXPENSE,Payroll,Deal what suggest away.,287971.11,2,,Cash,TXN-0002736
2737,2024-12-03,EXPENSE,Maintenance,Message you area local nothing.,418828.34,1,259.0,Bank Transfer,TXN-0002737
2738,2025-09-16,INCOME,Other Income,Experience forget beyond.,457153.44,2,,Cash,TXN-0002738
2739,2024-04-05,INCOME,Service Revenue,Expect certainly board staff.,521184.57,8,,Debit Card,TXN-0002739
2740,2024-08-20,EXPENSE,Software,Thousand talk next service recognize maintain.,355279.14,5,,Debit Card,TXN-0002740
2741,2024-03-07,INCOME,Service Revenue,Safe condition wide move.,304874.66,6,,Credit Card,TXN-0002741
2742,2024-08-05,EXPENSE,Travel,Should if hold fight respond current.,322742.87,8,222.0,Cash,TXN-0002742
2743,2024-07-23,EXPENSE,Equipment,Church woman what main guess item.,447223.48,9,43.0,Bank Transfer,TXN-0002743
2744,2025-08-16,INCOME,Service Revenue,Then here stuff.,569871.04,3,,Mobile Money,TXN-0002744
2745,2024-10-25,INCOME,Consulting Revenue,National alone student loss much someone.,197135.47,7,,Mobile Money,TXN-0002745
2746,2024-02-19,EXPENSE,Office Supplies,Weight born interesting family.,331947.63,8,,Bank Transfer,TXN-0002746
2747,2025-11-29,INCOME,Sales Revenue,Major relate rather while.,515573.76,3,,Bank Transfer,TXN-0002747
2748,2025-11-30,EXPENSE,Office Supplies,Environmental together guess itself establish decade.,316893.73,2,,Credit Card,TXN-0002748
2749,2025-10-31,INCOME,Sales Revenue,Public minute believe threat house.,993431.6,8,,Bank Transfer,TXN-0002749
2750,2025-06-27,EXPENSE,Logistics,Design check side he.,125224.72,7,,Mobile Money,TXN-0002750
2751,2024-05-17,EXPENSE,Rent,Bad song join quality detail although.,42090.31,3,,Debit Card,TXN-0002751
2752,2025-04-05,EXPENSE,Logistics,Without make magazine technology.,71071.51,7,288.0,Mobile Money,TXN-0002752
2753,2024-03-30,EXPENSE,Equipment,Together hope expect.,388166.54,2,,Bank Transfer,TXN-0002753
2754,2025-03-11,EXPENSE,Rent,Whose list film computer site.,337030.66,10,291.0,Credit Card,TXN-0002754
2755,2025-05-14,EXPENSE,Logistics,Fight laugh memory decide officer.,473105.13,8,,Mobile Money,TXN-0002755
2756,2025-01-13,INCOME,Subscription Revenue,Produce his true.,30432.05,9,,Credit Card,TXN-0002756
2757,2025-09-18,INCOME,Other Income,Floor answer several moment glass.,599572.04,6,201.0,Mobile Money,TXN-0002757
2758,2024-01-18,EXPENSE,Professional Services,School feel general mouth.,214676.04,6,,Cash,TXN-0002758
2759,2025-05-03,EXPENSE,Logistics,Conference around food.,19422.08,1,,Bank Transfer,TXN-0002759
2760,2024-06-30,EXPENSE,Rent,Similar ten effort.,208628.65,10,25.0,Cash,TXN-0002760
2761,2024-04-29,EXPENSE,Rent,Mission indeed today.,176390.87,6,,Debit Card,TXN-0002761
2762,2024-08-31,INCOME,Sales Revenue,Town television fact late drug.,589188.29,5,,Credit Card,TXN-0002762
2763,2024-11-05,INCOME,Subscription Revenue,Pull simple arrive open capital.,75174.06,1,,Credit Card,TXN-0002763
2764,2025-04-20,EXPENSE,Payroll,Blood side officer visit.,305400.19,1,,Bank Transfer,TXN-0002764
2765,2025-03-16,EXPENSE,Logistics,Best study nation memory coach ability.,252871.91,5,,Cash,TXN-0002765
2766,2025-07-16,INCOME,Subscription Revenue,Which plan despite.,526658.08,10,69.0,Bank Transfer,TXN-0002766
2767,2025-09-05,EXPENSE,Travel,One man institution reality improve.,282182.28,2,,Mobile Money,TXN-0002767
2768,2025-09-21,EXPENSE,Software,Modern book top.,186303.51,1,,Mobile Money,TXN-0002768
2769,2025-01-16,INCOME,Service Revenue,Thank central candidate push authority.,740432.43,2,,Mobile Money,TXN-0002769
2770,2024-03-31,EXPENSE,Logistics,Watch part inside either.,429977.46,3,,Bank Transfer,TXN-0002770
2771,2024-09-07,EXPENSE,Office Supplies,Local sea deep air close talk.,411798.05,7,102.0,Cash,TXN-0002771
2772,2024-04-13,INCOME,Subscription Revenue,Perform too rather each.,500745.14,9,,Debit Card,TXN-0002772
2773,2025-09-06,EXPENSE,Professional Services,Investment get far.,475806.71,4,,Debit Card,TXN-0002773
2774,2024-08-07,EXPENSE,Software,Society camera color.,124918.16,8,,Cash,TXN-0002774
2775,2024-07-20,EXPENSE,Professional Services,Throw off plant hundred particularly whole choose.,1518.5,2,235.0,Cash,TXN-0002775
2776,2024-10-24,INCOME,Sales Revenue,Start whole option require test.,215413.53,9,2.0,Bank Transfer,TXN-0002776
2777,2024-08-24,INCOME,Service Revenue,Edge article become.,804181.23,1,,Credit Card,TXN-0002777
2778,2025-11-01,INCOME,Sales Revenue,Often affect the military.,814614.52,7,13.0,Cash,TXN-0002778
2779,2024-02-28,EXPENSE,Professional Services,Reduce effect president effort wind scientist.,352442.69,9,,Debit Card,TXN-0002779
2780,2024-10-06,INCOME,Subscription Revenue,Food participant Mr bad.,404600.03,10,203.0,Debit Card,TXN-0002780
2781,2025-08-24,INCOME,Other Income,Deep picture coach.,57496.38,4,,Debit Card,TXN-0002781
2782,2025-08-28,EXPENSE,Maintenance,Various necessary whatever expert sound think.,446061.17,7,,Mobile Money,TXN-0002782
2783,2024-12-15,EXPENSE,Marketing,Sort guy my expert.,63443.8,3,,Mobile Money,TXN-0002783
2784,2025-08-21,INCOME,Sales Revenue,Picture drive measure.,28467.61,5,,Bank Transfer,TXN-0002784
2785,2024-01-29,INCOME,Subscription Revenue,Have national some drop enough activity.,29134.13,3,,Debit Card,TXN-0002785
2786,2025-03-08,EXPENSE,Equipment,Newspaper stay use.,178494.61,6,,Bank Transfer,TXN-0002786
2787,2024-11-03,EXPENSE,Payroll,Campaign part term southern next contain.,159214.81,9,,Mobile Money,TXN-0002787
2788,2025-04-06,EXPENSE,Payroll,Yourself will with value.,288489.5,4,,Cash,TXN-0002788
2789,2024-05-28,EXPENSE,Travel,Young drug because to side campaign.,176786.33,10,,Cash,TXN-0002789
2790,2025-03-27,INCOME,Service Revenue,Magazine left blood.,545684.61,9,,Bank Transfer,TXN-0002790
2791,2025-03-03,EXPENSE,Travel,Game indeed against beautiful general.,152526.83,4,,Credit Card,TXN-0002791
2792,2025-01-13,EXPENSE,Professional Services,Cover teach candidate region.,452094.58,7,,Bank Transfer,TXN-0002792
2793,2024-10-15,EXPENSE,Rent,Plant her would painting.,256533.11,8,,Mobile Money,TXN-0002793
2794,2024-09-17,EXPENSE,Professional Services,Better teacher wide.,196780.41,4,112.0,Debit Card,TXN-0002794
2795,2024-01-25,INCOME,Other Income,Inside practice others.,25877.2,3,,Cash,TXN-0002795
2796,2024-11-01,INCOME,Subscription Revenue,Several TV want.,541847.48,6,104.0,Debit Card,TXN-0002796
2797,2024-01-27,EXPENSE,Logistics,Doctor best space ask.,40132.41,2,,Credit Card,TXN-0002797
2798,2025-09-14,INCOME,Subscription Revenue,So fire happen find.,497019.88,1,,Cash,TXN-0002798
2799,2024-01-04,EXPENSE,Utilities,Customer future sister pay represent mention.,10846.11,7,,Cash,TXN-0002799
2800,2024-12-01,EXPENSE,Professional Services,Arrive just generation measure.,251516.59,3,,Credit Card,TXN-0002800
2801,2025-11-18,EXPENSE,Equipment,Strategy size budget.,180906.04,3,,Credit Card,TXN-0002801
2802,2024-06-21,EXPENSE,Software,Gas serious production.,126020.95,1,,Debit Card,TXN-0002802
2803,2025-11-08,EXPENSE,Logistics,Sometimes final alone prepare act until.,169037.45,4,,Cash,TXN-0002803
2804,2024-01-18,EXPENSE,Insurance,Edge after record agreement bill fish.,441906.59,4,,Mobile Money,TXN-0002804
2805,2024-11-07,EXPENSE,Equipment,Federal oil writer cut.,301733.93,1,,Debit Card,TXN-0002805
2806,2024-01-31,INCOME,Other Income,But responsibility upon.,397389.34,1,208.0,Debit Card,TXN-0002806
2807,2024-02-11,EXPENSE,Marketing,School go dog financial.,343978.46,4,,Debit Card,TXN-0002807
2808,2024-05-30,EXPENSE,Office Supplies,Sea agree nice president kind.,12057.6,1,,Cash,TXN-0002808
2809,2025-06-17,EXPENSE,Utilities,East everybody media PM.,309366.38,5,,Mobile Money,TXN-0002809
2810,2024-09-13,EXPENSE,Rent,Blue carry kitchen throw describe.,38775.66,1,,Credit Card,TXN-0002810
2811,2024-07-20,EXPENSE,Office Supplies,Paper training economic.,465021.92,5,,Bank Transfer,TXN-0002811
2812,2024-04-02,INCOME,Other Income,List fly official.,157477.94,5,,Bank Transfer,TXN-0002812
2813,2025-04-17,EXPENSE,Office Supplies,Budget fast very heart popular.,389591.06,9,,Debit Card,TXN-0002813
2814,2025-03-08,EXPENSE,Maintenance,Analysis reduce before.,154475.36,6,158.0,Credit Card,TXN-0002814
2815,2025-12-18,EXPENSE,Marketing,Rather market about.,23866.05,4,,Bank Transfer,TXN-0002815
2816,2024-03-12,EXPENSE,Rent,Check past compare near.,222198.47,7,,Debit Card,TXN-0002816
2817,2025-03-27,INCOME,Sales Revenue,May wish room speak.,779528.37,4,,Debit Card,TXN-0002817
2818,2025-03-11,EXPENSE,Logistics,Factor power whole rather owner.,316512.56,7,,Credit Card,TXN-0002818
2819,2024-03-15,EXPENSE,Professional Services,Treat hospital behavior size.,105280.23,7,93.0,Debit Card,TXN-0002819
2820,2024-01-21,EXPENSE,Utilities,Speak land always.,497551.21,2,,Credit Card,TXN-0002820
2821,2024-04-09,INCOME,Consulting Revenue,Must yourself about ahead someone respond.,442368.72,2,,Cash,TXN-0002821
2822,2025-03-23,EXPENSE,Maintenance,Father guess son born ever.,78975.93,5,,Mobile Money,TXN-0002822
2823,2024-01-13,INCOME,Consulting Revenue,Capital develop she.,84441.64,9,231.0,Debit Card,TXN-0002823
2824,2024-09-02,EXPENSE,Professional Services,Unusually large expense transaction,821273.6,7,201.0,Bank Transfer,TXN-0002824
2825,2024-12-19,INCOME,Consulting Revenue,State increase pattern pass remain.,768230.72,10,,Bank Transfer,TXN-0002825
2826,2025-05-28,EXPENSE,Rent,Cup final today push pretty measure.,31639.65,10,212.0,Cash,TXN-0002826
2827,2025-06-08,EXPENSE,Logistics,Play want your who return under.,165695.28,10,,Mobile Money,TXN-0002827
2828,2025-09-10,EXPENSE,Professional Services,Foreign step guess major.,260622.76,9,,Mobile Money,TXN-0002828
2829,2025-01-30,EXPENSE,Travel,Find camera need visit.,1073.64,4,,Mobile Money,TXN-0002829
2830,2024-01-14,EXPENSE,Travel,Resource grow check expert general good.,172930.61,4,,Bank Transfer,TXN-0002830
2831,2025-01-08,EXPENSE,Insurance,Pay quickly south meet table.,324098.59,3,,Debit Card,TXN-0002831
2832,2024-07-06,EXPENSE,Logistics,Clear value box similar agree particularly.,385983.17,6,115.0,Mobile Money,TXN-0002832
2833,2025-07-20,EXPENSE,Equipment,Still who sound mind role.,90194.0,6,,Debit Card,TXN-0002833
2834,2025-10-28,EXPENSE,Travel,Significant class attack officer democratic.,7924.13,5,,Cash,TXN-0002834
2835,2024-01-19,EXPENSE,Payroll,Federal notice partner year to process.,124154.04,8,,Debit Card,TXN-0002835
2836,2025-07-12,INCOME,Subscription Revenue,Professor chair each.,660135.52,3,26.0,Cash,TXN-0002836
2837,2025-06-06,INCOME,Sales Revenue,East class also must reveal.,338376.52,5,,Mobile Money,TXN-0002837
2838,2025-01-27,EXPENSE,Maintenance,How help again marriage wrong candidate.,349452.45,10,,Bank Transfer,TXN-0002838
2839,2025-06-25,INCOME,Other Income,Career available several.,731269.68,8,,Cash,TXN-0002839
2840,2025-05-12,INCOME,Subscription Revenue,Require relate player.,71812.42,4,,Debit Card,TXN-0002840
2841,2024-02-10,EXPENSE,Marketing,Improve note fill.,433208.53,9,,Debit Card,TXN-0002841
2842,2024-05-01,EXPENSE,Insurance,Which least get.,117438.4,5,68.0,Cash,TXN-0002842
2843,2024-02-12,EXPENSE,Logistics,Relationship say television eight.,233608.05,4,,Debit Card,TXN-0002843
2844,2024-02-10,INCOME,Service Revenue,Brother bed hope.,805093.9,1,133.0,Cash,TXN-0002844
2845,2025-01-01,EXPENSE,Travel,Memory financial already exist.,349740.96,9,,Cash,TXN-0002845
2846,2025-08-10,EXPENSE,Insurance,Another front issue cold deal yet.,318499.19,1,,Mobile Money,TXN-0002846
2847,2024-12-28,EXPENSE,Travel,Difficult wide senior.,469109.52,3,,Debit Card,TXN-0002847
2848,2025-02-03,EXPENSE,Professional Services,Company others without.,52696.2,6,,Mobile Money,TXN-0002848
2849,2025-09-14,INCOME,Other Income,Far must interest pressure action air.,94226.48,7,207.0,Credit Card,TXN-0002849
2850,2025-08-17,INCOME,Subscription Revenue,Indicate region maintain month market.,219511.39,8,,Credit Card,TXN-0002850
2851,2024-05-28,EXPENSE,Maintenance,Business well how expert.,248127.71,2,,Credit Card,TXN-0002851
2852,2025-01-24,EXPENSE,Payroll,Activity coach war late.,345728.66,2,,Mobile Money,TXN-0002852
2853,2025-05-07,EXPENSE,Maintenance,Decision defense century event officer these.,61023.7,3,,Mobile Money,TXN-0002853
2854,2024-03-04,EXPENSE,Insurance,Book site leader.,261837.79,10,,Mobile Money,TXN-0002854
2855,2024-01-16,EXPENSE,Equipment,Of up box.,86974.07,2,,Credit Card,TXN-0002855
2856,2025-08-30,INCOME,Other Income,Describe have especially child.,973919.21,3,253.0,Mobile Money,TXN-0002856
2857,2025-05-02,EXPENSE,Insurance,Throw opportunity fire little throw.,212380.3,1,,Mobile Money,TXN-0002857
2858,2025-11-07,INCOME,Subscription Revenue,Evening process protect until season.,101082.25,5,,Cash,TXN-0002858
2859,2025-07-27,EXPENSE,Payroll,But community bad quite go.,71330.59,8,,Credit Card,TXN-0002859
2860,2024-01-18,INCOME,Consulting Revenue,Daughter debate ask.,996621.99,10,,Bank Transfer,TXN-0002860
2861,2024-02-11,EXPENSE,Office Supplies,Behind imagine true southern.,146864.76,2,227.0,Credit Card,TXN-0002861
2862,2025-01-29,INCOME,Consulting Revenue,Prevent season measure reveal local.,137290.8,5,,Bank Transfer,TXN-0002862
2863,2024-05-26,EXPENSE,Software,Important eat begin.,438027.83,9,,Credit Card,TXN-0002863
2864,2025-09-01,EXPENSE,Insurance,Idea society unit store sometimes.,57523.58,10,,Mobile Money,TXN-0002864
2865,2025-08-24,INCOME,Other Income,Hour will together son capital campaign.,968269.39,8,,Mobile Money,TXN-0002865
2866,2024-06-29,EXPENSE,Logistics,Hospital people star politics above must.,214291.62,10,60.0,Credit Card,TXN-0002866
2867,2024-12-01,INCOME,Subscription Revenue,Future agree few hotel radio method.,902726.02,5,,Cash,TXN-0002867
2868,2024-06-09,INCOME,Subscription Revenue,Popular describe tree instead late physical.,890812.11,3,,Bank Transfer,TXN-0002868
2869,2025-04-15,EXPENSE,Software,Left star body.,123168.76,3,,Bank Transfer,TXN-0002869
2870,2024-11-09,INCOME,Service Revenue,Mean president realize they interest.,343925.93,5,,Mobile Money,TXN-0002870
2871,2024-08-20,INCOME,Other Income,Success major serious small health.,78319.97,10,,Cash,TXN-0002871
2872,2025-09-10,EXPENSE,Payroll,Contain general fly he analysis.,381718.97,8,,Credit Card,TXN-0002872
2873,2025-03-06,INCOME,Subscription Revenue,Compare your issue nation.,11844.23,7,,Credit Card,TXN-0002873
2874,2024-01-31,EXPENSE,Office Supplies,Less table factor bring actually available.,94118.61,2,,Credit Card,TXN-0002874
2875,2025-06-15,INCOME,Consulting Revenue,Page up that research.,394468.85,4,,Mobile Money,TXN-0002875
2876,2024-04-24,EXPENSE,Insurance,Fly answer whole baby.,343543.27,4,,Mobile Money,TXN-0002876
2877,2025-10-07,INCOME,Consulting Revenue,Soon too generation beat participant tend.,983140.57,5,,Cash,TXN-0002877
2878,2024-01-21,EXPENSE,Utilities,Line model record address.,16148.68,7,,Credit Card,TXN-0002878
2879,2025-04-14,EXPENSE,Equipment,Training feel rule daughter.,429858.2,4,,Bank Transfer,TXN-0002879
2880,2025-01-29,EXPENSE,Maintenance,Air wish one phone.,392369.5,5,298.0,Debit Card,TXN-0002880
2881,2024-10-18,INCOME,Other Income,Best four car top daughter.,865142.5,2,90.0,Debit Card,TXN-0002881
2882,2024-09-16,EXPENSE,Office Supplies,Generation security car during world.,321505.85,6,248.0,Cash,TXN-0002882
2883,2025-03-17,EXPENSE,Rent,Southern international truth little tend hour.,288349.84,4,,Credit Card,TXN-0002883
2884,2025-08-30,EXPENSE,Utilities,Notice party officer remember discover part.,70063.83,1,78.0,Cash,TXN-0002884
2885,2025-04-02,EXPENSE,Office Supplies,Again help happen.,294174.08,10,,Bank Transfer,TXN-0002885
2886,2024-02-15,INCOME,Sales Revenue,Paper leader bit.,783195.72,6,,Debit Card,TXN-0002886
2887,2025-09-15,EXPENSE,Equipment,Without my civil.,40234.15,9,,Bank Transfer,TXN-0002887
2888,2024-09-11,EXPENSE,Equipment,Couple southern realize.,256916.11,4,16.0,Bank Transfer,TXN-0002888
2889,2025-03-22,EXPENSE,Software,Positive least response movement.,341394.37,5,,Cash,TXN-0002889
2890,2025-04-12,INCOME,Service Revenue,Away road we nation another.,127320.38,5,124.0,Mobile Money,TXN-0002890
2891,2025-06-05,INCOME,Consulting Revenue,State oil remain civil work.,498664.45,4,56.0,Bank Transfer,TXN-0002891
2892,2024-12-12,EXPENSE,Software,Your feeling beat debate.,133766.16,6,,Cash,TXN-0002892
2893,2025-04-07,INCOME,Sales Revenue,Over tell less bed soldier person.,760991.77,8,,Bank Transfer,TXN-0002893
2894,2025-10-17,EXPENSE,Payroll,Never laugh subject.,399863.22,1,,Bank Transfer,TXN-0002894
2895,2024-07-22,INCOME,Consulting Revenue,Myself approach once she similar.,75106.12,7,,Cash,TXN-0002895
2896,2025-06-22,INCOME,Consulting Revenue,Prevent serve hotel upon.,978487.49,5,,Credit Card,TXN-0002896
2897,2024-07-19,EXPENSE,Rent,Dog general race.,450620.03,1,,Bank Transfer,TXN-0002897
2898,2024-04-02,EXPENSE,Insurance,Collection ground white.,7782.49,2,,Credit Card,TXN-0002898
2899,2024-03-20,EXPENSE,Equipment,Style way method report person strong.,10004.21,7,,Cash,TXN-0002899
2900,2024-03-11,INCOME,Service Revenue,Staff simply industry part positive tax.,658669.96,10,,Credit Card,TXN-0002900
2901,2025-04-30,INCOME,Other Income,Admit reality specific run want manage.,419912.61,2,,Debit Card,TXN-0002901
2902,2025-10-01,INCOME,Sales Revenue,Smile job may example year.,365223.75,3,,Debit Card,TXN-0002902
2903,2024-07-08,EXPENSE,Maintenance,Cost approach year their identify president.,87221.75,5,,Cash,TXN-0002903
2904,2025-10-24,EXPENSE,Insurance,Mrs institution decade difficult.,323784.71,9,154.0,Cash,TXN-0002904
2905,2025-02-07,EXPENSE,Travel,Significant rock dinner.,206488.79,9,,Debit Card,TXN-0002905
2906,2024-12-18,INCOME,Sales Revenue,Defense accept born.,686323.06,10,,Credit Card,TXN-0002906
2907,2025-10-17,EXPENSE,Rent,Page follow game.,421853.14,8,,Debit Card,TXN-0002907
2908,2025-09-15,INCOME,Other Income,Theory last arm.,212803.14,4,,Bank Transfer,TXN-0002908
2909,2024-02-26,INCOME,Other Income,Appear thus development.,82857.67,7,,Mobile Money,TXN-0002909
2910,2025-06-15,EXPENSE,Logistics,Message concern discuss may sing foot.,14251.01,6,260.0,Debit Card,TXN-0002910
2911,2024-11-02,EXPENSE,Equipment,Daughter economic expert attorney.,265791.07,1,,Credit Card,TXN-0002911
2912,2025-12-07,EXPENSE,Marketing,Now office improve attorney.,295367.61,1,,Cash,TXN-0002912
2913,2025-03-02,EXPENSE,Insurance,Religious must about.,293898.41,3,,Cash,TXN-0002913
2914,2025-06-05,EXPENSE,Software,Seat glass American chance.,242550.22,4,,Cash,TXN-0002914
2915,2024-04-05,INCOME,Subscription Revenue,Inside use already management charge fear.,33470.02,8,,Bank Transfer,TXN-0002915
2916,2024-03-01,INCOME,Consulting Revenue,Event early appear.,967490.9,9,,Debit Card,TXN-0002916
2917,2025-06-30,EXPENSE,Office Supplies,Tax myself alone enough.,346260.58,8,,Mobile Money,TXN-0002917
2918,2024-03-22,EXPENSE,Utilities,Nothing land particular hold present.,402086.85,5,,Cash,TXN-0002918
2919,2025-01-25,INCOME,Sales Revenue,Business religious drop deal.,924958.39,1,,Bank Transfer,TXN-0002919
2920,2025-04-14,EXPENSE,Office Supplies,Education ten example company.,355498.01,7,18.0,Bank Transfer,TXN-0002920
2921,2025-07-09,INCOME,Consulting Revenue,Community mother same wall.,519558.39,6,,Bank Transfer,TXN-0002921
2922,2025-06-10,EXPENSE,Maintenance,Year discover much assume.,68446.93,4,,Cash,TXN-0002922
2923,2025-07-17,EXPENSE,Rent,None draw sound leader pay work.,437468.66,10,,Debit Card,TXN-0002923
2924,2025-09-17,INCOME,Consulting Revenue,Continue southern man able tax record.,885245.96,10,,Debit Card,TXN-0002924
2925,2024-08-05,EXPENSE,Equipment,No population protect capital particularly.,40080.36,5,80.0,Cash,TXN-0002925
2926,2025-12-28,EXPENSE,Rent,Wrong or magazine.,32268.63,1,,Credit Card,TXN-0002926
2927,2025-09-06,INCOME,Service Revenue,Area leg collection rich thing lawyer.,592924.96,2,,Mobile Money,TXN-0002927
2928,2025-07-15,INCOME,Sales Revenue,Lawyer establish do eight civil.,885973.24,5,,Credit Card,TXN-0002928
2929,2024-01-18,INCOME,Sales Revenue,Partner ability development recent PM.,602922.49,6,,Credit Card,TXN-0002929
2930,2024-04-12,EXPENSE,Equipment,Get on health although wonder.,406870.96,3,212.0,Cash,TXN-0002930
2931,2024-06-28,INCOME,Sales Revenue,Throw cell so low song positive.,917699.75,1,33.0,Credit Card,TXN-0002931
2932,2024-05-21,EXPENSE,Office Supplies,Act real myself feel never stop.,488586.01,1,233.0,Cash,TXN-0002932
2933,2025-01-08,EXPENSE,Software,Into college foreign yes today customer.,490888.5,7,,Credit Card,TXN-0002933
2934,2024-03-15,INCOME,Other Income,Interesting I truth good.,729709.74,4,,Debit Card,TXN-0002934
2935,2024-05-25,INCOME,Service Revenue,Guy kind just across.,314209.21,7,,Credit Card,TXN-0002935
2936,2025-07-16,EXPENSE,Rent,Finish lead sign old.,375233.5,5,,Bank Transfer,TXN-0002936
2937,2025-11-15,INCOME,Service Revenue,Exist line travel.,517314.35,10,,Bank Transfer,TXN-0002937
2938,2025-10-16,INCOME,Other Income,Lose teach find.,373541.91,10,,Debit Card,TXN-0002938
2939,2024-12-22,INCOME,Sales Revenue,Rock peace wear success.,441633.26,4,,Debit Card,TXN-0002939
2940,2024-07-28,EXPENSE,Professional Services,Follow wish marriage get morning personal.,90384.67,1,,Mobile Money,TXN-0002940
2941,2025-02-23,INCOME,Consulting Revenue,Maybe clear cover.,953960.89,2,,Debit Card,TXN-0002941
2942,2025-09-15,EXPENSE,Software,Because understand figure poor attorney war.,370837.32,10,,Bank Transfer,TXN-0002942
2943,2025-03-20,EXPENSE,Software,Chair probably focus place behind return.,46446.84,5,,Debit Card,TXN-0002943
2944,2025-11-30,INCOME,Subscription Revenue,Institution strong sense sell peace.,263425.59,6,50.0,Mobile Money,TXN-0002944
2945,2025-05-09,INCOME,Other Income,Follow character go as big continue.,312430.62,5,,Mobile Money,TXN-0002945
2946,2025-01-21,EXPENSE,Logistics,Upon purpose trouble response.,86613.63,9,83.0,Bank Transfer,TXN-0002946
2947,2024-04-25,EXPENSE,Payroll,Training method cultural us only its.,38959.09,8,,Mobile Money,TXN-0002947
2948,2025-07-26,INCOME,Sales Revenue,Address some choose.,657233.61,4,,Credit Card,TXN-0002948
2949,2025-09-12,INCOME,Consulting Revenue,Official series thank bank message money.,842598.81,9,,Credit Card,TXN-0002949
2950,2024-06-20,INCOME,Consulting Revenue,Possible shake thousand heavy.,959217.26,7,191.0,Credit Card,TXN-0002950
2951,2024-07-04,INCOME,Sales Revenue,Finally assume receive all wall.,884873.64,5,,Credit Card,TXN-0002951
2952,2025-05-19,INCOME,Sales Revenue,Material miss activity.,121990.07,2,,Debit Card,TXN-0002952
2953,2024-11-03,EXPENSE,Marketing,Resource politics where.,42741.12,4,,Mobile Money,TXN-0002953
2954,2025-10-01,EXPENSE,Logistics,Woman chance west relate join.,14865.55,6,,Cash,TXN-0002954
2955,2024-09-04,INCOME,Service Revenue,Nor assume evidence.,892648.73,8,65.0,Mobile Money,TXN-0002955
2956,2025-12-23,INCOME,Consulting Revenue,Someone media current color little natural.,567729.65,7,,Mobile Money,TXN-0002956
2957,2024-04-26,EXPENSE,Maintenance,Hour quality series effort.,483098.98,8,,Debit Card,TXN-0002957
2958,2024-03-21,EXPENSE,Payroll,Mother point practice mention response choose.,218581.6,5,109.0,Debit Card,TXN-0002958
2959,2025-03-27,INCOME,Subscription Revenue,Small ball where book budget recent.,694084.23,5,,Mobile Money,TXN-0002959
2960,2024-07-11,EXPENSE,Maintenance,None they church though.,224166.42,7,290.0,Mobile Money,TXN-0002960
2961,2024-04-26,EXPENSE,Rent,Can write with sign but sometimes.,222003.44,2,,Debit Card,TXN-0002961
2962,2025-04-24,EXPENSE,Rent,Imagine along adult main smile.,329423.1,6,,Credit Card,TXN-0002962
2963,2025-07-28,INCOME,Sales Revenue,Appear threat continue former yes.,152593.17,8,,Bank Transfer,TXN-0002963
2964,2025-06-13,EXPENSE,Marketing,Pattern ball quickly western.,65164.74,6,,Credit Card,TXN-0002964
2965,2024-03-31,INCOME,Service Revenue,Dark back drug feeling protect.,218126.29,9,156.0,Credit Card,TXN-0002965
2966,2024-06-07,INCOME,Subscription Revenue,Determine town everything people.,896039.87,2,,Mobile Money,TXN-0002966
2967,2024-05-08,EXPENSE,Payroll,Something show but.,439971.74,8,,Debit Card,TXN-0002967
2968,2024-03-27,EXPENSE,Equipment,Almost always similar modern.,291525.21,1,,Bank Transfer,TXN-0002968
2969,2024-01-03,EXPENSE,Insurance,Most deep beat example develop model.,403738.33,10,,Bank Transfer,TXN-0002969
2970,2024-01-07,EXPENSE,Utilities,Fine exist either out sport.,185666.23,9,,Credit Card,TXN-0002970
2971,2025-03-11,INCOME,Sales Revenue,Itself music ever build.,914369.28,8,189.0,Cash,TXN-0002971
2972,2025-02-26,EXPENSE,Marketing,Democrat race east.,201769.41,3,92.0,Debit Card,TXN-0002972
2973,2025-03-21,INCOME,Other Income,Set game evening far wear.,542347.98,5,,Cash,TXN-0002973
2974,2025-09-26,EXPENSE,Professional Services,Daughter chair different matter artist these go.,35525.38,5,,Cash,TXN-0002974
2975,2025-07-03,EXPENSE,Rent,Politics wind rock.,260060.67,1,,Mobile Money,TXN-0002975
2976,2025-09-08,EXPENSE,Utilities,Through wide ready must effect.,444596.92,8,,Debit Card,TXN-0002976
2977,2024-03-05,INCOME,Sales Revenue,Since threat group teacher describe call.,164587.1,8,,Cash,TXN-0002977
2978,2025-12-27,EXPENSE,Marketing,Wall wind stop fast rich still.,138814.72,4,,Credit Card,TXN-0002978
2979,2024-11-17,EXPENSE,Equipment,Child back shake key last land.,478485.29,5,,Mobile Money,TXN-0002979
2980,2025-07-01,EXPENSE,Maintenance,Payment linked to inactive employee,229809.91,2,111.0,Bank Transfer,TXN-0002980
2981,2024-10-03,EXPENSE,Insurance,Direction indeed whole.,85229.2,8,,Credit Card,TXN-0002981
2982,2024-09-17,INCOME,Subscription Revenue,Position nothing though receive little.,469014.18,10,,Cash,TXN-0002982
2983,2025-04-28,EXPENSE,Software,Account its little.,350430.36,8,,Credit Card,TXN-0002983
2984,2024-03-21,EXPENSE,Logistics,Begin industry entire member drug hair.,52070.14,9,,Cash,TXN-0002984
2985,2024-04-13,INCOME,Subscription Revenue,Available imagine power.,500552.69,5,110.0,Debit Card,TXN-0002985
2986,2024-05-04,INCOME,Consulting Revenue,Knowledge agree moment stand different impact.,350085.03,8,,Bank Transfer,TXN-0002986
2987,2025-12-04,EXPENSE,Payroll,Final when compare pass table wall.,392059.15,1,,Mobile Money,TXN-0002987
2988,2024-06-26,EXPENSE,Travel,Federal type throughout wide herself.,315825.42,6,,Credit Card,TXN-0002988
2989,2024-09-12,INCOME,Sales Revenue,Still Mr throughout upon ahead.,80523.81,4,135.0,Bank Transfer,TXN-0002989
2990,2025-08-05,INCOME,Service Revenue,Detail college enough heart top.,961923.11,10,94.0,Cash,TXN-0002990
2991,2024-04-20,EXPENSE,Software,Order heart again realize space body.,191566.77,3,,Debit Card,TXN-0002991
2992,2025-12-23,EXPENSE,Logistics,Area responsibility read goal scientist.,457636.96,3,,Bank Transfer,TXN-0002992
2993,2025-01-15,EXPENSE,Travel,Color success hand threat add.,317692.57,6,,Credit Card,TXN-0002993
2994,2025-04-08,EXPENSE,Equipment,Husband account position set little.,154709.02,3,,Debit Card,TXN-0002994
2995,2025-03-13,INCOME,Consulting Revenue,Positive discussion there.,162909.43,3,,Bank Transfer,TXN-0002995
2996,2025-03-29,INCOME,Sales Revenue,Speech soldier much.,282448.82,1,,Cash,TXN-0002996
2997,2025-11-12,EXPENSE,Professional Services,Great natural later none.,81804.25,6,32.0,Bank Transfer,TXN-0002997
2998,2024-12-15,EXPENSE,Insurance,Everything seven issue agree whom.,231202.84,1,,Mobile Money,TXN-0002998
2999,2025-06-14,EXPENSE,Professional Services,Money information value.,85950.08,1,123.0,Credit Card,TXN-0002999
3000,2025-08-02,EXPENSE,Maintenance,Soon itself article animal drug.,286901.53,7,,Cash,TXN-0003000
3001,2024-05-09,INCOME,Service Revenue,Enjoy yourself work movement likely member finish.,68616.88,1,,Debit Card,TXN-0003001
3002,2024-01-09,INCOME,Other Income,Turn box win occur cup.,394385.08,2,,Debit Card,TXN-0003002
3003,2025-06-14,EXPENSE,Insurance,Unusually large expense transaction,1940097.05,6,204.0,Debit Card,TXN-0003003
3004,2024-10-17,EXPENSE,Travel,Choose he pressure us.,37022.86,1,,Credit Card,TXN-0003004
3005,2024-04-16,INCOME,Other Income,Affect price anyone.,381544.38,7,,Debit Card,TXN-0003005
3006,2024-11-19,INCOME,Subscription Revenue,Market guess probably.,152344.87,3,186.0,Bank Transfer,TXN-0003006
3007,2024-03-11,EXPENSE,Professional Services,Military outside parent color.,158207.66,10,,Cash,TXN-0003007
3008,2025-11-04,EXPENSE,Payroll,Suddenly write carry.,204464.43,6,,Debit Card,TXN-0003008
3009,2024-10-16,INCOME,Consulting Revenue,Measure near do.,681956.95,4,,Credit Card,TXN-0003009
3010,2025-05-05,INCOME,Subscription Revenue,People could current professional.,828540.52,5,24.0,Mobile Money,TXN-0003010
3011,2025-03-20,EXPENSE,Marketing,Manage personal how clearly seven history.,72560.49,8,,Cash,TXN-0003011
3012,2025-08-29,EXPENSE,Insurance,Tax particular smile.,283639.21,7,,Debit Card,TXN-0003012
3013,2025-02-13,INCOME,Subscription Revenue,Various once score seven theory.,42648.57,8,,Mobile Money,TXN-0003013
3014,2024-10-12,EXPENSE,Insurance,Resource only indicate save financial.,225658.83,4,,Cash,TXN-0003014
3015,2025-08-05,INCOME,Sales Revenue,Blood top model.,73102.59,4,180.0,Credit Card,TXN-0003015
3016,2024-04-14,EXPENSE,Payroll,Administration through job voice single.,76046.33,4,,Debit Card,TXN-0003016
3017,2024-11-09,EXPENSE,Marketing,Break safe without.,74825.0,8,,Bank Transfer,TXN-0003017
3018,2024-10-15,INCOME,Other Income,Grow eight story create purpose.,803869.54,7,,Credit Card,TXN-0003018
3019,2024-08-01,INCOME,Other Income,Quality gun treatment rich boy floor second.,684451.45,7,,Mobile Money,TXN-0003019
3020,2025-04-24,INCOME,Sales Revenue,Order describe economic.,927004.69,3,,Mobile Money,TXN-0003020
3021,2025-08-25,EXPENSE,Software,Year nothing society since.,163116.33,5,300.0,Credit Card,TXN-0003021
3022,2025-02-23,INCOME,Other Income,Able behavior glass relate.,575097.25,1,153.0,Mobile Money,TXN-0003022
3023,2024-07-30,INCOME,Subscription Revenue,Already firm able many class and.,616530.43,1,,Mobile Money,TXN-0003023
3024,2024-03-04,INCOME,Service Revenue,Science sort writer.,965504.28,7,,Debit Card,TXN-0003024
3025,2025-01-17,INCOME,Sales Revenue,Reach cut hear guy most.,591130.71,1,,Debit Card,TXN-0003025
3026,2025-10-25,INCOME,Subscription Revenue,Water sure point sort.,868204.02,3,,Mobile Money,TXN-0003026
3027,2025-03-07,EXPENSE,Rent,Rise how center local throughout maybe.,165744.4,4,,Credit Card,TXN-0003027
3028,2025-11-14,INCOME,Subscription Revenue,Kid here what like cup Democrat.,819346.44,5,,Debit Card,TXN-0003028
3029,2025-10-28,EXPENSE,Equipment,Payment linked to inactive employee,5795.1,9,230.0,Debit Card,TXN-0003029
3030,2024-05-29,EXPENSE,Utilities,Party way college say man owner.,292988.94,1,,Debit Card,TXN-0003030
3031,2024-03-30,EXPENSE,Maintenance,Responsibility glass energy authority stop small.,118424.41,3,,Mobile Money,TXN-0003031
3032,2025-06-12,EXPENSE,Utilities,Leg eight onto TV anything pattern.,39391.24,8,,Bank Transfer,TXN-0003032
3033,2025-06-20,INCOME,Other Income,Dinner right discover example main.,714309.27,8,298.0,Bank Transfer,TXN-0003033
3034,2024-10-01,EXPENSE,Travel,Hope student vote try style.,472122.44,3,73.0,Debit Card,TXN-0003034
3035,2024-02-09,INCOME,Consulting Revenue,Simple wall focus car morning.,79982.07,8,,Mobile Money,TXN-0003035
3036,2025-11-15,EXPENSE,Equipment,More phone let short mention.,44232.76,7,,Mobile Money,TXN-0003036
3037,2025-09-07,INCOME,Consulting Revenue,May week Republican.,864201.53,6,,Cash,TXN-0003037
3038,2024-06-14,EXPENSE,Office Supplies,Campaign forward couple.,218562.75,1,,Cash,TXN-0003038
3039,2024-01-03,INCOME,Consulting Revenue,Rest hospital serious activity.,57174.58,4,,Credit Card,TXN-0003039
3040,2024-11-13,EXPENSE,Office Supplies,Since bank give.,196790.3,2,,Cash,TXN-0003040
3041,2025-01-22,INCOME,Subscription Revenue,Rich positive high art.,420501.55,7,,Cash,TXN-0003041
3042,2025-10-24,INCOME,Sales Revenue,Wish exist agreement body.,486516.25,6,,Credit Card,TXN-0003042
3043,2025-12-07,INCOME,Sales Revenue,Yeah fund imagine have church understand.,194551.57,3,,Debit Card,TXN-0003043
3044,2025-09-30,INCOME,Service Revenue,Customer service mother miss send.,695004.34,1,,Bank Transfer,TXN-0003044
3045,2024-04-02,EXPENSE,Insurance,Reach listen loss.,18791.18,4,,Bank Transfer,TXN-0003045
3046,2025-04-08,INCOME,Sales Revenue,Allow system suggest game rule.,223760.77,8,,Credit Card,TXN-0003046
3047,2024-07-05,EXPENSE,Payroll,All environment turn political away successful.,114607.08,3,,Mobile Money,TXN-0003047
3048,2024-07-26,EXPENSE,Maintenance,Opportunity affect against present.,252148.43,5,,Debit Card,TXN-0003048
3049,2024-02-09,INCOME,Subscription Revenue,Establish consumer science chance.,824994.69,3,,Credit Card,TXN-0003049
3050,2024-04-20,EXPENSE,Maintenance,Clear wall technology character.,287479.85,9,159.0,Bank Transfer,TXN-0003050
3051,2025-07-14,EXPENSE,Marketing,Show always body together.,399304.55,9,177.0,Cash,TXN-0003051
3052,2025-10-09,EXPENSE,Logistics,Focus size save range.,455079.17,7,,Cash,TXN-0003052
3053,2024-03-01,INCOME,Other Income,Shake stock deep guess them.,820670.66,1,,Cash,TXN-0003053
3054,2024-02-10,EXPENSE,Travel,Trouble large hard.,10687.08,4,91.0,Mobile Money,TXN-0003054
3055,2025-11-20,INCOME,Consulting Revenue,Building as partner must everything.,779932.53,6,,Credit Card,TXN-0003055
3056,2024-10-23,EXPENSE,Payroll,Shake save herself.,130236.86,7,,Credit Card,TXN-0003056
3057,2025-04-09,EXPENSE,Maintenance,Interview right stuff quite.,353324.55,3,76.0,Bank Transfer,TXN-0003057
3058,2025-04-15,EXPENSE,Software,Data where particularly method talk building.,119818.2,6,50.0,Mobile Money,TXN-0003058
3059,2025-10-24,EXPENSE,Payroll,Their true although toward agreement.,94610.83,3,,Mobile Money,TXN-0003059
3060,2025-04-25,INCOME,Sales Revenue,Night hot against born experience.,94491.02,7,,Bank Transfer,TXN-0003060
3061,2024-10-26,EXPENSE,Insurance,Improve size level.,200091.18,5,,Debit Card,TXN-0003061
3062,2024-02-16,EXPENSE,Office Supplies,Home military understand pull radio local.,100448.02,7,,Bank Transfer,TXN-0003062
3063,2025-04-26,EXPENSE,Software,Inside white if ball class.,414142.56,6,,Cash,TXN-0003063
3064,2024-06-12,EXPENSE,Maintenance,Concern help teach must fish fast.,153108.1,8,48.0,Cash,TXN-0003064
3065,2025-10-09,INCOME,Service Revenue,Minute company nor.,661771.42,8,294.0,Bank Transfer,TXN-0003065
3066,2025-12-30,EXPENSE,Utilities,Charge name north high make.,269131.61,7,,Debit Card,TXN-0003066
3067,2025-05-19,EXPENSE,Equipment,Firm run model.,468693.53,7,,Cash,TXN-0003067
3068,2024-03-16,INCOME,Sales Revenue,Argue speech fill animal center.,970240.54,8,,Mobile Money,TXN-0003068
3069,2025-05-13,EXPENSE,Software,Site already data land writer.,178242.03,10,,Cash,TXN-0003069
3070,2025-02-02,INCOME,Other Income,Special teach thousand staff form effort.,385301.52,7,,Mobile Money,TXN-0003070
3071,2025-10-20,INCOME,Service Revenue,Name bad leader.,146532.5,7,,Debit Card,TXN-0003071
3072,2024-01-14,EXPENSE,Payroll,Specific end threat.,396692.66,6,,Debit Card,TXN-0003072
3073,2025-06-06,INCOME,Sales Revenue,Way though yet.,740572.82,4,,Debit Card,TXN-0003073
3074,2025-08-13,EXPENSE,Travel,Between low within professor decade our.,303941.8,7,102.0,Bank Transfer,TXN-0003074
3075,2024-03-18,EXPENSE,Professional Services,Already range TV best give front.,382211.12,5,75.0,Bank Transfer,TXN-0003075
3076,2024-01-16,EXPENSE,Logistics,Majority treatment nation cause budget.,151457.8,2,,Cash,TXN-0003076
3077,2025-05-25,EXPENSE,Office Supplies,Chair realize floor.,486670.19,2,,Cash,TXN-0003077
3078,2024-01-20,INCOME,Service Revenue,Hard report move.,264799.9,4,168.0,Bank Transfer,TXN-0003078
3079,2025-11-24,INCOME,Service Revenue,Health industry employee skin north.,595012.15,6,,Cash,TXN-0003079
3080,2025-10-28,INCOME,Other Income,Relationship from professional example maintain matter.,738186.32,4,52.0,Bank Transfer,TXN-0003080
3081,2024-02-13,INCOME,Service Revenue,Unit attorney consider security stage.,738686.7,6,112.0,Debit Card,TXN-0003081
3082,2025-12-23,EXPENSE,Maintenance,Thus watch health full apply technology.,101676.59,5,,Bank Transfer,TXN-0003082
3083,2025-10-16,EXPENSE,Utilities,Former indeed support southern professional peace other.,303117.38,2,,Mobile Money,TXN-0003083
3084,2025-03-09,INCOME,Service Revenue,Throughout various different on attorney customer.,762103.27,5,,Bank Transfer,TXN-0003084
3085,2024-09-08,EXPENSE,Travel,General movie a product space indeed.,432810.22,4,260.0,Credit Card,TXN-0003085
3086,2025-10-14,INCOME,Sales Revenue,Place bad receive.,489917.0,7,,Credit Card,TXN-0003086
3087,2025-09-04,EXPENSE,Marketing,Report yard picture.,17270.25,9,131.0,Debit Card,TXN-0003087
3088,2024-01-20,EXPENSE,Maintenance,Receive decide marriage specific.,21735.89,9,,Debit Card,TXN-0003088
3089,2025-08-03,EXPENSE,Logistics,Almost wide main your consider.,278771.46,10,,Bank Transfer,TXN-0003089
3090,2025-03-13,EXPENSE,Logistics,Everything son but outside ball.,322557.98,2,,Credit Card,TXN-0003090
3091,2024-12-07,EXPENSE,Travel,Couple manager without cause.,298864.07,4,155.0,Debit Card,TXN-0003091
3092,2024-01-27,INCOME,Subscription Revenue,Front friend easy him.,345324.89,4,265.0,Mobile Money,TXN-0003092
3093,2024-05-11,INCOME,Service Revenue,Agreement miss almost act though rich.,420131.24,5,,Bank Transfer,TXN-0003093
3094,2024-11-11,EXPENSE,Equipment,Job me ability Mr.,413190.99,6,,Credit Card,TXN-0003094
3095,2024-03-19,EXPENSE,Rent,Throw project option.,242565.79,4,,Bank Transfer,TXN-0003095
3096,2024-02-25,INCOME,Consulting Revenue,Firm use set response not.,489044.03,7,,Debit Card,TXN-0003096
3097,2025-02-05,EXPENSE,Utilities,Crime school student.,87865.77,8,,Cash,TXN-0003097
3098,2025-03-25,INCOME,Sales Revenue,Free really ever effect than.,666415.2,7,,Mobile Money,TXN-0003098
3099,2024-09-02,INCOME,Other Income,Trade imagine stage senior different sense.,431922.24,3,,Debit Card,TXN-0003099
3100,2025-06-26,INCOME,Subscription Revenue,Production current case than hold.,178006.25,4,55.0,Mobile Money,TXN-0003100
3101,2025-11-17,EXPENSE,Insurance,Respond age tough such spring.,462879.79,8,,Cash,TXN-0003101
3102,2024-01-09,EXPENSE,Travel,Parent woman understand.,246208.24,5,60.0,Cash,TXN-0003102
3103,2025-08-03,EXPENSE,Logistics,Appear her capital enjoy new information.,182447.45,4,,Mobile Money,TXN-0003103
3104,2025-05-23,EXPENSE,Software,Bring offer expert former.,399829.03,5,,Bank Transfer,TXN-0003104
3105,2024-08-02,EXPENSE,Travel,Whom plant dinner.,353295.13,9,,Debit Card,TXN-0003105
3106,2024-07-02,INCOME,Other Income,Billion continue significant.,874315.61,3,,Mobile Money,TXN-0003106
3107,2025-12-05,INCOME,Consulting Revenue,Speak relationship list item support soldier.,445607.09,10,,Cash,TXN-0003107
3108,2024-07-30,INCOME,Consulting Revenue,Consider close sell economic difference can.,138233.47,1,,Mobile Money,TXN-0003108
3109,2024-06-01,INCOME,Sales Revenue,Occur how heavy company.,225887.55,6,,Credit Card,TXN-0003109
3110,2024-12-06,EXPENSE,Insurance,Reach too teacher boy.,93835.76,2,,Credit Card,TXN-0003110
3111,2024-07-05,EXPENSE,Equipment,What idea explain affect art.,243609.8,4,,Debit Card,TXN-0003111
3112,2025-10-25,INCOME,Consulting Revenue,Mention pay research attorney wish easy.,540423.69,6,,Bank Transfer,TXN-0003112
3113,2025-05-12,EXPENSE,Professional Services,Break authority reflect federal.,441138.93,8,,Cash,TXN-0003113
3114,2025-12-10,EXPENSE,Equipment,Learn choose office push.,352102.94,10,172.0,Debit Card,TXN-0003114
3115,2024-05-29,INCOME,Subscription Revenue,Speak however court economy simple benefit.,204186.65,7,255.0,Bank Transfer,TXN-0003115
3116,2024-12-28,INCOME,Sales Revenue,Source measure each risk choose.,965419.75,7,,Credit Card,TXN-0003116
3117,2024-08-01,EXPENSE,Software,Bed arm itself item make.,298887.47,6,,Credit Card,TXN-0003117
3118,2024-11-04,EXPENSE,Software,Believe or open little section chance.,403587.55,7,,Cash,TXN-0003118
3119,2025-12-12,EXPENSE,Insurance,Instead candidate consumer explain police.,389441.74,3,,Cash,TXN-0003119
3120,2025-11-07,EXPENSE,Rent,Article describe as.,303763.24,8,,Cash,TXN-0003120
3121,2024-10-24,INCOME,Consulting Revenue,Our owner success song really.,130186.89,10,154.0,Credit Card,TXN-0003121
3122,2025-06-25,INCOME,Other Income,Positive trouble action data international.,707765.54,5,37.0,Debit Card,TXN-0003122
3123,2024-07-31,INCOME,Sales Revenue,How remember do everyone play.,583995.99,8,,Credit Card,TXN-0003123
3124,2024-05-18,INCOME,Service Revenue,Data issue long threat growth eat.,554743.37,6,,Bank Transfer,TXN-0003124
3125,2025-12-19,INCOME,Consulting Revenue,Accept pick along look effort.,167295.49,8,,Mobile Money,TXN-0003125
3126,2024-10-28,EXPENSE,Rent,Cup walk realize.,101328.93,5,,Mobile Money,TXN-0003126
3127,2025-11-09,EXPENSE,Office Supplies,Someone scene weight pick manage near.,25946.07,8,,Mobile Money,TXN-0003127
3128,2024-02-21,EXPENSE,Payroll,Song scientist religious my.,244762.38,2,,Bank Transfer,TXN-0003128
3129,2025-12-18,EXPENSE,Equipment,Natural worry bag town benefit seat.,352292.54,6,,Bank Transfer,TXN-0003129
3130,2025-08-25,EXPENSE,Travel,Age get over example sense.,12533.91,3,,Credit Card,TXN-0003130
3131,2025-12-28,INCOME,Subscription Revenue,Interview born clear body within suggest.,111519.59,1,,Bank Transfer,TXN-0003131
3132,2024-04-21,EXPENSE,Insurance,Thus skin imagine feel forget.,77317.09,3,74.0,Debit Card,TXN-0003132
3133,2025-05-08,INCOME,Service Revenue,Nearly even trial continue.,622002.69,1,183.0,Bank Transfer,TXN-0003133
3134,2024-04-02,INCOME,Sales Revenue,Every anything campaign nation.,310811.87,5,,Mobile Money,TXN-0003134
3135,2024-12-10,INCOME,Other Income,Official out little theory admit choice.,64265.93,6,,Debit Card,TXN-0003135
3136,2025-10-08,INCOME,Subscription Revenue,Born four especially range pick occur.,508978.0,10,254.0,Debit Card,TXN-0003136
3137,2024-04-14,EXPENSE,Travel,Hospital certain north test week.,157340.78,9,,Credit Card,TXN-0003137
3138,2024-09-25,EXPENSE,Office Supplies,Bag speech receive.,98594.54,4,,Cash,TXN-0003138
3139,2025-08-31,EXPENSE,Travel,Inside add the economic fill.,442273.32,7,,Cash,TXN-0003139
3140,2025-05-03,EXPENSE,Office Supplies,Push who human join visit.,356759.31,9,28.0,Cash,TXN-0003140
3141,2025-07-18,INCOME,Sales Revenue,Role when approach force report.,216369.06,2,,Bank Transfer,TXN-0003141
3142,2024-12-24,EXPENSE,Travel,Crime security environment onto.,331079.01,5,,Bank Transfer,TXN-0003142
3143,2024-08-04,INCOME,Other Income,Ask point program.,250655.35,5,,Bank Transfer,TXN-0003143
3144,2025-08-05,EXPENSE,Logistics,Role girl war.,242531.43,4,120.0,Bank Transfer,TXN-0003144
3145,2025-07-24,EXPENSE,Maintenance,Style task opportunity somebody.,417292.0,8,78.0,Bank Transfer,TXN-0003145
3146,2024-07-05,EXPENSE,Insurance,By across country learn.,80641.66,7,,Mobile Money,TXN-0003146
3147,2025-12-26,EXPENSE,Payroll,Final play cut PM the.,83316.11,4,193.0,Mobile Money,TXN-0003147
3148,2024-06-29,EXPENSE,Logistics,Standard ground affect.,260992.53,2,,Bank Transfer,TXN-0003148
3149,2025-08-12,EXPENSE,Rent,Share police letter clear that artist believe.,77971.47,4,,Cash,TXN-0003149
3150,2024-07-23,INCOME,Subscription Revenue,Hear only million reach decade.,997252.95,8,,Credit Card,TXN-0003150
3151,2025-09-15,EXPENSE,Logistics,Reduce team traditional try yourself.,396744.74,8,,Debit Card,TXN-0003151
3152,2025-03-01,INCOME,Consulting Revenue,Not age work run.,428854.13,5,,Bank Transfer,TXN-0003152
3153,2025-07-06,EXPENSE,Logistics,Training throughout third statement wide draw.,95438.18,5,,Mobile Money,TXN-0003153
3154,2024-08-13,EXPENSE,Insurance,Economic change job.,195955.37,10,,Mobile Money,TXN-0003154
3155,2025-03-12,INCOME,Sales Revenue,Give article same wait article.,666926.58,4,,Debit Card,TXN-0003155
3156,2024-04-15,EXPENSE,Marketing,Fight physical television must.,29732.67,2,,Debit Card,TXN-0003156
3157,2025-09-23,EXPENSE,Travel,Son oil dark finish field.,161067.61,10,13.0,Credit Card,TXN-0003157
3158,2025-05-07,EXPENSE,Software,Interview expect best with.,383785.3,3,,Mobile Money,TXN-0003158
3159,2025-07-18,EXPENSE,Payroll,Store peace quality never field step.,170655.56,10,,Bank Transfer,TXN-0003159
3160,2025-12-20,INCOME,Subscription Revenue,Prepare environmental whom develop political anyone.,234215.45,4,,Credit Card,TXN-0003160
3161,2024-03-18,EXPENSE,Software,For sea significant thing.,410198.36,5,,Bank Transfer,TXN-0003161
3162,2024-07-01,EXPENSE,Maintenance,World lawyer accept.,150674.11,7,,Cash,TXN-0003162
3163,2025-07-03,EXPENSE,Marketing,Page rest time current hundred recently six.,118499.58,9,,Debit Card,TXN-0003163
3164,2025-12-25,EXPENSE,Maintenance,Audience husband main stand body happy magazine.,92027.01,2,58.0,Debit Card,TXN-0003164
3165,2025-09-22,EXPENSE,Travel,Arm paper low key.,387122.13,9,,Mobile Money,TXN-0003165
3166,2024-11-05,EXPENSE,Rent,Across start training.,223845.06,1,,Cash,TXN-0003166
3167,2025-09-20,EXPENSE,Professional Services,Available mission final reduce.,7947.07,4,,Credit Card,TXN-0003167
3168,2025-10-19,INCOME,Subscription Revenue,Real nothing usually everything.,461700.81,10,,Credit Card,TXN-0003168
3169,2024-06-25,INCOME,Consulting Revenue,Few address per forward not future.,750731.37,10,,Cash,TXN-0003169
3170,2024-01-16,INCOME,Sales Revenue,Modern none say hit.,35793.27,4,141.0,Bank Transfer,TXN-0003170
3171,2024-09-18,EXPENSE,Office Supplies,None report newspaper or.,320312.12,3,,Bank Transfer,TXN-0003171
3172,2025-06-06,INCOME,Service Revenue,Make bank how article attorney lose.,910009.66,10,,Cash,TXN-0003172
3173,2024-03-09,INCOME,Subscription Revenue,Staff western drive compare pass include.,333464.7,6,,Bank Transfer,TXN-0003173
3174,2025-06-03,INCOME,Service Revenue,Table main common organization some fine.,468674.8,1,,Cash,TXN-0003174
3175,2025-09-19,EXPENSE,Logistics,Recently imagine have prepare.,372591.2,4,,Credit Card,TXN-0003175
3176,2025-06-03,INCOME,Sales Revenue,Nation role guy.,472290.2,7,,Cash,TXN-0003176
3177,2025-06-23,EXPENSE,Marketing,Rock report worry size single.,59921.67,3,,Mobile Money,TXN-0003177
3178,2024-02-22,INCOME,Service Revenue,Challenge house again full.,221943.21,6,,Debit Card,TXN-0003178
3179,2025-01-13,EXPENSE,Logistics,May this media senior time suddenly.,311659.02,6,,Debit Card,TXN-0003179
3180,2025-09-08,EXPENSE,Utilities,Send save yes.,290446.72,3,,Debit Card,TXN-0003180
3181,2025-06-16,EXPENSE,Rent,Control opportunity far save stay.,292149.14,10,,Debit Card,TXN-0003181
3182,2024-04-02,INCOME,Consulting Revenue,Me likely else area look we.,503473.12,4,,Mobile Money,TXN-0003182
3183,2024-07-10,EXPENSE,Professional Services,Politics they color.,380661.01,3,,Mobile Money,TXN-0003183
3184,2025-02-14,EXPENSE,Insurance,Audience audience hour since knowledge away.,177593.03,7,,Mobile Money,TXN-0003184
3185,2025-04-20,EXPENSE,Payroll,Make news discuss simply much.,179692.9,6,,Mobile Money,TXN-0003185
3186,2025-10-17,EXPENSE,Software,Evening next general machine top.,59688.14,7,,Bank Transfer,TXN-0003186
3187,2025-04-09,EXPENSE,Payroll,Evidence beat reality dark green level.,365118.53,10,,Debit Card,TXN-0003187
3188,2024-11-30,EXPENSE,Utilities,Officer time yard food leader.,50618.28,10,,Debit Card,TXN-0003188
3189,2025-12-08,EXPENSE,Software,Final stage your.,207002.26,8,85.0,Mobile Money,TXN-0003189
3190,2024-01-08,INCOME,Other Income,Place house site job though.,504523.98,6,280.0,Bank Transfer,TXN-0003190
3191,2024-10-07,EXPENSE,Travel,Admit common west while.,344632.22,7,,Mobile Money,TXN-0003191
3192,2025-01-16,INCOME,Service Revenue,Hospital piece animal.,509485.45,1,,Bank Transfer,TXN-0003192
3193,2025-07-09,EXPENSE,Professional Services,Its hot region media great mind.,165789.65,3,81.0,Credit Card,TXN-0003193
3194,2024-03-29,INCOME,Sales Revenue,Training community option issue.,192598.23,4,,Credit Card,TXN-0003194
3195,2024-02-06,EXPENSE,Logistics,Bill chair defense.,360971.18,5,,Mobile Money,TXN-0003195
3196,2024-02-11,EXPENSE,Marketing,Apply possible seek every director institution.,449116.35,7,50.0,Debit Card,TXN-0003196
3197,2025-01-12,EXPENSE,Travel,Share much dark.,295465.6,8,,Debit Card,TXN-0003197
3198,2025-12-20,EXPENSE,Marketing,Play computer performance firm food as.,336789.81,6,,Cash,TXN-0003198
3199,2025-05-15,EXPENSE,Maintenance,Little clearly race never.,492433.11,6,117.0,Debit Card,TXN-0003199
3200,2025-06-06,EXPENSE,Logistics,Plant particularly hit task conference.,147353.3,10,,Cash,TXN-0003200
3201,2025-12-12,EXPENSE,Utilities,Answer when might weight.,217195.33,6,179.0,Cash,TXN-0003201
3202,2024-09-16,EXPENSE,Marketing,Although subject significant bank help.,67601.73,8,,Debit Card,TXN-0003202
3203,2024-01-07,INCOME,Sales Revenue,Friend at market charge together determine.,575628.55,1,46.0,Mobile Money,TXN-0003203
3204,2024-11-09,EXPENSE,Payroll,Above television hour first leave.,229298.66,2,148.0,Cash,TXN-0003204
3205,2024-11-06,EXPENSE,Office Supplies,At effect skill baby.,212391.67,1,,Cash,TXN-0003205
3206,2024-10-13,EXPENSE,Rent,Something until window trouble discussion.,157939.91,1,,Debit Card,TXN-0003206
3207,2024-01-21,EXPENSE,Equipment,Year year others.,317920.45,2,,Mobile Money,TXN-0003207
3208,2024-08-19,EXPENSE,Travel,Later car join deep activity.,31736.53,6,,Debit Card,TXN-0003208
3209,2025-04-29,EXPENSE,Office Supplies,Stand term if particularly wide.,131600.82,5,,Debit Card,TXN-0003209
3210,2024-11-26,INCOME,Sales Revenue,Analysis happy message wall best night.,718924.65,3,261.0,Debit Card,TXN-0003210
3211,2024-08-31,EXPENSE,Insurance,Seek time free.,94296.58,7,,Cash,TXN-0003211
3212,2025-08-27,INCOME,Subscription Revenue,Of story require.,551717.89,3,,Bank Transfer,TXN-0003212
3213,2024-12-10,EXPENSE,Travel,Charge position worker.,60595.94,2,,Cash,TXN-0003213
3214,2024-07-07,INCOME,Consulting Revenue,Others on crime.,836564.74,8,,Mobile Money,TXN-0003214
3215,2024-08-08,EXPENSE,Payroll,Number imagine magazine lose brother response.,497658.44,1,,Mobile Money,TXN-0003215
3216,2025-11-16,INCOME,Subscription Revenue,Two role area response.,591091.25,2,187.0,Bank Transfer,TXN-0003216
3217,2024-12-03,INCOME,Other Income,During civil break pattern.,269928.73,9,161.0,Debit Card,TXN-0003217
3218,2025-05-14,EXPENSE,Software,Opportunity who attack.,269509.64,3,,Bank Transfer,TXN-0003218
3219,2024-05-16,EXPENSE,Payroll,Start citizen later benefit herself why.,310071.45,3,,Mobile Money,TXN-0003219
3220,2024-03-23,EXPENSE,Logistics,Authority already again.,56099.19,6,,Debit Card,TXN-0003220
3221,2025-03-16,EXPENSE,Equipment,Candidate partner church party daughter necessary.,443322.44,9,,Mobile Money,TXN-0003221
3222,2025-12-11,EXPENSE,Rent,Adult not success speak.,6373.86,4,,Bank Transfer,TXN-0003222
3223,2025-09-01,EXPENSE,Rent,Star full moment.,461524.22,5,,Cash,TXN-0003223
3224,2025-07-05,EXPENSE,Equipment,Check my establish woman.,292185.21,6,,Mobile Money,TXN-0003224
3225,2024-11-02,INCOME,Consulting Revenue,Wall contain another work change.,604891.93,4,,Mobile Money,TXN-0003225
3226,2024-02-18,INCOME,Subscription Revenue,Hit series seven determine.,364939.59,9,,Debit Card,TXN-0003226
3227,2025-04-10,EXPENSE,Utilities,Seven consumer health.,122128.42,9,,Cash,TXN-0003227
3228,2024-08-27,EXPENSE,Rent,Alone bad guy teach rest.,57386.09,9,45.0,Bank Transfer,TXN-0003228
3229,2025-07-08,EXPENSE,Office Supplies,Adult around information pull send cut.,398389.59,10,,Credit Card,TXN-0003229
3230,2025-03-26,INCOME,Sales Revenue,Across song minute treatment.,273289.91,3,,Mobile Money,TXN-0003230
3231,2024-03-21,INCOME,Subscription Revenue,Say unit wait pick.,879510.58,2,258.0,Mobile Money,TXN-0003231
3232,2024-01-15,EXPENSE,Equipment,Former child team quality.,120754.66,9,,Cash,TXN-0003232
3233,2024-05-09,EXPENSE,Insurance,Language pretty wall goal main.,362602.84,4,,Credit Card,TXN-0003233
3234,2024-12-30,INCOME,Sales Revenue,Address firm whatever.,832231.7,3,28.0,Debit Card,TXN-0003234
3235,2024-08-25,INCOME,Consulting Revenue,Effect quite build just finally.,662220.88,4,,Bank Transfer,TXN-0003235
3236,2025-04-29,EXPENSE,Insurance,Lawyer race score white myself.,388377.62,9,131.0,Cash,TXN-0003236
3237,2025-05-17,EXPENSE,Utilities,Face management trial.,401758.8,1,,Credit Card,TXN-0003237
3238,2025-12-29,EXPENSE,Software,Respond send at.,495822.59,10,96.0,Cash,TXN-0003238
3239,2024-02-24,INCOME,Service Revenue,Administration team hour.,282243.51,2,,Bank Transfer,TXN-0003239
3240,2024-01-07,EXPENSE,Logistics,Safe beautiful stand guy strategy.,414756.29,4,,Bank Transfer,TXN-0003240
3241,2024-09-21,INCOME,Subscription Revenue,Between experience at pass.,679205.02,4,,Credit Card,TXN-0003241
3242,2025-08-27,EXPENSE,Rent,Just voice forward.,419974.1,8,,Debit Card,TXN-0003242
3243,2025-01-06,EXPENSE,Logistics,Professor again husband.,46349.64,4,178.0,Cash,TXN-0003243
3244,2024-05-04,INCOME,Subscription Revenue,Administration direction actually religious something star.,505825.14,3,172.0,Credit Card,TXN-0003244
3245,2025-08-18,EXPENSE,Maintenance,Beautiful fear oil break about before.,243767.59,7,,Debit Card,TXN-0003245
3246,2024-11-13,EXPENSE,Utilities,Field door themselves.,47114.36,8,28.0,Mobile Money,TXN-0003246
3247,2024-01-29,INCOME,Other Income,Different item represent however suffer.,145534.59,2,,Debit Card,TXN-0003247
3248,2025-01-20,INCOME,Subscription Revenue,Few vote start last effort official.,438380.62,6,,Credit Card,TXN-0003248
3249,2024-06-22,EXPENSE,Payroll,Stage ball reach with image.,64806.74,4,,Debit Card,TXN-0003249
3250,2024-09-24,INCOME,Sales Revenue,Three debate girl answer agency weight.,113824.07,5,,Cash,TXN-0003250
3251,2024-09-27,EXPENSE,Maintenance,Party film political.,489430.11,10,,Cash,TXN-0003251
3252,2025-01-17,INCOME,Other Income,Woman value institution key.,91793.45,9,,Cash,TXN-0003252
3253,2025-02-27,EXPENSE,Travel,Section party yet.,178629.82,10,,Cash,TXN-0003253
3254,2024-10-21,EXPENSE,Software,Brother only up particularly mention son.,148076.81,3,,Bank Transfer,TXN-0003254
3255,2025-07-03,INCOME,Consulting Revenue,Available about human particularly poor.,789014.95,5,,Bank Transfer,TXN-0003255
3256,2025-05-31,EXPENSE,Software,Bad act Congress sell must defense.,206550.99,10,,Bank Transfer,TXN-0003256
3257,2024-12-11,EXPENSE,Equipment,Above show which.,163455.67,5,,Debit Card,TXN-0003257
3258,2024-09-12,EXPENSE,Software,Way card chair commercial none.,243010.35,9,150.0,Debit Card,TXN-0003258
3259,2025-05-17,INCOME,Service Revenue,Eat prove small make article.,706278.39,9,,Cash,TXN-0003259
3260,2024-06-25,EXPENSE,Equipment,Season thank artist tough music.,149697.5,6,,Cash,TXN-0003260
3261,2025-01-03,EXPENSE,Rent,Force bring laugh the body.,125751.12,2,,Cash,TXN-0003261
3262,2024-10-21,INCOME,Sales Revenue,Front long campaign turn.,245219.56,10,224.0,Cash,TXN-0003262
3263,2024-07-17,EXPENSE,Professional Services,Nearly artist gas letter.,170776.22,9,110.0,Mobile Money,TXN-0003263
3264,2025-07-09,EXPENSE,Marketing,Week look social music.,374453.54,8,,Debit Card,TXN-0003264
3265,2025-11-05,INCOME,Service Revenue,Get enter happen.,171597.12,2,163.0,Bank Transfer,TXN-0003265
3266,2024-07-23,EXPENSE,Insurance,Paper body state hot speak reveal.,339022.52,5,,Credit Card,TXN-0003266
3267,2025-05-01,INCOME,Service Revenue,Hair music international simple.,188623.38,8,,Bank Transfer,TXN-0003267
3268,2025-08-25,EXPENSE,Utilities,Record detail heavy reflect reduce floor.,300000.35,6,245.0,Bank Transfer,TXN-0003268
3269,2025-12-27,EXPENSE,Rent,Probably teach thing.,428093.22,4,286.0,Cash,TXN-0003269
3270,2024-03-11,EXPENSE,Professional Services,Set toward forward occur receive sport.,105658.85,6,1.0,Cash,TXN-0003270
3271,2024-12-20,INCOME,Other Income,Place age start herself.,197297.78,8,,Cash,TXN-0003271
3272,2024-03-16,EXPENSE,Marketing,Increase authority every chance.,484702.01,4,45.0,Cash,TXN-0003272
3273,2025-04-07,EXPENSE,Software,Determine wish while.,439630.86,1,,Debit Card,TXN-0003273
3274,2024-05-11,EXPENSE,Payroll,Away note building society point.,353209.53,10,,Bank Transfer,TXN-0003274
3275,2024-04-19,EXPENSE,Utilities,Land popular you account activity material.,399705.04,10,,Credit Card,TXN-0003275
3276,2025-04-21,EXPENSE,Professional Services,Send office for process role.,409133.62,9,70.0,Bank Transfer,TXN-0003276
3277,2024-05-02,EXPENSE,Office Supplies,Full pretty if we by factor.,101036.64,10,,Debit Card,TXN-0003277
3278,2025-07-10,INCOME,Consulting Revenue,Bit pay send she player reach.,203511.84,5,,Mobile Money,TXN-0003278
3279,2024-04-01,EXPENSE,Payroll,Less possible would mind understand radio.,222961.0,1,,Cash,TXN-0003279
3280,2025-02-09,EXPENSE,Office Supplies,Scene hour oil share onto middle.,93436.71,3,,Credit Card,TXN-0003280
3281,2024-07-02,EXPENSE,Rent,Writer stop paper citizen care.,433087.48,10,,Mobile Money,TXN-0003281
3282,2024-05-03,INCOME,Subscription Revenue,Ok television enjoy think simple sort.,200788.22,3,,Credit Card,TXN-0003282
3283,2025-12-03,INCOME,Other Income,Letter there continue sell age.,658780.33,8,,Credit Card,TXN-0003283
3284,2025-08-31,INCOME,Subscription Revenue,Though learn something none green.,507699.29,10,,Mobile Money,TXN-0003284
3285,2024-09-30,INCOME,Service Revenue,Against newspaper reflect lot significant trouble.,92725.16,3,,Cash,TXN-0003285
3286,2025-02-20,EXPENSE,Payroll,Nor blue expect.,216405.46,10,,Bank Transfer,TXN-0003286
3287,2025-10-12,INCOME,Sales Revenue,Then represent subject million within.,573212.65,9,,Credit Card,TXN-0003287
3288,2024-12-05,EXPENSE,Marketing,Growth do win break clear surface.,498199.68,5,,Debit Card,TXN-0003288
3289,2025-08-04,INCOME,Sales Revenue,Daughter how people day.,446246.68,10,,Bank Transfer,TXN-0003289
3290,2024-03-29,EXPENSE,Insurance,Door movement to.,106041.35,2,,Cash,TXN-0003290
3291,2024-05-29,EXPENSE,Insurance,You wonder public.,288555.1,2,,Debit Card,TXN-0003291
3292,2025-09-08,EXPENSE,Rent,Six including add fight I.,465680.15,9,191.0,Debit Card,TXN-0003292
3293,2025-05-19,INCOME,Sales Revenue,Two allow protect know air or.,753913.7,8,,Bank Transfer,TXN-0003293
3294,2025-08-12,INCOME,Service Revenue,Then successful southern.,230049.27,7,242.0,Debit Card,TXN-0003294
3295,2024-10-28,INCOME,Sales Revenue,Figure community education.,29154.47,7,,Cash,TXN-0003295
3296,2025-08-11,INCOME,Consulting Revenue,Option now wall.,246763.57,8,,Credit Card,TXN-0003296
3297,2024-08-26,EXPENSE,Professional Services,Identify bed make community six join.,485794.77,2,,Cash,TXN-0003297
3298,2025-07-13,INCOME,Consulting Revenue,Current democratic over behavior hard.,507890.72,7,25.0,Credit Card,TXN-0003298
3299,2024-06-27,INCOME,Other Income,Go become across wait risk.,806882.96,9,209.0,Credit Card,TXN-0003299
3300,2025-10-12,EXPENSE,Professional Services,You choose language relationship thank control.,486091.57,6,,Bank Transfer,TXN-0003300
3301,2025-05-14,INCOME,Other Income,To a board mention push.,934889.51,4,,Bank Transfer,TXN-0003301
3302,2024-06-11,INCOME,Subscription Revenue,Relationship police step owner return American.,161356.35,8,19.0,Mobile Money,TXN-0003302
3303,2025-09-17,EXPENSE,Logistics,Fine student believe.,148115.75,3,,Credit Card,TXN-0003303
3304,2024-04-15,EXPENSE,Marketing,Mission difficult want often many.,288303.57,6,,Mobile Money,TXN-0003304
3305,2025-02-06,INCOME,Consulting Revenue,Blue add difference.,499368.97,4,,Mobile Money,TXN-0003305
3306,2024-11-25,EXPENSE,Travel,Unusually large expense transaction,1056089.33,10,,Bank Transfer,TXN-0003306
3307,2024-10-03,INCOME,Consulting Revenue,Leader option evidence its forward record.,233053.53,5,105.0,Mobile Money,TXN-0003307
3308,2025-08-22,INCOME,Consulting Revenue,Yourself letter speech billion one never.,442618.78,8,,Credit Card,TXN-0003308
3309,2025-04-25,INCOME,Subscription Revenue,Away staff recognize.,395942.15,8,,Mobile Money,TXN-0003309
3310,2025-06-04,EXPENSE,Travel,Citizen full artist lead Mr air.,402568.57,6,,Credit Card,TXN-0003310
3311,2024-12-11,INCOME,Service Revenue,Child area surface everything lead recently.,695163.2,6,,Mobile Money,TXN-0003311
3312,2024-10-28,INCOME,Service Revenue,Important yourself foreign rise likely candidate.,372558.68,10,,Bank Transfer,TXN-0003312
3313,2024-08-29,EXPENSE,Office Supplies,Security business create bad positive debate.,241660.99,10,,Mobile Money,TXN-0003313
3314,2025-12-29,INCOME,Service Revenue,Provide go article.,297150.12,9,,Credit Card,TXN-0003314
3315,2025-02-04,INCOME,Subscription Revenue,Color plan young school similar.,55923.51,6,,Debit Card,TXN-0003315
3316,2024-11-11,INCOME,Other Income,Involve concern address sing sing part.,606952.29,3,,Bank Transfer,TXN-0003316
3317,2025-01-01,EXPENSE,Logistics,Customer top single.,365789.95,6,,Credit Card,TXN-0003317
3318,2024-06-25,INCOME,Sales Revenue,Gas Mr institution.,353818.55,5,239.0,Cash,TXN-0003318
3319,2024-01-13,EXPENSE,Rent,Together time end night.,352170.1,7,,Bank Transfer,TXN-0003319
3320,2025-01-17,EXPENSE,Insurance,Late employee let.,121239.74,9,,Debit Card,TXN-0003320
3321,2024-01-13,EXPENSE,Insurance,Usually fund professor particular bring.,322801.39,4,,Debit Card,TXN-0003321
3322,2024-09-24,INCOME,Other Income,Require on star attorney.,453849.77,10,,Cash,TXN-0003322
3323,2025-09-03,EXPENSE,Maintenance,Second nor meeting.,242074.62,3,,Debit Card,TXN-0003323
3324,2024-06-14,EXPENSE,Logistics,Leg rich school Democrat edge.,290872.74,1,,Debit Card,TXN-0003324
3325,2024-03-23,INCOME,Other Income,Practice scene ok worry life hour.,175900.53,8,,Cash,TXN-0003325
3326,2024-06-03,INCOME,Subscription Revenue,Daughter task before.,887341.45,9,,Mobile Money,TXN-0003326
3327,2024-09-25,EXPENSE,Logistics,Customer how not ahead.,437127.32,8,,Debit Card,TXN-0003327
3328,2024-05-07,INCOME,Other Income,Change floor camera huge because.,115922.44,9,207.0,Mobile Money,TXN-0003328
3329,2024-01-16,EXPENSE,Payroll,Serious remain design subject firm.,131508.1,2,114.0,Credit Card,TXN-0003329
3330,2025-02-21,EXPENSE,Equipment,Agent thus necessary position reason let.,241685.76,10,,Credit Card,TXN-0003330
3331,2025-06-25,EXPENSE,Marketing,Theory behind see southern agent.,108964.54,2,5.0,Credit Card,TXN-0003331
3332,2024-08-15,EXPENSE,Payroll,Soon manager choose media new.,480709.95,6,,Mobile Money,TXN-0003332
3333,2025-12-22,INCOME,Sales Revenue,International road outside region.,803591.01,9,,Debit Card,TXN-0003333
3334,2024-04-23,EXPENSE,Software,Food relate own.,102751.02,3,126.0,Mobile Money,TXN-0003334
3335,2024-01-22,INCOME,Sales Revenue,Population court future result opportunity find.,74450.41,5,,Debit Card,TXN-0003335
3336,2024-06-18,EXPENSE,Utilities,Decide imagine media indeed position research feeling.,311267.31,8,289.0,Debit Card,TXN-0003336
3337,2024-07-23,INCOME,Sales Revenue,Increase choose participant hand.,219214.13,8,,Bank Transfer,TXN-0003337
3338,2025-12-18,EXPENSE,Maintenance,Ever relate home.,111845.09,9,,Debit Card,TXN-0003338
3339,2024-06-21,INCOME,Sales Revenue,Speech move service head particular.,461500.77,4,,Credit Card,TXN-0003339
3340,2025-05-19,EXPENSE,Professional Services,Such decade evidence our artist risk.,14950.71,8,136.0,Mobile Money,TXN-0003340
3341,2024-02-11,EXPENSE,Payroll,Three me action style area.,29479.95,8,,Credit Card,TXN-0003341
3342,2025-03-16,EXPENSE,Logistics,Price spend there fight.,53683.49,7,,Credit Card,TXN-0003342
3343,2024-07-29,EXPENSE,Payroll,Threat foreign must.,85527.11,5,,Bank Transfer,TXN-0003343
3344,2024-10-31,INCOME,Sales Revenue,Site field charge be.,969781.37,10,,Mobile Money,TXN-0003344
3345,2025-10-20,EXPENSE,Rent,Almost act then environment upon human.,1808.11,8,263.0,Credit Card,TXN-0003345
3346,2025-03-28,INCOME,Subscription Revenue,Court his spring.,387464.49,2,,Mobile Money,TXN-0003346
3347,2025-02-11,INCOME,Other Income,Offer floor three specific listen low.,911303.71,4,,Bank Transfer,TXN-0003347
3348,2024-08-22,INCOME,Sales Revenue,Soldier parent commercial.,831053.35,2,77.0,Credit Card,TXN-0003348
3349,2025-10-29,INCOME,Sales Revenue,Behind player involve pass.,177581.31,7,,Credit Card,TXN-0003349
3350,2025-07-14,EXPENSE,Payroll,Step win position listen.,21876.94,2,,Bank Transfer,TXN-0003350
3351,2025-04-04,INCOME,Sales Revenue,Collection deal Republican father suggest.,763755.86,9,,Mobile Money,TXN-0003351
3352,2025-11-13,EXPENSE,Travel,Degree something face music somebody history.,363414.2,2,196.0,Mobile Money,TXN-0003352
3353,2024-05-05,EXPENSE,Insurance,Generation surface camera effect old.,450597.36,2,57.0,Debit Card,TXN-0003353
3354,2025-11-16,EXPENSE,Utilities,Within trade score arrive.,41700.0,7,92.0,Cash,TXN-0003354
3355,2024-01-31,INCOME,Service Revenue,Be voice change.,369173.63,10,,Credit Card,TXN-0003355
3356,2025-01-10,EXPENSE,Payroll,Up set language push rise popular.,468510.45,9,,Bank Transfer,TXN-0003356
3357,2025-08-29,EXPENSE,Marketing,Scene state beautiful senior development still.,55165.33,8,80.0,Debit Card,TXN-0003357
3358,2024-01-13,INCOME,Consulting Revenue,Often candidate write.,788826.46,10,,Debit Card,TXN-0003358
3359,2024-05-26,INCOME,Service Revenue,Theory recently remember always.,709048.19,3,,Bank Transfer,TXN-0003359
3360,2024-04-28,EXPENSE,Logistics,Power page rise just store detail.,482240.58,3,,Debit Card,TXN-0003360
3361,2025-06-15,EXPENSE,Rent,Music site attorney night western.,166336.06,8,,Cash,TXN-0003361
3362,2025-04-18,EXPENSE,Software,My design bad pressure stock place.,1984.89,3,,Debit Card,TXN-0003362
3363,2025-06-08,EXPENSE,Marketing,Detail recent sit.,210046.2,4,,Credit Card,TXN-0003363
3364,2025-12-05,INCOME,Subscription Revenue,Enough manager yourself.,633063.41,5,,Mobile Money,TXN-0003364
3365,2025-08-27,EXPENSE,Logistics,Memory Mrs lot between unit center.,480883.88,3,9.0,Mobile Money,TXN-0003365
3366,2024-05-11,INCOME,Service Revenue,Interview way rather hundred expect risk.,619455.24,3,55.0,Cash,TXN-0003366
3367,2025-04-16,EXPENSE,Equipment,Hour especially charge American positive.,416019.34,8,,Cash,TXN-0003367
3368,2025-09-05,EXPENSE,Marketing,Choose choose go.,255629.94,8,,Mobile Money,TXN-0003368
3369,2025-08-04,EXPENSE,Payroll,Payment linked to inactive employee,31828.74,5,272.0,Credit Card,TXN-0003369
3370,2025-04-07,INCOME,Other Income,Kitchen house down similar meet.,915357.15,7,,Mobile Money,TXN-0003370
3371,2025-07-14,EXPENSE,Equipment,Next practice bar nature operation.,88142.72,7,81.0,Cash,TXN-0003371
3372,2024-09-19,EXPENSE,Logistics,Voice million service past fish should.,156631.42,10,,Bank Transfer,TXN-0003372
3373,2025-12-10,INCOME,Subscription Revenue,Deal specific wish.,131778.74,7,,Cash,TXN-0003373
3374,2024-01-08,INCOME,Consulting Revenue,Up future down.,987553.48,6,,Debit Card,TXN-0003374
3375,2025-08-22,EXPENSE,Equipment,General will gas should.,172742.04,8,,Bank Transfer,TXN-0003375
3376,2025-10-28,INCOME,Subscription Revenue,Certain national because protect.,120147.96,4,,Mobile Money,TXN-0003376
3377,2025-08-31,EXPENSE,Payroll,Reason low yet subject.,106737.45,3,,Mobile Money,TXN-0003377
3378,2024-06-28,EXPENSE,Marketing,Maybe piece through stop become.,468704.51,3,,Mobile Money,TXN-0003378
3379,2025-07-21,EXPENSE,Software,Line assume office hospital wonder see.,129272.26,9,,Credit Card,TXN-0003379
3380,2024-07-02,EXPENSE,Travel,Our newspaper machine policy.,384471.26,5,,Debit Card,TXN-0003380
3381,2025-09-05,INCOME,Consulting Revenue,Minute ability lead hear become particular.,651163.62,4,,Bank Transfer,TXN-0003381
3382,2025-10-31,EXPENSE,Marketing,Church feel move through.,321957.02,5,213.0,Debit Card,TXN-0003382
3383,2024-11-03,EXPENSE,Payroll,Five skill well lay.,147648.88,4,,Cash,TXN-0003383
3384,2025-11-28,INCOME,Service Revenue,Management night on assume level notice.,145085.8,4,,Debit Card,TXN-0003384
3385,2025-08-02,EXPENSE,Office Supplies,Order job father along without often.,175205.36,7,,Credit Card,TXN-0003385
3386,2025-06-12,EXPENSE,Insurance,Campaign parent kid cup.,299736.54,7,,Mobile Money,TXN-0003386
3387,2024-01-01,EXPENSE,Travel,Already provide become military job.,302791.14,3,,Credit Card,TXN-0003387
3388,2025-06-23,EXPENSE,Payroll,House top later bank there performance.,274042.26,2,239.0,Mobile Money,TXN-0003388
3389,2024-04-23,INCOME,Other Income,Interesting once though force financial.,87208.68,6,,Mobile Money,TXN-0003389
3390,2024-10-16,EXPENSE,Utilities,Story seven generation candidate.,457198.27,2,41.0,Debit Card,TXN-0003390
3391,2024-11-18,EXPENSE,Insurance,Beautiful single green bag idea.,54869.68,7,,Credit Card,TXN-0003391
3392,2025-01-03,INCOME,Service Revenue,Available best share yes.,613458.6,3,,Bank Transfer,TXN-0003392
3393,2024-02-05,EXPENSE,Professional Services,Entire tend authority cold dinner.,437776.91,7,,Cash,TXN-0003393
3394,2025-12-15,EXPENSE,Equipment,Reason international school cell.,101794.37,10,,Debit Card,TXN-0003394
3395,2024-09-14,INCOME,Subscription Revenue,Wrong instead community.,822070.02,10,,Credit Card,TXN-0003395
3396,2025-08-29,INCOME,Consulting Revenue,Fill how goal short think until.,73710.63,10,,Bank Transfer,TXN-0003396
3397,2025-10-28,INCOME,Other Income,Word pick significant area production.,856409.36,5,19.0,Credit Card,TXN-0003397
3398,2024-09-02,EXPENSE,Office Supplies,Health school those.,70024.81,1,,Debit Card,TXN-0003398
3399,2024-11-25,EXPENSE,Travel,Wind less ground last we.,73871.94,7,,Cash,TXN-0003399
3400,2025-11-24,INCOME,Other Income,Other every us sea perform idea.,181402.39,4,,Mobile Money,TXN-0003400
3401,2024-04-14,EXPENSE,Equipment,Beat must sort fire value heart.,368557.81,2,127.0,Bank Transfer,TXN-0003401
3402,2024-06-05,EXPENSE,Professional Services,Authority require account leader thought future.,170512.98,10,,Mobile Money,TXN-0003402
3403,2024-08-18,EXPENSE,Travel,Effort rich point yard let lead.,55280.42,3,,Debit Card,TXN-0003403
3404,2024-10-02,INCOME,Service Revenue,Some space story.,40430.15,7,,Debit Card,TXN-0003404
3405,2025-06-19,EXPENSE,Utilities,Past be room lead.,141362.53,4,,Credit Card,TXN-0003405
3406,2024-10-25,EXPENSE,Maintenance,Rise environment national on cause garden way.,253623.2,2,,Debit Card,TXN-0003406
3407,2024-05-22,EXPENSE,Marketing,At job above understand pattern music.,345572.94,10,,Debit Card,TXN-0003407
3408,2024-12-15,EXPENSE,Software,View address network determine.,266618.74,8,,Cash,TXN-0003408
3409,2024-10-20,EXPENSE,Travel,Soon fish money.,244796.09,6,261.0,Cash,TXN-0003409
3410,2025-07-26,EXPENSE,Marketing,Month keep game of.,326193.61,6,,Mobile Money,TXN-0003410
3411,2025-11-09,EXPENSE,Insurance,Pick worker pick seem.,471360.95,9,148.0,Debit Card,TXN-0003411
3412,2024-11-06,INCOME,Consulting Revenue,Floor series start store still probably.,36116.67,5,11.0,Bank Transfer,TXN-0003412
3413,2024-08-25,INCOME,Other Income,Other phone position charge.,614976.33,2,243.0,Mobile Money,TXN-0003413
3414,2024-03-26,EXPENSE,Travel,Talk everyone might power.,186510.66,10,,Bank Transfer,TXN-0003414
3415,2024-06-29,EXPENSE,Professional Services,Activity personal program thank plant.,352028.51,9,,Credit Card,TXN-0003415
3416,2025-05-12,EXPENSE,Equipment,Young song career.,297683.11,4,174.0,Credit Card,TXN-0003416
3417,2024-05-18,EXPENSE,Maintenance,Special show idea peace.,417684.9,1,,Credit Card,TXN-0003417
3418,2024-08-27,EXPENSE,Maintenance,Win way catch design help anyone.,176272.26,4,,Credit Card,TXN-0003418
3419,2025-10-30,EXPENSE,Software,Big may trip.,200755.4,4,,Mobile Money,TXN-0003419
3420,2024-08-05,EXPENSE,Office Supplies,Surface guess to anything ten.,53649.92,6,186.0,Cash,TXN-0003420
3421,2024-09-21,EXPENSE,Professional Services,Peace more believe final.,403544.27,2,49.0,Bank Transfer,TXN-0003421
3422,2024-01-10,INCOME,Consulting Revenue,Service series stuff better ago send.,130702.53,4,,Debit Card,TXN-0003422
3423,2025-11-25,EXPENSE,Equipment,Color half American.,71892.54,5,,Credit Card,TXN-0003423
3424,2025-12-23,INCOME,Sales Revenue,Somebody career door before impact skin.,346395.34,10,,Credit Card,TXN-0003424
3425,2025-05-13,EXPENSE,Insurance,Cup prove expect role.,238322.91,8,,Credit Card,TXN-0003425
3426,2025-07-14,INCOME,Other Income,Public read lot sister ago.,223593.91,9,,Bank Transfer,TXN-0003426
3427,2025-05-01,EXPENSE,Software,Success possible start wish full.,391946.01,5,,Credit Card,TXN-0003427
3428,2025-05-12,INCOME,Service Revenue,It bring admit discover grow.,724368.68,8,218.0,Debit Card,TXN-0003428
3429,2025-07-18,INCOME,Service Revenue,Coach recently quite something night.,857076.26,7,79.0,Bank Transfer,TXN-0003429
3430,2025-06-08,EXPENSE,Payroll,Attention probably light.,71458.59,9,,Cash,TXN-0003430
3431,2025-09-03,EXPENSE,Maintenance,Role black join.,238346.83,5,242.0,Mobile Money,TXN-0003431
3432,2024-03-21,INCOME,Consulting Revenue,Education event his by simple.,230010.25,8,,Bank Transfer,TXN-0003432
3433,2025-06-30,EXPENSE,Professional Services,For generation around.,430799.37,6,197.0,Mobile Money,TXN-0003433
3434,2025-10-08,EXPENSE,Utilities,Likely how business hand answer store.,342349.71,3,,Cash,TXN-0003434
3435,2024-09-17,INCOME,Subscription Revenue,Have very until.,522807.34,10,,Debit Card,TXN-0003435
3436,2024-06-27,INCOME,Consulting Revenue,Challenge available tree.,823393.78,4,43.0,Bank Transfer,TXN-0003436
3437,2024-10-23,INCOME,Other Income,Hard campaign than popular pick.,324534.3,1,65.0,Bank Transfer,TXN-0003437
3438,2024-01-20,EXPENSE,Equipment,Together nation land benefit.,358568.48,1,,Mobile Money,TXN-0003438
3439,2024-09-11,INCOME,Service Revenue,Political teach sound.,687893.92,2,,Credit Card,TXN-0003439
3440,2024-08-03,INCOME,Sales Revenue,Official notice hot.,433265.35,6,,Credit Card,TXN-0003440
3441,2024-01-16,EXPENSE,Rent,Image start spend six business.,418423.31,4,,Cash,TXN-0003441
3442,2024-05-24,EXPENSE,Utilities,Perform short can make part new.,324344.59,5,,Debit Card,TXN-0003442
3443,2025-06-07,EXPENSE,Travel,Turn none key blood must relationship.,461947.53,4,238.0,Debit Card,TXN-0003443
3444,2025-06-08,EXPENSE,Logistics,Whole machine soon certainly score reduce.,381889.95,8,,Mobile Money,TXN-0003444
3445,2025-08-16,EXPENSE,Utilities,Size north dark those become.,324478.13,5,,Debit Card,TXN-0003445
3446,2025-08-09,EXPENSE,Insurance,Black respond remain ready south.,105773.69,7,90.0,Debit Card,TXN-0003446
3447,2024-11-08,INCOME,Service Revenue,Past skin billion test cup physical.,708732.54,4,234.0,Debit Card,TXN-0003447
3448,2024-07-25,EXPENSE,Insurance,Win head campaign part finally.,407002.36,7,,Mobile Money,TXN-0003448
3449,2024-12-17,EXPENSE,Marketing,Action on dinner management language she Mrs.,413817.85,6,196.0,Mobile Money,TXN-0003449
3450,2024-03-29,EXPENSE,Equipment,Turn ahead activity treat.,288213.94,6,185.0,Credit Card,TXN-0003450
3451,2025-12-14,EXPENSE,Rent,Pull most entire movement staff.,211009.73,10,,Debit Card,TXN-0003451
3452,2025-04-08,EXPENSE,Maintenance,One foot expert.,105383.21,7,,Debit Card,TXN-0003452
3453,2024-02-01,EXPENSE,Utilities,Practice expert myself American manage usually.,324606.17,5,140.0,Bank Transfer,TXN-0003453
3454,2025-10-15,EXPENSE,Travel,Everything arrive miss laugh growth.,98551.69,7,,Cash,TXN-0003454
3455,2025-11-23,EXPENSE,Software,How face player good themselves.,291950.7,7,3.0,Bank Transfer,TXN-0003455
3456,2024-03-13,EXPENSE,Logistics,Address decide floor garden.,78535.41,9,,Mobile Money,TXN-0003456
3457,2024-01-21,EXPENSE,Insurance,Available blue work glass great.,443806.26,2,,Cash,TXN-0003457
3458,2025-10-23,EXPENSE,Marketing,Remain military list.,238900.79,10,295.0,Credit Card,TXN-0003458
3459,2025-12-01,EXPENSE,Utilities,Sing organization TV laugh report.,476841.47,9,,Cash,TXN-0003459
3460,2024-06-02,INCOME,Subscription Revenue,Tree mean the.,339147.21,2,,Bank Transfer,TXN-0003460
3461,2025-02-18,EXPENSE,Software,Economy actually job style different.,228843.36,1,17.0,Cash,TXN-0003461
3462,2025-05-06,EXPENSE,Professional Services,Kind analysis trouble range people enter.,342153.54,6,,Credit Card,TXN-0003462
3463,2025-08-08,EXPENSE,Travel,Room lead author build.,298953.67,2,,Cash,TXN-0003463
3464,2025-10-24,EXPENSE,Marketing,Pass happy market.,255672.52,7,,Debit Card,TXN-0003464
3465,2025-04-20,EXPENSE,Utilities,Hotel seven specific happy collection.,244258.9,8,106.0,Bank Transfer,TXN-0003465
3466,2025-04-25,EXPENSE,Professional Services,Item total admit seem.,450534.51,10,123.0,Debit Card,TXN-0003466
3467,2024-10-17,INCOME,Subscription Revenue,Minute interesting exactly kid toward.,679603.59,7,,Debit Card,TXN-0003467
3468,2024-02-08,INCOME,Service Revenue,Door really cell fill up.,952927.35,7,,Bank Transfer,TXN-0003468
3469,2025-10-19,INCOME,Other Income,Southern word option.,879365.49,6,,Mobile Money,TXN-0003469
3470,2024-07-25,EXPENSE,Software,Management view throughout state explain.,56015.0,4,,Mobile Money,TXN-0003470
3471,2024-08-23,INCOME,Sales Revenue,Consumer state police break every.,769594.85,5,,Credit Card,TXN-0003471
3472,2024-07-27,EXPENSE,Insurance,Bill purpose option.,47407.9,4,,Credit Card,TXN-0003472
3473,2024-01-30,EXPENSE,Rent,Campaign star out pattern.,94726.91,5,,Mobile Money,TXN-0003473
3474,2024-11-21,INCOME,Other Income,Interesting weight realize sometimes animal perhaps.,421659.85,9,,Mobile Money,TXN-0003474
3475,2025-11-10,INCOME,Consulting Revenue,Behavior summer serve car husband.,433615.32,6,,Debit Card,TXN-0003475
3476,2025-04-09,EXPENSE,Utilities,Rule will because education detail likely.,258125.72,8,286.0,Credit Card,TXN-0003476
3477,2024-12-28,INCOME,Service Revenue,Score figure play that hand chair.,895344.73,6,,Mobile Money,TXN-0003477
3478,2024-06-05,EXPENSE,Travel,Occur whether authority.,410885.74,6,34.0,Debit Card,TXN-0003478
3479,2024-10-01,INCOME,Consulting Revenue,Book specific note generation participant letter.,766505.75,7,,Cash,TXN-0003479
3480,2025-09-06,EXPENSE,Equipment,Focus natural without federal thought.,162285.08,7,,Mobile Money,TXN-0003480
3481,2025-05-03,EXPENSE,Office Supplies,Fire argue common.,273211.06,5,,Mobile Money,TXN-0003481
3482,2025-11-30,INCOME,Consulting Revenue,Sound while knowledge rest.,95910.89,6,,Cash,TXN-0003482
3483,2024-10-30,EXPENSE,Logistics,Star record carry number plan seem.,125203.43,2,189.0,Mobile Money,TXN-0003483
3484,2024-10-14,EXPENSE,Marketing,Son shoulder natural partner race.,305827.7,10,,Mobile Money,TXN-0003484
3485,2025-07-16,EXPENSE,Software,Increase kid wide table.,211481.42,3,,Bank Transfer,TXN-0003485
3486,2024-04-12,EXPENSE,Professional Services,Feel play shoulder.,316254.83,4,,Credit Card,TXN-0003486
3487,2024-03-03,INCOME,Subscription Revenue,Whatever north thing game skill watch.,446194.09,8,,Debit Card,TXN-0003487
3488,2025-02-23,EXPENSE,Rent,Get start everyone build mention.,431305.36,9,,Cash,TXN-0003488
3489,2025-03-25,EXPENSE,Utilities,Much star player hospital expert born.,374924.12,2,,Bank Transfer,TXN-0003489
3490,2025-01-12,EXPENSE,Office Supplies,Perhaps Republican almost risk spring.,335962.38,5,126.0,Debit Card,TXN-0003490
3491,2024-11-08,EXPENSE,Insurance,Community event report near.,92405.19,2,,Mobile Money,TXN-0003491
3492,2025-10-30,INCOME,Service Revenue,Official consumer thank.,817380.04,1,6.0,Mobile Money,TXN-0003492
3493,2025-11-05,EXPENSE,Travel,Executive fact move whom none.,450667.38,6,257.0,Debit Card,TXN-0003493
3494,2025-09-24,EXPENSE,Insurance,As since have win discuss industry.,249692.16,10,,Cash,TXN-0003494
3495,2025-11-20,EXPENSE,Travel,Team page after teacher movie.,175478.48,9,,Mobile Money,TXN-0003495
3496,2025-10-28,EXPENSE,Software,Use short chance suggest activity.,233156.16,10,,Bank Transfer,TXN-0003496
3497,2024-12-31,INCOME,Other Income,Religious increase budget.,95737.9,10,,Mobile Money,TXN-0003497
3498,2025-10-28,INCOME,Other Income,Majority teach word inside mother.,63619.25,7,,Credit Card,TXN-0003498
3499,2025-11-30,EXPENSE,Logistics,And by wife need.,359159.01,6,276.0,Credit Card,TXN-0003499
3500,2024-04-07,EXPENSE,Professional Services,Trouble government president maybe.,335634.26,7,,Mobile Money,TXN-0003500
3501,2024-07-21,EXPENSE,Logistics,Discuss significant power grow fly.,491274.94,10,,Credit Card,TXN-0003501
3502,2024-08-12,INCOME,Service Revenue,Tonight thus water find stock.,195411.74,7,,Debit Card,TXN-0003502
3503,2025-02-16,INCOME,Service Revenue,Continue Mrs center.,996078.17,6,,Debit Card,TXN-0003503
3504,2024-08-06,INCOME,Consulting Revenue,Eight set condition.,757356.99,1,,Mobile Money,TXN-0003504
3505,2024-04-30,EXPENSE,Utilities,Degree respond avoid program audience way.,499228.23,4,92.0,Cash,TXN-0003505
3506,2024-06-12,INCOME,Consulting Revenue,So difference south.,481622.91,1,292.0,Mobile Money,TXN-0003506
3507,2025-06-21,EXPENSE,Utilities,She attorney center style kid career.,496918.84,9,,Cash,TXN-0003507
3508,2024-10-13,INCOME,Other Income,Reason with some some see ready.,483074.91,5,,Credit Card,TXN-0003508
3509,2024-03-08,EXPENSE,Equipment,Imagine approach bed.,271830.19,7,291.0,Mobile Money,TXN-0003509
3510,2024-05-27,EXPENSE,Equipment,Star under want financial.,77017.16,4,,Debit Card,TXN-0003510
3511,2024-03-02,EXPENSE,Utilities,Standard population today whom value prove.,496509.33,4,,Bank Transfer,TXN-0003511
3512,2025-08-31,INCOME,Service Revenue,Safe music degree think rest together ok.,935158.33,9,,Debit Card,TXN-0003512
3513,2025-02-25,EXPENSE,Logistics,While little speak indicate hard.,288614.35,10,,Debit Card,TXN-0003513
3514,2025-02-02,INCOME,Sales Revenue,Open avoid political.,186469.75,1,170.0,Cash,TXN-0003514
3515,2024-03-07,EXPENSE,Travel,Congress mission feeling still above writer.,24818.72,1,,Debit Card,TXN-0003515
3516,2025-04-18,INCOME,Subscription Revenue,Interview generation place.,41692.29,7,,Credit Card,TXN-0003516
3517,2024-05-05,EXPENSE,Professional Services,No official fly.,361694.76,4,154.0,Credit Card,TXN-0003517
3518,2025-06-14,INCOME,Consulting Revenue,Inside financial allow drive since somebody.,885593.89,8,263.0,Cash,TXN-0003518
3519,2024-12-15,EXPENSE,Equipment,Discuss visit stand customer.,82062.12,2,,Mobile Money,TXN-0003519
3520,2024-08-31,EXPENSE,Logistics,Follow society whole customer Democrat market.,407479.49,5,,Cash,TXN-0003520
3521,2024-09-03,INCOME,Sales Revenue,Young change start party include whose rather.,817490.65,8,137.0,Cash,TXN-0003521
3522,2024-09-13,EXPENSE,Utilities,Risk little east act give.,354559.81,2,,Debit Card,TXN-0003522
3523,2024-11-30,EXPENSE,Maintenance,Political politics news camera make.,466653.4,10,,Bank Transfer,TXN-0003523
3524,2024-01-28,INCOME,Consulting Revenue,Development then want value.,690553.34,5,,Bank Transfer,TXN-0003524
3525,2024-03-17,EXPENSE,Equipment,Ability beat station everybody hard.,349848.74,6,203.0,Mobile Money,TXN-0003525
3526,2024-11-05,INCOME,Sales Revenue,Near power century hot war.,283588.35,8,218.0,Debit Card,TXN-0003526
3527,2024-05-11,EXPENSE,Insurance,Occur manage position.,450967.07,7,,Mobile Money,TXN-0003527
3528,2024-01-02,INCOME,Service Revenue,Simply moment bed.,447283.33,6,,Mobile Money,TXN-0003528
3529,2025-03-26,EXPENSE,Logistics,Happen little provide however.,442244.96,8,34.0,Cash,TXN-0003529
3530,2025-08-27,EXPENSE,Office Supplies,Popular eat trial pass individual cover.,427280.65,10,,Mobile Money,TXN-0003530
3531,2025-12-18,EXPENSE,Maintenance,Rest plan chance for.,239659.47,8,,Bank Transfer,TXN-0003531
3532,2024-10-26,INCOME,Subscription Revenue,Whether sure say sit party.,581646.76,7,,Debit Card,TXN-0003532
3533,2025-05-08,INCOME,Service Revenue,Meet as ask space wonder.,448030.23,5,,Bank Transfer,TXN-0003533
3534,2024-11-14,EXPENSE,Rent,Decade forget son try ten.,110487.52,9,,Bank Transfer,TXN-0003534
3535,2024-01-24,EXPENSE,Travel,Interest dream almost north television.,212393.22,6,,Debit Card,TXN-0003535
3536,2024-10-11,EXPENSE,Utilities,Air something charge whole true carry.,329685.16,9,,Debit Card,TXN-0003536
3537,2025-11-17,EXPENSE,Insurance,Short start still.,243796.18,5,,Credit Card,TXN-0003537
3538,2025-02-10,EXPENSE,Rent,There west especially.,105550.63,10,194.0,Cash,TXN-0003538
3539,2024-08-05,EXPENSE,Equipment,Network grow Mr them.,251102.35,1,,Credit Card,TXN-0003539
3540,2025-01-06,EXPENSE,Software,Throughout finally reach.,485083.47,8,,Debit Card,TXN-0003540
3541,2025-02-21,INCOME,Subscription Revenue,American television tree difference protect.,887956.61,4,74.0,Debit Card,TXN-0003541
3542,2025-04-07,EXPENSE,Equipment,Medical grow population since economy.,144646.9,1,,Bank Transfer,TXN-0003542
3543,2025-05-25,INCOME,Service Revenue,As probably to approach.,181571.32,8,,Debit Card,TXN-0003543
3544,2024-04-15,INCOME,Service Revenue,Capital laugh tax that course.,427347.28,5,,Debit Card,TXN-0003544
3545,2025-08-05,EXPENSE,Rent,Case fund wife still company.,286425.53,6,,Mobile Money,TXN-0003545
3546,2024-01-12,INCOME,Consulting Revenue,Season west control build suddenly body.,772394.17,3,,Mobile Money,TXN-0003546
3547,2024-06-19,EXPENSE,Marketing,Many total fast move generation.,404167.04,5,,Mobile Money,TXN-0003547
3548,2024-12-11,INCOME,Other Income,One race right while significant.,160698.64,9,36.0,Bank Transfer,TXN-0003548
3549,2024-03-22,INCOME,Consulting Revenue,Shoulder foreign situation people feel drug.,322964.12,9,,Mobile Money,TXN-0003549
3550,2024-09-23,INCOME,Subscription Revenue,Fine pass must government.,658690.2,4,,Mobile Money,TXN-0003550
3551,2024-04-20,EXPENSE,Payroll,Ready professor quality report fund style.,123061.29,4,,Cash,TXN-0003551
3552,2025-12-20,EXPENSE,Office Supplies,List over crime class mother college.,253230.89,4,,Mobile Money,TXN-0003552
3553,2025-03-08,EXPENSE,Office Supplies,Sign expert woman executive.,276298.41,7,,Cash,TXN-0003553
3554,2024-03-31,INCOME,Other Income,Several walk speech individual garden body.,131532.73,8,223.0,Cash,TXN-0003554
3555,2024-03-10,INCOME,Subscription Revenue,Administration fund certain.,355106.68,3,20.0,Mobile Money,TXN-0003555
3556,2024-03-08,EXPENSE,Logistics,See southern cold important short.,302001.83,10,279.0,Mobile Money,TXN-0003556
3557,2025-02-19,INCOME,Consulting Revenue,Here represent education threat against officer.,141738.81,10,,Bank Transfer,TXN-0003557
3558,2025-04-10,EXPENSE,Insurance,Media want wide different physical me.,128570.13,10,,Credit Card,TXN-0003558
3559,2025-01-09,EXPENSE,Travel,Beautiful between writer.,89078.32,10,,Bank Transfer,TXN-0003559
3560,2024-05-28,EXPENSE,Professional Services,Determine agent somebody practice.,77829.57,3,,Mobile Money,TXN-0003560
3561,2025-07-27,INCOME,Sales Revenue,Performance evidence result audience bad finish.,899278.69,8,,Mobile Money,TXN-0003561
3562,2025-10-08,EXPENSE,Professional Services,Practice positive star.,403462.25,9,,Mobile Money,TXN-0003562
3563,2024-05-04,EXPENSE,Office Supplies,Almost trouble worker.,350912.19,8,35.0,Cash,TXN-0003563
3564,2024-09-30,INCOME,Other Income,Avoid eat foreign deal arm meet.,443469.21,7,,Cash,TXN-0003564
3565,2025-09-20,EXPENSE,Office Supplies,I policy television measure suddenly.,109386.86,6,249.0,Debit Card,TXN-0003565
3566,2024-07-13,INCOME,Subscription Revenue,Car agreement choice challenge strategy hot.,166253.76,5,61.0,Bank Transfer,TXN-0003566
3567,2025-03-19,EXPENSE,Office Supplies,Federal old tax character cut long.,76561.45,9,,Mobile Money,TXN-0003567
3568,2024-04-27,INCOME,Consulting Revenue,Relate statement picture player difficult.,117589.79,9,,Cash,TXN-0003568
3569,2025-02-06,INCOME,Other Income,Agree step direction exactly.,825587.99,7,73.0,Cash,TXN-0003569
3570,2024-11-22,INCOME,Subscription Revenue,Mean child business city car experience.,245835.92,6,,Credit Card,TXN-0003570
3571,2024-07-28,INCOME,Subscription Revenue,Sense before after.,849993.17,10,,Mobile Money,TXN-0003571
3572,2024-03-27,EXPENSE,Equipment,Buy deal Democrat focus rise matter suffer.,330599.62,9,,Bank Transfer,TXN-0003572
3573,2025-03-22,EXPENSE,Insurance,American hear talk.,464445.52,5,,Cash,TXN-0003573
3574,2024-10-22,EXPENSE,Maintenance,Man worry for really.,178099.64,1,262.0,Mobile Money,TXN-0003574
3575,2025-07-09,EXPENSE,Logistics,Right success tree involve with.,466489.13,10,138.0,Debit Card,TXN-0003575
3576,2025-01-17,EXPENSE,Software,Edge only author attention some about.,33333.22,5,,Debit Card,TXN-0003576
3577,2024-09-24,EXPENSE,Professional Services,Article star themselves stage deep finally.,374072.08,6,,Mobile Money,TXN-0003577
3578,2025-07-08,EXPENSE,Office Supplies,Practice subject goal leg.,418335.72,6,196.0,Debit Card,TXN-0003578
3579,2024-05-16,EXPENSE,Equipment,Field visit professor family make ok.,51064.9,1,,Cash,TXN-0003579
3580,2025-09-20,EXPENSE,Professional Services,Mother able turn yet situation child nature.,228805.77,3,220.0,Debit Card,TXN-0003580
3581,2025-06-03,EXPENSE,Equipment,Pay baby management worker soldier.,365500.42,2,,Debit Card,TXN-0003581
3582,2024-10-11,EXPENSE,Office Supplies,Main attorney character write detail.,474951.83,1,6.0,Credit Card,TXN-0003582
3583,2024-11-26,EXPENSE,Software,Fly decade up senior what.,371333.22,8,,Cash,TXN-0003583
3584,2025-09-01,EXPENSE,Maintenance,Both skill camera fill environmental finish.,219011.71,10,276.0,Bank Transfer,TXN-0003584
3585,2024-02-09,EXPENSE,Utilities,Congress clear would.,126819.81,4,,Mobile Money,TXN-0003585
3586,2024-11-01,EXPENSE,Logistics,Tonight show pressure policy.,5875.02,7,,Bank Transfer,TXN-0003586
3587,2025-09-27,INCOME,Sales Revenue,Thousand final though box information word.,502979.45,1,207.0,Cash,TXN-0003587
3588,2024-01-07,EXPENSE,Payroll,Already manage fine.,342355.57,6,,Debit Card,TXN-0003588
3589,2024-01-09,EXPENSE,Office Supplies,Money reflect great responsibility.,433445.76,3,,Debit Card,TXN-0003589
3590,2024-09-26,INCOME,Consulting Revenue,Onto stand then phone.,944417.16,6,93.0,Credit Card,TXN-0003590
3591,2025-01-09,INCOME,Other Income,Heavy series capital some future.,985752.24,5,,Bank Transfer,TXN-0003591
3592,2025-12-27,INCOME,Other Income,Wrong care low some site however.,578847.04,2,,Mobile Money,TXN-0003592
3593,2025-03-21,EXPENSE,Office Supplies,Age against during record lay that.,105096.15,1,41.0,Debit Card,TXN-0003593
3594,2025-08-16,EXPENSE,Software,Second final arm how.,294041.38,1,,Debit Card,TXN-0003594
3595,2024-01-18,EXPENSE,Logistics,Large him body along.,382174.16,10,,Bank Transfer,TXN-0003595
3596,2024-04-09,INCOME,Subscription Revenue,Miss science both travel unit.,824000.05,4,,Bank Transfer,TXN-0003596
3597,2025-03-13,EXPENSE,Utilities,Per audience seat treat.,404106.71,9,,Debit Card,TXN-0003597
3598,2024-10-30,INCOME,Other Income,Than suddenly animal agent discuss respond.,651646.24,2,,Credit Card,TXN-0003598
3599,2025-02-20,EXPENSE,Logistics,Someone similar whose drive.,188502.0,10,272.0,Credit Card,TXN-0003599
3600,2024-04-08,INCOME,Consulting Revenue,Area member author door born.,141012.37,8,,Cash,TXN-0003600
3601,2024-02-05,EXPENSE,Payroll,Require such under choose brother.,444509.78,7,296.0,Credit Card,TXN-0003601
3602,2024-09-07,INCOME,Service Revenue,Allow owner politics.,556970.41,1,,Bank Transfer,TXN-0003602
3603,2024-02-15,EXPENSE,Rent,Give war health poor base.,160888.87,1,,Credit Card,TXN-0003603
3604,2024-12-02,EXPENSE,Payroll,Science event return place.,48877.69,7,280.0,Debit Card,TXN-0003604
3605,2024-04-09,EXPENSE,Insurance,Second however bed save power.,284061.38,6,,Cash,TXN-0003605
3606,2025-05-20,INCOME,Consulting Revenue,Pay cell beautiful radio only.,279616.68,1,,Credit Card,TXN-0003606
3607,2024-03-08,EXPENSE,Equipment,Could growth night.,177251.21,5,,Cash,TXN-0003607
3608,2025-12-19,EXPENSE,Professional Services,Author rock single reduce institution thousand.,321091.8,1,,Debit Card,TXN-0003608
3609,2025-07-11,INCOME,Subscription Revenue,General shake marriage serious.,312992.63,8,205.0,Mobile Money,TXN-0003609
3610,2024-07-06,INCOME,Sales Revenue,Option find me foreign.,859321.76,1,,Mobile Money,TXN-0003610
3611,2024-12-01,EXPENSE,Payroll,Fall grow task study.,324714.01,5,,Mobile Money,TXN-0003611
3612,2025-11-21,EXPENSE,Software,Our home wall site.,6246.11,2,114.0,Debit Card,TXN-0003612
3613,2025-09-11,INCOME,Subscription Revenue,Rich war face successful price.,632091.74,7,,Bank Transfer,TXN-0003613
3614,2025-06-20,EXPENSE,Software,Best president environment peace finish eight.,15517.78,6,,Cash,TXN-0003614
3615,2024-03-28,EXPENSE,Logistics,So student data dog.,186933.62,8,,Mobile Money,TXN-0003615
3616,2024-06-14,EXPENSE,Payroll,Help never community.,107167.46,8,,Credit Card,TXN-0003616
3617,2024-12-01,EXPENSE,Payroll,Represent and why.,154882.99,5,78.0,Cash,TXN-0003617
3618,2025-10-24,EXPENSE,Rent,Board bring check.,352765.9,6,,Bank Transfer,TXN-0003618
3619,2025-04-07,EXPENSE,Payroll,Open election nation.,366231.58,7,,Bank Transfer,TXN-0003619
3620,2025-05-14,EXPENSE,Rent,Product if area hot.,69904.68,7,,Debit Card,TXN-0003620
3621,2025-01-08,EXPENSE,Travel,Occur few choice today control eight.,94458.64,4,52.0,Bank Transfer,TXN-0003621
3622,2025-06-21,EXPENSE,Payroll,Old as when keep little.,25541.86,7,,Credit Card,TXN-0003622
3623,2024-03-02,INCOME,Subscription Revenue,It story around job.,200224.96,9,113.0,Credit Card,TXN-0003623
3624,2024-11-17,INCOME,Other Income,Toward mean financial.,250933.06,5,,Credit Card,TXN-0003624
3625,2025-05-20,INCOME,Other Income,Debate receive energy national.,922156.35,1,198.0,Credit Card,TXN-0003625
3626,2025-07-01,EXPENSE,Maintenance,Dream sure thank their address board.,441146.4,9,,Credit Card,TXN-0003626
3627,2024-03-08,EXPENSE,Equipment,Enough trouble action church property face.,160625.24,9,,Cash,TXN-0003627
3628,2024-12-31,INCOME,Consulting Revenue,Beautiful open daughter choose performance upon.,920961.7,1,185.0,Cash,TXN-0003628
3629,2025-12-28,EXPENSE,Software,Color water every area keep.,460451.87,4,,Debit Card,TXN-0003629
3630,2024-04-14,EXPENSE,Software,Real partner billion player pattern must.,432714.04,1,,Debit Card,TXN-0003630
3631,2025-04-09,INCOME,Other Income,Dinner manage try friend religious.,987601.62,6,,Bank Transfer,TXN-0003631
3632,2025-08-21,EXPENSE,Rent,Account hospital organization.,480727.97,8,,Debit Card,TXN-0003632
3633,2024-05-28,EXPENSE,Maintenance,Tend care animal soldier skin.,459952.76,5,,Cash,TXN-0003633
3634,2025-04-09,EXPENSE,Utilities,Tend family determine public analysis.,174428.97,2,,Debit Card,TXN-0003634
3635,2024-02-29,EXPENSE,Utilities,Entire city military buy.,444413.89,10,,Bank Transfer,TXN-0003635
3636,2025-04-24,EXPENSE,Rent,Security particular hair perhaps.,2860.72,7,,Mobile Money,TXN-0003636
3637,2025-06-07,EXPENSE,Equipment,Close heavy onto billion fast.,196053.41,9,,Debit Card,TXN-0003637
3638,2024-04-24,EXPENSE,Software,Choice take low.,333856.43,4,,Mobile Money,TXN-0003638
3639,2024-12-15,INCOME,Subscription Revenue,Area country father stage city.,431303.8,6,,Debit Card,TXN-0003639
3640,2024-07-01,EXPENSE,Rent,Land especially significant able media away.,85173.33,4,,Credit Card,TXN-0003640
3641,2024-03-26,INCOME,Other Income,Indeed head light bad.,111259.48,7,196.0,Mobile Money,TXN-0003641
3642,2024-07-30,EXPENSE,Insurance,Hard determine mission movie.,423288.61,10,,Cash,TXN-0003642
3643,2024-04-03,EXPENSE,Utilities,Mind remember develop.,156714.6,3,,Credit Card,TXN-0003643
3644,2025-02-07,EXPENSE,Maintenance,Truth there financial.,168240.66,1,,Credit Card,TXN-0003644
3645,2024-05-30,INCOME,Consulting Revenue,Word stock activity clearly.,91244.0,4,101.0,Debit Card,TXN-0003645
3646,2025-07-12,EXPENSE,Utilities,Put hear conference rise.,473174.05,1,260.0,Debit Card,TXN-0003646
3647,2024-07-24,EXPENSE,Travel,Community lawyer American.,154051.84,10,,Mobile Money,TXN-0003647
3648,2024-08-06,INCOME,Service Revenue,Suddenly wind believe discussion let so.,234395.92,10,,Bank Transfer,TXN-0003648
3649,2024-07-14,EXPENSE,Equipment,Far speech memory floor.,38995.36,7,,Credit Card,TXN-0003649
3650,2025-03-03,INCOME,Other Income,Glass base spring leave.,347713.88,9,,Debit Card,TXN-0003650
3651,2025-01-17,EXPENSE,Utilities,Place remain likely.,108517.91,6,,Mobile Money,TXN-0003651
3652,2024-06-30,INCOME,Other Income,Accept more consider region special.,452953.35,8,,Mobile Money,TXN-0003652
3653,2025-02-14,INCOME,Subscription Revenue,Today model which soldier note.,159967.39,7,250.0,Debit Card,TXN-0003653
3654,2025-06-21,EXPENSE,Professional Services,Firm something so agreement against born.,243067.34,10,,Bank Transfer,TXN-0003654
3655,2024-10-31,EXPENSE,Insurance,Pull himself outside type eat.,449207.21,5,,Debit Card,TXN-0003655
3656,2025-08-22,INCOME,Other Income,Fly consider heart feeling discussion.,47204.86,6,,Debit Card,TXN-0003656
3657,2025-09-11,INCOME,Service Revenue,Including particular stand price.,296498.95,6,,Cash,TXN-0003657
3658,2024-08-09,EXPENSE,Office Supplies,White work maybe report.,156326.96,5,219.0,Bank Transfer,TXN-0003658
3659,2024-07-31,EXPENSE,Rent,When prove rich ever magazine account.,445485.06,7,,Bank Transfer,TXN-0003659
3660,2024-05-18,INCOME,Consulting Revenue,Wife left green area item anything.,220221.36,4,,Debit Card,TXN-0003660
3661,2024-12-19,EXPENSE,Rent,Wind door response.,49090.4,6,,Bank Transfer,TXN-0003661
3662,2025-09-09,INCOME,Sales Revenue,Goal task employee movement.,385803.36,5,,Debit Card,TXN-0003662
3663,2025-04-19,EXPENSE,Office Supplies,Middle network role official us up.,94706.76,7,,Cash,TXN-0003663
3664,2024-04-06,INCOME,Other Income,Level history civil wrong throw girl.,97743.87,5,252.0,Cash,TXN-0003664
3665,2024-04-13,INCOME,Other Income,Place much tend blue feel.,15708.87,2,,Mobile Money,TXN-0003665
3666,2024-03-22,EXPENSE,Logistics,Left according foot nation get.,478570.52,6,299.0,Debit Card,TXN-0003666
3667,2024-12-22,INCOME,Other Income,Include would help.,858579.86,6,,Credit Card,TXN-0003667
3668,2024-06-28,EXPENSE,Office Supplies,Than success level Mr.,192446.52,1,,Mobile Money,TXN-0003668
3669,2024-12-02,INCOME,Subscription Revenue,Husband project high talk.,432076.29,2,,Cash,TXN-0003669
3670,2025-09-26,INCOME,Consulting Revenue,Read various peace arm and air.,248831.32,9,,Bank Transfer,TXN-0003670
3671,2024-11-03,EXPENSE,Insurance,Wind image instead leave guess.,156156.04,3,,Credit Card,TXN-0003671
3672,2024-10-18,EXPENSE,Logistics,Record seem he even.,442802.1,10,,Mobile Money,TXN-0003672
3673,2024-07-14,EXPENSE,Travel,White arrive establish.,362007.86,7,,Debit Card,TXN-0003673
3674,2025-04-17,INCOME,Sales Revenue,Important score notice hotel.,666367.31,7,,Debit Card,TXN-0003674
3675,2024-03-23,EXPENSE,Maintenance,Data employee yard.,63064.26,10,,Cash,TXN-0003675
3676,2025-06-07,INCOME,Other Income,Magazine respond leader.,484614.16,4,91.0,Mobile Money,TXN-0003676
3677,2024-12-01,EXPENSE,Equipment,Agency food few so.,120340.34,3,,Mobile Money,TXN-0003677
3678,2025-06-03,INCOME,Service Revenue,International meeting two discussion.,784346.34,4,,Cash,TXN-0003678
3679,2025-01-23,EXPENSE,Rent,Carry seem thousand remain thought.,131598.2,4,198.0,Bank Transfer,TXN-0003679
3680,2025-08-31,INCOME,Sales Revenue,Hour part staff spend think whose.,267762.32,4,,Debit Card,TXN-0003680
3681,2025-01-19,EXPENSE,Marketing,Live old cup check listen than include.,209743.91,6,,Credit Card,TXN-0003681
3682,2024-12-24,INCOME,Consulting Revenue,Matter production explain last.,862602.77,10,,Credit Card,TXN-0003682
3683,2024-10-23,EXPENSE,Software,Surface financial wind time term.,49178.33,6,,Cash,TXN-0003683
3684,2024-03-10,EXPENSE,Marketing,Maybe choice art big sign.,210983.98,7,,Bank Transfer,TXN-0003684
3685,2024-03-11,EXPENSE,Payroll,Purpose late receive cell financial.,353587.64,3,,Bank Transfer,TXN-0003685
3686,2025-03-16,EXPENSE,Utilities,Fill everything international compare.,129924.19,4,199.0,Debit Card,TXN-0003686
3687,2024-02-18,INCOME,Sales Revenue,Seat happy investment west line.,611930.54,2,,Mobile Money,TXN-0003687
3688,2025-11-27,EXPENSE,Travel,Stop deal decision today.,358875.5,3,,Debit Card,TXN-0003688
3689,2024-03-23,EXPENSE,Marketing,Near move provide better throughout.,214580.81,1,,Cash,TXN-0003689
3690,2025-01-20,EXPENSE,Payroll,Sort talk manager.,329784.81,3,133.0,Credit Card,TXN-0003690
3691,2025-09-14,EXPENSE,Professional Services,Follow sit accept sister ground nothing.,304999.12,10,164.0,Cash,TXN-0003691
3692,2025-10-19,INCOME,Other Income,Think customer serve away.,569579.95,3,,Mobile Money,TXN-0003692
3693,2024-09-03,INCOME,Subscription Revenue,Capital painting half.,328860.35,10,,Mobile Money,TXN-0003693
3694,2024-06-02,EXPENSE,Equipment,Audience avoid next very report catch.,183742.64,2,263.0,Cash,TXN-0003694
3695,2024-10-13,EXPENSE,Equipment,Stand decision common outside.,101722.11,4,,Mobile Money,TXN-0003695
3696,2025-06-30,EXPENSE,Professional Services,Law cell father boy.,30055.62,2,,Bank Transfer,TXN-0003696
3697,2024-12-21,INCOME,Sales Revenue,Score drive do production good.,252934.68,9,,Credit Card,TXN-0003697
3698,2024-03-13,EXPENSE,Logistics,American just other thus run group.,392797.17,3,148.0,Cash,TXN-0003698
3699,2024-07-26,INCOME,Consulting Revenue,Use into upon much father character.,295637.27,6,,Mobile Money,TXN-0003699
3700,2024-02-07,INCOME,Other Income,Compare check discover from economic.,531113.83,4,,Cash,TXN-0003700
3701,2024-04-13,EXPENSE,Insurance,Shoulder forget state movement discussion.,346873.79,6,147.0,Credit Card,TXN-0003701
3702,2024-04-03,INCOME,Service Revenue,Political sing fly analysis person.,938851.8,4,,Debit Card,TXN-0003702
3703,2024-12-10,INCOME,Sales Revenue,Four decade until generation front.,358452.17,8,147.0,Mobile Money,TXN-0003703
3704,2024-11-19,EXPENSE,Rent,Politics audience bad million close half.,470222.87,7,,Cash,TXN-0003704
3705,2024-05-06,EXPENSE,Maintenance,Friend myself house think town.,367698.23,3,,Debit Card,TXN-0003705
3706,2024-12-12,EXPENSE,Software,Condition protect cover bar buy event reduce.,238436.4,6,,Bank Transfer,TXN-0003706
3707,2025-01-09,INCOME,Sales Revenue,Process above interesting stay maintain.,667818.12,2,110.0,Bank Transfer,TXN-0003707
3708,2025-11-17,INCOME,Sales Revenue,Election letter argue use fact ground.,718583.96,4,,Debit Card,TXN-0003708
3709,2025-04-04,INCOME,Sales Revenue,Make believe above blue short have.,861563.56,7,,Credit Card,TXN-0003709
3710,2024-07-02,INCOME,Service Revenue,Material white leg many near.,559932.06,5,65.0,Credit Card,TXN-0003710
3711,2024-04-10,EXPENSE,Office Supplies,Article beyond human senior laugh right.,314326.65,7,,Credit Card,TXN-0003711
3712,2024-12-22,INCOME,Consulting Revenue,Month century fly leg customer.,326234.2,8,19.0,Debit Card,TXN-0003712
3713,2025-08-29,INCOME,Other Income,Upon number authority alone new because.,398837.65,9,,Mobile Money,TXN-0003713
3714,2025-05-29,EXPENSE,Rent,Finish behind anyone relationship form hold.,383125.61,2,,Debit Card,TXN-0003714
3715,2024-11-22,EXPENSE,Utilities,Fish huge medical wind.,104819.04,7,,Credit Card,TXN-0003715
3716,2024-04-05,INCOME,Service Revenue,Pressure role back before budget.,709200.78,7,182.0,Debit Card,TXN-0003716
3717,2025-11-04,EXPENSE,Logistics,Might rest live collection series trial.,21270.82,4,,Cash,TXN-0003717
3718,2025-01-17,EXPENSE,Utilities,Year great head budget also.,18513.65,6,,Cash,TXN-0003718
3719,2025-11-15,EXPENSE,Marketing,Question world that.,100926.4,9,151.0,Debit Card,TXN-0003719
3720,2025-02-18,INCOME,Subscription Revenue,Democrat standard fish point attorney high.,967351.59,9,,Mobile Money,TXN-0003720
3721,2024-06-01,EXPENSE,Marketing,While bed low.,315371.31,1,,Credit Card,TXN-0003721
3722,2025-09-12,INCOME,Consulting Revenue,Each identify good theory.,31682.22,10,274.0,Mobile Money,TXN-0003722
3723,2025-08-21,EXPENSE,Utilities,Certain board have may field.,300253.9,6,288.0,Mobile Money,TXN-0003723
3724,2025-09-13,EXPENSE,Payroll,Mother today medical good because.,495608.99,10,,Cash,TXN-0003724
3725,2025-06-13,INCOME,Other Income,Girl open get table six industry.,951192.94,10,,Bank Transfer,TXN-0003725
3726,2025-07-08,EXPENSE,Logistics,Live tax activity memory.,284508.63,9,,Mobile Money,TXN-0003726
3727,2025-10-23,INCOME,Sales Revenue,Final full allow several and.,181592.18,2,,Bank Transfer,TXN-0003727
3728,2024-04-30,INCOME,Consulting Revenue,Among major will office cultural box.,100134.21,6,168.0,Cash,TXN-0003728
3729,2025-06-28,EXPENSE,Office Supplies,Box way citizen back.,449425.32,8,105.0,Credit Card,TXN-0003729
3730,2025-02-13,INCOME,Subscription Revenue,Conference find during or.,43917.94,9,,Cash,TXN-0003730
3731,2024-04-28,EXPENSE,Equipment,Future anyone model.,481433.7,9,,Cash,TXN-0003731
3732,2024-03-31,EXPENSE,Insurance,Fly crime contain rule similar.,416831.52,5,46.0,Mobile Money,TXN-0003732
3733,2025-04-03,INCOME,Sales Revenue,Season fear day education.,68779.07,7,,Bank Transfer,TXN-0003733
3734,2024-07-01,INCOME,Other Income,Too your across book window southern.,260527.97,8,207.0,Debit Card,TXN-0003734
3735,2025-11-10,EXPENSE,Travel,Well visit itself less friend.,374776.79,2,182.0,Mobile Money,TXN-0003735
3736,2024-01-22,EXPENSE,Logistics,Half dark chair audience continue exist.,23548.88,4,,Credit Card,TXN-0003736
3737,2025-03-17,EXPENSE,Payroll,Herself boy value.,207760.85,9,,Cash,TXN-0003737
3738,2024-10-30,EXPENSE,Software,Group bill perhaps fast.,274454.76,10,,Credit Card,TXN-0003738
3739,2024-01-10,EXPENSE,Insurance,Force hair manage recently.,150397.11,5,,Credit Card,TXN-0003739
3740,2025-10-21,INCOME,Other Income,Direction pick almost impact treatment.,283772.54,6,52.0,Credit Card,TXN-0003740
3741,2025-06-14,INCOME,Other Income,Community recently there Mr oil.,438908.69,7,3.0,Cash,TXN-0003741
3742,2025-01-10,EXPENSE,Utilities,System military magazine act usually particular head.,276226.61,5,295.0,Cash,TXN-0003742
3743,2025-03-26,EXPENSE,Software,West never shake significant maybe interest.,62940.83,5,,Debit Card,TXN-0003743
3744,2025-11-16,INCOME,Sales Revenue,Guy husband study close near.,562772.32,1,,Credit Card,TXN-0003744
3745,2025-08-22,EXPENSE,Professional Services,Choose value television party.,314994.4,3,,Mobile Money,TXN-0003745
3746,2025-08-23,EXPENSE,Equipment,Something many after glass.,128074.35,3,211.0,Debit Card,TXN-0003746
3747,2025-03-09,EXPENSE,Software,Most hotel skin common.,346352.73,4,,Credit Card,TXN-0003747
3748,2025-10-04,INCOME,Service Revenue,However bank attention one me.,603704.94,7,149.0,Credit Card,TXN-0003748
3749,2024-11-12,INCOME,Other Income,Light performance center range.,954814.91,8,,Debit Card,TXN-0003749
3750,2024-03-10,INCOME,Service Revenue,National drop ask.,929808.32,7,,Debit Card,TXN-0003750
3751,2025-07-31,EXPENSE,Marketing,Person speech time actually yourself tell.,226649.94,7,,Credit Card,TXN-0003751
3752,2025-02-02,INCOME,Sales Revenue,Care music start team day face.,552603.33,9,79.0,Debit Card,TXN-0003752
3753,2024-07-10,EXPENSE,Equipment,National once focus card new produce.,195511.69,5,,Cash,TXN-0003753
3754,2025-11-08,INCOME,Subscription Revenue,Else view bag.,11585.13,1,,Mobile Money,TXN-0003754
3755,2024-09-24,EXPENSE,Rent,Control character hair check not four.,304090.15,4,,Bank Transfer,TXN-0003755
3756,2025-06-20,EXPENSE,Logistics,Push skill kind.,159759.66,2,175.0,Credit Card,TXN-0003756
3757,2025-09-15,INCOME,Subscription Revenue,Thousand someone industry while open.,64326.87,6,,Credit Card,TXN-0003757
3758,2025-08-12,EXPENSE,Professional Services,Next force common amount opportunity.,1850.39,7,121.0,Mobile Money,TXN-0003758
3759,2025-11-28,EXPENSE,Software,During time American sea.,275619.99,3,,Credit Card,TXN-0003759
3760,2024-10-22,EXPENSE,Professional Services,Then lot quite school east.,70040.26,2,,Credit Card,TXN-0003760
3761,2024-04-20,INCOME,Sales Revenue,Third me strategy meeting record.,207701.8,3,,Mobile Money,TXN-0003761
3762,2024-10-21,EXPENSE,Equipment,Stock popular choice total prepare by.,136532.24,5,,Bank Transfer,TXN-0003762
3763,2024-04-18,INCOME,Service Revenue,Pull often season network would for.,79249.09,2,,Cash,TXN-0003763
3764,2025-11-10,EXPENSE,Office Supplies,International only meet future establish.,305483.95,9,,Debit Card,TXN-0003764
3765,2024-12-20,INCOME,Subscription Revenue,Condition continue agent knowledge main.,659447.21,4,155.0,Credit Card,TXN-0003765
3766,2025-10-01,INCOME,Other Income,Certain international manager.,39060.35,4,,Debit Card,TXN-0003766
3767,2025-01-25,EXPENSE,Utilities,Local possible organization look court.,124135.31,6,,Debit Card,TXN-0003767
3768,2024-03-29,INCOME,Subscription Revenue,Treatment every while share also husband.,437781.97,2,157.0,Mobile Money,TXN-0003768
3769,2024-03-28,EXPENSE,Maintenance,Analysis up within.,98679.57,2,,Debit Card,TXN-0003769
3770,2024-05-19,INCOME,Service Revenue,Congress successful somebody check describe side.,519887.48,3,167.0,Credit Card,TXN-0003770
3771,2024-05-03,EXPENSE,Insurance,Affect speech why history official.,330314.46,3,,Cash,TXN-0003771
3772,2024-07-12,EXPENSE,Payroll,Decade second task contain chair guy.,284494.92,5,,Mobile Money,TXN-0003772
3773,2024-07-20,EXPENSE,Professional Services,Ball model him.,228581.81,9,114.0,Debit Card,TXN-0003773
3774,2025-07-02,INCOME,Other Income,Bank by manage author.,501236.28,7,,Mobile Money,TXN-0003774
3775,2024-09-03,INCOME,Service Revenue,Employee issue national expect worry my.,204316.07,2,,Bank Transfer,TXN-0003775
3776,2024-01-31,INCOME,Consulting Revenue,Look page teach economic alone law.,980159.68,9,232.0,Debit Card,TXN-0003776
3777,2024-03-30,INCOME,Subscription Revenue,Blood degree Republican sell within.,204857.53,8,,Credit Card,TXN-0003777
3778,2025-09-29,EXPENSE,Payroll,Anything despite compare line campaign.,58398.44,2,,Debit Card,TXN-0003778
3779,2025-07-07,INCOME,Other Income,Decision computer rate approach contain forward.,632250.02,4,,Mobile Money,TXN-0003779
3780,2025-03-30,EXPENSE,Marketing,After common pull call follow street.,232765.08,3,,Credit Card,TXN-0003780
3781,2025-07-09,EXPENSE,Equipment,Among market include real.,473655.74,5,,Debit Card,TXN-0003781
3782,2024-04-18,INCOME,Subscription Revenue,Industry executive interesting nothing.,423997.1,8,,Mobile Money,TXN-0003782
3783,2025-11-09,EXPENSE,Travel,Role business data son.,195544.93,3,,Cash,TXN-0003783
3784,2024-02-20,EXPENSE,Office Supplies,Who recent myself various group talk wall.,3378.46,2,,Credit Card,TXN-0003784
3785,2024-02-27,INCOME,Subscription Revenue,Father perhaps chance.,618898.59,9,,Cash,TXN-0003785
3786,2025-06-30,EXPENSE,Utilities,General wide family.,415100.9,1,214.0,Mobile Money,TXN-0003786
3787,2025-05-21,INCOME,Other Income,Point easy war.,390959.34,5,,Debit Card,TXN-0003787
3788,2024-04-17,EXPENSE,Insurance,Because listen western.,176565.4,5,,Debit Card,TXN-0003788
3789,2024-04-16,EXPENSE,Utilities,Around agency all.,487361.2,1,,Cash,TXN-0003789
3790,2025-09-23,INCOME,Consulting Revenue,Article include Mrs TV.,974936.97,3,,Mobile Money,TXN-0003790
3791,2024-09-15,EXPENSE,Marketing,Size environmental those candidate.,420498.48,9,,Debit Card,TXN-0003791
3792,2025-02-07,EXPENSE,Utilities,Ball from suffer.,154117.69,2,,Cash,TXN-0003792
3793,2024-07-03,EXPENSE,Equipment,College line worry.,35897.58,6,,Cash,TXN-0003793
3794,2024-05-22,EXPENSE,Marketing,Lot hair forward be because check.,366127.29,8,,Bank Transfer,TXN-0003794
3795,2024-03-17,EXPENSE,Insurance,Son finish guy act military.,168159.01,1,,Bank Transfer,TXN-0003795
3796,2025-08-04,INCOME,Service Revenue,Finally position civil.,292747.09,8,,Bank Transfer,TXN-0003796
3797,2025-08-11,INCOME,Sales Revenue,Pick network practice less far.,145945.88,4,72.0,Credit Card,TXN-0003797
3798,2024-05-19,EXPENSE,Logistics,City support mouth.,407775.34,6,,Debit Card,TXN-0003798
3799,2025-01-08,EXPENSE,Utilities,Beautiful political yourself act.,347421.04,3,,Credit Card,TXN-0003799
3800,2025-10-06,EXPENSE,Rent,Career law president conference policy citizen.,232883.93,3,105.0,Credit Card,TXN-0003800
3801,2024-08-03,EXPENSE,Insurance,Threat stay type note night stay.,75898.37,4,,Cash,TXN-0003801
3802,2025-04-05,EXPENSE,Utilities,Control manager experience million pressure.,53676.39,2,,Cash,TXN-0003802
3803,2025-05-20,EXPENSE,Maintenance,There buy nothing born then court.,235328.01,4,,Mobile Money,TXN-0003803
3804,2024-01-17,EXPENSE,Professional Services,Fear always provide.,276096.09,8,,Mobile Money,TXN-0003804
3805,2025-06-05,EXPENSE,Marketing,Draw color fish action room.,123686.13,1,,Debit Card,TXN-0003805
3806,2025-08-11,INCOME,Other Income,Week catch small away.,772673.41,7,,Debit Card,TXN-0003806
3807,2024-08-29,INCOME,Consulting Revenue,Report could purpose very car general.,798284.51,7,,Debit Card,TXN-0003807
3808,2024-09-02,INCOME,Subscription Revenue,Central likely society go direction those.,163672.53,1,,Bank Transfer,TXN-0003808
3809,2024-11-18,INCOME,Other Income,Per dinner fast give start.,639604.26,10,,Bank Transfer,TXN-0003809
3810,2024-06-04,EXPENSE,Maintenance,Teacher board collection start.,220082.4,1,264.0,Bank Transfer,TXN-0003810
3811,2024-12-17,INCOME,Sales Revenue,Evidence them player news body same.,761609.44,9,,Credit Card,TXN-0003811
3812,2025-04-06,EXPENSE,Travel,Authority resource seat phone.,449315.86,10,,Bank Transfer,TXN-0003812
3813,2024-09-25,EXPENSE,Utilities,Think woman fish beat learn whose.,350674.49,8,,Credit Card,TXN-0003813
3814,2025-03-06,EXPENSE,Rent,Break see court detail south.,313198.86,1,,Debit Card,TXN-0003814
3815,2025-04-15,EXPENSE,Software,Air serve social.,27345.89,5,,Credit Card,TXN-0003815
3816,2024-12-22,EXPENSE,Payroll,Message when protect physical.,83879.78,9,,Bank Transfer,TXN-0003816
3817,2024-01-25,INCOME,Other Income,Seem wall at million serious north.,288160.04,5,,Bank Transfer,TXN-0003817
3818,2025-01-18,EXPENSE,Equipment,About Congress floor.,44148.31,7,,Mobile Money,TXN-0003818
3819,2025-03-29,EXPENSE,Travel,Shake where group anything.,415602.54,9,,Debit Card,TXN-0003819
3820,2024-03-10,EXPENSE,Utilities,So south recognize one thank single.,472277.37,7,124.0,Cash,TXN-0003820
3821,2024-03-20,INCOME,Subscription Revenue,To late indicate picture watch lot.,23808.02,6,,Debit Card,TXN-0003821
3822,2025-01-02,INCOME,Service Revenue,Analysis community boy talk.,481073.06,3,172.0,Cash,TXN-0003822
3823,2024-01-12,INCOME,Consulting Revenue,Fact table majority buy.,137341.84,9,180.0,Bank Transfer,TXN-0003823
3824,2024-07-17,EXPENSE,Office Supplies,Behavior we far Republican very soldier.,158095.66,9,61.0,Mobile Money,TXN-0003824
3825,2024-12-22,INCOME,Consulting Revenue,Charge particularly baby type.,717414.12,7,,Debit Card,TXN-0003825
3826,2024-03-25,EXPENSE,Utilities,Friend recent positive minute rock.,411727.04,3,,Cash,TXN-0003826
3827,2024-09-09,INCOME,Sales Revenue,Science hair red see media.,778289.61,3,,Bank Transfer,TXN-0003827
3828,2025-07-31,EXPENSE,Insurance,Find operation buy building perform.,386410.89,6,,Bank Transfer,TXN-0003828
3829,2025-03-02,EXPENSE,Insurance,Remember remain want around only how.,41527.11,2,,Bank Transfer,TXN-0003829
3830,2025-03-28,INCOME,Subscription Revenue,Protect dog summer.,55185.57,4,,Debit Card,TXN-0003830
3831,2024-05-17,INCOME,Consulting Revenue,Break early price capital worker nice.,637508.51,10,,Cash,TXN-0003831
3832,2024-09-13,INCOME,Other Income,Participant successful tree fire body arm.,24598.49,5,,Cash,TXN-0003832
3833,2025-11-06,INCOME,Service Revenue,Read represent well.,696317.35,6,,Bank Transfer,TXN-0003833
3834,2025-05-21,EXPENSE,Equipment,Father enough again.,198210.82,3,,Mobile Money,TXN-0003834
3835,2024-03-15,EXPENSE,Marketing,With cup relate minute.,232118.65,9,,Mobile Money,TXN-0003835
3836,2024-06-10,EXPENSE,Logistics,Stop cover everyone other.,395388.23,2,,Cash,TXN-0003836
3837,2024-01-08,INCOME,Other Income,Want beyond day energy.,237252.25,8,,Mobile Money,TXN-0003837
3838,2025-03-19,EXPENSE,Software,Again agreement some have administration.,487444.0,1,,Debit Card,TXN-0003838
3839,2024-01-09,EXPENSE,Rent,Full catch decision discover.,494939.36,9,265.0,Credit Card,TXN-0003839
3840,2025-03-28,EXPENSE,Office Supplies,Increase maybe information in.,57754.54,2,,Cash,TXN-0003840
3841,2025-02-13,INCOME,Sales Revenue,Recent TV national early likely.,832698.53,5,,Bank Transfer,TXN-0003841
3842,2024-01-13,INCOME,Consulting Revenue,Boy without knowledge single let.,316042.61,10,,Cash,TXN-0003842
3843,2025-05-09,INCOME,Consulting Revenue,Bed eight sit seat report doctor.,566995.78,4,,Bank Transfer,TXN-0003843
3844,2024-01-06,EXPENSE,Utilities,Impact glass rise indeed.,295781.56,7,,Cash,TXN-0003844
3845,2025-05-24,INCOME,Consulting Revenue,Game nation what yourself morning.,366104.84,1,,Cash,TXN-0003845
3846,2024-01-03,EXPENSE,Logistics,Media physical paper leave experience job.,44238.04,1,227.0,Mobile Money,TXN-0003846
3847,2024-11-01,EXPENSE,Utilities,Type real week whole hundred area.,238877.46,7,,Bank Transfer,TXN-0003847
3848,2025-09-06,EXPENSE,Maintenance,Kitchen site quite store dark hit.,201566.63,5,,Debit Card,TXN-0003848
3849,2025-10-05,EXPENSE,Insurance,Today word occur.,337526.22,3,,Bank Transfer,TXN-0003849
3850,2024-10-28,EXPENSE,Insurance,Behind among activity today any chance.,244885.49,9,,Cash,TXN-0003850
3851,2024-09-22,EXPENSE,Utilities,Vote tough write.,256432.45,9,,Mobile Money,TXN-0003851
3852,2025-01-06,EXPENSE,Office Supplies,Police artist tough government surface.,390589.83,5,,Bank Transfer,TXN-0003852
3853,2025-08-13,INCOME,Subscription Revenue,Radio heart reveal however.,150762.61,5,,Mobile Money,TXN-0003853
3854,2025-04-28,INCOME,Service Revenue,Seven boy record explain particularly.,782717.7,7,,Mobile Money,TXN-0003854
3855,2025-04-24,INCOME,Other Income,Week find investment drug civil like.,83636.88,1,,Debit Card,TXN-0003855
3856,2025-11-23,EXPENSE,Travel,True knowledge analysis teacher.,476114.25,8,,Credit Card,TXN-0003856
3857,2025-06-08,EXPENSE,Utilities,Get wish management rich.,447244.47,1,29.0,Mobile Money,TXN-0003857
3858,2024-06-15,EXPENSE,Insurance,Threat attorney remain material still character radio.,460914.42,4,,Credit Card,TXN-0003858
3859,2025-01-15,INCOME,Other Income,Southern production task weight likely successful.,795831.09,9,,Debit Card,TXN-0003859
3860,2025-04-09,EXPENSE,Travel,Hospital institution any quite.,363596.36,1,,Debit Card,TXN-0003860
3861,2025-09-09,EXPENSE,Software,Join time information wear.,347224.55,2,,Credit Card,TXN-0003861
3862,2025-01-20,EXPENSE,Software,Quite because take strategy.,194749.17,6,,Debit Card,TXN-0003862
3863,2025-06-22,INCOME,Subscription Revenue,Mind ever brother.,322372.04,7,,Bank Transfer,TXN-0003863
3864,2024-12-25,INCOME,Sales Revenue,Eight positive east paper.,971426.52,2,254.0,Bank Transfer,TXN-0003864
3865,2025-09-11,INCOME,Sales Revenue,Shoulder shake series hospital seem.,695661.25,9,,Credit Card,TXN-0003865
3866,2025-07-30,EXPENSE,Payroll,Much will detail course.,211958.35,10,,Mobile Money,TXN-0003866
3867,2025-12-22,INCOME,Consulting Revenue,Training identify boy whether party.,145875.41,8,,Debit Card,TXN-0003867
3868,2025-11-20,INCOME,Service Revenue,Purpose town blue.,195657.36,10,,Cash,TXN-0003868
3869,2025-09-01,EXPENSE,Insurance,Drug own leave daughter across.,24538.11,9,,Cash,TXN-0003869
3870,2024-05-13,EXPENSE,Logistics,Dog above affect use.,345907.96,9,,Credit Card,TXN-0003870
3871,2024-07-30,EXPENSE,Travel,Only though front spring.,102873.07,3,254.0,Cash,TXN-0003871
3872,2025-04-26,EXPENSE,Marketing,Nor during remember church.,413266.63,2,,Bank Transfer,TXN-0003872
3873,2025-09-26,INCOME,Service Revenue,Firm end important drive between.,226809.11,10,,Credit Card,TXN-0003873
3874,2024-04-30,INCOME,Sales Revenue,Small wear population meet which.,287762.79,1,216.0,Debit Card,TXN-0003874
3875,2025-07-09,EXPENSE,Maintenance,Guess able brother safe job admit.,460016.26,10,,Bank Transfer,TXN-0003875
3876,2024-12-16,INCOME,Consulting Revenue,Risk base and.,51957.24,6,,Bank Transfer,TXN-0003876
3877,2024-03-20,INCOME,Consulting Revenue,Price walk art right evidence mouth.,455603.15,8,24.0,Cash,TXN-0003877
3878,2024-12-24,INCOME,Sales Revenue,Identify boy clearly during police hold.,151590.17,8,,Cash,TXN-0003878
3879,2025-06-02,INCOME,Subscription Revenue,Rule century PM live prevent.,200974.96,10,,Cash,TXN-0003879
3880,2025-06-30,EXPENSE,Utilities,Newspaper baby energy half.,258651.89,4,,Mobile Money,TXN-0003880
3881,2024-12-03,EXPENSE,Insurance,Million maybe get ball.,377333.72,4,,Mobile Money,TXN-0003881
3882,2024-06-20,EXPENSE,Equipment,Interesting rich traditional color visit seek.,40682.75,4,,Mobile Money,TXN-0003882
3883,2025-11-25,EXPENSE,Professional Services,Forget religious foot see table fact.,442847.13,8,,Mobile Money,TXN-0003883
3884,2024-06-13,INCOME,Other Income,I trouble owner.,416937.82,10,,Credit Card,TXN-0003884
3885,2024-11-20,EXPENSE,Payroll,Me research radio over.,50535.32,5,,Cash,TXN-0003885
3886,2024-08-17,EXPENSE,Insurance,Rest work almost.,272552.27,2,,Debit Card,TXN-0003886
3887,2024-07-22,INCOME,Service Revenue,Card half stand action born view.,265244.31,3,,Mobile Money,TXN-0003887
3888,2025-04-25,INCOME,Sales Revenue,Reveal hour minute financial unit.,794663.49,8,,Debit Card,TXN-0003888
3889,2024-01-08,INCOME,Subscription Revenue,Identify receive decade writer.,171406.58,5,,Cash,TXN-0003889
3890,2025-12-17,INCOME,Other Income,Truth leave realize stand piece high.,537531.5,7,,Cash,TXN-0003890
3891,2025-12-29,EXPENSE,Rent,Attack production someone woman.,51609.74,10,296.0,Credit Card,TXN-0003891
3892,2025-02-25,EXPENSE,Rent,Nearly argue letter.,219680.72,5,,Bank Transfer,TXN-0003892
3893,2025-01-15,INCOME,Service Revenue,Quickly according sport respond.,31731.69,4,,Cash,TXN-0003893
3894,2025-10-06,EXPENSE,Insurance,Each whatever artist challenge make show.,429373.13,4,,Credit Card,TXN-0003894
3895,2025-06-23,EXPENSE,Utilities,Job debate political guy apply minute.,467868.83,5,200.0,Credit Card,TXN-0003895
3896,2025-06-07,INCOME,Other Income,Trade beyond above box.,443090.36,4,,Mobile Money,TXN-0003896
3897,2025-01-22,EXPENSE,Marketing,Sister ten including fill mean media.,108615.58,3,,Credit Card,TXN-0003897
3898,2024-08-02,INCOME,Other Income,Ball red check material.,664235.98,1,164.0,Debit Card,TXN-0003898
3899,2025-03-20,INCOME,Other Income,Throw between worker per.,290478.99,4,,Credit Card,TXN-0003899
3900,2024-02-17,EXPENSE,Maintenance,Become seat according firm the.,470882.57,1,,Cash,TXN-0003900
3901,2025-09-07,INCOME,Other Income,Site market along high use happy.,393162.31,7,236.0,Credit Card,TXN-0003901
3902,2024-07-02,INCOME,Subscription Revenue,Reflect mission city draw.,570612.42,1,,Bank Transfer,TXN-0003902
3903,2024-07-31,EXPENSE,Maintenance,Run relationship project on.,285996.48,9,,Debit Card,TXN-0003903
3904,2024-05-20,EXPENSE,Equipment,Boy budget education time.,35006.64,1,,Debit Card,TXN-0003904
3905,2024-08-27,INCOME,Sales Revenue,Bed politics to.,223232.4,6,,Credit Card,TXN-0003905
3906,2024-12-20,INCOME,Subscription Revenue,Deal service travel.,141664.81,1,,Cash,TXN-0003906
3907,2025-05-10,INCOME,Other Income,Arrive director send.,35582.89,8,,Cash,TXN-0003907
3908,2024-02-04,EXPENSE,Software,Will stand writer.,187436.82,1,,Debit Card,TXN-0003908
3909,2025-05-24,INCOME,Sales Revenue,Scientist vote less.,350939.31,7,,Bank Transfer,TXN-0003909
3910,2025-07-29,EXPENSE,Software,Bad reach fight happy near price.,363807.67,3,,Mobile Money,TXN-0003910
3911,2025-03-26,INCOME,Service Revenue,Range risk message.,31524.94,2,,Cash,TXN-0003911
3912,2025-06-17,EXPENSE,Insurance,Fall who expert second.,106844.29,1,,Mobile Money,TXN-0003912
3913,2024-05-03,INCOME,Service Revenue,Standard itself bar Democrat report.,645648.64,7,,Bank Transfer,TXN-0003913
3914,2024-01-11,EXPENSE,Logistics,Cultural quality the professor cultural blood.,228741.09,1,,Credit Card,TXN-0003914
3915,2025-01-20,INCOME,Consulting Revenue,No black around chance these lay.,524219.34,10,73.0,Credit Card,TXN-0003915
3916,2024-01-04,EXPENSE,Professional Services,Thought we gun reflect fire store.,458370.2,7,,Cash,TXN-0003916
3917,2024-04-28,EXPENSE,Equipment,Miss under control must continue together.,194595.88,9,,Credit Card,TXN-0003917
3918,2024-12-25,INCOME,Consulting Revenue,Music at bar country despite both.,510296.81,3,,Cash,TXN-0003918
3919,2025-11-06,EXPENSE,Insurance,Office seven grow seven one agency.,364353.0,8,,Mobile Money,TXN-0003919
3920,2025-01-13,EXPENSE,Travel,Man stand night where born western.,219169.26,6,,Mobile Money,TXN-0003920
3921,2025-08-25,EXPENSE,Equipment,New relationship financial strategy.,410970.7,6,298.0,Credit Card,TXN-0003921
3922,2024-01-15,INCOME,Subscription Revenue,Leg power artist save point.,572142.45,5,,Credit Card,TXN-0003922
3923,2024-05-31,EXPENSE,Payroll,Vote point just.,334545.55,6,178.0,Credit Card,TXN-0003923
3924,2024-09-20,INCOME,Other Income,Consider couple activity.,495628.95,4,,Bank Transfer,TXN-0003924
3925,2025-04-15,EXPENSE,Professional Services,He adult factor.,265617.18,4,,Bank Transfer,TXN-0003925
3926,2024-09-27,INCOME,Other Income,Call firm maintain.,903258.99,8,,Mobile Money,TXN-0003926
3927,2024-07-26,EXPENSE,Office Supplies,Space another Mrs ability.,292511.17,2,,Bank Transfer,TXN-0003927
3928,2024-10-03,INCOME,Other Income,Already themselves step practice same.,541512.96,3,,Cash,TXN-0003928
3929,2025-11-30,EXPENSE,Rent,Black today turn several second return.,437567.82,9,,Cash,TXN-0003929
3930,2024-07-23,EXPENSE,Professional Services,Heavy leave risk network blood.,334141.27,5,,Credit Card,TXN-0003930
3931,2025-11-10,EXPENSE,Software,Between society daughter specific simply live.,343338.13,1,,Debit Card,TXN-0003931
3932,2024-11-01,EXPENSE,Travel,Drive against tell trade.,202316.49,3,,Mobile Money,TXN-0003932
3933,2024-06-20,INCOME,Subscription Revenue,Investment begin piece price plan wrong.,337154.75,9,,Debit Card,TXN-0003933
3934,2024-05-25,EXPENSE,Software,Man during sometimes him job.,117125.57,3,37.0,Credit Card,TXN-0003934
3935,2024-02-25,EXPENSE,Marketing,Major sit matter whom when.,314684.47,9,,Mobile Money,TXN-0003935
3936,2025-03-07,EXPENSE,Insurance,Affect member return many listen.,374617.97,7,,Mobile Money,TXN-0003936
3937,2024-03-21,INCOME,Sales Revenue,Beautiful big learn add.,921518.68,5,,Mobile Money,TXN-0003937
3938,2025-11-10,EXPENSE,Utilities,One thank government possible explain organization.,247578.42,6,,Cash,TXN-0003938
3939,2024-02-17,EXPENSE,Rent,Add nearly bar Mrs.,54401.58,6,,Credit Card,TXN-0003939
3940,2025-03-18,INCOME,Consulting Revenue,Middle control new magazine in.,87068.35,3,,Mobile Money,TXN-0003940
3941,2025-03-31,EXPENSE,Software,General west usually large explain according.,168089.3,10,,Mobile Money,TXN-0003941
3942,2024-09-24,EXPENSE,Office Supplies,Address conference help.,459872.84,2,,Credit Card,TXN-0003942
3943,2025-01-16,INCOME,Service Revenue,Technology investment pull.,167518.24,8,,Bank Transfer,TXN-0003943
3944,2024-02-07,INCOME,Sales Revenue,Education according candidate new clear.,505481.64,1,143.0,Cash,TXN-0003944
3945,2025-08-28,EXPENSE,Rent,Sea hundred describe specific.,360188.31,9,,Debit Card,TXN-0003945
3946,2024-09-29,EXPENSE,Software,Opportunity visit myself top become.,180594.77,8,111.0,Credit Card,TXN-0003946
3947,2024-11-18,EXPENSE,Office Supplies,Ever firm property discuss least memory.,441840.45,2,34.0,Cash,TXN-0003947
3948,2024-08-22,EXPENSE,Logistics,Tonight week yeah design item.,121281.45,7,,Debit Card,TXN-0003948
3949,2024-09-09,EXPENSE,Office Supplies,Unusually large expense transaction,1230250.4,9,,Cash,TXN-0003949
3950,2025-11-28,INCOME,Other Income,Up performance very.,520788.13,8,296.0,Mobile Money,TXN-0003950
3951,2025-12-02,EXPENSE,Insurance,Election end view first factor.,137165.55,6,,Mobile Money,TXN-0003951
3952,2025-05-16,INCOME,Service Revenue,Together traditional whom exactly.,471577.51,3,,Debit Card,TXN-0003952
3953,2024-12-07,EXPENSE,Payroll,Test become sing.,263085.3,6,,Cash,TXN-0003953
3954,2025-10-31,EXPENSE,Payroll,Camera majority himself.,31580.95,7,,Bank Transfer,TXN-0003954
3955,2025-06-08,EXPENSE,Professional Services,Later heavy Congress simply civil.,262704.55,1,,Credit Card,TXN-0003955
3956,2025-05-14,EXPENSE,Equipment,He authority scientist song half sometimes.,146216.34,6,,Cash,TXN-0003956
3957,2024-08-12,EXPENSE,Payroll,Between current statement sometimes require.,277141.49,3,,Debit Card,TXN-0003957
3958,2024-01-19,EXPENSE,Equipment,Manage win who.,454052.78,4,272.0,Debit Card,TXN-0003958
3959,2025-12-20,EXPENSE,Logistics,Information forward energy television.,464511.13,10,,Mobile Money,TXN-0003959
3960,2025-11-27,INCOME,Service Revenue,Enough color ready start way.,688621.57,1,,Bank Transfer,TXN-0003960
3961,2024-06-18,EXPENSE,Marketing,Draw seven sign but arm.,70055.66,3,,Bank Transfer,TXN-0003961
3962,2024-03-18,INCOME,Sales Revenue,Apply unit media begin maybe.,987844.49,9,,Credit Card,TXN-0003962
3963,2025-05-19,EXPENSE,Travel,Itself deep our window.,16992.29,5,,Mobile Money,TXN-0003963
3964,2025-12-15,EXPENSE,Marketing,Point establish easy decision later even deep.,498126.18,8,276.0,Mobile Money,TXN-0003964
3965,2025-06-20,EXPENSE,Software,People avoid large visit half range.,39576.46,1,,Credit Card,TXN-0003965
3966,2024-10-12,INCOME,Subscription Revenue,Audience travel as.,36318.11,4,,Mobile Money,TXN-0003966
3967,2025-03-28,EXPENSE,Travel,Fall Democrat receive card present argue.,120677.1,7,,Debit Card,TXN-0003967
3968,2025-03-26,EXPENSE,Travel,Institution between born memory enjoy.,211683.68,4,32.0,Credit Card,TXN-0003968
3969,2024-12-11,INCOME,Service Revenue,Know home finally half.,549311.27,6,,Credit Card,TXN-0003969
3970,2024-02-22,EXPENSE,Equipment,Face write power imagine explain.,479318.93,8,183.0,Cash,TXN-0003970
3971,2024-08-09,INCOME,Service Revenue,Attack where ball talk write.,86386.31,7,,Debit Card,TXN-0003971
3972,2025-07-31,EXPENSE,Payroll,Town before grow plan.,479922.5,7,,Credit Card,TXN-0003972
3973,2024-12-13,INCOME,Sales Revenue,Despite fall American arrive between.,912416.56,2,188.0,Cash,TXN-0003973
3974,2024-04-20,EXPENSE,Insurance,Activity respond sit describe continue.,98529.1,10,106.0,Bank Transfer,TXN-0003974
3975,2025-11-19,EXPENSE,Utilities,Decide lay wait.,134350.2,3,,Debit Card,TXN-0003975
3976,2025-01-04,EXPENSE,Logistics,Tree inside more any.,206868.94,1,,Cash,TXN-0003976
3977,2025-09-24,EXPENSE,Maintenance,Form success bit owner.,486319.07,3,,Debit Card,TXN-0003977
3978,2025-01-11,INCOME,Consulting Revenue,Something rest able.,307439.73,8,,Cash,TXN-0003978
3979,2024-09-04,EXPENSE,Utilities,Enjoy fact remember almost.,52448.66,2,,Mobile Money,TXN-0003979
3980,2024-03-11,EXPENSE,Professional Services,Paper international people day safe.,106234.22,1,81.0,Mobile Money,TXN-0003980
3981,2024-04-14,EXPENSE,Software,Section almost final spring coach four.,301092.04,7,,Cash,TXN-0003981
3982,2024-08-22,EXPENSE,Equipment,Stay hand develop center.,264632.3,6,,Bank Transfer,TXN-0003982
3983,2024-11-28,EXPENSE,Payroll,Challenge that future store your.,8266.87,6,,Debit Card,TXN-0003983
3984,2024-08-26,EXPENSE,Professional Services,Black scene network put produce.,68485.39,4,,Mobile Money,TXN-0003984
3985,2024-05-31,INCOME,Service Revenue,Ten save price fire sell final.,495967.01,2,,Mobile Money,TXN-0003985
3986,2025-11-25,INCOME,Sales Revenue,Develop note bit wall science.,748442.19,3,225.0,Credit Card,TXN-0003986
3987,2024-05-13,EXPENSE,Insurance,Move left head Mr.,477239.85,9,128.0,Mobile Money,TXN-0003987
3988,2025-09-20,EXPENSE,Maintenance,True our catch history certainly fine.,445534.31,5,,Mobile Money,TXN-0003988
3989,2024-09-05,INCOME,Other Income,Southern what drop last.,826084.14,10,,Bank Transfer,TXN-0003989
3990,2025-02-21,EXPENSE,Logistics,Thought possible necessary recently.,315722.62,10,,Debit Card,TXN-0003990
3991,2025-06-26,INCOME,Service Revenue,Role have eight physical education suddenly.,352037.22,3,171.0,Bank Transfer,TXN-0003991
3992,2025-07-11,INCOME,Sales Revenue,Goal relationship door my information lot.,863422.12,9,,Bank Transfer,TXN-0003992
3993,2025-01-06,EXPENSE,Rent,Down sort president.,269253.59,3,29.0,Debit Card,TXN-0003993
3994,2024-09-19,INCOME,Service Revenue,Avoid Democrat we among mouth.,52089.74,10,184.0,Mobile Money,TXN-0003994
3995,2024-06-17,EXPENSE,Rent,Side also rather level then order.,265039.4,9,218.0,Mobile Money,TXN-0003995
3996,2024-09-30,INCOME,Subscription Revenue,Work suffer must.,125370.73,1,,Debit Card,TXN-0003996
3997,2024-04-19,EXPENSE,Insurance,Personal line partner.,91494.34,8,,Cash,TXN-0003997
3998,2025-03-15,EXPENSE,Utilities,Environmental concern push.,384714.79,8,23.0,Mobile Money,TXN-0003998
3999,2024-07-13,EXPENSE,Rent,Somebody stuff success.,368373.1,9,,Cash,TXN-0003999
4000,2024-06-03,EXPENSE,Maintenance,Theory reach fund but fine build.,215374.7,1,101.0,Bank Transfer,TXN-0004000
4001,2025-08-18,EXPENSE,Office Supplies,Although improve live authority.,414747.05,6,157.0,Debit Card,TXN-0004001
4002,2024-09-08,INCOME,Service Revenue,Such believe early.,135377.48,8,,Bank Transfer,TXN-0004002
4003,2024-11-11,EXPENSE,Maintenance,How meet contain federal good.,336483.25,3,,Debit Card,TXN-0004003
4004,2024-07-13,EXPENSE,Logistics,On talk car.,485307.05,7,,Debit Card,TXN-0004004
4005,2024-10-25,EXPENSE,Logistics,Student season power company protect.,371846.34,7,,Mobile Money,TXN-0004005
4006,2024-11-03,EXPENSE,Equipment,Board decade bar.,233937.72,5,,Bank Transfer,TXN-0004006
4007,2024-10-05,INCOME,Other Income,Month kitchen policy loss.,311962.75,1,7.0,Bank Transfer,TXN-0004007
4008,2024-10-03,INCOME,Subscription Revenue,Ever institution meet consider police well.,270461.4,8,,Mobile Money,TXN-0004008
4009,2025-10-29,EXPENSE,Rent,Society evidence idea.,379205.1,4,,Credit Card,TXN-0004009
4010,2025-06-11,INCOME,Service Revenue,Compare play admit trial chair.,155797.27,9,,Credit Card,TXN-0004010
4011,2025-04-14,EXPENSE,Marketing,Bring culture direction.,321457.03,3,,Credit Card,TXN-0004011
4012,2024-09-28,EXPENSE,Travel,Go admit example.,165421.77,2,,Bank Transfer,TXN-0004012
4013,2025-08-30,EXPENSE,Equipment,Evening before charge who maintain.,185169.91,9,,Mobile Money,TXN-0004013
4014,2024-06-12,INCOME,Sales Revenue,Blood I individual ever get plan.,45382.23,6,,Bank Transfer,TXN-0004014
4015,2024-01-19,EXPENSE,Equipment,Movement agreement subject see while water.,82176.75,5,,Credit Card,TXN-0004015
4016,2024-03-11,EXPENSE,Logistics,Card like office.,477332.74,5,,Cash,TXN-0004016
4017,2024-07-22,INCOME,Sales Revenue,Approach window middle.,137110.68,10,,Mobile Money,TXN-0004017
4018,2025-05-21,EXPENSE,Office Supplies,Crime half recent public.,44011.42,6,,Debit Card,TXN-0004018
4019,2024-02-29,EXPENSE,Logistics,Cover only decision.,263323.53,1,,Debit Card,TXN-0004019
4020,2025-11-01,EXPENSE,Software,Anyone similar manager machine standard.,231003.0,2,,Credit Card,TXN-0004020
4021,2025-10-05,INCOME,Service Revenue,Among if summer character weight.,738044.22,9,99.0,Mobile Money,TXN-0004021
4022,2024-03-27,INCOME,Other Income,Economy theory nearly.,288062.83,5,,Debit Card,TXN-0004022
4023,2024-12-22,INCOME,Service Revenue,Defense life or.,634703.2,2,188.0,Debit Card,TXN-0004023
4024,2025-10-18,EXPENSE,Insurance,Magazine exactly black bag voice network.,470555.33,3,,Credit Card,TXN-0004024
4025,2025-05-29,EXPENSE,Maintenance,Idea career about pressure everything tonight.,140631.92,6,,Bank Transfer,TXN-0004025
4026,2024-06-14,EXPENSE,Professional Services,Number create with walk economic air.,125552.25,8,,Bank Transfer,TXN-0004026
4027,2025-03-12,INCOME,Consulting Revenue,Economic benefit necessary floor return.,200666.47,1,,Cash,TXN-0004027
4028,2024-10-13,EXPENSE,Marketing,Poor writer middle machine tax note.,237017.84,4,20.0,Cash,TXN-0004028
4029,2025-06-23,INCOME,Subscription Revenue,Nature fast many.,173378.14,8,,Mobile Money,TXN-0004029
4030,2024-02-03,EXPENSE,Maintenance,Unusually large expense transaction,1914016.43,10,,Mobile Money,TXN-0004030
4031,2024-05-18,EXPENSE,Travel,Upon she environment person.,58798.54,7,,Mobile Money,TXN-0004031
4032,2025-02-17,INCOME,Consulting Revenue,End by able response family.,390380.48,2,285.0,Credit Card,TXN-0004032
4033,2025-11-06,EXPENSE,Marketing,Body fund career else upon hour.,431907.59,1,,Debit Card,TXN-0004033
4034,2025-09-09,EXPENSE,Travel,Whatever kind particular myself listen like.,110467.63,9,,Bank Transfer,TXN-0004034
4035,2025-03-16,EXPENSE,Software,Worker add according type.,112382.98,4,,Credit Card,TXN-0004035
4036,2025-05-02,INCOME,Consulting Revenue,These history customer him any world.,582470.78,3,,Cash,TXN-0004036
4037,2025-10-14,EXPENSE,Payroll,Big power mean share fall.,48128.52,7,244.0,Debit Card,TXN-0004037
4038,2024-09-19,EXPENSE,Insurance,Identify across apply week memory coach.,216556.27,5,,Debit Card,TXN-0004038
4039,2025-10-29,EXPENSE,Equipment,Present enjoy not.,468209.23,3,214.0,Cash,TXN-0004039
4040,2024-10-04,EXPENSE,Payroll,Occur drop attorney table fall.,332517.78,6,,Cash,TXN-0004040
4041,2024-01-31,EXPENSE,Rent,True maintain company.,6411.01,6,,Cash,TXN-0004041
4042,2025-12-11,EXPENSE,Software,Back stay much.,203452.1,4,,Debit Card,TXN-0004042
4043,2024-04-23,EXPENSE,Maintenance,Market every growth owner.,428515.24,1,,Debit Card,TXN-0004043
4044,2024-04-13,EXPENSE,Travel,Democratic sound either.,490525.06,9,44.0,Cash,TXN-0004044
4045,2024-03-06,EXPENSE,Marketing,Down get daughter.,220885.52,3,,Mobile Money,TXN-0004045
4046,2025-07-19,EXPENSE,Office Supplies,State expect situation spring.,144989.56,8,,Credit Card,TXN-0004046
4047,2025-08-25,INCOME,Other Income,Skill stock car fire safe.,88206.7,9,243.0,Bank Transfer,TXN-0004047
4048,2024-12-22,EXPENSE,Professional Services,Morning push move.,226507.03,2,116.0,Debit Card,TXN-0004048
4049,2025-04-21,INCOME,Sales Revenue,Nature forget poor.,964626.17,8,,Mobile Money,TXN-0004049
4050,2025-06-02,INCOME,Consulting Revenue,Training onto threat read.,326152.64,5,34.0,Cash,TXN-0004050
4051,2025-05-02,INCOME,Other Income,Bit because drive.,15707.86,1,8.0,Bank Transfer,TXN-0004051
4052,2025-03-01,INCOME,Sales Revenue,Summer however yeah.,835180.18,3,,Debit Card,TXN-0004052
4053,2025-05-12,EXPENSE,Payroll,Each most quality sister.,10197.76,1,127.0,Cash,TXN-0004053
4054,2024-04-06,INCOME,Consulting Revenue,Allow say character kitchen for.,663896.12,9,,Bank Transfer,TXN-0004054
4055,2024-07-29,EXPENSE,Professional Services,Bed matter teacher.,384162.43,3,,Credit Card,TXN-0004055
4056,2024-11-07,EXPENSE,Maintenance,Short us our also.,210832.59,5,,Bank Transfer,TXN-0004056
4057,2024-02-12,EXPENSE,Maintenance,Model physical address.,441053.99,5,,Cash,TXN-0004057
4058,2025-02-21,EXPENSE,Software,Statement music city.,452015.13,9,,Credit Card,TXN-0004058
4059,2024-05-24,INCOME,Subscription Revenue,Nearly a glass million.,944570.9,10,,Debit Card,TXN-0004059
4060,2025-12-22,EXPENSE,Rent,Floor cut hit worry.,465306.55,10,264.0,Mobile Money,TXN-0004060
4061,2024-12-18,EXPENSE,Maintenance,Strategy seat station government event walk.,60231.33,3,,Cash,TXN-0004061
4062,2024-05-14,EXPENSE,Insurance,Source agree conference.,394386.71,4,,Credit Card,TXN-0004062
4063,2024-02-04,EXPENSE,Equipment,Spend nice central environment news.,174423.85,2,,Cash,TXN-0004063
4064,2025-03-13,EXPENSE,Payroll,Against free rule trade risk according.,189921.45,2,207.0,Mobile Money,TXN-0004064
4065,2025-11-30,EXPENSE,Payroll,Quickly state beyond Republican prove business.,59971.72,10,,Credit Card,TXN-0004065
4066,2025-09-28,EXPENSE,Professional Services,Word old far education.,434776.99,1,,Cash,TXN-0004066
4067,2025-12-16,EXPENSE,Equipment,Half seek measure site pressure worker.,348319.36,7,,Debit Card,TXN-0004067
4068,2025-12-11,EXPENSE,Maintenance,Food upon executive few maybe.,212685.19,10,,Debit Card,TXN-0004068
4069,2025-12-05,EXPENSE,Professional Services,Of sell east country quality.,245731.08,8,260.0,Bank Transfer,TXN-0004069
4070,2025-11-23,INCOME,Subscription Revenue,School doctor forward.,324922.12,7,,Credit Card,TXN-0004070
4071,2024-04-20,EXPENSE,Office Supplies,Civil light everybody more daughter manage.,390390.65,4,,Credit Card,TXN-0004071
4072,2024-12-11,EXPENSE,Travel,Benefit every care senior edge left.,234345.46,5,,Credit Card,TXN-0004072
4073,2024-03-21,EXPENSE,Insurance,Region although major all character.,250554.57,6,,Mobile Money,TXN-0004073
4074,2025-06-18,INCOME,Other Income,Whole return material color behind.,905659.01,6,,Mobile Money,TXN-0004074
4075,2024-11-08,INCOME,Consulting Revenue,Back executive tell but single spring.,163856.0,8,,Credit Card,TXN-0004075
4076,2025-04-20,INCOME,Service Revenue,Everybody eat purpose rest whole term.,225676.19,6,,Mobile Money,TXN-0004076
4077,2025-04-24,EXPENSE,Payroll,Hot theory lay onto to especially.,84559.42,9,,Bank Transfer,TXN-0004077
4078,2025-06-01,EXPENSE,Maintenance,Nor bill season clear work.,388088.9,3,,Debit Card,TXN-0004078
4079,2024-03-18,INCOME,Subscription Revenue,Low thus particular fine crime.,404367.4,4,268.0,Cash,TXN-0004079
4080,2024-12-22,INCOME,Sales Revenue,Experience dark hour.,444250.75,10,,Cash,TXN-0004080
4081,2025-01-22,EXPENSE,Rent,Particularly brother still throw.,209298.5,4,,Bank Transfer,TXN-0004081
4082,2025-10-08,INCOME,Consulting Revenue,Value year fight agency.,232599.61,5,,Bank Transfer,TXN-0004082
4083,2025-03-02,EXPENSE,Professional Services,Place evening American I.,155830.68,8,280.0,Debit Card,TXN-0004083
4084,2025-11-01,EXPENSE,Equipment,Fly explain recent first.,244507.21,2,,Credit Card,TXN-0004084
4085,2024-08-25,INCOME,Other Income,Fact lawyer base especially.,634927.91,10,,Debit Card,TXN-0004085
4086,2024-08-29,INCOME,Consulting Revenue,Effect may military when member.,832068.79,1,,Debit Card,TXN-0004086
4087,2024-04-26,INCOME,Service Revenue,Wide mind both save indicate.,634828.86,7,,Credit Card,TXN-0004087
4088,2025-06-18,INCOME,Other Income,Effect staff behavior say rock lawyer.,610786.96,3,,Mobile Money,TXN-0004088
4089,2025-08-18,INCOME,Service Revenue,Young education analysis treatment quite.,151250.3,2,,Mobile Money,TXN-0004089
4090,2024-12-10,EXPENSE,Rent,Go direction miss.,32448.99,10,239.0,Bank Transfer,TXN-0004090
4091,2025-09-04,EXPENSE,Rent,Remain prove big.,134613.97,6,,Cash,TXN-0004091
4092,2025-09-18,EXPENSE,Marketing,Talk president move after seem.,358495.29,1,,Bank Transfer,TXN-0004092
4093,2025-04-07,EXPENSE,Payroll,Any region result.,275610.35,1,41.0,Credit Card,TXN-0004093
4094,2024-08-12,INCOME,Other Income,Relationship lay tell population my conference.,586796.2,7,18.0,Credit Card,TXN-0004094
4095,2024-03-01,EXPENSE,Equipment,Very section culture.,55383.9,2,,Debit Card,TXN-0004095
4096,2025-07-16,INCOME,Subscription Revenue,Source role never realize its.,900136.43,5,,Debit Card,TXN-0004096
4097,2025-06-30,EXPENSE,Software,Blood expect might about guess.,182742.92,6,94.0,Credit Card,TXN-0004097
4098,2025-05-01,EXPENSE,Software,Unusually large expense transaction,700068.68,2,,Debit Card,TXN-0004098
4099,2025-08-08,EXPENSE,Utilities,Machine marriage let national.,175121.68,7,,Bank Transfer,TXN-0004099
4100,2025-07-04,EXPENSE,Equipment,Analysis view mention.,100704.71,9,,Debit Card,TXN-0004100
4101,2025-01-22,EXPENSE,Software,Power must economy decision coach my.,10519.01,8,,Debit Card,TXN-0004101
4102,2025-05-28,INCOME,Service Revenue,Treat character event.,900311.36,6,,Bank Transfer,TXN-0004102
4103,2025-04-24,INCOME,Other Income,Present tend respond.,96755.43,6,133.0,Mobile Money,TXN-0004103
4104,2024-11-27,INCOME,Subscription Revenue,Officer writer single.,654771.18,10,,Mobile Money,TXN-0004104
4105,2024-11-13,EXPENSE,Logistics,Provide PM deal.,50443.14,4,,Debit Card,TXN-0004105
4106,2025-03-15,EXPENSE,Marketing,Home answer future him thus want.,137744.31,5,,Mobile Money,TXN-0004106
4107,2025-07-26,INCOME,Other Income,Past why read important million.,74179.7,6,13.0,Cash,TXN-0004107
4108,2024-07-31,INCOME,Consulting Revenue,Big standard maybe budget.,204371.53,6,,Bank Transfer,TXN-0004108
4109,2025-12-09,EXPENSE,Travel,Will remember question write.,20599.08,7,,Cash,TXN-0004109
4110,2025-08-14,INCOME,Consulting Revenue,Phone success look need send executive.,640611.98,7,,Credit Card,TXN-0004110
4111,2024-12-05,INCOME,Subscription Revenue,Share prevent current.,94938.2,1,,Cash,TXN-0004111
4112,2024-09-18,INCOME,Service Revenue,Improve protect large health.,434969.86,5,,Credit Card,TXN-0004112
4113,2024-06-12,EXPENSE,Travel,Discussion they many.,378415.89,1,,Cash,TXN-0004113
4114,2025-02-28,INCOME,Service Revenue,Thank under south onto son country.,650640.46,6,49.0,Mobile Money,TXN-0004114
4115,2024-02-04,EXPENSE,Office Supplies,Future computer term.,283708.03,3,,Mobile Money,TXN-0004115
4116,2024-04-21,INCOME,Other Income,Meeting heavy degree strategy town rock away.,996775.01,3,,Mobile Money,TXN-0004116
4117,2024-01-12,EXPENSE,Maintenance,Network single team.,392891.6,2,,Cash,TXN-0004117
4118,2024-02-16,INCOME,Consulting Revenue,Buy summer evening.,978821.18,2,109.0,Bank Transfer,TXN-0004118
4119,2025-07-28,EXPENSE,Equipment,Bag part personal.,87420.96,4,,Bank Transfer,TXN-0004119
4120,2024-05-05,EXPENSE,Logistics,Computer music will ability security stop.,311675.56,5,,Mobile Money,TXN-0004120
4121,2024-06-15,EXPENSE,Utilities,Into and class pay million.,247285.87,7,294.0,Mobile Money,TXN-0004121
4122,2024-10-07,INCOME,Other Income,Describe specific wonder worker play.,811639.35,2,,Cash,TXN-0004122
4123,2025-12-05,EXPENSE,Marketing,Improve some agency energy do record.,119335.34,6,,Credit Card,TXN-0004123
4124,2024-05-03,EXPENSE,Software,Take determine mean half east whom.,103922.92,6,222.0,Credit Card,TXN-0004124
4125,2025-03-30,EXPENSE,Insurance,Only hit only south.,429267.9,3,,Debit Card,TXN-0004125
4126,2025-12-12,EXPENSE,Logistics,Suddenly begin audience drug hospital.,11966.48,5,,Bank Transfer,TXN-0004126
4127,2025-12-28,EXPENSE,Utilities,Agree member nor guy part.,133962.9,8,,Bank Transfer,TXN-0004127
4128,2024-11-05,EXPENSE,Equipment,Close material type out finish around.,275755.03,9,,Cash,TXN-0004128
4129,2024-11-17,INCOME,Other Income,Capital her another central rise.,654021.68,5,,Cash,TXN-0004129
4130,2025-12-24,INCOME,Sales Revenue,Act on carry still within word.,406175.45,7,250.0,Bank Transfer,TXN-0004130
4131,2025-07-18,INCOME,Subscription Revenue,Quite garden role.,854741.81,5,,Mobile Money,TXN-0004131
4132,2025-10-09,EXPENSE,Marketing,Product fast behind.,485504.42,3,72.0,Credit Card,TXN-0004132
4133,2024-11-11,INCOME,Subscription Revenue,East whatever more social film player.,207952.06,9,,Mobile Money,TXN-0004133
4134,2025-12-08,EXPENSE,Utilities,Own control assume near.,80121.96,5,176.0,Credit Card,TXN-0004134
4135,2025-10-25,EXPENSE,Professional Services,Wind board media change market.,470757.65,9,,Debit Card,TXN-0004135
4136,2025-12-23,EXPENSE,Travel,Authority recent really production.,129823.95,5,,Mobile Money,TXN-0004136
4137,2025-04-02,EXPENSE,Office Supplies,Level push have direction within.,137271.3,2,235.0,Cash,TXN-0004137
4138,2025-12-21,INCOME,Sales Revenue,Would Congress conference process lose.,392843.04,6,180.0,Credit Card,TXN-0004138
4139,2025-11-11,INCOME,Service Revenue,Paper herself serve.,635738.49,5,,Debit Card,TXN-0004139
4140,2024-10-02,EXPENSE,Office Supplies,Walk rich tax candidate.,139601.07,6,189.0,Debit Card,TXN-0004140
4141,2024-02-09,EXPENSE,Insurance,Wide white degree college.,326393.9,10,,Debit Card,TXN-0004141
4142,2025-02-23,EXPENSE,Travel,Level manage them herself fast long.,247555.88,9,,Debit Card,TXN-0004142
4143,2024-09-05,EXPENSE,Rent,Line coach daughter.,455896.2,7,1.0,Bank Transfer,TXN-0004143
4144,2025-04-15,EXPENSE,Marketing,Mouth hard exactly employee meeting.,94412.61,5,230.0,Mobile Money,TXN-0004144
4145,2025-06-17,EXPENSE,Travel,Plant nothing consider.,306703.0,5,,Mobile Money,TXN-0004145
4146,2024-09-26,INCOME,Other Income,Within authority husband old.,257818.72,3,,Debit Card,TXN-0004146
4147,2025-07-29,INCOME,Other Income,Father various debate weight.,872785.46,4,218.0,Cash,TXN-0004147
4148,2025-11-24,INCOME,Sales Revenue,Process machine case before wall operation.,861460.39,9,,Cash,TXN-0004148
4149,2024-11-20,INCOME,Subscription Revenue,Stop politics military.,644954.43,1,,Cash,TXN-0004149
4150,2024-02-25,EXPENSE,Marketing,Speech gas each allow art.,499090.9,10,,Debit Card,TXN-0004150
4151,2025-10-29,INCOME,Sales Revenue,Morning such speak cold.,13872.73,10,,Credit Card,TXN-0004151
4152,2024-08-04,INCOME,Consulting Revenue,Fly for of hope.,681948.76,8,,Credit Card,TXN-0004152
4153,2025-07-08,INCOME,Service Revenue,About across next.,494997.41,10,298.0,Bank Transfer,TXN-0004153
4154,2025-08-20,INCOME,Sales Revenue,Right else middle office outside.,32522.53,3,288.0,Credit Card,TXN-0004154
4155,2025-11-14,EXPENSE,Professional Services,Quality maybe remember various.,286515.8,10,,Cash,TXN-0004155
4156,2024-07-05,INCOME,Other Income,Best black pay region company.,694388.26,5,,Credit Card,TXN-0004156
4157,2024-12-10,EXPENSE,Rent,Young impact close free.,116784.05,3,,Cash,TXN-0004157
4158,2025-08-12,INCOME,Subscription Revenue,Performance general both total.,478870.81,1,247.0,Cash,TXN-0004158
4159,2025-04-09,INCOME,Sales Revenue,Brother and practice player soon capital.,789101.46,1,,Cash,TXN-0004159
4160,2025-01-01,INCOME,Consulting Revenue,Quite woman responsibility design game place.,387414.36,9,,Cash,TXN-0004160
4161,2024-05-03,EXPENSE,Software,Term ability avoid parent main try.,411097.72,3,,Bank Transfer,TXN-0004161
4162,2025-02-05,EXPENSE,Utilities,Film son difference leg speech subject.,473088.2,2,,Credit Card,TXN-0004162
4163,2024-10-21,EXPENSE,Insurance,Seek exactly design share yeah.,208906.99,7,,Bank Transfer,TXN-0004163
4164,2025-02-20,EXPENSE,Payroll,Everybody visit standard want easy everyone.,311972.33,8,,Debit Card,TXN-0004164
4165,2024-11-12,EXPENSE,Utilities,Event note control as young yet.,52297.49,8,299.0,Bank Transfer,TXN-0004165
4166,2024-04-12,INCOME,Consulting Revenue,About order fire.,834495.87,9,,Credit Card,TXN-0004166
4167,2025-10-06,EXPENSE,Maintenance,Create simple staff current.,172613.33,1,,Credit Card,TXN-0004167
4168,2024-08-12,INCOME,Other Income,Avoid leg ball ok someone still.,431812.57,5,,Credit Card,TXN-0004168
4169,2024-02-29,INCOME,Service Revenue,With market guess easy participant whole.,701662.53,10,,Mobile Money,TXN-0004169
4170,2024-07-23,EXPENSE,Logistics,Society consider mouth until.,213767.76,8,160.0,Credit Card,TXN-0004170
4171,2024-05-21,EXPENSE,Maintenance,Perform hotel stop conference discussion.,411084.26,6,,Cash,TXN-0004171
4172,2025-02-07,EXPENSE,Software,Unusually large expense transaction,1071314.58,2,,Debit Card,TXN-0004172
4173,2025-01-19,EXPENSE,Logistics,Fight during share myself.,248844.45,1,,Bank Transfer,TXN-0004173
4174,2024-08-31,EXPENSE,Utilities,Field indeed option on skill player.,371114.34,1,97.0,Credit Card,TXN-0004174
4175,2024-02-06,EXPENSE,Office Supplies,Choice whom girl enough budget few.,451465.2,10,241.0,Credit Card,TXN-0004175
4176,2025-12-18,INCOME,Sales Revenue,Any ability miss.,958088.53,2,,Cash,TXN-0004176
4177,2025-03-19,EXPENSE,Insurance,Image story I lose serious sort.,323214.5,7,,Bank Transfer,TXN-0004177
4178,2024-12-26,EXPENSE,Logistics,Agency alone network establish to.,136772.32,4,,Bank Transfer,TXN-0004178
4179,2025-02-13,EXPENSE,Utilities,Would cause other site crime laugh.,172081.91,3,,Bank Transfer,TXN-0004179
4180,2024-10-03,INCOME,Other Income,Everyone way quickly.,762249.11,10,,Cash,TXN-0004180
4181,2024-12-18,INCOME,Sales Revenue,Very can wrong language yeah receive.,627721.77,7,,Cash,TXN-0004181
4182,2025-06-25,INCOME,Subscription Revenue,Tonight but vote baby.,213236.01,7,,Mobile Money,TXN-0004182
4183,2025-06-08,INCOME,Sales Revenue,Want other either avoid reduce so.,285811.07,2,231.0,Debit Card,TXN-0004183
4184,2025-05-06,INCOME,Sales Revenue,Shoulder indeed expert face teach.,702945.42,10,,Bank Transfer,TXN-0004184
4185,2024-04-25,EXPENSE,Rent,Class different six reason deep interesting.,448652.63,4,,Credit Card,TXN-0004185
4186,2024-07-15,INCOME,Consulting Revenue,Again among exist.,242850.73,7,,Debit Card,TXN-0004186
4187,2024-05-16,EXPENSE,Payroll,Whole language time effect likely.,411693.99,6,264.0,Cash,TXN-0004187
4188,2024-08-24,EXPENSE,Insurance,Create free leave time.,61135.38,10,,Debit Card,TXN-0004188
4189,2024-06-20,EXPENSE,Utilities,Cause I artist go serious.,495434.03,10,146.0,Credit Card,TXN-0004189
4190,2024-12-17,EXPENSE,Insurance,Democratic part beautiful fish deep.,451595.45,1,,Credit Card,TXN-0004190
4191,2025-11-02,INCOME,Other Income,Camera hour order upon various up.,716568.63,9,,Credit Card,TXN-0004191
4192,2024-06-17,INCOME,Consulting Revenue,Agree interest nice factor machine.,620848.12,1,,Cash,TXN-0004192
4193,2024-12-29,EXPENSE,Rent,Article east family campaign.,478020.69,7,,Mobile Money,TXN-0004193
4194,2024-11-28,EXPENSE,Utilities,Enjoy yeah former.,301836.14,4,98.0,Bank Transfer,TXN-0004194
4195,2025-08-18,EXPENSE,Payroll,Decision interest listen north music professor.,479768.04,3,,Mobile Money,TXN-0004195
4196,2024-03-16,INCOME,Service Revenue,Today deal necessary could.,710539.33,8,,Debit Card,TXN-0004196
4197,2024-11-13,EXPENSE,Payroll,According positive military matter prove five.,283874.27,7,,Cash,TXN-0004197
4198,2025-08-02,INCOME,Subscription Revenue,Ready plan church future.,452941.83,1,,Mobile Money,TXN-0004198
4199,2025-12-05,EXPENSE,Software,Value return them site beautiful.,49877.52,6,,Bank Transfer,TXN-0004199
4200,2025-09-23,EXPENSE,Software,Know everybody value data.,108354.79,8,,Debit Card,TXN-0004200
4201,2025-12-09,EXPENSE,Software,Listen who daughter idea.,356685.42,4,,Bank Transfer,TXN-0004201
4202,2025-01-08,EXPENSE,Maintenance,Action just affect reduce wrong full.,217876.66,6,,Cash,TXN-0004202
4203,2025-07-15,EXPENSE,Travel,Hard product window.,459413.39,9,76.0,Mobile Money,TXN-0004203
4204,2024-09-01,EXPENSE,Insurance,Push campaign thought foot south.,366307.93,1,,Cash,TXN-0004204
4205,2025-10-18,EXPENSE,Maintenance,Individual condition must close.,313961.62,4,42.0,Cash,TXN-0004205
4206,2024-08-28,EXPENSE,Logistics,Out occur these lawyer enough.,407919.12,1,,Cash,TXN-0004206
4207,2025-07-28,INCOME,Subscription Revenue,Surface probably itself evidence energy west.,137293.8,3,,Cash,TXN-0004207
4208,2024-09-16,EXPENSE,Utilities,Leg ask official international indeed off.,323764.85,10,,Credit Card,TXN-0004208
4209,2025-03-04,EXPENSE,Professional Services,Agreement back positive sometimes.,209893.45,6,,Cash,TXN-0004209
4210,2024-04-16,INCOME,Other Income,Five degree letter many.,861063.26,5,200.0,Mobile Money,TXN-0004210
4211,2024-06-26,EXPENSE,Maintenance,Fish behind base do.,398437.04,1,72.0,Debit Card,TXN-0004211
4212,2024-08-04,EXPENSE,Equipment,Store significant kitchen.,158467.79,2,132.0,Debit Card,TXN-0004212
4213,2025-05-31,EXPENSE,Insurance,Oil any leader.,151362.95,8,,Debit Card,TXN-0004213
4214,2024-11-20,INCOME,Subscription Revenue,Organization test country.,73128.76,10,,Cash,TXN-0004214
4215,2025-01-11,INCOME,Sales Revenue,Figure can maintain heart factor.,986496.73,5,11.0,Debit Card,TXN-0004215
4216,2024-11-28,INCOME,Consulting Revenue,Detail every professor again even education.,318148.62,10,,Debit Card,TXN-0004216
4217,2024-05-06,INCOME,Sales Revenue,Every positive around.,426793.83,4,,Cash,TXN-0004217
4218,2024-06-17,EXPENSE,Maintenance,Point low mind feel.,109328.86,10,,Bank Transfer,TXN-0004218
4219,2024-07-20,EXPENSE,Equipment,Vote son west a share.,195796.81,7,,Credit Card,TXN-0004219
4220,2025-12-19,EXPENSE,Logistics,Sit west despite over simply.,149455.76,1,,Credit Card,TXN-0004220
4221,2024-07-14,INCOME,Consulting Revenue,Behavior include everything mind.,486008.27,10,,Mobile Money,TXN-0004221
4222,2025-01-31,EXPENSE,Software,Interesting bank travel.,392014.48,2,68.0,Debit Card,TXN-0004222
4223,2024-09-24,EXPENSE,Rent,Bad job list.,398055.78,8,,Mobile Money,TXN-0004223
4224,2024-06-29,INCOME,Sales Revenue,Gun reduce those ready rich six reduce.,678851.64,10,,Cash,TXN-0004224
4225,2025-02-10,INCOME,Sales Revenue,Her this series relate.,573131.9,3,,Mobile Money,TXN-0004225
4226,2024-04-26,EXPENSE,Office Supplies,Relate station mind six stuff this.,428415.78,10,,Debit Card,TXN-0004226
4227,2024-03-11,INCOME,Subscription Revenue,Material life number current.,11210.69,8,,Mobile Money,TXN-0004227
4228,2025-09-11,INCOME,Subscription Revenue,Community range bad.,349878.54,9,105.0,Credit Card,TXN-0004228
4229,2024-02-23,EXPENSE,Equipment,This deal likely glass foot.,50195.58,6,,Debit Card,TXN-0004229
4230,2025-08-06,EXPENSE,Professional Services,Drop offer yet black.,460291.3,1,283.0,Credit Card,TXN-0004230
4231,2025-05-13,INCOME,Service Revenue,Laugh choose certain total world.,647206.62,1,167.0,Credit Card,TXN-0004231
4232,2024-02-20,INCOME,Subscription Revenue,Base admit size century.,476335.68,5,233.0,Bank Transfer,TXN-0004232
4233,2025-09-26,EXPENSE,Maintenance,Measure my force right simply.,398382.29,4,40.0,Debit Card,TXN-0004233
4234,2024-07-26,EXPENSE,Maintenance,Community top garden.,254036.77,6,,Credit Card,TXN-0004234
4235,2025-07-18,EXPENSE,Maintenance,Sell five machine.,278218.35,8,,Bank Transfer,TXN-0004235
4236,2025-10-24,EXPENSE,Travel,Once visit radio.,271920.3,4,148.0,Cash,TXN-0004236
4237,2025-06-12,INCOME,Consulting Revenue,Behind send glass medical.,158610.99,10,,Debit Card,TXN-0004237
4238,2024-05-08,EXPENSE,Professional Services,Take president part early side.,376084.78,7,,Cash,TXN-0004238
4239,2025-05-11,INCOME,Sales Revenue,Read race mean product.,215416.99,3,223.0,Cash,TXN-0004239
4240,2025-03-21,EXPENSE,Insurance,Run spring should just.,24126.4,1,80.0,Bank Transfer,TXN-0004240
4241,2025-04-25,EXPENSE,Software,Figure president impact fast while.,168772.42,5,,Bank Transfer,TXN-0004241
4242,2024-03-22,EXPENSE,Software,Boy remember sort meet near.,51114.71,2,,Credit Card,TXN-0004242
4243,2025-12-13,EXPENSE,Maintenance,Half area generation crime.,98320.49,1,,Bank Transfer,TXN-0004243
4244,2024-02-25,EXPENSE,Maintenance,Decade according bed watch recent simply.,37121.14,5,,Debit Card,TXN-0004244
4245,2024-08-29,EXPENSE,Professional Services,Born beyond there.,447857.03,7,,Mobile Money,TXN-0004245
4246,2025-07-31,INCOME,Service Revenue,Near pay hit inside.,416866.44,2,63.0,Credit Card,TXN-0004246
4247,2025-10-25,INCOME,Consulting Revenue,Short stand sister.,975421.67,8,,Bank Transfer,TXN-0004247
4248,2025-03-05,EXPENSE,Professional Services,Country bank commercial exactly.,171051.86,6,,Cash,TXN-0004248
4249,2025-07-15,EXPENSE,Marketing,See material rest laugh building.,104887.04,1,67.0,Credit Card,TXN-0004249
4250,2025-09-26,INCOME,Service Revenue,Fight feeling hotel.,137774.24,8,198.0,Debit Card,TXN-0004250
4251,2024-01-12,INCOME,Service Revenue,Beautiful threat certainly meet reflect.,665448.09,4,,Debit Card,TXN-0004251
4252,2024-11-10,EXPENSE,Payroll,Specific already organization learn.,311660.76,8,,Credit Card,TXN-0004252
4253,2024-01-31,EXPENSE,Utilities,So lay sport.,35286.64,3,,Cash,TXN-0004253
4254,2025-02-17,INCOME,Sales Revenue,Only set without direction determine.,840051.14,10,,Cash,TXN-0004254
4255,2025-04-05,INCOME,Sales Revenue,Art blood share notice.,427456.06,8,,Debit Card,TXN-0004255
4256,2025-01-21,INCOME,Sales Revenue,Actually receive difference call blood.,730418.48,2,,Credit Card,TXN-0004256
4257,2025-09-20,INCOME,Sales Revenue,System choose effect.,49720.41,2,135.0,Mobile Money,TXN-0004257
4258,2025-12-24,INCOME,Consulting Revenue,Catch none expect.,194080.19,1,,Debit Card,TXN-0004258
4259,2025-04-16,EXPENSE,Equipment,Ball market concern.,267886.69,7,,Bank Transfer,TXN-0004259
4260,2025-10-03,INCOME,Other Income,Treat least increase.,843444.37,6,93.0,Credit Card,TXN-0004260
4261,2025-08-10,EXPENSE,Maintenance,Moment win blue behavior year.,389649.12,4,,Credit Card,TXN-0004261
4262,2025-04-25,EXPENSE,Rent,He eight party.,84095.78,4,138.0,Cash,TXN-0004262
4263,2024-06-17,EXPENSE,Rent,His challenge Congress his serious within.,246366.41,7,,Mobile Money,TXN-0004263
4264,2025-11-01,EXPENSE,Professional Services,Who since eat any.,397381.54,6,,Cash,TXN-0004264
4265,2024-08-31,EXPENSE,Payroll,Establish hospital begin must both national.,477530.37,9,,Debit Card,TXN-0004265
4266,2024-09-11,EXPENSE,Utilities,Away station eight.,83929.15,5,,Credit Card,TXN-0004266
4267,2024-06-11,INCOME,Consulting Revenue,A all edge.,586146.06,2,,Mobile Money,TXN-0004267
4268,2025-02-23,INCOME,Other Income,Pretty rather drop.,272711.03,8,,Bank Transfer,TXN-0004268
4269,2024-03-19,EXPENSE,Marketing,Reduce win head.,82513.73,5,,Cash,TXN-0004269
4270,2024-07-16,EXPENSE,Travel,Dinner money current condition couple change.,227595.37,5,,Cash,TXN-0004270
4271,2024-01-13,EXPENSE,Logistics,Individual stock add or nation.,198145.12,10,,Debit Card,TXN-0004271
4272,2024-12-06,INCOME,Consulting Revenue,Fall woman born arm draw a.,89572.21,5,189.0,Mobile Money,TXN-0004272
4273,2024-02-19,INCOME,Other Income,Evidence practice represent.,102120.24,3,,Bank Transfer,TXN-0004273
4274,2025-01-14,EXPENSE,Office Supplies,Central show toward.,102287.62,10,120.0,Cash,TXN-0004274
4275,2024-06-10,INCOME,Subscription Revenue,Vote whatever ahead stay.,787908.73,7,68.0,Credit Card,TXN-0004275
4276,2025-08-14,EXPENSE,Software,Green dinner but take power allow.,161962.66,6,,Credit Card,TXN-0004276
4277,2025-08-14,EXPENSE,Maintenance,Happen forward American start write.,285978.15,2,,Mobile Money,TXN-0004277
4278,2025-04-23,INCOME,Sales Revenue,Payment linked to inactive employee,825859.88,8,293.0,Credit Card,TXN-0004278
4279,2025-12-15,INCOME,Other Income,Where physical success collection.,962914.92,8,,Credit Card,TXN-0004279
4280,2024-09-21,EXPENSE,Payroll,Call accept stay.,362690.37,5,,Mobile Money,TXN-0004280
4281,2024-01-29,INCOME,Subscription Revenue,Tough television expect current.,350224.57,4,,Cash,TXN-0004281
4282,2025-05-10,INCOME,Other Income,Material need nor decide.,952333.79,9,,Cash,TXN-0004282
4283,2024-08-16,EXPENSE,Payroll,Realize moment understand peace.,411746.69,9,,Credit Card,TXN-0004283
4284,2025-05-30,EXPENSE,Maintenance,One care may bad strong guy.,160909.45,8,257.0,Debit Card,TXN-0004284
4285,2025-07-09,EXPENSE,Software,Instead interview whether type.,170523.04,6,261.0,Bank Transfer,TXN-0004285
4286,2024-01-28,INCOME,Sales Revenue,Move nation which keep.,272470.81,3,,Cash,TXN-0004286
4287,2024-01-04,INCOME,Subscription Revenue,Receive art firm court.,169429.45,8,,Mobile Money,TXN-0004287
4288,2024-06-14,EXPENSE,Logistics,Real cold drop production per daughter.,231557.97,3,,Cash,TXN-0004288
4289,2024-01-10,EXPENSE,Travel,Resource race west pattern.,135295.92,6,,Debit Card,TXN-0004289
4290,2025-05-12,INCOME,Consulting Revenue,Kitchen represent six red.,596841.94,8,,Bank Transfer,TXN-0004290
4291,2025-05-03,INCOME,Consulting Revenue,Appear natural team.,391077.95,4,134.0,Debit Card,TXN-0004291
4292,2025-05-08,INCOME,Consulting Revenue,Player sister body job memory expert.,801717.07,2,73.0,Credit Card,TXN-0004292
4293,2024-10-29,INCOME,Other Income,One teach mind.,974370.87,9,,Cash,TXN-0004293
4294,2025-03-19,INCOME,Sales Revenue,Give race herself our wish apply.,212429.06,3,,Debit Card,TXN-0004294
4295,2024-09-20,EXPENSE,Office Supplies,Happy war road interest exist wife.,28900.96,10,,Credit Card,TXN-0004295
4296,2025-12-25,INCOME,Other Income,Sense put beat rather.,704388.13,3,21.0,Credit Card,TXN-0004296
4297,2025-01-23,EXPENSE,Travel,Week light boy kitchen senior soon.,438608.95,8,,Cash,TXN-0004297
4298,2024-03-07,EXPENSE,Logistics,Girl data suggest none remember describe.,202524.9,9,281.0,Credit Card,TXN-0004298
4299,2024-04-13,EXPENSE,Equipment,Campaign nothing base happen out.,354037.47,8,,Bank Transfer,TXN-0004299
4300,2024-04-14,EXPENSE,Payroll,Cover feel none.,472580.0,8,,Debit Card,TXN-0004300
4301,2025-07-27,EXPENSE,Travel,Structure use wall yeah.,290588.13,7,180.0,Cash,TXN-0004301
4302,2025-02-23,INCOME,Sales Revenue,Require early direction we assume test.,149709.12,4,,Credit Card,TXN-0004302
4303,2024-11-29,INCOME,Service Revenue,Whole but value pass throw husband.,344718.77,5,,Credit Card,TXN-0004303
4304,2025-04-22,EXPENSE,Travel,Capital us yourself even.,195030.72,10,32.0,Mobile Money,TXN-0004304
4305,2025-12-03,EXPENSE,Software,Particularly head pay some technology.,457941.01,5,,Credit Card,TXN-0004305
4306,2024-12-05,EXPENSE,Travel,Receive forward huge floor way.,257995.18,3,134.0,Debit Card,TXN-0004306
4307,2025-07-29,EXPENSE,Maintenance,Game central service.,247397.26,1,,Debit Card,TXN-0004307
4308,2025-03-10,EXPENSE,Office Supplies,It probably we.,82199.83,7,,Cash,TXN-0004308
4309,2024-03-10,EXPENSE,Software,Idea majority its air.,159288.21,3,,Cash,TXN-0004309
4310,2024-08-03,INCOME,Consulting Revenue,Hair end might tell consumer.,23606.19,9,,Mobile Money,TXN-0004310
4311,2025-10-02,INCOME,Service Revenue,Sense station than crime.,157308.06,9,,Cash,TXN-0004311
4312,2025-01-21,EXPENSE,Payroll,Indicate fear behind send country would.,75740.6,9,,Cash,TXN-0004312
4313,2024-09-09,EXPENSE,Maintenance,Sign role mean blood property where.,203749.8,7,,Cash,TXN-0004313
4314,2025-03-26,INCOME,Sales Revenue,Such near prove field degree.,405917.27,6,,Credit Card,TXN-0004314
4315,2024-06-06,EXPENSE,Travel,Research activity still recent manager.,477570.91,4,90.0,Credit Card,TXN-0004315
4316,2025-12-21,EXPENSE,Equipment,Environmental sister exactly.,52505.98,5,,Bank Transfer,TXN-0004316
4317,2025-08-08,EXPENSE,Office Supplies,Relate matter read project type light.,326651.66,1,,Credit Card,TXN-0004317
4318,2024-05-08,EXPENSE,Travel,Sport into single keep.,353019.35,1,179.0,Bank Transfer,TXN-0004318
4319,2024-03-09,INCOME,Other Income,Threat military enter.,300864.36,1,,Mobile Money,TXN-0004319
4320,2024-11-24,EXPENSE,Office Supplies,Picture threat different.,301448.91,8,,Cash,TXN-0004320
4321,2024-02-01,EXPENSE,Utilities,Billion however full born.,24527.71,5,,Cash,TXN-0004321
4322,2025-04-15,INCOME,Consulting Revenue,Study question society response newspaper.,774571.82,1,,Debit Card,TXN-0004322
4323,2025-06-22,INCOME,Consulting Revenue,Common early news.,560568.23,8,,Bank Transfer,TXN-0004323
4324,2025-10-28,INCOME,Consulting Revenue,Last medical change bill.,504440.66,2,,Cash,TXN-0004324
4325,2024-02-03,EXPENSE,Insurance,Be democratic wind.,232011.38,10,,Bank Transfer,TXN-0004325
4326,2025-03-26,INCOME,Subscription Revenue,Senior ground full.,613777.02,3,59.0,Credit Card,TXN-0004326
4327,2024-11-17,EXPENSE,Payroll,Hotel economic send.,17901.47,2,,Cash,TXN-0004327
4328,2024-04-23,INCOME,Sales Revenue,Teach food process.,315071.13,8,,Credit Card,TXN-0004328
4329,2025-04-06,INCOME,Other Income,College that remember it third.,694669.38,10,,Cash,TXN-0004329
4330,2024-11-17,INCOME,Sales Revenue,Rise suffer difference language energy this.,904741.15,10,257.0,Debit Card,TXN-0004330
4331,2025-02-08,INCOME,Subscription Revenue,Tree memory professional worry.,495429.26,8,,Mobile Money,TXN-0004331
4332,2024-05-07,INCOME,Subscription Revenue,Raise win sea rise.,287125.41,7,,Mobile Money,TXN-0004332
4333,2024-11-09,EXPENSE,Equipment,Option rise away fish walk.,103782.02,8,152.0,Credit Card,TXN-0004333
4334,2024-12-19,EXPENSE,Logistics,Painting material style money dog.,491666.33,2,208.0,Cash,TXN-0004334
4335,2025-08-25,EXPENSE,Software,Three that main west close situation.,495295.78,3,,Mobile Money,TXN-0004335
4336,2024-06-13,INCOME,Other Income,Local thus live born election.,498987.26,8,,Debit Card,TXN-0004336
4337,2025-12-03,EXPENSE,Office Supplies,Them trouble actually.,137167.48,4,45.0,Bank Transfer,TXN-0004337
4338,2024-08-07,INCOME,Sales Revenue,Citizen seven remain.,36799.01,9,,Bank Transfer,TXN-0004338
4339,2024-03-13,EXPENSE,Payroll,Involve wife think floor.,333806.88,2,,Bank Transfer,TXN-0004339
4340,2024-02-27,INCOME,Service Revenue,Work chair last wear.,54991.52,2,,Debit Card,TXN-0004340
4341,2024-12-08,EXPENSE,Maintenance,Before letter break.,280489.05,6,,Cash,TXN-0004341
4342,2025-06-03,EXPENSE,Payroll,None factor race.,435044.23,5,,Credit Card,TXN-0004342
4343,2024-04-27,EXPENSE,Rent,Day truth strategy wrong.,93862.89,2,165.0,Cash,TXN-0004343
4344,2025-04-02,INCOME,Subscription Revenue,Citizen manage help population.,752036.1,9,,Mobile Money,TXN-0004344
4345,2025-05-25,INCOME,Service Revenue,Car growth door save add college.,466729.34,6,,Credit Card,TXN-0004345
4346,2024-05-16,EXPENSE,Travel,Detail turn with.,82628.44,5,159.0,Mobile Money,TXN-0004346
4347,2024-01-08,INCOME,Service Revenue,Section brother none.,392309.33,2,,Debit Card,TXN-0004347
4348,2025-05-22,EXPENSE,Equipment,Admit find different job.,303671.04,3,,Bank Transfer,TXN-0004348
4349,2025-01-03,EXPENSE,Maintenance,Institution nearly meet.,87953.58,8,121.0,Bank Transfer,TXN-0004349
4350,2025-03-27,EXPENSE,Insurance,Hear grow form during right.,324327.55,1,,Mobile Money,TXN-0004350
4351,2024-03-10,EXPENSE,Office Supplies,Create seat data.,104834.92,5,,Debit Card,TXN-0004351
4352,2025-11-01,EXPENSE,Payroll,Rule right together.,220293.94,6,,Bank Transfer,TXN-0004352
4353,2025-12-11,EXPENSE,Payroll,Defense dream garden whose.,446892.71,1,,Cash,TXN-0004353
4354,2025-03-27,EXPENSE,Software,Test nice star while.,195302.2,10,,Credit Card,TXN-0004354
4355,2025-05-25,EXPENSE,Travel,Today yes detail store season.,1961.24,3,,Credit Card,TXN-0004355
4356,2025-05-31,EXPENSE,Marketing,Daughter road decide writer professional fast.,329851.65,9,,Debit Card,TXN-0004356
4357,2025-06-11,EXPENSE,Travel,Possible create keep dark candidate not.,55287.4,5,,Mobile Money,TXN-0004357
4358,2025-11-17,EXPENSE,Travel,Cultural cell because.,143886.59,6,121.0,Mobile Money,TXN-0004358
4359,2025-03-29,EXPENSE,Marketing,Any source next would imagine since.,200998.03,1,,Mobile Money,TXN-0004359
4360,2025-07-29,INCOME,Other Income,Home near form.,772572.3,3,265.0,Credit Card,TXN-0004360
4361,2025-10-17,INCOME,Sales Revenue,Win stand section see order.,23652.09,3,,Cash,TXN-0004361
4362,2025-09-04,INCOME,Subscription Revenue,South case study.,733440.69,9,138.0,Mobile Money,TXN-0004362
4363,2025-04-12,INCOME,Consulting Revenue,Should family many.,210505.35,10,93.0,Credit Card,TXN-0004363
4364,2024-09-30,INCOME,Other Income,Rather day wrong parent.,552122.99,7,,Credit Card,TXN-0004364
4365,2025-12-08,EXPENSE,Software,Certain even government.,409977.96,4,,Credit Card,TXN-0004365
4366,2024-01-30,EXPENSE,Marketing,Change data because.,114594.95,8,157.0,Debit Card,TXN-0004366
4367,2024-09-30,INCOME,Sales Revenue,May score provide catch issue sell.,899627.46,7,,Cash,TXN-0004367
4368,2025-03-04,INCOME,Other Income,World national Democrat attorney court.,934778.85,2,,Cash,TXN-0004368
4369,2024-02-01,EXPENSE,Payroll,Everything about others avoid car radio.,136242.02,3,,Credit Card,TXN-0004369
4370,2024-02-29,INCOME,Service Revenue,Trade one hair travel pretty space.,135634.94,9,,Debit Card,TXN-0004370
4371,2025-02-14,EXPENSE,Equipment,Real though fish skin southern tax.,60611.29,10,,Bank Transfer,TXN-0004371
4372,2024-02-07,INCOME,Sales Revenue,Wear despite world politics center.,768424.39,7,57.0,Credit Card,TXN-0004372
4373,2024-01-10,EXPENSE,Professional Services,Thought child method team.,468449.44,6,,Credit Card,TXN-0004373
4374,2025-03-23,INCOME,Consulting Revenue,Also international than.,351292.28,6,,Debit Card,TXN-0004374
4375,2025-10-17,EXPENSE,Marketing,Sell management lot pull upon.,239560.04,1,,Cash,TXN-0004375
4376,2025-03-12,EXPENSE,Logistics,Stay two mind four thank day.,318869.46,8,,Debit Card,TXN-0004376
4377,2024-10-19,INCOME,Service Revenue,Even push able.,661051.85,10,,Mobile Money,TXN-0004377
4378,2025-08-28,INCOME,Service Revenue,Bag home thank media save.,496702.01,9,,Debit Card,TXN-0004378
4379,2025-09-15,EXPENSE,Insurance,Son many fact voice.,106799.85,8,,Credit Card,TXN-0004379
4380,2025-10-26,INCOME,Sales Revenue,Often law recently.,754242.56,1,,Bank Transfer,TXN-0004380
4381,2024-11-12,EXPENSE,Insurance,Training like game chance ok.,124014.79,8,,Mobile Money,TXN-0004381
4382,2024-01-13,EXPENSE,Equipment,Body help others four entire professor.,242009.58,6,,Debit Card,TXN-0004382
4383,2025-10-02,EXPENSE,Professional Services,Guess know inside class election rate.,452502.19,2,,Debit Card,TXN-0004383
4384,2024-12-24,EXPENSE,Office Supplies,Necessary executive put reach.,113916.41,6,,Cash,TXN-0004384
4385,2025-01-09,INCOME,Other Income,Short nothing American.,966830.27,3,150.0,Bank Transfer,TXN-0004385
4386,2024-01-07,INCOME,Other Income,Begin development course control series.,734092.25,8,,Bank Transfer,TXN-0004386
4387,2024-01-20,EXPENSE,Marketing,Support ahead deal.,232203.93,9,23.0,Mobile Money,TXN-0004387
4388,2025-10-17,EXPENSE,Equipment,Republican member save learn thank share.,78217.6,9,295.0,Cash,TXN-0004388
4389,2025-11-27,EXPENSE,Marketing,Might rock debate those join.,131828.84,3,,Debit Card,TXN-0004389
4390,2025-06-25,EXPENSE,Professional Services,Describe lead sort picture.,358598.06,8,41.0,Mobile Money,TXN-0004390
4391,2024-05-22,EXPENSE,Maintenance,Middle son recognize big black here.,415329.25,1,229.0,Debit Card,TXN-0004391
4392,2024-04-19,EXPENSE,Software,Unusually large expense transaction,1660411.44,8,,Debit Card,TXN-0004392
4393,2024-11-11,EXPENSE,Software,Blue western sound there.,56828.73,7,,Debit Card,TXN-0004393
4394,2025-12-10,EXPENSE,Travel,Million conference blue town.,346134.66,10,,Cash,TXN-0004394
4395,2025-12-09,EXPENSE,Maintenance,What industry at whatever true.,245986.57,2,,Mobile Money,TXN-0004395
4396,2025-01-09,EXPENSE,Insurance,Plan open hear.,448200.59,9,10.0,Credit Card,TXN-0004396
4397,2024-10-01,EXPENSE,Payroll,Decide mean do significant sport today.,424523.07,4,,Bank Transfer,TXN-0004397
4398,2025-10-16,EXPENSE,Rent,Policy those director.,280469.64,4,,Cash,TXN-0004398
4399,2025-02-09,EXPENSE,Utilities,Their system far her executive head.,389919.6,6,,Bank Transfer,TXN-0004399
4400,2025-08-06,EXPENSE,Office Supplies,News little member high.,308896.98,4,118.0,Cash,TXN-0004400
4401,2024-08-19,EXPENSE,Rent,Game daughter change address series.,95996.61,6,,Bank Transfer,TXN-0004401
4402,2024-10-15,EXPENSE,Office Supplies,Shoulder wait provide office medical.,221070.22,4,293.0,Debit Card,TXN-0004402
4403,2025-05-17,EXPENSE,Rent,Baby kitchen trip situation foreign.,397580.03,5,,Cash,TXN-0004403
4404,2024-12-05,EXPENSE,Maintenance,Full look visit common popular.,273184.22,10,,Debit Card,TXN-0004404
4405,2025-07-13,EXPENSE,Payroll,Process age wait actually difference management.,231770.44,3,,Cash,TXN-0004405
4406,2024-06-18,INCOME,Subscription Revenue,Believe simple education.,529931.07,10,,Cash,TXN-0004406
4407,2024-02-15,INCOME,Other Income,Want guess collection guy economy.,845454.22,7,296.0,Bank Transfer,TXN-0004407
4408,2024-02-27,EXPENSE,Equipment,Near after available soldier.,90081.11,5,,Mobile Money,TXN-0004408
4409,2025-09-07,EXPENSE,Office Supplies,Husband good officer.,453991.08,4,,Mobile Money,TXN-0004409
4410,2025-07-23,EXPENSE,Payroll,Something point former.,377525.45,9,,Bank Transfer,TXN-0004410
4411,2025-07-12,EXPENSE,Equipment,Type none direction bill evidence improve.,349560.69,9,,Debit Card,TXN-0004411
4412,2025-07-09,INCOME,Consulting Revenue,Participant turn a only.,590738.79,2,,Bank Transfer,TXN-0004412
4413,2024-06-01,INCOME,Consulting Revenue,Production be specific each including.,270096.02,3,,Credit Card,TXN-0004413
4414,2024-12-04,INCOME,Subscription Revenue,Employee deal long direction across.,236269.41,2,,Bank Transfer,TXN-0004414
4415,2025-04-15,EXPENSE,Marketing,Try believe space billion kitchen.,169394.17,5,115.0,Bank Transfer,TXN-0004415
4416,2024-03-30,INCOME,Subscription Revenue,Role listen help society.,928215.15,3,,Debit Card,TXN-0004416
4417,2024-11-16,INCOME,Consulting Revenue,Continue strategy trip throughout indeed.,844166.91,3,,Credit Card,TXN-0004417
4418,2025-10-19,INCOME,Sales Revenue,Value a garden training draw.,704052.12,4,,Mobile Money,TXN-0004418
4419,2025-03-30,EXPENSE,Office Supplies,Thousand whole old billion.,271527.74,7,,Debit Card,TXN-0004419
4420,2024-08-03,EXPENSE,Professional Services,Manage contain someone stuff military too.,66794.28,8,,Cash,TXN-0004420
4421,2024-08-07,EXPENSE,Travel,In analysis go so still direction.,204288.67,6,155.0,Mobile Money,TXN-0004421
4422,2025-01-19,EXPENSE,Software,Successful onto sign such second despite.,319570.01,8,,Bank Transfer,TXN-0004422
4423,2025-01-02,EXPENSE,Insurance,Name painting simply food.,116901.29,9,,Cash,TXN-0004423
4424,2024-02-27,EXPENSE,Utilities,Heavy ability across hair.,214122.65,5,,Mobile Money,TXN-0004424
4425,2024-02-17,EXPENSE,Payroll,Activity he owner.,63787.81,2,,Mobile Money,TXN-0004425
4426,2024-11-24,EXPENSE,Equipment,Whose life week sing fear probably.,384494.51,6,2.0,Cash,TXN-0004426
4427,2024-12-08,EXPENSE,Utilities,Though per well.,391266.08,1,242.0,Cash,TXN-0004427
4428,2024-04-10,INCOME,Sales Revenue,Foreign garden often media argue.,992074.26,9,,Credit Card,TXN-0004428
4429,2024-02-10,EXPENSE,Office Supplies,Marriage the cup threat.,238822.98,5,277.0,Mobile Money,TXN-0004429
4430,2024-06-11,EXPENSE,Rent,Turn speech century.,104680.44,3,29.0,Cash,TXN-0004430
4431,2024-05-05,INCOME,Service Revenue,Determine loss article address hair.,238574.17,3,133.0,Debit Card,TXN-0004431
4432,2024-06-26,EXPENSE,Travel,Tough area administration.,330245.83,6,,Debit Card,TXN-0004432
4433,2024-12-26,EXPENSE,Professional Services,Success card behavior range surface today.,473652.98,8,,Mobile Money,TXN-0004433
4434,2025-04-23,EXPENSE,Marketing,Person value between.,145792.95,8,,Mobile Money,TXN-0004434
4435,2025-11-05,EXPENSE,Utilities,Career economy son financial.,228346.05,1,,Mobile Money,TXN-0004435
4436,2024-07-13,EXPENSE,Professional Services,Special center suffer few gun both.,284657.13,10,,Credit Card,TXN-0004436
4437,2025-03-30,EXPENSE,Logistics,Short step common drop box final.,386147.48,2,220.0,Cash,TXN-0004437
4438,2025-08-22,EXPENSE,Marketing,Security a relationship.,96344.73,7,288.0,Credit Card,TXN-0004438
4439,2024-09-30,INCOME,Other Income,Collection share actually piece him.,858222.7,4,,Cash,TXN-0004439
4440,2025-04-06,EXPENSE,Professional Services,Now cold meeting.,282297.61,10,257.0,Bank Transfer,TXN-0004440
4441,2024-02-04,INCOME,Sales Revenue,President fall set.,943148.49,7,285.0,Bank Transfer,TXN-0004441
4442,2024-08-06,EXPENSE,Professional Services,Customer significant hour.,38406.97,3,,Mobile Money,TXN-0004442
4443,2025-09-20,INCOME,Consulting Revenue,Have girl remember box personal provide.,758383.03,2,,Credit Card,TXN-0004443
4444,2025-08-02,INCOME,Service Revenue,Under executive expert low no walk.,799018.69,9,,Debit Card,TXN-0004444
4445,2024-12-27,INCOME,Service Revenue,Old article town.,799569.06,3,,Cash,TXN-0004445
4446,2025-12-08,INCOME,Sales Revenue,Everything professional often.,868299.43,6,,Credit Card,TXN-0004446
4447,2024-08-05,INCOME,Consulting Revenue,Glass pretty mean speak none.,253113.39,1,,Bank Transfer,TXN-0004447
4448,2024-12-07,EXPENSE,Insurance,Shoulder member music.,381198.1,2,247.0,Cash,TXN-0004448
4449,2025-02-15,EXPENSE,Equipment,Force close job whatever.,216091.66,8,,Bank Transfer,TXN-0004449
4450,2024-06-23,INCOME,Sales Revenue,Executive again week how.,495292.24,10,,Bank Transfer,TXN-0004450
4451,2024-08-05,EXPENSE,Office Supplies,Not those major.,437900.77,8,,Credit Card,TXN-0004451
4452,2024-04-19,EXPENSE,Logistics,Air chair day argue.,267983.75,5,,Debit Card,TXN-0004452
4453,2024-04-24,EXPENSE,Utilities,Computer stock mouth.,356780.73,7,,Cash,TXN-0004453
4454,2025-07-30,EXPENSE,Utilities,Hand agree commercial response easy.,278749.99,6,79.0,Bank Transfer,TXN-0004454
4455,2024-03-30,EXPENSE,Travel,Laugh walk anyone music buy.,495953.72,7,,Cash,TXN-0004455
4456,2025-11-21,INCOME,Other Income,Beautiful apply speech skin contain.,269749.23,6,,Cash,TXN-0004456
4457,2025-02-25,INCOME,Consulting Revenue,Process else ever.,637487.04,10,,Debit Card,TXN-0004457
4458,2025-03-28,INCOME,Sales Revenue,Build conference hundred they senior.,56538.93,8,,Credit Card,TXN-0004458
4459,2025-04-13,EXPENSE,Maintenance,Mind sea term.,407162.16,10,,Credit Card,TXN-0004459
4460,2025-07-03,INCOME,Consulting Revenue,Fall more drive magazine part economic.,477870.55,6,90.0,Debit Card,TXN-0004460
4461,2024-12-03,EXPENSE,Maintenance,Show choose best middle.,406068.96,3,,Credit Card,TXN-0004461
4462,2025-06-28,EXPENSE,Marketing,Real indeed house.,187036.51,5,,Cash,TXN-0004462
4463,2024-08-18,EXPENSE,Software,Mr none pattern look.,312973.02,4,,Mobile Money,TXN-0004463
4464,2025-11-27,EXPENSE,Insurance,Include fish discover economy.,67123.54,5,,Mobile Money,TXN-0004464
4465,2025-10-06,EXPENSE,Marketing,Yard situation dark mother.,119621.96,7,,Mobile Money,TXN-0004465
4466,2025-06-03,EXPENSE,Payroll,Measure concern anything when about month.,6456.68,8,,Bank Transfer,TXN-0004466
4467,2025-11-20,EXPENSE,Insurance,Reach school beyond.,3233.7,7,248.0,Cash,TXN-0004467
4468,2024-10-12,EXPENSE,Rent,Against child matter easy sing.,304832.7,10,,Bank Transfer,TXN-0004468
4469,2024-06-06,EXPENSE,Professional Services,Goal song available capital.,360406.27,3,,Bank Transfer,TXN-0004469
4470,2025-08-23,EXPENSE,Travel,Record moment spend also sure.,266871.52,4,,Debit Card,TXN-0004470
4471,2025-12-27,EXPENSE,Software,Night case itself.,152549.69,1,,Credit Card,TXN-0004471
4472,2025-03-05,EXPENSE,Payroll,Three rate behind.,181671.3,6,167.0,Cash,TXN-0004472
4473,2024-06-21,INCOME,Consulting Revenue,With assume during anything.,80231.94,5,,Credit Card,TXN-0004473
4474,2024-06-26,EXPENSE,Software,Improve toward the current maybe good.,356847.35,1,,Credit Card,TXN-0004474
4475,2025-10-21,EXPENSE,Office Supplies,Laugh nice tax head view.,487799.06,2,250.0,Debit Card,TXN-0004475
4476,2025-01-24,EXPENSE,Insurance,Rate project voice.,317736.12,4,,Credit Card,TXN-0004476
4477,2025-01-12,EXPENSE,Maintenance,Participant process whether war laugh.,24047.6,9,,Bank Transfer,TXN-0004477
4478,2025-12-05,EXPENSE,Logistics,Bit here team.,472876.52,5,54.0,Mobile Money,TXN-0004478
4479,2024-07-07,EXPENSE,Office Supplies,Tell fact beyond choice.,41112.05,3,,Bank Transfer,TXN-0004479
4480,2025-09-22,EXPENSE,Rent,Major read set process provide.,271018.07,5,,Credit Card,TXN-0004480
4481,2024-10-22,EXPENSE,Utilities,Generation present too discover newspaper.,377994.55,5,,Cash,TXN-0004481
4482,2025-06-09,EXPENSE,Utilities,Nothing for stuff notice.,383459.62,7,,Cash,TXN-0004482
4483,2024-05-30,EXPENSE,Payroll,Item your amount focus often.,303098.47,6,,Cash,TXN-0004483
4484,2025-11-30,EXPENSE,Office Supplies,Picture though general.,443968.35,10,,Mobile Money,TXN-0004484
4485,2025-05-11,EXPENSE,Insurance,Remember performance interesting.,419728.1,7,,Cash,TXN-0004485
4486,2025-07-31,EXPENSE,Payroll,Today dark way American player discuss.,202926.16,2,282.0,Cash,TXN-0004486
4487,2025-03-30,EXPENSE,Travel,Occur these write call issue worker.,322320.44,8,93.0,Bank Transfer,TXN-0004487
4488,2025-04-25,EXPENSE,Professional Services,Here executive certain policy national main.,497064.06,6,,Mobile Money,TXN-0004488
4489,2024-08-14,INCOME,Subscription Revenue,Dog give finish.,924431.28,8,21.0,Cash,TXN-0004489
4490,2024-02-22,EXPENSE,Software,Hit similar score.,369076.57,9,,Credit Card,TXN-0004490
4491,2025-01-09,INCOME,Consulting Revenue,Environment able name.,863209.88,5,,Credit Card,TXN-0004491
4492,2024-02-13,EXPENSE,Professional Services,Just today raise.,353307.46,5,37.0,Debit Card,TXN-0004492
4493,2025-11-11,EXPENSE,Marketing,Game class travel debate.,236918.84,1,,Debit Card,TXN-0004493
4494,2025-07-22,EXPENSE,Equipment,Clear project decide source tonight send.,81765.95,7,,Cash,TXN-0004494
4495,2024-01-10,EXPENSE,Utilities,Meet region wish.,270376.03,6,77.0,Bank Transfer,TXN-0004495
4496,2025-08-26,INCOME,Consulting Revenue,Create design hit standard interest bar.,262293.68,4,,Mobile Money,TXN-0004496
4497,2024-10-04,EXPENSE,Travel,Short they accept.,466214.16,7,206.0,Debit Card,TXN-0004497
4498,2024-09-02,EXPENSE,Office Supplies,Return keep if during.,431178.12,4,,Debit Card,TXN-0004498
4499,2025-03-07,EXPENSE,Insurance,Feel wind start although turn experience.,106086.45,9,116.0,Credit Card,TXN-0004499
4500,2025-08-26,EXPENSE,Travel,Glass myself difference add.,291140.62,3,,Debit Card,TXN-0004500
4501,2025-02-13,EXPENSE,Payroll,Response usually never.,343207.51,9,,Credit Card,TXN-0004501
4502,2025-03-29,EXPENSE,Equipment,Similar this add if will.,215388.69,6,256.0,Cash,TXN-0004502
4503,2025-07-30,EXPENSE,Maintenance,Region act he wait campaign.,384667.03,1,,Bank Transfer,TXN-0004503
4504,2024-09-02,INCOME,Other Income,Whose minute situation yet.,933451.12,1,106.0,Credit Card,TXN-0004504
4505,2025-08-27,EXPENSE,Equipment,Then into language image.,205265.03,2,,Bank Transfer,TXN-0004505
4506,2024-08-04,EXPENSE,Insurance,Agreement kitchen per at break play.,412673.1,5,,Cash,TXN-0004506
4507,2025-02-19,EXPENSE,Payroll,Story participant us.,446508.7,7,,Credit Card,TXN-0004507
4508,2024-09-22,EXPENSE,Maintenance,Imagine civil picture method police.,243644.29,7,,Credit Card,TXN-0004508
4509,2025-10-11,EXPENSE,Payroll,Teacher leader certainly guy past peace.,381815.55,3,,Bank Transfer,TXN-0004509
4510,2025-06-06,INCOME,Other Income,Market so eight.,125266.51,4,,Mobile Money,TXN-0004510
4511,2024-06-02,INCOME,Other Income,Look behind case.,980392.18,3,,Bank Transfer,TXN-0004511
4512,2025-04-04,EXPENSE,Professional Services,Team available people former research cup.,432288.36,7,,Mobile Money,TXN-0004512
4513,2024-05-09,INCOME,Service Revenue,On share care daughter.,609976.88,4,13.0,Bank Transfer,TXN-0004513
4514,2024-11-26,EXPENSE,Rent,Physical significant politics language tend three.,382157.59,8,,Bank Transfer,TXN-0004514
4515,2025-07-18,INCOME,Subscription Revenue,No they garden hot doctor agreement.,756957.98,5,,Bank Transfer,TXN-0004515
4516,2025-04-12,EXPENSE,Travel,Election method line.,495310.79,7,,Bank Transfer,TXN-0004516
4517,2024-02-09,EXPENSE,Software,Energy turn culture cause.,5755.59,9,,Credit Card,TXN-0004517
4518,2024-11-03,INCOME,Service Revenue,Very quality collection two information.,960833.88,4,164.0,Credit Card,TXN-0004518
4519,2025-04-15,INCOME,Subscription Revenue,Those movement wait shake establish.,383542.66,2,,Debit Card,TXN-0004519
4520,2024-10-15,INCOME,Sales Revenue,Responsibility personal population find major month.,841307.44,4,,Bank Transfer,TXN-0004520
4521,2024-11-06,INCOME,Subscription Revenue,Respond deal note.,287395.01,7,,Cash,TXN-0004521
4522,2025-12-18,EXPENSE,Insurance,Blood commercial policy relate.,94318.35,4,,Mobile Money,TXN-0004522
4523,2025-01-10,EXPENSE,Office Supplies,Product read behind why.,476692.29,3,,Mobile Money,TXN-0004523
4524,2024-02-19,INCOME,Other Income,Admit professional quality.,296972.37,10,,Mobile Money,TXN-0004524
4525,2025-06-03,INCOME,Consulting Revenue,Policy still born treat.,372708.46,6,,Bank Transfer,TXN-0004525
4526,2025-06-28,INCOME,Sales Revenue,Rule out reach.,661135.52,10,,Debit Card,TXN-0004526
4527,2025-08-21,EXPENSE,Payroll,Like argue together every.,357729.56,6,98.0,Debit Card,TXN-0004527
4528,2024-08-05,EXPENSE,Office Supplies,Type PM home.,471936.22,2,,Mobile Money,TXN-0004528
4529,2024-06-26,EXPENSE,Payroll,Thought plant assume partner too drug.,365462.06,1,,Cash,TXN-0004529
4530,2024-01-09,EXPENSE,Travel,Call I return by.,181053.3,10,,Debit Card,TXN-0004530
4531,2025-08-15,INCOME,Sales Revenue,Reason report sell much safe early.,14478.39,1,,Credit Card,TXN-0004531
4532,2024-06-07,EXPENSE,Logistics,Would film meet wrong keep close.,238688.48,8,220.0,Bank Transfer,TXN-0004532
4533,2025-02-02,EXPENSE,Marketing,Ability process toward heavy play certain.,34277.94,2,,Bank Transfer,TXN-0004533
4534,2024-09-05,INCOME,Subscription Revenue,Exactly read across probably follow.,545919.1,10,,Credit Card,TXN-0004534
4535,2025-10-17,INCOME,Sales Revenue,There Congress over can question.,531001.9,9,,Debit Card,TXN-0004535
4536,2025-11-05,INCOME,Consulting Revenue,Development next large institution catch.,710532.53,9,,Credit Card,TXN-0004536
4537,2025-10-17,INCOME,Other Income,Between finally quickly choose.,64605.89,6,,Debit Card,TXN-0004537
4538,2025-01-06,EXPENSE,Professional Services,Compare off improve rest.,45165.74,6,,Mobile Money,TXN-0004538
4539,2025-04-30,EXPENSE,Payroll,Mother specific would create.,366327.85,10,211.0,Cash,TXN-0004539
4540,2025-04-04,EXPENSE,Professional Services,Task another culture.,494696.06,7,,Cash,TXN-0004540
4541,2024-08-28,EXPENSE,Marketing,Spring lay father movement spring become.,357751.71,6,,Credit Card,TXN-0004541
4542,2025-09-06,EXPENSE,Logistics,Order both police measure.,452784.46,6,187.0,Credit Card,TXN-0004542
4543,2025-11-24,INCOME,Subscription Revenue,Recently analysis performance factor organization.,488293.18,1,,Credit Card,TXN-0004543
4544,2024-09-23,EXPENSE,Logistics,School all lawyer day grow.,474629.08,7,128.0,Credit Card,TXN-0004544
4545,2025-12-06,EXPENSE,Office Supplies,Participant number final soldier.,273536.07,8,,Debit Card,TXN-0004545
4546,2025-05-02,INCOME,Service Revenue,Upon site reflect analysis behind.,164426.38,7,,Credit Card,TXN-0004546
4547,2025-11-09,EXPENSE,Software,Per range compare.,30132.41,4,,Credit Card,TXN-0004547
4548,2024-08-22,EXPENSE,Maintenance,Different gas story receive.,340395.61,3,,Credit Card,TXN-0004548
4549,2024-12-28,EXPENSE,Utilities,Material space beyond capital run fine.,130774.76,7,,Mobile Money,TXN-0004549
4550,2025-10-19,EXPENSE,Rent,Total order wear year local beautiful.,125233.94,1,,Debit Card,TXN-0004550
4551,2024-08-04,EXPENSE,Utilities,West policy choice new apply those.,271176.03,3,300.0,Mobile Money,TXN-0004551
4552,2025-03-22,INCOME,Sales Revenue,Minute night small sense research.,815931.49,2,,Bank Transfer,TXN-0004552
4553,2024-12-25,INCOME,Consulting Revenue,Difficult west room goal loss financial.,224215.67,1,,Bank Transfer,TXN-0004553
4554,2024-03-09,EXPENSE,Rent,Notice year beat old college outside.,408992.08,10,,Credit Card,TXN-0004554
4555,2024-04-04,EXPENSE,Rent,Wide order model table class hear.,332140.76,7,,Bank Transfer,TXN-0004555
4556,2025-12-26,EXPENSE,Professional Services,Health standard less couple law around.,438696.37,7,,Cash,TXN-0004556
4557,2024-07-17,EXPENSE,Software,Among international major light.,261187.68,5,180.0,Credit Card,TXN-0004557
4558,2025-02-02,EXPENSE,Professional Services,Service be cut.,195684.44,6,,Debit Card,TXN-0004558
4559,2024-07-28,EXPENSE,Travel,Instead service choose source wonder.,156547.27,3,,Mobile Money,TXN-0004559
4560,2025-03-09,EXPENSE,Rent,Middle environment history radio just protect.,44129.16,4,185.0,Credit Card,TXN-0004560
4561,2025-11-18,EXPENSE,Professional Services,American international world produce walk.,156755.54,5,96.0,Credit Card,TXN-0004561
4562,2025-05-09,INCOME,Subscription Revenue,State mission option because.,67437.7,6,261.0,Bank Transfer,TXN-0004562
4563,2025-08-17,EXPENSE,Payroll,Herself cause respond home.,274206.48,2,,Credit Card,TXN-0004563
4564,2024-11-01,EXPENSE,Maintenance,Election situation woman need skill remain.,457871.47,4,,Mobile Money,TXN-0004564
4565,2024-07-27,EXPENSE,Professional Services,Skin pick against painting together reflect.,311787.74,2,26.0,Debit Card,TXN-0004565
4566,2025-11-10,EXPENSE,Insurance,Interesting treat trade those specific impact.,192242.94,4,,Credit Card,TXN-0004566
4567,2025-01-23,EXPENSE,Professional Services,Society movie laugh.,169629.96,6,240.0,Credit Card,TXN-0004567
4568,2025-02-21,EXPENSE,Professional Services,While live staff senior within.,491406.78,7,223.0,Debit Card,TXN-0004568
4569,2025-02-19,EXPENSE,Software,Together machine customer.,255130.21,8,,Mobile Money,TXN-0004569
4570,2024-06-12,EXPENSE,Travel,Mention population couple similar.,461970.06,7,,Cash,TXN-0004570
4571,2024-08-13,EXPENSE,Utilities,Technology religious plant performance.,173304.69,9,,Credit Card,TXN-0004571
4572,2025-11-20,EXPENSE,Logistics,Market plan order.,123177.01,8,,Debit Card,TXN-0004572
4573,2024-11-05,EXPENSE,Utilities,Charge particularly industry.,459942.74,5,,Credit Card,TXN-0004573
4574,2025-05-17,EXPENSE,Insurance,Republican consumer cost.,427260.62,4,,Mobile Money,TXN-0004574
4575,2025-10-16,EXPENSE,Payroll,Material keep in reach.,11525.8,6,203.0,Bank Transfer,TXN-0004575
4576,2025-08-27,INCOME,Consulting Revenue,Second culture suffer black.,948195.86,6,,Bank Transfer,TXN-0004576
4577,2025-12-24,INCOME,Consulting Revenue,Truth heart operation process run.,808531.79,9,267.0,Mobile Money,TXN-0004577
4578,2024-02-15,EXPENSE,Payroll,Happen officer industry player talk job.,436603.89,2,285.0,Cash,TXN-0004578
4579,2024-06-21,EXPENSE,Utilities,Wear audience help score program how.,244511.02,9,,Credit Card,TXN-0004579
4580,2025-01-25,EXPENSE,Rent,Participant positive lay own nearly.,412002.52,3,,Cash,TXN-0004580
4581,2025-07-11,INCOME,Sales Revenue,Former two face show actually.,362561.98,7,134.0,Credit Card,TXN-0004581
4582,2024-08-19,INCOME,Sales Revenue,Learn alone religious.,380540.2,2,,Mobile Money,TXN-0004582
4583,2025-08-08,EXPENSE,Professional Services,Task policy south increase.,209313.21,1,,Credit Card,TXN-0004583
4584,2024-11-05,INCOME,Service Revenue,Sometimes late realize firm street can.,855826.29,9,,Bank Transfer,TXN-0004584
4585,2024-04-30,EXPENSE,Travel,Analysis fire bar now.,355448.13,2,,Bank Transfer,TXN-0004585
4586,2025-10-15,EXPENSE,Logistics,Feel rule every.,124394.0,8,,Bank Transfer,TXN-0004586
4587,2024-04-10,EXPENSE,Maintenance,Position drive understand trade collection.,237448.77,4,232.0,Debit Card,TXN-0004587
4588,2024-02-24,EXPENSE,Marketing,Poor space like court open.,61093.64,3,19.0,Credit Card,TXN-0004588
4589,2025-03-30,EXPENSE,Insurance,Less stand hand improve.,306969.35,1,,Debit Card,TXN-0004589
4590,2025-08-30,EXPENSE,Office Supplies,Seven important material indicate range.,496996.13,2,,Bank Transfer,TXN-0004590
4591,2025-01-12,EXPENSE,Logistics,Future pass control.,327365.76,7,35.0,Bank Transfer,TXN-0004591
4592,2024-06-26,EXPENSE,Equipment,Season really few since interesting guess.,381199.88,8,,Bank Transfer,TXN-0004592
4593,2025-06-05,EXPENSE,Professional Services,Attorney later Congress board owner.,267734.36,4,,Debit Card,TXN-0004593
4594,2025-09-21,INCOME,Consulting Revenue,Letter prove watch rule.,368008.45,4,55.0,Credit Card,TXN-0004594
4595,2024-01-06,EXPENSE,Marketing,He arrive PM garden score.,180147.04,8,296.0,Cash,TXN-0004595
4596,2025-06-19,EXPENSE,Travel,Task specific couple herself miss.,411719.62,4,,Bank Transfer,TXN-0004596
4597,2024-04-23,EXPENSE,Travel,Difference training black.,346549.34,8,,Mobile Money,TXN-0004597
4598,2025-08-30,INCOME,Subscription Revenue,Woman our PM success.,118473.3,9,,Mobile Money,TXN-0004598
4599,2024-04-30,EXPENSE,Logistics,Behind into result pretty couple.,294063.32,4,,Bank Transfer,TXN-0004599
4600,2024-11-20,INCOME,Consulting Revenue,Payment linked to inactive employee,878907.09,4,179.0,Debit Card,TXN-0004600
4601,2024-09-21,EXPENSE,Rent,Set world know can trip prove.,389572.24,3,,Mobile Money,TXN-0004601
4602,2025-04-24,EXPENSE,Travel,Will another skill.,364976.12,6,,Cash,TXN-0004602
4603,2025-06-29,INCOME,Other Income,Season land leg speech six feel.,308306.46,3,228.0,Mobile Money,TXN-0004603
4604,2025-11-03,EXPENSE,Logistics,Usually another never own town successful.,3889.76,2,,Bank Transfer,TXN-0004604
4605,2025-09-28,EXPENSE,Equipment,Eye whether time.,437238.59,3,,Mobile Money,TXN-0004605
4606,2025-08-11,EXPENSE,Maintenance,Never represent break.,365314.98,5,,Debit Card,TXN-0004606
4607,2025-09-30,EXPENSE,Utilities,Arrive watch base use common upon.,356368.96,10,226.0,Mobile Money,TXN-0004607
4608,2024-01-22,INCOME,Service Revenue,Rise and quite.,74685.43,1,,Cash,TXN-0004608
4609,2024-01-02,INCOME,Subscription Revenue,Everyone impact material star be season.,216510.23,5,,Mobile Money,TXN-0004609
4610,2024-12-22,INCOME,Other Income,Lay commercial my wrong purpose.,263634.67,6,,Debit Card,TXN-0004610
4611,2025-05-07,EXPENSE,Marketing,Now management agency career find.,405817.24,8,,Debit Card,TXN-0004611
4612,2024-11-06,INCOME,Consulting Revenue,Speech which leg save ahead above.,569859.09,8,160.0,Cash,TXN-0004612
4613,2024-11-04,EXPENSE,Payroll,Anything stuff word determine.,483124.2,4,171.0,Credit Card,TXN-0004613
4614,2024-01-02,INCOME,Service Revenue,Wear better each get force like.,957544.75,3,,Mobile Money,TXN-0004614
4615,2025-02-18,INCOME,Subscription Revenue,Program control anything unit sense argue.,643300.09,1,266.0,Debit Card,TXN-0004615
4616,2024-07-25,EXPENSE,Utilities,Fund control phone prepare attack two.,110643.39,8,,Debit Card,TXN-0004616
4617,2024-01-28,EXPENSE,Professional Services,Material team hand.,440011.12,8,,Credit Card,TXN-0004617
4618,2024-01-29,INCOME,Sales Revenue,Course stuff up rise leave receive.,850790.27,3,,Bank Transfer,TXN-0004618
4619,2024-03-06,INCOME,Consulting Revenue,Least the similar.,22088.11,3,144.0,Credit Card,TXN-0004619
4620,2025-09-06,EXPENSE,Rent,Allow rate season rest.,94683.5,9,,Credit Card,TXN-0004620
4621,2024-03-17,EXPENSE,Software,Letter often avoid style.,459743.74,4,,Bank Transfer,TXN-0004621
4622,2025-12-23,EXPENSE,Marketing,Several yeah college relationship treat.,49391.27,7,102.0,Mobile Money,TXN-0004622
4623,2025-12-20,EXPENSE,Payroll,Couple field seek if.,140631.48,4,,Debit Card,TXN-0004623
4624,2025-08-07,EXPENSE,Maintenance,Small degree region item administration.,311784.97,5,,Cash,TXN-0004624
4625,2025-11-12,EXPENSE,Insurance,American suffer fine.,347670.61,6,,Bank Transfer,TXN-0004625
4626,2025-06-30,EXPENSE,Maintenance,State black business ok.,321994.09,5,,Debit Card,TXN-0004626
4627,2024-01-29,EXPENSE,Office Supplies,Water common little enjoy.,348433.6,10,,Mobile Money,TXN-0004627
4628,2025-09-24,INCOME,Consulting Revenue,Practice someone hard.,585726.07,3,,Bank Transfer,TXN-0004628
4629,2025-09-28,EXPENSE,Insurance,Assume finally door.,263147.64,7,215.0,Mobile Money,TXN-0004629
4630,2025-08-09,INCOME,Consulting Revenue,Buy about movie often role election.,192923.95,9,,Cash,TXN-0004630
4631,2024-06-22,INCOME,Consulting Revenue,Woman teach water once cause author.,266994.55,2,,Credit Card,TXN-0004631
4632,2025-04-29,INCOME,Subscription Revenue,World maybe popular beyond game to.,461742.49,6,,Debit Card,TXN-0004632
4633,2024-04-25,EXPENSE,Utilities,Others prove series back raise source.,36257.36,5,,Mobile Money,TXN-0004633
4634,2025-06-27,EXPENSE,Travel,Imagine magazine teacher already address.,493741.15,7,,Credit Card,TXN-0004634
4635,2025-07-31,EXPENSE,Equipment,Direction though rate against life.,241756.78,5,,Bank Transfer,TXN-0004635
4636,2025-09-16,EXPENSE,Office Supplies,Involve film shoulder two.,174865.22,4,,Debit Card,TXN-0004636
4637,2024-01-09,EXPENSE,Equipment,Identify beautiful risk family.,82968.59,10,155.0,Cash,TXN-0004637
4638,2025-12-04,INCOME,Consulting Revenue,Travel decade tend thousand performance middle nation.,117508.35,9,110.0,Bank Transfer,TXN-0004638
4639,2025-03-28,EXPENSE,Travel,Hear account opportunity ahead her cause church.,243982.32,1,,Mobile Money,TXN-0004639
4640,2024-03-02,EXPENSE,Maintenance,Price head player ok choice.,409718.91,7,140.0,Cash,TXN-0004640
4641,2024-05-05,EXPENSE,Logistics,Notice ok seat which worker line.,110024.87,5,,Debit Card,TXN-0004641
4642,2024-11-26,EXPENSE,Payroll,Represent small form yard floor wonder.,421817.97,10,,Credit Card,TXN-0004642
4643,2024-11-17,EXPENSE,Marketing,Name similar station central.,186441.58,3,,Bank Transfer,TXN-0004643
4644,2024-08-05,EXPENSE,Logistics,Story discussion though.,298110.35,8,,Debit Card,TXN-0004644
4645,2025-06-18,EXPENSE,Logistics,Property develop mention service body.,80619.27,1,,Credit Card,TXN-0004645
4646,2025-11-23,INCOME,Sales Revenue,Effect reveal meet.,704777.58,9,,Debit Card,TXN-0004646
4647,2025-04-30,EXPENSE,Travel,Describe lose reason image computer.,389544.23,8,,Mobile Money,TXN-0004647
4648,2025-03-04,EXPENSE,Professional Services,Ok seven guess education skill may.,100504.63,1,,Cash,TXN-0004648
4649,2025-08-26,INCOME,Sales Revenue,Class analysis hotel.,409884.8,5,,Bank Transfer,TXN-0004649
4650,2024-11-02,EXPENSE,Marketing,They wind environment left store.,197551.29,10,,Bank Transfer,TXN-0004650
4651,2025-07-16,EXPENSE,Professional Services,Dark either back process car.,343574.02,2,,Cash,TXN-0004651
4652,2025-07-04,EXPENSE,Professional Services,Fear value happy reduce trouble.,134798.14,1,,Debit Card,TXN-0004652
4653,2024-04-24,INCOME,Sales Revenue,Fly statement never.,587135.45,10,,Cash,TXN-0004653
4654,2024-02-15,EXPENSE,Software,Too probably sure store play table.,328661.03,2,,Mobile Money,TXN-0004654
4655,2024-01-08,INCOME,Subscription Revenue,Continue person popular.,89098.12,3,228.0,Debit Card,TXN-0004655
4656,2025-06-20,INCOME,Consulting Revenue,Speak little smile away argue around.,91058.74,3,,Cash,TXN-0004656
4657,2024-12-22,EXPENSE,Insurance,Herself east four image.,283289.73,4,,Bank Transfer,TXN-0004657
4658,2025-10-26,EXPENSE,Rent,My event today.,371901.35,6,,Debit Card,TXN-0004658
4659,2025-05-06,INCOME,Sales Revenue,Agreement believe others lay.,560999.41,2,160.0,Cash,TXN-0004659
4660,2025-01-13,EXPENSE,Travel,Matter hold wall every worry.,201607.0,2,,Credit Card,TXN-0004660
4661,2025-09-25,EXPENSE,Software,Key condition school usually.,130518.0,10,,Mobile Money,TXN-0004661
4662,2025-12-18,EXPENSE,Equipment,Payment linked to inactive employee,387559.47,4,95.0,Bank Transfer,TXN-0004662
4663,2025-09-02,EXPENSE,Rent,Better past view it cultural school.,277250.09,7,,Bank Transfer,TXN-0004663
4664,2024-05-27,INCOME,Service Revenue,Help add leave it.,739946.36,6,,Mobile Money,TXN-0004664
4665,2024-12-02,EXPENSE,Office Supplies,Certainly institution other.,161776.32,1,,Mobile Money,TXN-0004665
4666,2024-06-03,INCOME,Other Income,Point off show.,167161.02,6,,Cash,TXN-0004666
4667,2025-07-24,INCOME,Other Income,Next result pay push population.,507700.6,8,,Cash,TXN-0004667
4668,2024-02-16,EXPENSE,Insurance,Occur resource player ever condition.,359312.32,7,,Cash,TXN-0004668
4669,2024-10-24,EXPENSE,Travel,Return word tell.,38856.17,3,122.0,Debit Card,TXN-0004669
4670,2025-11-05,EXPENSE,Rent,Support building improve.,175734.54,4,,Bank Transfer,TXN-0004670
4671,2024-09-05,EXPENSE,Marketing,Beat offer they.,232461.41,4,,Mobile Money,TXN-0004671
4672,2025-11-30,INCOME,Service Revenue,Rule skin positive.,387738.1,2,266.0,Cash,TXN-0004672
4673,2024-04-09,EXPENSE,Maintenance,Respond bar indicate.,160841.53,2,,Mobile Money,TXN-0004673
4674,2024-07-09,INCOME,Other Income,Professional plant class.,511838.67,8,,Debit Card,TXN-0004674
4675,2024-07-27,EXPENSE,Rent,Person better plant wife thought.,369489.88,1,,Debit Card,TXN-0004675
4676,2024-11-21,EXPENSE,Travel,Value pass some skill.,188297.41,10,,Credit Card,TXN-0004676
4677,2025-06-27,EXPENSE,Insurance,Study save I walk page community.,435221.94,6,,Bank Transfer,TXN-0004677
4678,2025-10-26,INCOME,Subscription Revenue,Concern let charge fish if.,508031.71,9,,Mobile Money,TXN-0004678
4679,2025-08-12,EXPENSE,Professional Services,Whom size garden.,263831.29,6,71.0,Debit Card,TXN-0004679
4680,2024-06-19,EXPENSE,Software,My cold lot hit still.,399638.38,10,117.0,Mobile Money,TXN-0004680
4681,2025-07-13,EXPENSE,Payroll,Role character keep through available.,285759.76,4,12.0,Credit Card,TXN-0004681
4682,2024-02-11,EXPENSE,Maintenance,Ball eight fast.,370148.19,2,,Mobile Money,TXN-0004682
4683,2024-12-05,EXPENSE,Travel,Under their we surface reason food.,492149.22,4,,Cash,TXN-0004683
4684,2025-09-10,INCOME,Other Income,Medical whether particularly any pressure.,18465.35,4,,Mobile Money,TXN-0004684
4685,2024-02-04,INCOME,Subscription Revenue,Religious matter these center TV she.,328725.13,9,146.0,Mobile Money,TXN-0004685
4686,2024-11-30,EXPENSE,Maintenance,Bill receive trial message west probably.,74147.11,5,,Debit Card,TXN-0004686
4687,2025-06-01,INCOME,Subscription Revenue,Employee trade real while contain suggest.,324342.32,7,198.0,Credit Card,TXN-0004687
4688,2025-02-09,EXPENSE,Maintenance,Indicate election others score.,276391.76,2,74.0,Credit Card,TXN-0004688
4689,2025-04-25,EXPENSE,Office Supplies,Social sure worry four.,430656.69,5,,Credit Card,TXN-0004689
4690,2024-11-28,INCOME,Service Revenue,Weight clearly line prove fall.,497165.37,10,,Credit Card,TXN-0004690
4691,2024-05-25,EXPENSE,Travel,Treatment society then.,321695.01,8,,Credit Card,TXN-0004691
4692,2025-03-13,EXPENSE,Rent,Guess Republican ten that.,457809.01,2,103.0,Debit Card,TXN-0004692
4693,2024-01-29,EXPENSE,Maintenance,Statement care large pressure.,284869.51,4,,Mobile Money,TXN-0004693
4694,2024-10-08,EXPENSE,Software,Pull wait prepare play.,298931.33,2,67.0,Cash,TXN-0004694
4695,2025-08-11,EXPENSE,Payroll,Environment last early various difference.,65763.13,3,,Bank Transfer,TXN-0004695
4696,2024-01-04,INCOME,Subscription Revenue,Put themselves yeah enjoy left art.,24341.92,5,,Mobile Money,TXN-0004696
4697,2025-04-20,EXPENSE,Maintenance,Whom nature always compare make.,4514.62,9,,Bank Transfer,TXN-0004697
4698,2025-04-15,EXPENSE,Professional Services,Green which late worry.,353245.31,10,,Bank Transfer,TXN-0004698
4699,2024-11-21,EXPENSE,Payroll,Heart collection another result.,78551.89,3,211.0,Cash,TXN-0004699
4700,2025-05-26,EXPENSE,Travel,Night certain author.,311980.47,9,,Mobile Money,TXN-0004700
4701,2024-07-23,EXPENSE,Utilities,Natural themselves too guess nice.,120054.32,1,,Credit Card,TXN-0004701
4702,2024-11-27,EXPENSE,Insurance,Arrive ask yeah.,99654.84,4,,Mobile Money,TXN-0004702
4703,2025-12-01,EXPENSE,Office Supplies,Exist dinner safe owner scientist head.,472208.67,7,32.0,Debit Card,TXN-0004703
4704,2025-02-04,EXPENSE,Equipment,Often always management boy any.,39195.89,5,,Mobile Money,TXN-0004704
4705,2024-07-03,INCOME,Consulting Revenue,Usually receive small.,540577.24,9,39.0,Bank Transfer,TXN-0004705
4706,2025-11-02,EXPENSE,Payroll,In movement season.,301584.97,3,,Cash,TXN-0004706
4707,2025-08-06,INCOME,Service Revenue,Race respond interest.,72858.38,10,,Cash,TXN-0004707
4708,2024-04-07,EXPENSE,Software,Line plant operation line account.,357202.21,9,,Credit Card,TXN-0004708
4709,2024-02-05,EXPENSE,Marketing,Something apply result drop agent later.,21910.54,1,,Cash,TXN-0004709
4710,2024-12-14,EXPENSE,Insurance,Big free benefit.,344524.91,1,,Credit Card,TXN-0004710
4711,2024-11-19,INCOME,Service Revenue,East since who culture American of.,657361.47,8,,Mobile Money,TXN-0004711
4712,2024-09-26,EXPENSE,Rent,Bag store television street offer middle.,46235.09,5,,Bank Transfer,TXN-0004712
4713,2025-12-10,EXPENSE,Insurance,Toward character data section.,102522.03,5,,Debit Card,TXN-0004713
4714,2024-08-20,INCOME,Consulting Revenue,Training again public lose yeah development.,147275.05,10,,Bank Transfer,TXN-0004714
4715,2025-05-03,EXPENSE,Insurance,Address Mr family.,166443.18,5,,Mobile Money,TXN-0004715
4716,2024-07-22,INCOME,Service Revenue,Control last page.,587920.01,9,,Credit Card,TXN-0004716
4717,2024-06-26,INCOME,Other Income,People stuff form American keep.,75095.49,8,,Cash,TXN-0004717
4718,2024-08-31,EXPENSE,Rent,Kitchen expert build seat other collection point.,146786.86,4,,Mobile Money,TXN-0004718
4719,2024-03-15,EXPENSE,Maintenance,Write sell yes.,405257.66,4,,Bank Transfer,TXN-0004719
4720,2024-05-01,INCOME,Service Revenue,Oil medical series suddenly only.,983257.92,5,24.0,Debit Card,TXN-0004720
4721,2025-10-29,EXPENSE,Equipment,Answer star word also condition network.,102471.39,1,,Credit Card,TXN-0004721
4722,2025-10-06,EXPENSE,Insurance,Put design environmental statement too.,147422.08,2,,Mobile Money,TXN-0004722
4723,2025-06-20,EXPENSE,Professional Services,Art four plant that.,393994.55,9,,Bank Transfer,TXN-0004723
4724,2024-11-03,EXPENSE,Equipment,Others boy medical.,317237.93,8,,Cash,TXN-0004724
4725,2025-05-11,EXPENSE,Marketing,Concern material movement.,362215.26,1,,Cash,TXN-0004725
4726,2024-12-27,EXPENSE,Maintenance,Walk third ever listen explain machine.,273487.48,2,48.0,Debit Card,TXN-0004726
4727,2025-12-16,INCOME,Sales Revenue,Situation spring college both.,531836.29,3,,Cash,TXN-0004727
4728,2024-02-26,EXPENSE,Office Supplies,Note should building magazine open senior.,24620.08,6,246.0,Mobile Money,TXN-0004728
4729,2025-02-14,EXPENSE,Software,Value a world magazine.,448151.91,6,,Cash,TXN-0004729
4730,2025-09-24,EXPENSE,Rent,Room wind road.,155687.89,7,,Debit Card,TXN-0004730
4731,2024-04-20,INCOME,Other Income,Catch term cup outside figure.,33818.24,1,,Cash,TXN-0004731
4732,2025-01-28,EXPENSE,Logistics,You defense plant not cut everyone.,499945.93,8,,Bank Transfer,TXN-0004732
4733,2025-12-29,EXPENSE,Marketing,Best brother paper point physical sister.,403840.08,5,,Bank Transfer,TXN-0004733
4734,2025-10-13,EXPENSE,Professional Services,Head serve region every.,279893.79,8,,Credit Card,TXN-0004734
4735,2024-11-29,EXPENSE,Marketing,Often save wish.,83536.32,9,,Debit Card,TXN-0004735
4736,2024-06-30,INCOME,Service Revenue,Fight say paper end kitchen.,681939.42,6,,Bank Transfer,TXN-0004736
4737,2024-01-10,EXPENSE,Logistics,Explain skill and travel meeting energy.,461262.14,1,245.0,Bank Transfer,TXN-0004737
4738,2025-11-23,INCOME,Service Revenue,Lot outside thank care.,827118.05,6,,Credit Card,TXN-0004738
4739,2024-11-09,INCOME,Sales Revenue,Feeling between she bed go.,442274.52,8,,Bank Transfer,TXN-0004739
4740,2025-07-02,EXPENSE,Software,Pay bed turn about third write.,237207.37,1,,Cash,TXN-0004740
4741,2024-11-15,INCOME,Other Income,Set knowledge only sport.,995323.65,1,,Mobile Money,TXN-0004741
4742,2024-05-03,INCOME,Service Revenue,Second chance behind nature again.,348275.53,5,156.0,Cash,TXN-0004742
4743,2025-09-27,EXPENSE,Maintenance,Grow scene show wrong contain thus.,376431.33,9,,Debit Card,TXN-0004743
4744,2025-07-21,EXPENSE,Logistics,Serious whatever radio like.,158370.86,5,,Debit Card,TXN-0004744
4745,2024-08-17,EXPENSE,Office Supplies,Ten cover indicate opportunity.,494780.02,1,,Bank Transfer,TXN-0004745
4746,2025-12-14,INCOME,Sales Revenue,Born country body out early.,669711.03,6,,Bank Transfer,TXN-0004746
4747,2024-01-01,EXPENSE,Software,Carry where look stock race news.,331658.12,6,2.0,Mobile Money,TXN-0004747
4748,2024-05-09,INCOME,Service Revenue,Learn agent world.,367067.14,9,,Cash,TXN-0004748
4749,2025-06-02,EXPENSE,Travel,Glass low let would six day.,306514.39,10,,Debit Card,TXN-0004749
4750,2025-01-01,EXPENSE,Professional Services,National standard international few political occur.,467454.47,4,91.0,Cash,TXN-0004750
4751,2025-12-09,EXPENSE,Maintenance,Organization cut there heart home wonder.,265650.25,6,,Cash,TXN-0004751
4752,2025-03-11,INCOME,Sales Revenue,Clear word determine authority.,856987.22,3,273.0,Bank Transfer,TXN-0004752
4753,2025-02-07,EXPENSE,Insurance,Participant along cover whatever nothing stay.,353636.36,8,,Cash,TXN-0004753
4754,2025-10-14,EXPENSE,Marketing,Want argue player.,225505.5,6,95.0,Debit Card,TXN-0004754
4755,2024-07-30,EXPENSE,Utilities,Show end lot sister.,273528.28,6,,Cash,TXN-0004755
4756,2025-07-07,INCOME,Subscription Revenue,Country pass provide explain.,122169.12,3,136.0,Bank Transfer,TXN-0004756
4757,2024-07-16,EXPENSE,Payroll,Culture once opportunity hotel design.,452386.73,4,,Bank Transfer,TXN-0004757
4758,2025-08-28,EXPENSE,Professional Services,Speak success drop to financial.,394318.77,7,,Bank Transfer,TXN-0004758
4759,2025-07-09,EXPENSE,Insurance,Of event reveal claim fast.,362861.86,4,,Mobile Money,TXN-0004759
4760,2025-03-25,EXPENSE,Travel,Individual life current section.,416350.41,10,,Credit Card,TXN-0004760
4761,2025-10-30,INCOME,Consulting Revenue,Young doctor sing six visit.,229336.98,4,,Mobile Money,TXN-0004761
4762,2025-09-30,EXPENSE,Software,Hard section accept administration management scene.,101818.89,8,,Credit Card,TXN-0004762
4763,2024-01-22,EXPENSE,Insurance,Opportunity sing section.,188439.56,3,,Credit Card,TXN-0004763
4764,2025-03-03,INCOME,Sales Revenue,In leave easy commercial yourself begin.,898651.82,1,161.0,Cash,TXN-0004764
4765,2024-05-08,INCOME,Consulting Revenue,Between instead treat.,858006.37,2,,Debit Card,TXN-0004765
4766,2024-10-19,INCOME,Sales Revenue,Nice let special half take might if.,193191.3,9,,Debit Card,TXN-0004766
4767,2024-06-10,INCOME,Other Income,Consumer probably choice.,595384.43,6,,Mobile Money,TXN-0004767
4768,2024-03-05,EXPENSE,Insurance,Close perform control in.,361531.21,3,,Debit Card,TXN-0004768
4769,2024-07-05,INCOME,Other Income,Maybe full cultural future.,937776.03,1,,Credit Card,TXN-0004769
4770,2024-02-20,EXPENSE,Travel,Defense quickly remember early throughout.,91442.01,5,,Cash,TXN-0004770
4771,2025-06-06,EXPENSE,Travel,Campaign go hit opportunity.,37251.23,4,,Debit Card,TXN-0004771
4772,2024-01-30,EXPENSE,Professional Services,Understand ability part.,234706.69,10,,Mobile Money,TXN-0004772
4773,2025-06-04,EXPENSE,Equipment,Present look style.,306449.9,4,,Credit Card,TXN-0004773
4774,2025-03-16,INCOME,Consulting Revenue,Pattern resource nice recognize certainly.,830407.16,6,,Mobile Money,TXN-0004774
4775,2024-02-05,INCOME,Consulting Revenue,Important window main.,814776.56,4,,Credit Card,TXN-0004775
4776,2025-01-25,INCOME,Service Revenue,Their current set common easy authority.,257646.55,5,,Debit Card,TXN-0004776
4777,2025-06-29,EXPENSE,Insurance,Strong power nearly its pass great.,458977.86,3,,Cash,TXN-0004777
4778,2025-03-30,EXPENSE,Travel,Rule military social newspaper soon energy.,111024.58,8,,Credit Card,TXN-0004778
4779,2025-02-02,INCOME,Consulting Revenue,Heart he seem health among.,634359.36,1,11.0,Credit Card,TXN-0004779
4780,2025-07-07,EXPENSE,Rent,Base arm thousand tonight beyond soon.,272936.88,1,47.0,Bank Transfer,TXN-0004780
4781,2024-04-27,INCOME,Consulting Revenue,Station toward to rich again.,22338.66,6,,Cash,TXN-0004781
4782,2024-03-16,EXPENSE,Equipment,Maybe study understand food others source.,84940.48,7,,Debit Card,TXN-0004782
4783,2025-06-22,EXPENSE,Maintenance,Left policy would during.,368372.87,5,31.0,Debit Card,TXN-0004783
4784,2025-05-06,INCOME,Consulting Revenue,Guess avoid particularly time after guy.,931955.48,8,,Debit Card,TXN-0004784
4785,2024-02-12,INCOME,Other Income,Payment linked to inactive employee,156344.23,4,239.0,Cash,TXN-0004785
4786,2024-05-24,EXPENSE,Insurance,Sport opportunity hundred color never.,49638.08,7,235.0,Bank Transfer,TXN-0004786
4787,2024-07-31,EXPENSE,Software,Hospital age box.,342381.57,9,,Bank Transfer,TXN-0004787
4788,2025-04-07,EXPENSE,Marketing,Environmental produce through individual.,454847.12,2,,Credit Card,TXN-0004788
4789,2025-05-13,INCOME,Consulting Revenue,Drive material reveal.,151072.71,5,,Cash,TXN-0004789
4790,2025-10-26,EXPENSE,Office Supplies,Night appear side.,380696.04,9,,Bank Transfer,TXN-0004790
4791,2025-08-11,INCOME,Service Revenue,Someone operation to minute.,207412.52,4,,Credit Card,TXN-0004791
4792,2024-09-22,EXPENSE,Travel,Small poor soon name catch.,305187.8,4,,Credit Card,TXN-0004792
4793,2024-04-04,EXPENSE,Maintenance,Around simply direction common sister cost.,146958.72,3,,Debit Card,TXN-0004793
4794,2024-08-11,EXPENSE,Payroll,Assume such heart serious rise either.,91097.84,6,,Bank Transfer,TXN-0004794
4795,2024-05-06,INCOME,Service Revenue,Quickly rock into.,129479.79,9,182.0,Debit Card,TXN-0004795
4796,2024-06-11,EXPENSE,Maintenance,Capital activity agreement American wrong.,12908.95,6,,Bank Transfer,TXN-0004796
4797,2024-07-08,INCOME,Other Income,Meeting here economy body.,526746.99,3,,Mobile Money,TXN-0004797
4798,2024-10-07,EXPENSE,Travel,Truth subject foot let as born.,451862.79,1,,Debit Card,TXN-0004798
4799,2025-06-29,EXPENSE,Professional Services,Listen office return dog east rather.,496208.54,9,,Bank Transfer,TXN-0004799
4800,2025-06-24,EXPENSE,Marketing,Station save become.,148798.3,1,,Bank Transfer,TXN-0004800
4801,2025-09-22,EXPENSE,Equipment,Lead another mission down less sort.,48372.63,4,,Mobile Money,TXN-0004801
4802,2025-02-13,INCOME,Service Revenue,Real let employee.,477368.1,3,,Debit Card,TXN-0004802
4803,2024-12-19,INCOME,Subscription Revenue,Professor small inside.,199073.74,9,136.0,Bank Transfer,TXN-0004803
4804,2024-09-06,EXPENSE,Logistics,New choose whether.,177395.84,8,,Cash,TXN-0004804
4805,2025-10-31,INCOME,Subscription Revenue,Available town end family blue.,916088.72,10,97.0,Cash,TXN-0004805
4806,2025-10-02,EXPENSE,Equipment,White dinner billion short so to.,180957.56,9,,Bank Transfer,TXN-0004806
4807,2025-10-06,EXPENSE,Utilities,Even crime usually writer treat.,297119.55,9,,Credit Card,TXN-0004807
4808,2025-07-20,EXPENSE,Professional Services,Watch myself picture several only common field.,139773.94,8,,Mobile Money,TXN-0004808
4809,2025-01-16,INCOME,Other Income,Name fear can.,653926.27,10,191.0,Bank Transfer,TXN-0004809
4810,2025-10-27,EXPENSE,Office Supplies,Detail help adult house edge.,491578.46,8,,Credit Card,TXN-0004810
4811,2025-06-03,EXPENSE,Office Supplies,Minute pressure they son treatment.,187510.35,4,,Credit Card,TXN-0004811
4812,2025-11-01,INCOME,Subscription Revenue,As without focus.,251526.63,8,30.0,Cash,TXN-0004812
4813,2025-07-11,EXPENSE,Insurance,Fly high also bill few.,103855.81,1,,Cash,TXN-0004813
4814,2024-06-07,EXPENSE,Equipment,Fight loss mother box.,109260.46,4,91.0,Mobile Money,TXN-0004814
4815,2024-09-06,EXPENSE,Software,Case the impact.,471332.17,8,,Debit Card,TXN-0004815
4816,2025-04-21,EXPENSE,Payroll,Century mission find.,100843.57,7,,Debit Card,TXN-0004816
4817,2025-11-19,EXPENSE,Utilities,Put area sea little.,200624.29,9,24.0,Credit Card,TXN-0004817
4818,2024-02-29,EXPENSE,Insurance,For car analysis.,296486.27,5,,Cash,TXN-0004818
4819,2024-06-25,INCOME,Other Income,Late imagine see.,211495.14,10,,Mobile Money,TXN-0004819
4820,2025-09-02,INCOME,Other Income,Stand although home much age area.,937636.91,6,173.0,Mobile Money,TXN-0004820
4821,2024-03-20,INCOME,Sales Revenue,That carry represent share.,744449.16,5,214.0,Credit Card,TXN-0004821
4822,2025-10-15,EXPENSE,Professional Services,Final up society half.,422768.25,9,,Credit Card,TXN-0004822
4823,2024-05-04,EXPENSE,Maintenance,Hotel arm almost guess.,239335.57,2,34.0,Cash,TXN-0004823
4824,2024-12-02,INCOME,Subscription Revenue,First everybody work decide teacher PM.,444880.74,3,,Bank Transfer,TXN-0004824
4825,2025-06-30,EXPENSE,Logistics,Affect less season outside.,229338.08,8,,Cash,TXN-0004825
4826,2025-03-23,INCOME,Sales Revenue,Against glass employee.,305489.69,8,,Credit Card,TXN-0004826
4827,2024-10-09,INCOME,Consulting Revenue,Reach oil animal beat.,348215.2,4,,Mobile Money,TXN-0004827
4828,2025-06-03,EXPENSE,Equipment,Support environmental one raise whom see.,294807.58,8,,Mobile Money,TXN-0004828
4829,2025-12-19,INCOME,Subscription Revenue,Reach maintain buy suddenly.,158864.98,5,210.0,Bank Transfer,TXN-0004829
4830,2024-09-14,EXPENSE,Office Supplies,Several election he scene five quite.,20257.7,8,,Credit Card,TXN-0004830
4831,2024-06-22,INCOME,Service Revenue,Rest building road back.,643151.47,9,,Bank Transfer,TXN-0004831
4832,2025-11-25,EXPENSE,Professional Services,News mention science.,377634.77,6,,Credit Card,TXN-0004832
4833,2025-06-24,EXPENSE,Utilities,Minute health above physical region bit.,55113.99,8,,Bank Transfer,TXN-0004833
4834,2025-10-16,EXPENSE,Marketing,Chance organization first mother.,192162.3,10,,Mobile Money,TXN-0004834
4835,2024-02-18,INCOME,Sales Revenue,Involve debate still.,929388.67,6,,Cash,TXN-0004835
4836,2025-01-20,EXPENSE,Travel,Author meet certain finish purpose.,150748.53,7,,Bank Transfer,TXN-0004836
4837,2024-12-04,INCOME,Consulting Revenue,Level political game also.,453865.75,5,,Cash,TXN-0004837
4838,2025-06-01,INCOME,Service Revenue,Film market box way boy.,854424.13,7,,Bank Transfer,TXN-0004838
4839,2024-02-29,EXPENSE,Equipment,To source teacher general economic if.,432330.61,10,,Cash,TXN-0004839
4840,2025-07-29,EXPENSE,Marketing,World hotel election.,285184.67,9,,Mobile Money,TXN-0004840
4841,2025-03-21,INCOME,Subscription Revenue,Star TV forget marriage away.,735035.69,8,,Mobile Money,TXN-0004841
4842,2024-04-10,INCOME,Subscription Revenue,Before ago concern.,391826.53,6,123.0,Mobile Money,TXN-0004842
4843,2025-03-27,INCOME,Subscription Revenue,Late teacher item meet position reach.,367633.21,1,,Cash,TXN-0004843
4844,2024-12-11,INCOME,Service Revenue,Culture fund clearly our.,953923.78,4,,Cash,TXN-0004844
4845,2025-03-27,INCOME,Sales Revenue,Score race father.,464847.43,3,,Credit Card,TXN-0004845
4846,2024-06-26,INCOME,Subscription Revenue,Ask deep task again action everybody.,601271.05,8,,Cash,TXN-0004846
4847,2025-04-21,EXPENSE,Maintenance,Drug choice run million reach.,363293.59,7,265.0,Credit Card,TXN-0004847
4848,2025-06-20,EXPENSE,Maintenance,Air those less stock doctor.,35243.06,7,,Credit Card,TXN-0004848
4849,2025-09-13,EXPENSE,Rent,White half wear its girl important.,66420.86,9,88.0,Credit Card,TXN-0004849
4850,2025-07-09,EXPENSE,Travel,Street of practice about position.,420635.07,7,212.0,Debit Card,TXN-0004850
4851,2024-05-20,INCOME,Consulting Revenue,Society ten radio budget.,565908.27,7,,Credit Card,TXN-0004851
4852,2024-08-10,EXPENSE,Software,Put leader enjoy.,486784.1,1,,Credit Card,TXN-0004852
4853,2024-10-20,EXPENSE,Insurance,Someone democratic join table phone.,101351.31,10,268.0,Debit Card,TXN-0004853
4854,2025-09-24,INCOME,Other Income,Yes budget everyone eat wish speak fish.,714744.94,3,,Cash,TXN-0004854
4855,2025-10-18,INCOME,Subscription Revenue,After then five occur.,768552.13,10,,Mobile Money,TXN-0004855
4856,2024-10-17,EXPENSE,Travel,Foot inside second final expect.,84573.61,4,,Cash,TXN-0004856
4857,2025-03-23,EXPENSE,Travel,Mind hundred spend.,475644.25,8,165.0,Debit Card,TXN-0004857
4858,2025-06-10,EXPENSE,Rent,Child especially animal.,376605.73,3,,Mobile Money,TXN-0004858
4859,2024-04-27,EXPENSE,Marketing,Stuff mind same human step.,294009.58,7,,Cash,TXN-0004859
4860,2024-06-08,EXPENSE,Professional Services,Necessary artist center.,56276.19,10,,Bank Transfer,TXN-0004860
4861,2025-09-15,EXPENSE,Equipment,Decade magazine option score tree its.,270771.41,8,59.0,Bank Transfer,TXN-0004861
4862,2025-10-04,INCOME,Sales Revenue,Example remain development.,918441.7,10,,Mobile Money,TXN-0004862
4863,2024-06-17,EXPENSE,Logistics,Name sense economic institution easy.,24194.36,3,13.0,Credit Card,TXN-0004863
4864,2024-04-12,EXPENSE,Equipment,Himself ok eat consider identify.,154669.88,3,86.0,Credit Card,TXN-0004864
4865,2025-10-06,INCOME,Consulting Revenue,Glass the son.,188870.36,1,,Bank Transfer,TXN-0004865
4866,2025-02-20,INCOME,Consulting Revenue,Notice tree pattern.,972070.96,7,56.0,Credit Card,TXN-0004866
4867,2025-09-27,EXPENSE,Rent,Computer operation concern sister house per.,85508.02,5,,Bank Transfer,TXN-0004867
4868,2025-03-31,EXPENSE,Utilities,Republican task range bed.,40780.72,4,,Mobile Money,TXN-0004868
4869,2024-12-21,INCOME,Consulting Revenue,Four mission growth.,167683.95,6,200.0,Debit Card,TXN-0004869
4870,2024-11-17,EXPENSE,Payroll,West product inside share.,280688.58,7,,Cash,TXN-0004870
4871,2025-11-28,EXPENSE,Rent,Personal upon make example its choice.,414436.9,3,,Cash,TXN-0004871
4872,2025-03-07,EXPENSE,Professional Services,Ahead again drive another.,185998.46,8,99.0,Bank Transfer,TXN-0004872
4873,2025-07-08,INCOME,Service Revenue,South note today specific subject race.,856624.06,7,122.0,Credit Card,TXN-0004873
4874,2024-10-24,EXPENSE,Software,Role former now than live.,470636.25,10,,Mobile Money,TXN-0004874
4875,2025-04-15,INCOME,Other Income,Old store successful computer.,815171.42,1,,Cash,TXN-0004875
4876,2025-11-14,EXPENSE,Insurance,Notice mind black.,57714.88,10,242.0,Bank Transfer,TXN-0004876
4877,2025-07-05,INCOME,Consulting Revenue,Certain data ask affect.,582709.34,8,54.0,Credit Card,TXN-0004877
4878,2025-02-04,EXPENSE,Travel,Build language final determine.,212527.07,10,198.0,Cash,TXN-0004878
4879,2025-10-29,EXPENSE,Professional Services,Let need toward half remain adult.,257858.92,9,,Credit Card,TXN-0004879
4880,2025-11-09,EXPENSE,Marketing,Again treat personal.,322582.45,8,,Mobile Money,TXN-0004880
4881,2024-01-24,EXPENSE,Rent,Loss billion can radio involve sign.,168836.36,9,,Debit Card,TXN-0004881
4882,2025-01-08,INCOME,Other Income,May international reason moment product actually.,697470.56,10,,Debit Card,TXN-0004882
4883,2025-08-04,EXPENSE,Payroll,Could change all toward wait.,226311.48,1,237.0,Mobile Money,TXN-0004883
4884,2025-01-08,INCOME,Other Income,Good although beautiful management.,13177.13,1,,Bank Transfer,TXN-0004884
4885,2024-05-18,INCOME,Service Revenue,Game among provide world type ability.,173336.95,7,,Cash,TXN-0004885
4886,2024-12-11,EXPENSE,Logistics,Security yet top young person together.,151099.68,1,,Credit Card,TXN-0004886
4887,2024-07-06,EXPENSE,Marketing,Prevent probably try professor least hotel.,465953.78,1,,Cash,TXN-0004887
4888,2024-08-15,EXPENSE,Software,Increase that few.,273650.39,3,,Credit Card,TXN-0004888
4889,2024-01-01,EXPENSE,Travel,Executive go future case.,281343.98,9,118.0,Debit Card,TXN-0004889
4890,2025-08-07,EXPENSE,Utilities,Stage front claim process understand continue.,32738.22,5,,Debit Card,TXN-0004890
4891,2025-04-22,EXPENSE,Software,Chair also though.,429216.45,8,163.0,Bank Transfer,TXN-0004891
4892,2024-09-03,EXPENSE,Travel,Student after population citizen even.,55392.53,7,98.0,Bank Transfer,TXN-0004892
4893,2025-08-29,INCOME,Service Revenue,Lose customer amount send.,158139.32,10,,Credit Card,TXN-0004893
4894,2024-05-13,INCOME,Subscription Revenue,Final mean lead.,812202.42,7,,Mobile Money,TXN-0004894
4895,2024-08-20,INCOME,Service Revenue,Accept adult fish picture American.,334235.58,4,,Bank Transfer,TXN-0004895
4896,2024-11-18,EXPENSE,Equipment,Their stop painting news.,260835.56,5,230.0,Credit Card,TXN-0004896
4897,2025-10-19,EXPENSE,Travel,Role might like they.,28830.21,10,,Mobile Money,TXN-0004897
4898,2024-08-16,EXPENSE,Travel,Worker conference child.,59350.53,3,,Bank Transfer,TXN-0004898
4899,2025-12-08,EXPENSE,Logistics,Account fall hospital in.,467418.43,6,,Cash,TXN-0004899
4900,2025-02-25,EXPENSE,Payroll,Wife close future type glass entire.,66782.0,10,,Bank Transfer,TXN-0004900
4901,2024-07-21,EXPENSE,Marketing,Election opportunity weight house seek.,38690.39,4,238.0,Bank Transfer,TXN-0004901
4902,2024-03-16,INCOME,Consulting Revenue,Point sit leg no.,790137.43,1,264.0,Mobile Money,TXN-0004902
4903,2025-05-21,EXPENSE,Professional Services,Matter individual remain number student baby.,83019.19,5,211.0,Credit Card,TXN-0004903
4904,2024-05-09,EXPENSE,Office Supplies,Cold police whole than or.,385999.51,6,294.0,Debit Card,TXN-0004904
4905,2025-09-25,EXPENSE,Payroll,Course stage debate.,221369.83,3,,Debit Card,TXN-0004905
4906,2025-05-14,INCOME,Subscription Revenue,Better chair bring many.,504230.69,4,21.0,Credit Card,TXN-0004906
4907,2025-04-11,EXPENSE,Equipment,South he place keep great.,98907.98,5,,Mobile Money,TXN-0004907
4908,2025-11-23,EXPENSE,Software,Agency beyond indeed mind force.,359716.46,2,29.0,Mobile Money,TXN-0004908
4909,2025-10-24,EXPENSE,Software,Spring skin available consider ahead against.,465024.85,3,,Bank Transfer,TXN-0004909
4910,2025-07-16,INCOME,Other Income,Night indicate in may.,762071.52,4,57.0,Debit Card,TXN-0004910
4911,2024-09-12,EXPENSE,Equipment,Long message respond change moment agree.,236497.93,9,,Cash,TXN-0004911
4912,2024-06-04,EXPENSE,Utilities,Yourself nation situation.,106265.0,2,67.0,Cash,TXN-0004912
4913,2024-12-24,INCOME,Other Income,Resource me spring.,687824.55,9,139.0,Credit Card,TXN-0004913
4914,2025-02-26,EXPENSE,Insurance,Type everything next yeah both analysis.,315287.03,6,,Debit Card,TXN-0004914
4915,2025-01-17,EXPENSE,Equipment,Find course mouth law help.,160444.27,6,,Debit Card,TXN-0004915
4916,2024-06-19,INCOME,Other Income,Director ask move common store newspaper.,330300.64,5,,Debit Card,TXN-0004916
4917,2025-10-20,EXPENSE,Logistics,Between team clear clearly.,387031.1,1,,Bank Transfer,TXN-0004917
4918,2024-03-10,INCOME,Other Income,Pass fast heavy former.,786404.1,8,,Cash,TXN-0004918
4919,2025-09-15,EXPENSE,Payroll,Fish budget church member.,289418.74,10,,Cash,TXN-0004919
4920,2025-12-29,EXPENSE,Travel,Such lead along treatment someone worry.,383948.28,1,,Credit Card,TXN-0004920
4921,2025-03-29,EXPENSE,Payroll,Data film themselves.,378213.81,1,,Debit Card,TXN-0004921
4922,2024-08-28,EXPENSE,Rent,Necessary once three big condition claim.,173342.64,3,290.0,Cash,TXN-0004922
4923,2024-12-03,EXPENSE,Rent,Help push student professional across probably.,94475.68,1,,Mobile Money,TXN-0004923
4924,2025-03-24,EXPENSE,Office Supplies,Behind wish guess.,26489.12,9,,Debit Card,TXN-0004924
4925,2024-03-07,INCOME,Service Revenue,Bed issue book none.,970026.0,4,199.0,Mobile Money,TXN-0004925
4926,2024-07-16,EXPENSE,Software,Marriage former avoid customer.,71403.88,8,,Debit Card,TXN-0004926
4927,2024-01-16,INCOME,Consulting Revenue,Beat under than join against.,110115.76,3,,Mobile Money,TXN-0004927
4928,2025-03-16,EXPENSE,Utilities,How wonder field their.,393921.56,3,,Credit Card,TXN-0004928
4929,2025-11-09,INCOME,Consulting Revenue,Less yeah avoid.,524863.3,9,,Debit Card,TXN-0004929
4930,2025-08-09,EXPENSE,Maintenance,Instead out area lot heart people.,9671.42,2,,Mobile Money,TXN-0004930
4931,2024-06-26,INCOME,Service Revenue,Into next at source.,106214.03,2,167.0,Debit Card,TXN-0004931
4932,2024-07-11,EXPENSE,Travel,Land none may financial skill happen.,323854.37,9,,Bank Transfer,TXN-0004932
4933,2024-06-01,INCOME,Consulting Revenue,Guy leg husband.,758912.47,2,37.0,Mobile Money,TXN-0004933
4934,2025-01-21,EXPENSE,Utilities,Summer over institution memory catch write.,440170.12,8,247.0,Mobile Money,TXN-0004934
4935,2024-11-01,EXPENSE,Maintenance,Line half leave plan trade sell.,245372.72,1,,Debit Card,TXN-0004935
4936,2024-01-28,EXPENSE,Maintenance,Thought face officer value of.,152460.47,7,98.0,Mobile Money,TXN-0004936
4937,2025-03-27,INCOME,Consulting Revenue,Land direction discover film myself.,49327.29,3,,Debit Card,TXN-0004937
4938,2024-10-11,INCOME,Consulting Revenue,Brother year kid remember.,925088.84,2,228.0,Cash,TXN-0004938
4939,2024-06-24,INCOME,Subscription Revenue,Perhaps few realize peace.,963212.11,4,,Debit Card,TXN-0004939
4940,2025-11-22,INCOME,Sales Revenue,Cause cost art kitchen song.,281155.62,6,,Bank Transfer,TXN-0004940
4941,2024-01-12,INCOME,Sales Revenue,Wear understand kind.,258749.29,2,,Cash,TXN-0004941
4942,2025-04-24,EXPENSE,Insurance,Scientist avoid process.,436000.58,7,,Debit Card,TXN-0004942
4943,2025-03-29,EXPENSE,Equipment,Benefit agent detail against.,447761.52,9,,Credit Card,TXN-0004943
4944,2025-09-24,EXPENSE,Office Supplies,Body pattern kid list.,382053.51,3,145.0,Cash,TXN-0004944
4945,2025-12-20,EXPENSE,Equipment,No environmental prove.,254195.36,6,299.0,Cash,TXN-0004945
4946,2024-03-28,EXPENSE,Rent,The often easy admit small.,344210.4,8,,Bank Transfer,TXN-0004946
4947,2024-02-07,INCOME,Consulting Revenue,Voice field join others.,386601.13,9,,Bank Transfer,TXN-0004947
4948,2024-03-10,EXPENSE,Maintenance,Step yard sometimes Congress sure ok.,82635.84,4,,Credit Card,TXN-0004948
4949,2024-03-04,INCOME,Subscription Revenue,Adult team garden share.,466944.1,4,199.0,Debit Card,TXN-0004949
4950,2025-02-05,INCOME,Sales Revenue,Suddenly modern important line.,513086.51,9,,Credit Card,TXN-0004950
4951,2024-06-16,INCOME,Consulting Revenue,Property water near condition.,636063.03,10,,Cash,TXN-0004951
4952,2024-11-29,EXPENSE,Logistics,Best happy individual law.,361533.41,8,,Mobile Money,TXN-0004952
4953,2024-06-13,INCOME,Service Revenue,Their red executive.,256633.56,3,,Cash,TXN-0004953
4954,2024-10-30,EXPENSE,Marketing,Enjoy debate store to education.,302621.87,2,71.0,Debit Card,TXN-0004954
4955,2024-05-21,EXPENSE,Equipment,Interest off statement teacher cover.,36887.44,7,,Debit Card,TXN-0004955
4956,2025-02-14,EXPENSE,Software,Manage agency line strategy.,198686.48,3,,Debit Card,TXN-0004956
4957,2024-07-27,EXPENSE,Rent,Young into level.,462061.29,7,,Cash,TXN-0004957
4958,2024-03-25,INCOME,Sales Revenue,Represent big policy.,907385.78,7,,Bank Transfer,TXN-0004958
4959,2024-10-09,INCOME,Service Revenue,Base guy whom difference life.,632346.09,9,,Bank Transfer,TXN-0004959
4960,2025-09-08,INCOME,Consulting Revenue,Order wife least career institution.,564777.13,1,201.0,Credit Card,TXN-0004960
4961,2024-08-01,INCOME,Subscription Revenue,Travel everyone purpose leader listen brother.,277460.63,7,153.0,Bank Transfer,TXN-0004961
4962,2024-08-07,INCOME,Consulting Revenue,Example economy cup growth.,117470.27,3,,Mobile Money,TXN-0004962
4963,2024-05-14,INCOME,Service Revenue,Sport street perhaps training.,428178.04,7,207.0,Debit Card,TXN-0004963
4964,2025-07-02,INCOME,Sales Revenue,Each down century generation usually.,444295.94,5,,Mobile Money,TXN-0004964
4965,2024-02-14,EXPENSE,Maintenance,Later city outside technology east water.,6099.88,6,,Credit Card,TXN-0004965
4966,2024-05-03,INCOME,Service Revenue,Deep also agree health window prove.,620559.42,8,,Credit Card,TXN-0004966
4967,2024-10-16,EXPENSE,Professional Services,Job major manage support property.,188747.26,10,,Mobile Money,TXN-0004967
4968,2024-02-29,EXPENSE,Professional Services,I only maybe song although.,455586.3,3,,Credit Card,TXN-0004968
4969,2024-09-01,EXPENSE,Marketing,Training economy recent.,241858.72,5,,Bank Transfer,TXN-0004969
4970,2025-11-13,INCOME,Other Income,Member actually cell threat.,670439.93,7,,Bank Transfer,TXN-0004970
4971,2025-09-26,INCOME,Other Income,Thank perform simple single heavy.,153174.75,2,299.0,Cash,TXN-0004971
4972,2025-09-13,EXPENSE,Insurance,Fine we many before on ground.,231322.37,10,,Debit Card,TXN-0004972
4973,2025-07-29,EXPENSE,Insurance,Mouth require wait.,37556.13,5,,Bank Transfer,TXN-0004973
4974,2025-09-02,EXPENSE,Insurance,Common class although.,61767.29,8,,Bank Transfer,TXN-0004974
4975,2024-05-07,EXPENSE,Travel,Study any budget sing.,456563.86,9,,Credit Card,TXN-0004975
4976,2024-03-20,INCOME,Other Income,Every analysis trade enjoy arrive.,937408.64,9,,Cash,TXN-0004976
4977,2024-02-11,INCOME,Subscription Revenue,Part cell talk card within.,852290.14,5,,Mobile Money,TXN-0004977
4978,2025-04-12,INCOME,Subscription Revenue,Yet purpose several.,619511.7,9,,Debit Card,TXN-0004978
4979,2024-11-26,INCOME,Service Revenue,Human system military agency source.,35358.25,5,66.0,Cash,TXN-0004979
4980,2025-03-28,INCOME,Subscription Revenue,If style behavior.,506160.04,5,,Mobile Money,TXN-0004980
4981,2025-10-25,INCOME,Subscription Revenue,List oil represent me.,946343.44,7,,Bank Transfer,TXN-0004981
4982,2024-10-14,EXPENSE,Marketing,Economy common family daughter.,332040.41,4,,Mobile Money,TXN-0004982
4983,2024-07-10,EXPENSE,Equipment,Along million single.,186216.23,4,,Bank Transfer,TXN-0004983
4984,2025-02-01,INCOME,Subscription Revenue,Its election six step.,544653.55,6,,Credit Card,TXN-0004984
4985,2025-03-06,EXPENSE,Software,Girl drive long.,148017.49,4,,Bank Transfer,TXN-0004985
4986,2024-07-30,INCOME,Sales Revenue,Pick whether lawyer.,318302.02,9,,Mobile Money,TXN-0004986
4987,2025-03-17,INCOME,Other Income,Interesting those form plant.,360479.16,10,,Credit Card,TXN-0004987
4988,2024-03-02,INCOME,Sales Revenue,Way himself carry at arrive.,346146.87,1,162.0,Bank Transfer,TXN-0004988
4989,2025-02-04,EXPENSE,Rent,Think window education no half.,366604.69,7,,Bank Transfer,TXN-0004989
4990,2025-09-10,EXPENSE,Insurance,Poor performance again foot.,23091.73,6,,Debit Card,TXN-0004990
4991,2024-07-03,INCOME,Other Income,Receive several information language successful say.,94370.05,9,,Credit Card,TXN-0004991
4992,2025-08-08,INCOME,Consulting Revenue,Power type help management Congress.,828272.88,1,55.0,Mobile Money,TXN-0004992
4993,2024-07-06,EXPENSE,Equipment,Police thousand television quality out.,201786.11,1,276.0,Cash,TXN-0004993
4994,2025-10-03,EXPENSE,Maintenance,Vote number manager still add.,91790.69,2,,Cash,TXN-0004994
4995,2024-01-13,EXPENSE,Software,Reflect yard Democrat memory away.,444406.51,10,,Bank Transfer,TXN-0004995
4996,2024-04-01,EXPENSE,Professional Services,Sense part where business feel.,276412.86,6,,Cash,TXN-0004996
4997,2024-09-16,EXPENSE,Equipment,Box officer beautiful prove ask.,401779.2,2,,Cash,TXN-0004997
4998,2024-11-25,INCOME,Subscription Revenue,Certain movie short agreement threat.,394734.72,5,,Credit Card,TXN-0004998
4999,2024-04-16,INCOME,Consulting Revenue,Eye focus however food.,236421.79,4,,Credit Card,TXN-0004999
5000,2025-10-01,EXPENSE,Professional Services,Memory police skin.,274077.95,5,,Mobile Money,TXN-0005000
5001,2024-06-10,EXPENSE,Utilities,Rich onto statement morning perhaps return.,55356.93,6,,Mobile Money,TXN-0005001
5002,2024-01-30,EXPENSE,Utilities,Good from heart think over.,447102.03,1,,Mobile Money,TXN-0005002
5003,2024-04-26,INCOME,Sales Revenue,Different evening chance.,376360.72,9,,Mobile Money,TXN-0005003
5004,2024-12-23,EXPENSE,Maintenance,Manager stuff bar image standard market.,485981.73,8,,Credit Card,TXN-0005004
5005,2025-08-22,EXPENSE,Payroll,Scientist point eye author office you.,191049.54,2,,Debit Card,TXN-0005005
5006,2024-04-22,EXPENSE,Professional Services,Serve run pick.,114532.98,8,,Cash,TXN-0005006
5007,2024-02-24,EXPENSE,Marketing,Decision let tell specific during.,228739.59,8,,Credit Card,TXN-0005007
5008,2024-06-24,EXPENSE,Professional Services,Special if music kind myself.,101954.22,2,,Cash,TXN-0005008
5009,2024-09-26,EXPENSE,Payroll,Record cold reflect line.,153085.93,6,,Credit Card,TXN-0005009
5010,2024-04-07,INCOME,Consulting Revenue,Its industry our play.,876004.87,7,,Cash,TXN-0005010
5011,2024-04-22,EXPENSE,Insurance,Box system quite organization.,268263.97,4,,Mobile Money,TXN-0005011
5012,2025-01-26,EXPENSE,Travel,Democrat tonight agreement focus.,421443.08,9,201.0,Cash,TXN-0005012
5013,2024-08-01,INCOME,Consulting Revenue,Conference book should.,380122.89,10,,Debit Card,TXN-0005013
5014,2024-06-04,EXPENSE,Maintenance,Attorney picture get lead rise.,399425.17,8,34.0,Debit Card,TXN-0005014
5015,2025-05-15,EXPENSE,Maintenance,Like material assume government.,226542.2,10,,Credit Card,TXN-0005015
5016,2025-01-31,EXPENSE,Software,Lay fund prepare each what bring.,464960.05,2,11.0,Credit Card,TXN-0005016
5017,2024-08-19,EXPENSE,Logistics,Ever describe student myself.,114108.35,3,,Mobile Money,TXN-0005017
5018,2024-10-17,INCOME,Sales Revenue,Get question next against month.,400348.93,10,,Cash,TXN-0005018
5019,2025-04-04,EXPENSE,Payroll,Difference history part find appear.,225967.95,9,,Mobile Money,TXN-0005019
5020,2025-02-03,EXPENSE,Equipment,Future most create.,148449.71,8,42.0,Mobile Money,TXN-0005020
5021,2024-10-12,EXPENSE,Office Supplies,Last evening one real event find.,133837.4,10,,Cash,TXN-0005021
5022,2024-03-28,EXPENSE,Payroll,Have many science until put environment.,221151.88,6,249.0,Debit Card,TXN-0005022
5023,2025-05-08,EXPENSE,Office Supplies,Large determine sense recent.,411053.67,5,,Bank Transfer,TXN-0005023
5024,2024-12-07,EXPENSE,Marketing,Do maybe generation between.,59834.15,10,197.0,Credit Card,TXN-0005024
5025,2025-01-24,EXPENSE,Equipment,Body whether information protect step hear.,310700.2,7,,Credit Card,TXN-0005025
5026,2025-06-22,EXPENSE,Professional Services,Everybody beat apply term.,394292.87,9,,Credit Card,TXN-0005026
5027,2025-11-02,INCOME,Service Revenue,Term unit policy let.,385488.07,4,,Credit Card,TXN-0005027
5028,2024-08-14,INCOME,Subscription Revenue,Even land product today.,798701.43,3,,Mobile Money,TXN-0005028
5029,2024-08-16,EXPENSE,Utilities,Spring nearly design whatever pass.,377432.81,1,243.0,Cash,TXN-0005029
5030,2025-04-07,EXPENSE,Professional Services,Similar house bank color apply.,79817.94,8,190.0,Mobile Money,TXN-0005030
5031,2024-08-30,EXPENSE,Logistics,Small cut tend.,151559.29,8,,Bank Transfer,TXN-0005031
5032,2024-01-02,INCOME,Other Income,Method lay decide society small remember.,828342.7,9,131.0,Debit Card,TXN-0005032
5033,2025-12-19,INCOME,Subscription Revenue,How mention need range arm.,282925.23,1,,Bank Transfer,TXN-0005033
5034,2024-05-03,EXPENSE,Rent,Ball middle born material.,216331.39,7,,Credit Card,TXN-0005034
5035,2025-12-21,EXPENSE,Office Supplies,Poor suffer side tend a.,25988.83,5,,Mobile Money,TXN-0005035
5036,2024-09-28,EXPENSE,Insurance,Family scientist include.,442152.1,9,,Debit Card,TXN-0005036
5037,2025-01-17,EXPENSE,Marketing,Event tax give natural painting kind.,76605.22,3,,Bank Transfer,TXN-0005037
5038,2025-06-01,INCOME,Subscription Revenue,Maybe too fear political glass.,927582.29,6,,Cash,TXN-0005038
5039,2025-03-06,EXPENSE,Logistics,Unusually large expense transaction,720336.28,2,,Credit Card,TXN-0005039
5040,2025-07-25,EXPENSE,Utilities,Capital morning trade stage.,254292.37,1,147.0,Credit Card,TXN-0005040
5041,2025-04-03,INCOME,Subscription Revenue,Explain up since act still.,999575.05,9,,Credit Card,TXN-0005041
5042,2025-08-14,INCOME,Subscription Revenue,Board likely assume final under through.,37171.0,7,,Mobile Money,TXN-0005042
5043,2025-02-01,EXPENSE,Rent,Series once some theory live.,479616.3,9,251.0,Cash,TXN-0005043
5044,2024-08-25,EXPENSE,Utilities,None medical north.,41204.57,7,,Credit Card,TXN-0005044
5045,2024-07-06,INCOME,Consulting Revenue,Fear with fund system ball man.,395680.02,6,,Mobile Money,TXN-0005045
5046,2024-07-02,EXPENSE,Payroll,Power child among.,304996.0,1,,Bank Transfer,TXN-0005046
5047,2025-12-30,EXPENSE,Equipment,Increase catch him oil central.,179624.7,2,,Mobile Money,TXN-0005047
5048,2025-11-19,EXPENSE,Maintenance,Politics each of cut already create.,82683.11,3,,Bank Transfer,TXN-0005048
5049,2024-11-26,EXPENSE,Utilities,Wrong yourself direction position standard.,342743.79,3,11.0,Debit Card,TXN-0005049
5050,2024-08-20,INCOME,Other Income,As view point.,927360.32,4,,Debit Card,TXN-0005050
5051,2024-09-21,EXPENSE,Office Supplies,Teach customer agree move.,446580.45,9,,Debit Card,TXN-0005051
5052,2024-10-26,EXPENSE,Logistics,Represent about peace.,492153.07,9,228.0,Debit Card,TXN-0005052
5053,2024-01-21,INCOME,Subscription Revenue,Goal far none.,570752.61,5,,Debit Card,TXN-0005053
5054,2024-03-15,INCOME,Sales Revenue,Light step order prepare.,673924.37,8,,Mobile Money,TXN-0005054
5055,2025-10-13,EXPENSE,Equipment,Most none suffer about clearly role.,45579.91,10,,Bank Transfer,TXN-0005055
5056,2025-04-18,INCOME,Service Revenue,Over wind yeah shake.,587858.91,3,,Bank Transfer,TXN-0005056
5057,2024-06-28,INCOME,Other Income,Hundred sense represent either section official.,488449.74,7,100.0,Credit Card,TXN-0005057
5058,2025-04-22,EXPENSE,Equipment,Will indeed office couple discover.,170498.22,9,,Cash,TXN-0005058
5059,2025-02-06,EXPENSE,Equipment,Guess new power.,334789.16,1,,Debit Card,TXN-0005059
5060,2025-01-30,EXPENSE,Maintenance,Fire positive court.,58129.02,4,,Cash,TXN-0005060
5061,2024-10-11,INCOME,Sales Revenue,Include system receive modern simple ok.,606672.39,5,,Cash,TXN-0005061
5062,2025-11-18,INCOME,Subscription Revenue,Goal reduce seat like memory.,839248.83,10,,Cash,TXN-0005062
5063,2024-02-07,EXPENSE,Rent,Operation suddenly ahead.,136263.68,1,288.0,Debit Card,TXN-0005063
5064,2025-07-24,EXPENSE,Software,Front hope institution.,80878.93,4,282.0,Mobile Money,TXN-0005064
5065,2024-12-16,EXPENSE,Software,Investment crime federal side fear religious.,434625.41,8,,Credit Card,TXN-0005065
5066,2025-03-29,INCOME,Service Revenue,Daughter we so course note structure.,515519.72,6,,Credit Card,TXN-0005066
5067,2025-09-21,EXPENSE,Insurance,Why table wear foot budget learn.,156810.25,1,291.0,Debit Card,TXN-0005067
5068,2024-07-21,EXPENSE,Payroll,Where would recognize statement partner.,495150.12,3,136.0,Cash,TXN-0005068
5069,2025-07-21,INCOME,Consulting Revenue,Offer situation next.,262253.66,5,205.0,Mobile Money,TXN-0005069
5070,2024-12-16,EXPENSE,Utilities,Reality section have.,426182.12,10,,Credit Card,TXN-0005070
5071,2024-09-21,INCOME,Other Income,Science bed adult low civil allow.,495785.08,7,,Debit Card,TXN-0005071
5072,2025-11-07,EXPENSE,Equipment,Area paper year enough describe behind.,33866.69,4,,Cash,TXN-0005072
5073,2024-04-17,INCOME,Consulting Revenue,Day today power themselves at themselves.,691765.11,2,,Credit Card,TXN-0005073
5074,2024-09-12,EXPENSE,Utilities,After Mrs seem war.,354467.79,3,,Mobile Money,TXN-0005074
5075,2025-11-11,EXPENSE,Software,Interview his quickly chance hot change.,39458.53,3,20.0,Cash,TXN-0005075
5076,2024-09-07,EXPENSE,Professional Services,For member degree.,469938.45,1,,Bank Transfer,TXN-0005076
5077,2025-04-27,INCOME,Service Revenue,American occur event.,961757.64,5,,Credit Card,TXN-0005077
5078,2025-04-17,INCOME,Consulting Revenue,Payment linked to inactive employee,163429.26,1,214.0,Debit Card,TXN-0005078
5079,2024-07-14,EXPENSE,Maintenance,Firm room collection run.,112414.15,6,,Debit Card,TXN-0005079
5080,2024-10-12,EXPENSE,Software,Follow others plant concern thank.,239610.46,8,,Mobile Money,TXN-0005080
5081,2025-05-03,EXPENSE,Maintenance,Force military however write forward.,288055.52,10,135.0,Mobile Money,TXN-0005081
5082,2024-12-11,EXPENSE,Maintenance,So fast financial including my sort.,308047.33,2,,Bank Transfer,TXN-0005082
5083,2024-08-07,EXPENSE,Marketing,Open big stand family significant within.,457172.54,4,,Credit Card,TXN-0005083
5084,2024-06-17,EXPENSE,Maintenance,Give even however anyone.,36592.83,8,244.0,Credit Card,TXN-0005084
5085,2024-09-20,EXPENSE,Rent,Sister skill say left simple share.,76384.21,5,85.0,Mobile Money,TXN-0005085
5086,2024-07-14,INCOME,Sales Revenue,Early even help.,539155.96,1,,Credit Card,TXN-0005086
5087,2025-05-28,INCOME,Other Income,Next exist rest.,95789.32,4,,Cash,TXN-0005087
5088,2024-03-30,INCOME,Consulting Revenue,Own generation point particular agree.,844828.12,6,,Credit Card,TXN-0005088
5089,2024-02-18,EXPENSE,Logistics,Total concern week specific and.,35193.04,9,,Credit Card,TXN-0005089
5090,2024-09-21,INCOME,Service Revenue,Crime strong professor family product.,88876.6,10,,Cash,TXN-0005090
5091,2024-02-02,EXPENSE,Professional Services,Foot side live relate.,408402.7,9,,Mobile Money,TXN-0005091
5092,2025-07-25,INCOME,Sales Revenue,Trial Mrs increase.,309622.63,4,,Mobile Money,TXN-0005092
5093,2024-08-10,EXPENSE,Rent,Low treat create peace would four.,371050.35,1,248.0,Mobile Money,TXN-0005093
5094,2025-05-25,EXPENSE,Travel,Store name condition people.,79482.13,8,,Bank Transfer,TXN-0005094
5095,2024-07-23,EXPENSE,Professional Services,Player issue Mrs consumer.,265406.66,6,126.0,Cash,TXN-0005095
5096,2024-10-07,EXPENSE,Utilities,Rest four we.,94924.52,9,,Debit Card,TXN-0005096
5097,2025-04-22,EXPENSE,Office Supplies,Unusually large expense transaction,1637161.18,8,,Debit Card,TXN-0005097
5098,2025-08-10,INCOME,Consulting Revenue,Enjoy what want.,810562.03,2,,Debit Card,TXN-0005098
5099,2024-05-21,INCOME,Service Revenue,Eat vote commercial.,674387.31,4,,Bank Transfer,TXN-0005099
5100,2024-06-21,INCOME,Other Income,Structure better point president.,656051.73,6,,Bank Transfer,TXN-0005100
5101,2024-12-30,INCOME,Other Income,Listen actually building trip make professional.,610256.08,2,,Bank Transfer,TXN-0005101
5102,2025-12-11,EXPENSE,Logistics,Art option father same charge able.,227106.03,9,,Bank Transfer,TXN-0005102
5103,2025-01-30,INCOME,Other Income,Sell hold third.,439020.83,7,,Cash,TXN-0005103
5104,2024-05-01,EXPENSE,Logistics,Radio base then local.,68230.39,6,,Mobile Money,TXN-0005104
5105,2025-10-22,EXPENSE,Software,Buy sit save image grow him.,118853.78,9,,Cash,TXN-0005105
5106,2024-01-30,INCOME,Subscription Revenue,Wait per term according like.,795959.44,9,98.0,Credit Card,TXN-0005106
5107,2024-12-17,INCOME,Other Income,Success leg production big moment.,88896.32,2,61.0,Mobile Money,TXN-0005107
5108,2025-03-28,INCOME,Other Income,Raise thus for.,525010.38,8,,Debit Card,TXN-0005108
5109,2024-12-05,EXPENSE,Office Supplies,History perform information father fight.,45916.77,9,,Debit Card,TXN-0005109
5110,2025-02-23,EXPENSE,Utilities,Participant great girl scene.,194775.57,10,10.0,Mobile Money,TXN-0005110
5111,2025-08-05,INCOME,Consulting Revenue,Place young lot.,904799.53,6,193.0,Debit Card,TXN-0005111
5112,2025-12-25,EXPENSE,Marketing,Record ready power their work.,120134.27,1,,Mobile Money,TXN-0005112
5113,2025-07-14,INCOME,Other Income,Important character sure market great investment.,23538.54,8,,Cash,TXN-0005113
5114,2024-09-10,EXPENSE,Travel,Seven baby team effect indicate social.,82810.09,6,210.0,Mobile Money,TXN-0005114
5115,2025-09-01,INCOME,Service Revenue,Thousand society care close floor bar.,71688.43,5,,Mobile Money,TXN-0005115
5116,2024-02-06,EXPENSE,Maintenance,Commercial pay fall.,290436.22,9,,Credit Card,TXN-0005116
5117,2024-04-12,INCOME,Other Income,Democratic town ever special fund sing.,564355.67,3,,Credit Card,TXN-0005117
5118,2024-02-01,INCOME,Other Income,Determine with determine.,928523.22,6,,Bank Transfer,TXN-0005118
5119,2025-08-11,INCOME,Service Revenue,Manager word certain possible assume knowledge.,78488.95,7,,Debit Card,TXN-0005119
5120,2024-04-29,EXPENSE,Office Supplies,Building want open house research.,67558.52,3,,Cash,TXN-0005120
5121,2024-07-05,INCOME,Consulting Revenue,How matter single the.,132072.12,10,,Cash,TXN-0005121
5122,2025-08-02,EXPENSE,Logistics,With factor country.,464445.91,8,,Credit Card,TXN-0005122
5123,2025-05-18,EXPENSE,Travel,Minute pass as service walk.,115763.23,10,,Bank Transfer,TXN-0005123
5124,2025-10-04,EXPENSE,Insurance,Season scene training perhaps early.,339839.4,3,,Bank Transfer,TXN-0005124
5125,2025-10-13,EXPENSE,Maintenance,Seem wear wait pull.,312652.66,6,,Debit Card,TXN-0005125
5126,2025-04-22,EXPENSE,Office Supplies,Must war few.,395076.94,3,,Bank Transfer,TXN-0005126
5127,2025-02-10,EXPENSE,Travel,Thing magazine attack.,243984.32,10,,Debit Card,TXN-0005127
5128,2024-11-20,EXPENSE,Travel,Seven again law statement.,1221.15,7,,Cash,TXN-0005128
5129,2024-11-16,EXPENSE,Travel,Painting physical rule myself.,75597.19,4,97.0,Mobile Money,TXN-0005129
5130,2024-09-09,EXPENSE,Rent,Throw section agent.,434305.64,9,51.0,Cash,TXN-0005130
5131,2024-12-18,EXPENSE,Utilities,Best join ask feeling.,325750.54,10,,Credit Card,TXN-0005131
5132,2024-04-14,EXPENSE,Marketing,Scientist morning rest audience dark once.,18860.85,1,,Mobile Money,TXN-0005132
5133,2024-08-01,EXPENSE,Software,Wall detail home standard score hotel.,224266.66,3,,Cash,TXN-0005133
5134,2024-02-26,EXPENSE,Utilities,Throw water over sell.,204589.45,1,220.0,Bank Transfer,TXN-0005134
5135,2025-08-29,EXPENSE,Office Supplies,Meeting store sometimes score gas.,471263.97,7,,Bank Transfer,TXN-0005135
5136,2025-02-24,EXPENSE,Payroll,Reflect power must.,166980.97,9,185.0,Bank Transfer,TXN-0005136
5137,2025-10-10,EXPENSE,Travel,Time field produce lawyer.,24161.2,8,,Credit Card,TXN-0005137
5138,2025-11-23,EXPENSE,Office Supplies,Human card usually.,403931.33,9,,Debit Card,TXN-0005138
5139,2024-04-23,EXPENSE,Travel,Popular everyone act hundred baby.,32911.55,4,270.0,Debit Card,TXN-0005139
5140,2024-09-07,EXPENSE,Office Supplies,Difference person discover increase bank.,410937.55,4,,Bank Transfer,TXN-0005140
5141,2024-04-27,EXPENSE,Marketing,Site keep time thus.,112310.41,3,,Bank Transfer,TXN-0005141
5142,2024-02-19,EXPENSE,Payroll,Difficult end teacher rest.,329151.2,2,286.0,Credit Card,TXN-0005142
5143,2025-11-20,EXPENSE,Payroll,Member large accept wait mouth.,35629.16,1,,Debit Card,TXN-0005143
5144,2025-10-20,INCOME,Service Revenue,People least edge baby month reveal.,458841.59,10,267.0,Bank Transfer,TXN-0005144
5145,2024-11-18,INCOME,Other Income,Right every audience share enter debate.,425454.73,1,,Mobile Money,TXN-0005145
5146,2025-09-22,INCOME,Service Revenue,Red over statement.,44853.4,5,,Mobile Money,TXN-0005146
5147,2024-06-27,EXPENSE,Insurance,General learn white girl sell.,263807.27,5,198.0,Debit Card,TXN-0005147
5148,2024-02-08,INCOME,Service Revenue,State method reality.,614386.62,5,,Credit Card,TXN-0005148
5149,2025-07-14,EXPENSE,Professional Services,Name buy collection.,104673.56,4,,Bank Transfer,TXN-0005149
5150,2024-09-28,INCOME,Sales Revenue,Development attorney doctor while stay try.,279691.85,2,,Mobile Money,TXN-0005150
5151,2025-07-18,EXPENSE,Marketing,Sort house get.,118548.7,3,,Bank Transfer,TXN-0005151
5152,2025-01-13,EXPENSE,Marketing,Hit few part stuff clear blood.,317075.81,2,,Bank Transfer,TXN-0005152
5153,2025-12-21,EXPENSE,Utilities,Let different worry film through.,45795.62,10,,Bank Transfer,TXN-0005153
5154,2024-11-17,EXPENSE,Maintenance,Parent believe worry option play.,251839.71,9,,Debit Card,TXN-0005154
5155,2025-09-12,INCOME,Subscription Revenue,Long part voice public teach.,354465.82,7,,Mobile Money,TXN-0005155
5156,2025-06-21,INCOME,Sales Revenue,Little yeah improve.,635359.93,4,,Mobile Money,TXN-0005156
5157,2024-03-09,INCOME,Subscription Revenue,Just mind above.,706828.03,2,,Debit Card,TXN-0005157
5158,2024-07-07,EXPENSE,Software,Area tree two book main.,176410.4,5,,Credit Card,TXN-0005158
5159,2025-07-10,INCOME,Other Income,Without politics sound second film the.,885684.96,5,,Mobile Money,TXN-0005159
5160,2024-08-20,EXPENSE,Rent,Ability bed a.,306047.76,5,,Cash,TXN-0005160
5161,2025-05-12,INCOME,Sales Revenue,Change name task.,649971.96,7,116.0,Debit Card,TXN-0005161
5162,2024-05-26,EXPENSE,Software,Study PM positive deal finish.,51513.55,2,,Debit Card,TXN-0005162
5163,2025-05-04,EXPENSE,Travel,Break a her garden increase fine.,29302.17,5,,Cash,TXN-0005163
5164,2024-11-02,EXPENSE,Software,Left oil sense rock decade.,217930.65,9,,Cash,TXN-0005164
5165,2025-09-11,EXPENSE,Logistics,Involve anything these magazine.,136795.51,6,,Cash,TXN-0005165
5166,2024-12-28,EXPENSE,Professional Services,Experience eye together.,180917.95,7,,Bank Transfer,TXN-0005166
5167,2025-04-14,INCOME,Consulting Revenue,Generation avoid cultural wall.,27103.52,2,,Debit Card,TXN-0005167
5168,2025-08-08,INCOME,Other Income,Fill toward audience.,36033.71,5,46.0,Debit Card,TXN-0005168
5169,2025-08-16,INCOME,Subscription Revenue,Art response age light bag.,173346.88,5,51.0,Credit Card,TXN-0005169
5170,2025-10-03,EXPENSE,Professional Services,Study themselves suggest.,69214.77,3,154.0,Credit Card,TXN-0005170
5171,2024-06-15,INCOME,Service Revenue,Over clear class fish response.,34200.77,3,,Bank Transfer,TXN-0005171
5172,2025-06-15,EXPENSE,Insurance,Fund study three like.,327381.9,8,,Cash,TXN-0005172
5173,2024-12-03,EXPENSE,Travel,Technology unit force worry story.,56081.7,4,,Credit Card,TXN-0005173
5174,2025-09-24,INCOME,Subscription Revenue,Myself through might economy quite door.,233636.45,8,109.0,Mobile Money,TXN-0005174
5175,2025-12-22,EXPENSE,Insurance,Most star garden kitchen.,222874.11,5,,Cash,TXN-0005175
5176,2024-11-20,EXPENSE,Payroll,Fire again scene.,180553.73,6,,Credit Card,TXN-0005176
5177,2025-07-15,INCOME,Consulting Revenue,Local book price stuff dinner.,869569.17,6,,Cash,TXN-0005177
5178,2025-09-20,EXPENSE,Utilities,True family least situation.,158146.84,2,,Credit Card,TXN-0005178
5179,2025-01-23,EXPENSE,Rent,During policy about lawyer change.,145176.73,9,,Debit Card,TXN-0005179
5180,2024-05-25,INCOME,Other Income,House investment network use indicate catch.,517537.03,9,,Bank Transfer,TXN-0005180
5181,2025-12-06,EXPENSE,Travel,Contain foreign employee look.,325515.03,5,,Credit Card,TXN-0005181
5182,2025-12-01,EXPENSE,Maintenance,Catch follow doctor education give example.,25853.66,7,,Credit Card,TXN-0005182
5183,2025-02-14,EXPENSE,Software,Central threat same important buy.,350067.01,10,,Bank Transfer,TXN-0005183
5184,2025-04-08,INCOME,Consulting Revenue,Series return try white.,957562.61,9,,Mobile Money,TXN-0005184
5185,2025-11-02,INCOME,Consulting Revenue,Ok outside including.,525376.15,6,,Bank Transfer,TXN-0005185
5186,2024-08-28,EXPENSE,Maintenance,Road sound spend general.,330502.61,3,,Cash,TXN-0005186
5187,2025-07-05,EXPENSE,Office Supplies,Provide turn factor measure for chance.,241839.08,5,,Cash,TXN-0005187
5188,2024-10-31,EXPENSE,Payroll,Most star between again.,276835.44,7,,Debit Card,TXN-0005188
5189,2025-11-03,INCOME,Sales Revenue,Nation painting leader myself whatever.,825870.31,4,,Bank Transfer,TXN-0005189
5190,2024-06-24,INCOME,Consulting Revenue,With radio particularly.,369159.21,8,,Bank Transfer,TXN-0005190
5191,2025-06-11,EXPENSE,Marketing,Yeah expect speech.,442791.91,10,,Credit Card,TXN-0005191
5192,2025-04-10,EXPENSE,Equipment,Natural central onto often serious.,288339.95,7,,Debit Card,TXN-0005192
5193,2025-12-23,INCOME,Sales Revenue,Two participant may buy force outside.,131990.64,5,,Cash,TXN-0005193
5194,2025-09-14,EXPENSE,Logistics,Every early television physical what.,313761.17,5,,Mobile Money,TXN-0005194
5195,2025-11-09,EXPENSE,Travel,Couple white woman.,317712.31,4,217.0,Mobile Money,TXN-0005195
5196,2025-06-13,EXPENSE,Office Supplies,Than recent design consider condition rich.,155639.7,2,,Bank Transfer,TXN-0005196
5197,2024-05-11,EXPENSE,Software,Across campaign perhaps protect.,246994.76,4,,Cash,TXN-0005197
5198,2024-12-30,INCOME,Consulting Revenue,Light half find note.,343064.6,5,96.0,Credit Card,TXN-0005198
5199,2025-06-23,INCOME,Other Income,Wear return lawyer effect foot different.,987628.31,4,80.0,Bank Transfer,TXN-0005199
5200,2025-04-21,EXPENSE,Insurance,Technology instead feeling unit red board.,63055.52,1,251.0,Mobile Money,TXN-0005200
5201,2025-10-06,INCOME,Other Income,History century environmental.,35834.21,1,,Mobile Money,TXN-0005201
5202,2024-05-10,EXPENSE,Insurance,Act special moment.,301095.33,9,293.0,Mobile Money,TXN-0005202
5203,2024-04-19,EXPENSE,Professional Services,Leader guess especially family produce strong.,458605.7,7,,Mobile Money,TXN-0005203
5204,2025-06-19,EXPENSE,Insurance,Challenge often authority economic defense.,149876.81,4,,Bank Transfer,TXN-0005204
5205,2025-02-06,EXPENSE,Rent,Campaign writer machine participant star born.,299107.0,4,273.0,Bank Transfer,TXN-0005205
5206,2024-03-03,EXPENSE,Professional Services,Power ok impact sea.,70994.26,5,,Bank Transfer,TXN-0005206
5207,2025-02-02,INCOME,Consulting Revenue,Score former character.,63920.72,5,118.0,Debit Card,TXN-0005207
5208,2024-01-20,EXPENSE,Payroll,Security professor baby cultural.,258815.08,9,,Credit Card,TXN-0005208
5209,2024-02-16,EXPENSE,Travel,State address about natural exist charge.,124821.11,6,,Mobile Money,TXN-0005209
5210,2025-09-22,INCOME,Consulting Revenue,Police store develop realize sign.,724442.06,1,173.0,Credit Card,TXN-0005210
5211,2025-07-13,EXPENSE,Software,Then authority rate share energy practice.,261081.62,10,,Bank Transfer,TXN-0005211
5212,2024-01-30,INCOME,Service Revenue,Past start organization street week.,841538.13,1,58.0,Cash,TXN-0005212
5213,2025-02-18,INCOME,Other Income,Item Democrat drop.,960213.84,7,57.0,Mobile Money,TXN-0005213
5214,2024-12-12,INCOME,Consulting Revenue,Perform writer toward behavior.,330051.81,6,,Bank Transfer,TXN-0005214
5215,2024-01-05,INCOME,Other Income,Exactly body second sort.,101056.73,8,,Mobile Money,TXN-0005215
5216,2024-02-23,EXPENSE,Utilities,Day attorney somebody bed.,151132.45,7,,Credit Card,TXN-0005216
5217,2024-08-27,INCOME,Service Revenue,Pm against throw.,417779.93,8,,Bank Transfer,TXN-0005217
5218,2024-02-05,EXPENSE,Logistics,Mouth notice green.,383902.92,2,257.0,Bank Transfer,TXN-0005218
5219,2024-11-11,INCOME,Service Revenue,Hope money wish.,647792.32,7,,Cash,TXN-0005219
5220,2025-04-03,INCOME,Consulting Revenue,Bar TV anyone model.,659813.07,8,,Cash,TXN-0005220
5221,2024-10-02,EXPENSE,Equipment,Sister forget others.,133690.29,6,174.0,Credit Card,TXN-0005221
5222,2024-11-11,INCOME,Subscription Revenue,Family five home go.,756577.96,2,119.0,Mobile Money,TXN-0005222
5223,2025-10-01,INCOME,Consulting Revenue,Figure ten current government inside see.,415985.85,7,107.0,Mobile Money,TXN-0005223
5224,2024-05-03,INCOME,Consulting Revenue,Accept old give machine.,199576.65,5,,Cash,TXN-0005224
5225,2025-03-31,INCOME,Sales Revenue,Present information detail center.,34967.58,1,,Credit Card,TXN-0005225
5226,2024-01-28,INCOME,Sales Revenue,Must chance former turn.,914586.75,2,,Mobile Money,TXN-0005226
5227,2024-11-17,EXPENSE,Rent,Ten century news answer memory.,195169.42,7,,Credit Card,TXN-0005227
5228,2024-02-11,EXPENSE,Payroll,Story play difference trial.,185856.2,8,,Debit Card,TXN-0005228
5229,2024-10-07,INCOME,Sales Revenue,Raise officer military.,138037.77,9,,Debit Card,TXN-0005229
5230,2024-05-22,INCOME,Subscription Revenue,Huge standard several claim remain.,973084.92,3,,Mobile Money,TXN-0005230
5231,2025-06-03,INCOME,Service Revenue,Both another ground always hit.,87010.53,10,,Debit Card,TXN-0005231
5232,2025-07-02,EXPENSE,Professional Services,Perform or goal result deal.,278955.49,10,,Bank Transfer,TXN-0005232
5233,2025-11-06,INCOME,Subscription Revenue,Finally report teach focus cold message.,119608.73,2,,Cash,TXN-0005233
5234,2025-01-03,EXPENSE,Payroll,Central minute beat energy.,334507.88,9,,Cash,TXN-0005234
5235,2024-06-28,EXPENSE,Utilities,College measure and.,316783.35,7,,Cash,TXN-0005235
5236,2025-05-05,EXPENSE,Marketing,Particularly maybe throughout shoulder present.,226259.12,10,,Debit Card,TXN-0005236
5237,2025-11-19,EXPENSE,Software,Personal cause cause.,2590.72,8,109.0,Credit Card,TXN-0005237
5238,2025-05-15,EXPENSE,Payroll,Prove soldier some identify.,461240.97,8,264.0,Credit Card,TXN-0005238
5239,2025-05-06,EXPENSE,Marketing,Sort young beat young Republican seven.,455298.65,9,,Credit Card,TXN-0005239
5240,2025-06-02,EXPENSE,Travel,Include rate could.,307900.15,4,,Debit Card,TXN-0005240
5241,2024-02-02,EXPENSE,Equipment,Stop as pretty sign.,439607.07,5,,Mobile Money,TXN-0005241
5242,2024-09-07,INCOME,Subscription Revenue,Him eight reach easy.,852817.28,10,51.0,Bank Transfer,TXN-0005242
5243,2024-06-02,INCOME,Consulting Revenue,Loss hard voice stay determine who.,135837.94,3,,Cash,TXN-0005243
5244,2024-02-07,INCOME,Other Income,Run work begin.,361847.46,9,,Credit Card,TXN-0005244
5245,2025-06-07,INCOME,Other Income,Add great sell whose.,531512.27,7,283.0,Credit Card,TXN-0005245
5246,2024-09-04,INCOME,Service Revenue,Nearly that but my.,939356.03,2,300.0,Debit Card,TXN-0005246
5247,2024-10-11,EXPENSE,Marketing,Pick specific improve player.,162020.47,5,,Debit Card,TXN-0005247
5248,2024-07-02,EXPENSE,Rent,Blue prepare hour technology then real.,105307.63,8,,Bank Transfer,TXN-0005248
5249,2024-06-11,INCOME,Sales Revenue,Leg tell offer season thousand he resource.,993875.68,4,,Debit Card,TXN-0005249
5250,2024-05-04,EXPENSE,Professional Services,Floor poor huge hit audience.,94822.48,9,41.0,Debit Card,TXN-0005250
5251,2024-11-22,INCOME,Service Revenue,Program specific produce agreement.,444548.82,8,,Debit Card,TXN-0005251
5252,2025-01-16,EXPENSE,Software,Well still risk.,431779.81,2,,Mobile Money,TXN-0005252
5253,2024-03-29,EXPENSE,Office Supplies,Painting eat role cut rich.,379079.87,4,209.0,Debit Card,TXN-0005253
5254,2025-07-31,EXPENSE,Travel,Big specific indeed.,420670.34,8,,Mobile Money,TXN-0005254
5255,2024-09-15,EXPENSE,Software,Film hear one whether bank particular.,368595.99,2,,Debit Card,TXN-0005255
5256,2024-02-26,INCOME,Sales Revenue,Technology successful analysis already.,792777.94,3,,Mobile Money,TXN-0005256
5257,2025-04-30,INCOME,Sales Revenue,Religious technology significant future above.,770671.99,7,59.0,Mobile Money,TXN-0005257
5258,2025-11-07,EXPENSE,Travel,Memory bad sea beat reason.,469210.49,3,,Credit Card,TXN-0005258
5259,2024-01-31,EXPENSE,Marketing,Red night bank also.,304056.93,5,,Bank Transfer,TXN-0005259
5260,2025-01-07,EXPENSE,Maintenance,Test word knowledge quite size former.,403117.45,2,,Debit Card,TXN-0005260
5261,2024-06-14,EXPENSE,Utilities,My yeah hard will.,274071.28,1,,Debit Card,TXN-0005261
5262,2024-12-14,EXPENSE,Rent,Think democratic fly far both investment.,259991.69,4,,Bank Transfer,TXN-0005262
5263,2025-09-28,EXPENSE,Payroll,Five ok stock.,137331.92,3,239.0,Cash,TXN-0005263
5264,2024-08-28,EXPENSE,Utilities,Alone true remain.,348333.3,10,238.0,Cash,TXN-0005264
5265,2024-03-07,EXPENSE,Payroll,Member operation available.,213551.27,10,,Credit Card,TXN-0005265
5266,2024-05-08,INCOME,Other Income,Actually bit base candidate notice.,885679.27,1,,Cash,TXN-0005266
5267,2025-01-07,EXPENSE,Maintenance,Foot perform it.,39170.66,8,,Cash,TXN-0005267
5268,2024-12-18,EXPENSE,Utilities,Charge serious money back.,211713.48,8,165.0,Mobile Money,TXN-0005268
5269,2025-02-21,EXPENSE,Logistics,Ability garden north.,288070.04,7,,Cash,TXN-0005269
5270,2024-06-17,EXPENSE,Utilities,Across wear without play student.,366005.28,9,104.0,Cash,TXN-0005270
5271,2025-04-30,EXPENSE,Software,Condition use use race.,73831.03,9,,Cash,TXN-0005271
5272,2025-01-15,INCOME,Sales Revenue,Gas what call method beautiful.,75327.64,6,,Debit Card,TXN-0005272
5273,2024-05-11,EXPENSE,Utilities,Charge mean focus me.,333572.6,1,,Cash,TXN-0005273
5274,2024-09-19,EXPENSE,Utilities,Scene relationship science reduce might discuss.,53737.25,9,,Bank Transfer,TXN-0005274
5275,2024-09-12,EXPENSE,Professional Services,Perform teacher strong Mrs simply.,492103.17,9,,Debit Card,TXN-0005275
5276,2024-09-07,EXPENSE,Rent,Statement want behind whose thing.,280188.51,6,130.0,Cash,TXN-0005276
5277,2025-08-01,EXPENSE,Equipment,Book might news TV to against.,226952.88,8,,Mobile Money,TXN-0005277
5278,2025-10-29,EXPENSE,Travel,Girl toward there two.,13119.02,4,103.0,Debit Card,TXN-0005278
5279,2025-05-27,EXPENSE,Logistics,Agree arm nice.,193103.57,4,,Mobile Money,TXN-0005279
5280,2024-10-06,EXPENSE,Software,Seven position reflect prevent sign record health.,231483.85,4,,Cash,TXN-0005280
5281,2024-04-11,EXPENSE,Professional Services,Nothing yard art specific decide.,11930.95,2,,Debit Card,TXN-0005281
5282,2024-10-22,INCOME,Service Revenue,Program water grow.,176674.74,5,,Bank Transfer,TXN-0005282
5283,2025-11-20,INCOME,Other Income,Plant through cold get.,762649.23,9,,Credit Card,TXN-0005283
5284,2025-04-24,INCOME,Other Income,Media agent performance.,124136.51,5,,Mobile Money,TXN-0005284
5285,2024-11-07,EXPENSE,Rent,Sell admit front drug.,138200.52,10,,Credit Card,TXN-0005285
5286,2024-02-10,EXPENSE,Equipment,Rise specific yes step voice specific.,72961.64,10,,Credit Card,TXN-0005286
5287,2025-05-12,INCOME,Other Income,Open camera last smile.,786027.7,6,219.0,Credit Card,TXN-0005287
5288,2024-02-13,INCOME,Sales Revenue,Him rock draw bag sound.,727024.72,9,,Credit Card,TXN-0005288
5289,2024-07-09,INCOME,Subscription Revenue,Us great soon cup president.,138121.62,3,,Bank Transfer,TXN-0005289
5290,2024-12-16,EXPENSE,Professional Services,Deal billion late.,184932.29,5,,Bank Transfer,TXN-0005290
5291,2024-09-29,EXPENSE,Payroll,Other tough international.,249385.27,1,166.0,Credit Card,TXN-0005291
5292,2025-05-04,EXPENSE,Travel,Dog network bed without pressure.,187870.46,1,,Cash,TXN-0005292
5293,2025-01-15,INCOME,Subscription Revenue,Lead blood help choose plant.,565116.83,3,,Cash,TXN-0005293
5294,2025-07-17,INCOME,Subscription Revenue,A head war computer either agent.,923918.42,1,,Cash,TXN-0005294
5295,2024-11-24,EXPENSE,Professional Services,Young contain mean lead.,75333.41,5,44.0,Cash,TXN-0005295
5296,2024-12-22,EXPENSE,Equipment,Matter couple collection green night movie.,453937.95,4,,Cash,TXN-0005296
5297,2025-10-15,EXPENSE,Rent,Weight second political somebody.,18821.78,8,86.0,Cash,TXN-0005297
5298,2025-03-05,EXPENSE,Insurance,End food suggest everyone friend.,355496.42,4,,Cash,TXN-0005298
5299,2024-07-16,EXPENSE,Professional Services,Woman interesting research do military ten.,2349.7,9,,Mobile Money,TXN-0005299
5300,2024-10-06,EXPENSE,Utilities,Around wait area direction important.,158686.62,3,,Debit Card,TXN-0005300
5301,2024-04-09,EXPENSE,Travel,Six education spring six.,142538.23,2,65.0,Cash,TXN-0005301
5302,2024-09-18,EXPENSE,Marketing,Democrat what word election condition.,48226.09,4,,Mobile Money,TXN-0005302
5303,2024-08-05,EXPENSE,Travel,Inside develop fact crime.,408609.78,1,,Debit Card,TXN-0005303
5304,2024-10-13,EXPENSE,Logistics,Resource own piece.,367046.95,3,,Cash,TXN-0005304
5305,2025-04-13,EXPENSE,Utilities,Room sea range of participant happen.,346220.06,9,,Cash,TXN-0005305
5306,2024-06-01,INCOME,Consulting Revenue,Politics building prevent member budget.,196193.1,8,278.0,Cash,TXN-0005306
5307,2024-03-06,EXPENSE,Rent,Project cold bring program.,466284.67,5,,Cash,TXN-0005307
5308,2025-04-09,INCOME,Subscription Revenue,School list couple around interesting building.,640576.92,10,,Mobile Money,TXN-0005308
5309,2024-02-03,EXPENSE,Insurance,Spend page artist.,49311.31,8,,Cash,TXN-0005309
5310,2024-02-27,EXPENSE,Travel,Win rate political.,208731.87,8,,Credit Card,TXN-0005310
5311,2025-05-11,INCOME,Service Revenue,Smile church easy effect life suggest.,792989.67,7,,Debit Card,TXN-0005311
5312,2025-03-03,INCOME,Consulting Revenue,Trade same finish response per car.,18236.14,7,,Mobile Money,TXN-0005312
5313,2024-10-09,INCOME,Subscription Revenue,Administration carry that exist.,299777.12,7,,Cash,TXN-0005313
5314,2024-12-29,EXPENSE,Travel,Audience black oil soldier must.,457376.03,7,,Bank Transfer,TXN-0005314
5315,2025-07-19,EXPENSE,Travel,Theory upon against.,173133.21,2,20.0,Bank Transfer,TXN-0005315
5316,2025-01-01,INCOME,Consulting Revenue,Enough truth speak.,706816.92,2,,Bank Transfer,TXN-0005316
5317,2024-02-27,INCOME,Subscription Revenue,Full expert top program boy.,62251.56,7,52.0,Bank Transfer,TXN-0005317
5318,2025-02-28,EXPENSE,Equipment,Instead school room management age.,305598.52,3,,Credit Card,TXN-0005318
5319,2025-07-30,INCOME,Other Income,Face effort least.,278533.88,3,,Credit Card,TXN-0005319
5320,2024-11-30,INCOME,Service Revenue,Fall laugh vote rule.,78738.31,5,18.0,Cash,TXN-0005320
5321,2025-09-06,INCOME,Consulting Revenue,Country surface nor light leader point.,222216.12,10,,Debit Card,TXN-0005321
5322,2025-09-15,INCOME,Consulting Revenue,Son that decision.,799402.08,9,,Debit Card,TXN-0005322
5323,2025-01-01,INCOME,Other Income,Hand turn difference staff.,810384.21,2,,Mobile Money,TXN-0005323
5324,2025-08-23,INCOME,Consulting Revenue,Large experience blood that.,793415.17,8,,Credit Card,TXN-0005324
5325,2025-04-09,EXPENSE,Logistics,Choose theory memory.,105119.96,9,,Cash,TXN-0005325
5326,2024-11-05,EXPENSE,Equipment,Increase these free open.,457308.26,5,,Credit Card,TXN-0005326
5327,2024-01-01,INCOME,Subscription Revenue,Soon age participant course final.,288837.47,5,,Mobile Money,TXN-0005327
5328,2024-10-06,INCOME,Other Income,Already with type threat.,85410.8,7,,Credit Card,TXN-0005328
5329,2025-04-19,INCOME,Service Revenue,Experience college mention camera join.,854450.3,2,,Bank Transfer,TXN-0005329
5330,2025-10-06,INCOME,Sales Revenue,Worker blue day read though coach.,468916.67,9,,Credit Card,TXN-0005330
5331,2024-04-09,EXPENSE,Logistics,Local through against.,190827.65,5,,Cash,TXN-0005331
5332,2024-12-08,INCOME,Sales Revenue,Foreign issue professor go.,199741.5,4,,Debit Card,TXN-0005332
5333,2025-07-01,INCOME,Sales Revenue,Employee keep stage allow whose anything.,852038.05,4,,Credit Card,TXN-0005333
5334,2025-03-17,INCOME,Sales Revenue,Glass meeting family.,421925.17,5,,Cash,TXN-0005334
5335,2025-04-29,INCOME,Service Revenue,Strong baby might.,321418.55,8,,Bank Transfer,TXN-0005335
5336,2024-08-23,EXPENSE,Travel,Red view party.,25731.34,1,,Cash,TXN-0005336
5337,2025-09-28,EXPENSE,Maintenance,Sit well cold.,286122.4,3,,Debit Card,TXN-0005337
5338,2025-04-19,INCOME,Consulting Revenue,Final Congress common student.,788833.47,6,,Mobile Money,TXN-0005338
5339,2025-04-14,EXPENSE,Office Supplies,May same along.,302155.07,2,,Bank Transfer,TXN-0005339
5340,2025-01-11,EXPENSE,Marketing,Fear interview from toward.,366319.11,1,,Credit Card,TXN-0005340
5341,2024-02-06,EXPENSE,Professional Services,Together type let.,178988.8,10,,Mobile Money,TXN-0005341
5342,2024-01-12,EXPENSE,Payroll,Within expect interview.,234321.04,7,,Mobile Money,TXN-0005342
5343,2025-03-25,INCOME,Subscription Revenue,Window identify tough hour contain usually.,501073.7,7,,Debit Card,TXN-0005343
5344,2024-08-19,EXPENSE,Maintenance,Speech prepare hotel drive government would.,47295.03,5,,Bank Transfer,TXN-0005344
5345,2025-10-17,EXPENSE,Payroll,Through world Democrat expert.,382439.45,5,,Credit Card,TXN-0005345
5346,2025-02-22,INCOME,Service Revenue,Want commercial their.,169792.7,7,,Debit Card,TXN-0005346
5347,2025-11-08,EXPENSE,Office Supplies,Benefit song budget may.,351169.06,5,,Debit Card,TXN-0005347
5348,2024-02-21,EXPENSE,Marketing,Field central win suffer.,60877.5,7,9.0,Debit Card,TXN-0005348
5349,2024-07-08,EXPENSE,Office Supplies,Before huge popular.,158378.78,10,28.0,Debit Card,TXN-0005349
5350,2024-01-30,EXPENSE,Utilities,City military course open realize never.,382430.31,9,188.0,Bank Transfer,TXN-0005350
5351,2025-12-09,EXPENSE,Equipment,Key happy herself fill forward positive.,291046.9,6,,Bank Transfer,TXN-0005351
5352,2024-01-07,EXPENSE,Office Supplies,Rate push industry series.,241156.01,6,235.0,Cash,TXN-0005352
5353,2025-04-29,EXPENSE,Rent,Help soldier could.,161082.77,9,131.0,Bank Transfer,TXN-0005353
5354,2025-01-11,INCOME,Sales Revenue,That artist middle government mother inside.,502958.62,1,,Cash,TXN-0005354
5355,2025-11-28,INCOME,Service Revenue,These trouble house second senior information.,998960.27,5,,Debit Card,TXN-0005355
5356,2025-04-22,INCOME,Subscription Revenue,Next animal attorney claim forget.,977344.13,1,153.0,Credit Card,TXN-0005356
5357,2025-10-11,EXPENSE,Marketing,Yet level worry sport low building.,344524.8,1,,Cash,TXN-0005357
5358,2025-01-15,INCOME,Consulting Revenue,Almost year know.,12553.88,4,,Bank Transfer,TXN-0005358
5359,2025-02-11,INCOME,Sales Revenue,Similar ago kitchen.,366277.81,10,,Cash,TXN-0005359
5360,2024-08-28,EXPENSE,Maintenance,Test family east.,184819.89,3,,Bank Transfer,TXN-0005360
5361,2025-10-02,EXPENSE,Professional Services,Some determine front financial.,56493.89,7,,Credit Card,TXN-0005361
5362,2025-06-25,EXPENSE,Rent,Recently old pattern feel operation.,59922.72,2,241.0,Bank Transfer,TXN-0005362
5363,2025-02-19,INCOME,Other Income,Certainly trouble though imagine.,53787.58,4,182.0,Credit Card,TXN-0005363
5364,2024-01-25,EXPENSE,Equipment,Too fight white daughter too.,36329.93,5,,Cash,TXN-0005364
5365,2024-09-02,INCOME,Other Income,As yard condition back along.,164499.97,2,,Debit Card,TXN-0005365
5366,2025-06-29,INCOME,Other Income,Citizen discussion open box.,129449.79,2,151.0,Mobile Money,TXN-0005366
5367,2024-11-10,EXPENSE,Marketing,Rather everything other.,190314.34,2,,Mobile Money,TXN-0005367
5368,2024-02-21,INCOME,Sales Revenue,Wide PM serious money now picture.,381140.64,9,,Debit Card,TXN-0005368
5369,2025-08-20,EXPENSE,Office Supplies,Really attention describe stage.,181899.06,10,,Mobile Money,TXN-0005369
5370,2025-10-17,INCOME,Service Revenue,Value degree must specific.,667547.82,3,39.0,Credit Card,TXN-0005370
5371,2025-02-11,INCOME,Consulting Revenue,Cover institution grow.,711339.0,7,,Mobile Money,TXN-0005371
5372,2025-10-19,INCOME,Other Income,Effect sit end remain.,120146.16,4,,Mobile Money,TXN-0005372
5373,2024-05-11,EXPENSE,Utilities,Fact theory civil central help.,167972.5,10,,Debit Card,TXN-0005373
5374,2024-08-25,INCOME,Subscription Revenue,Finally water organization possible half management.,12189.77,5,,Bank Transfer,TXN-0005374
5375,2025-02-14,EXPENSE,Rent,Material religious investment.,172261.63,9,,Cash,TXN-0005375
5376,2025-08-29,INCOME,Subscription Revenue,Political change rule.,378552.56,10,32.0,Bank Transfer,TXN-0005376
5377,2024-05-13,EXPENSE,Insurance,Unusually large expense transaction,1612726.34,4,,Credit Card,TXN-0005377
5378,2024-04-09,EXPENSE,Office Supplies,Support former inside success whether amount.,480390.2,4,,Cash,TXN-0005378
5379,2024-05-21,INCOME,Subscription Revenue,Whatever partner there.,356641.52,9,2.0,Mobile Money,TXN-0005379
5380,2025-11-18,EXPENSE,Equipment,Shake Mrs city practice often window.,184392.67,3,,Debit Card,TXN-0005380
5381,2025-03-15,INCOME,Service Revenue,Career state writer hotel.,511202.62,9,,Mobile Money,TXN-0005381
5382,2025-12-02,INCOME,Service Revenue,Pressure community can whether continue.,892903.66,6,,Mobile Money,TXN-0005382
5383,2025-01-02,EXPENSE,Software,Exist away down often into effort.,3261.41,4,32.0,Mobile Money,TXN-0005383
5384,2025-04-18,EXPENSE,Payroll,Successful phone television.,125813.17,9,,Credit Card,TXN-0005384
5385,2025-08-01,EXPENSE,Equipment,Fine participant else become hope.,221548.1,2,,Credit Card,TXN-0005385
5386,2024-05-10,EXPENSE,Maintenance,Approach environment agreement only measure.,202792.88,3,,Mobile Money,TXN-0005386
5387,2024-12-05,INCOME,Other Income,Same owner part level finally phone.,581579.75,6,,Bank Transfer,TXN-0005387
5388,2025-10-23,INCOME,Sales Revenue,International hot describe.,189767.18,5,184.0,Cash,TXN-0005388
5389,2025-04-22,EXPENSE,Maintenance,Measure ready up cup.,96213.03,10,133.0,Credit Card,TXN-0005389
5390,2025-11-11,EXPENSE,Marketing,State mother enjoy.,256359.03,3,,Cash,TXN-0005390
5391,2025-01-02,EXPENSE,Utilities,Fact hear rich beautiful company real.,384458.19,7,,Cash,TXN-0005391
5392,2024-01-01,EXPENSE,Equipment,Pass see build deal.,7855.7,1,238.0,Debit Card,TXN-0005392
5393,2025-06-21,INCOME,Subscription Revenue,Design how method.,915224.44,7,,Bank Transfer,TXN-0005393
5394,2025-06-02,INCOME,Consulting Revenue,Board food open doctor century likely.,504568.03,3,,Cash,TXN-0005394
5395,2025-10-21,EXPENSE,Travel,Simple bad discussion arm effort value.,432659.82,5,,Credit Card,TXN-0005395
5396,2024-04-17,EXPENSE,Rent,Picture effect mission general.,203563.19,9,,Cash,TXN-0005396
5397,2024-12-18,INCOME,Service Revenue,Media affect play notice.,669747.82,10,,Mobile Money,TXN-0005397
5398,2025-05-22,EXPENSE,Equipment,Score per lot meet become.,98970.7,3,57.0,Cash,TXN-0005398
5399,2025-04-25,INCOME,Consulting Revenue,Thousand task imagine future.,475554.66,9,,Mobile Money,TXN-0005399
5400,2025-08-16,INCOME,Consulting Revenue,Though rule miss trial authority.,806634.92,7,,Bank Transfer,TXN-0005400
5401,2024-06-16,EXPENSE,Logistics,Ask tell recognize effort.,61772.42,9,,Mobile Money,TXN-0005401
5402,2025-03-27,EXPENSE,Marketing,Vote particularly really.,237933.64,10,,Cash,TXN-0005402
5403,2025-04-26,INCOME,Service Revenue,Least him program result.,610053.29,7,,Debit Card,TXN-0005403
5404,2024-02-12,EXPENSE,Marketing,People vote firm these down huge.,230842.44,2,,Debit Card,TXN-0005404
5405,2025-04-26,EXPENSE,Logistics,Away try treatment.,61702.13,10,,Credit Card,TXN-0005405
5406,2025-05-09,EXPENSE,Travel,May against model.,339942.05,8,50.0,Bank Transfer,TXN-0005406
5407,2024-06-11,EXPENSE,Travel,Summer else forget week.,431558.52,1,,Bank Transfer,TXN-0005407
5408,2025-06-29,EXPENSE,Professional Services,Must trip inside air.,389908.26,1,,Credit Card,TXN-0005408
5409,2024-07-02,INCOME,Other Income,Too you system even interview.,787973.87,2,,Credit Card,TXN-0005409
5410,2024-07-01,EXPENSE,Insurance,Whole professor third memory amount data.,67637.6,9,,Debit Card,TXN-0005410
5411,2024-08-16,EXPENSE,Marketing,Maybe education officer.,476434.84,2,,Cash,TXN-0005411
5412,2025-08-27,EXPENSE,Travel,Various detail sure.,181182.81,10,,Credit Card,TXN-0005412
5413,2024-03-02,EXPENSE,Payroll,Wide this other amount.,283143.4,2,245.0,Debit Card,TXN-0005413
5414,2025-11-29,EXPENSE,Logistics,Finish land huge director whom finally.,455935.03,8,,Mobile Money,TXN-0005414
5415,2024-04-18,EXPENSE,Maintenance,Edge I television.,115350.53,6,258.0,Credit Card,TXN-0005415
5416,2024-12-26,EXPENSE,Professional Services,Despite save what benefit firm government.,12775.76,8,84.0,Credit Card,TXN-0005416
5417,2025-09-25,EXPENSE,Utilities,Page property resource recent better.,328299.85,3,,Mobile Money,TXN-0005417
5418,2025-08-07,EXPENSE,Marketing,Situation ten go.,56370.79,3,113.0,Debit Card,TXN-0005418
5419,2025-06-22,EXPENSE,Office Supplies,Skin establish whatever point meet.,486688.57,10,,Mobile Money,TXN-0005419
5420,2025-09-04,EXPENSE,Payroll,Month program pretty week affect where provide.,330684.93,2,,Mobile Money,TXN-0005420
5421,2024-09-01,EXPENSE,Maintenance,Where budget option today air culture.,132716.46,3,,Debit Card,TXN-0005421
5422,2024-12-25,EXPENSE,Payroll,Ability teacher science some off.,233484.39,4,,Debit Card,TXN-0005422
5423,2025-02-15,EXPENSE,Payroll,Seem body peace reason present.,493883.9,10,,Cash,TXN-0005423
5424,2025-11-29,EXPENSE,Software,A air talk stuff little southern.,79123.66,3,,Cash,TXN-0005424
5425,2024-07-08,EXPENSE,Rent,Which become minute free talk.,91839.22,10,,Debit Card,TXN-0005425
5426,2024-07-26,EXPENSE,Software,School anything anything take.,456716.24,5,20.0,Debit Card,TXN-0005426
5427,2025-02-28,INCOME,Other Income,Scene PM rather son.,727854.42,8,,Cash,TXN-0005427
5428,2024-10-02,INCOME,Other Income,Yeah difficult heavy.,508928.83,10,,Credit Card,TXN-0005428
5429,2025-06-03,INCOME,Consulting Revenue,Man yet push.,679396.44,4,,Mobile Money,TXN-0005429
5430,2024-06-19,EXPENSE,Marketing,Trial thus yard.,103844.02,1,,Mobile Money,TXN-0005430
5431,2025-02-15,INCOME,Consulting Revenue,Top table between.,966670.35,6,,Mobile Money,TXN-0005431
5432,2025-10-01,EXPENSE,Office Supplies,Glass society win oil stuff nearly.,67152.28,6,,Bank Transfer,TXN-0005432
5433,2024-07-27,EXPENSE,Equipment,Mrs member within off investment.,64004.39,6,,Mobile Money,TXN-0005433
5434,2024-02-06,INCOME,Other Income,Offer young receive how.,741652.91,4,,Mobile Money,TXN-0005434
5435,2025-07-07,INCOME,Sales Revenue,Hot difference seek.,220467.23,7,265.0,Mobile Money,TXN-0005435
5436,2025-05-01,EXPENSE,Rent,Great sister position leg phone.,64609.45,9,,Bank Transfer,TXN-0005436
5437,2024-07-27,EXPENSE,Software,Threat he play church.,467541.14,5,,Bank Transfer,TXN-0005437
5438,2025-03-07,INCOME,Sales Revenue,Candidate or result population gun.,536114.3,9,,Cash,TXN-0005438
5439,2024-08-04,INCOME,Service Revenue,Song better chair.,511768.99,8,,Bank Transfer,TXN-0005439
5440,2024-03-15,EXPENSE,Professional Services,Share church including laugh.,137054.71,7,126.0,Debit Card,TXN-0005440
5441,2025-09-09,INCOME,Consulting Revenue,Run effect current door activity help.,866971.21,9,271.0,Mobile Money,TXN-0005441
5442,2024-04-15,INCOME,Service Revenue,Begin present campaign moment subject.,379288.16,8,138.0,Cash,TXN-0005442
5443,2025-09-02,EXPENSE,Software,Feeling drop citizen.,8532.21,1,,Bank Transfer,TXN-0005443
5444,2025-05-01,EXPENSE,Logistics,Statement fish mention.,498499.9,1,,Mobile Money,TXN-0005444
5445,2024-09-28,EXPENSE,Utilities,Something these reduce wait.,320427.54,6,148.0,Mobile Money,TXN-0005445
5446,2025-10-29,INCOME,Consulting Revenue,Direction music still.,847295.98,6,,Credit Card,TXN-0005446
5447,2025-06-23,EXPENSE,Travel,Popular leg successful threat.,315104.82,3,,Cash,TXN-0005447
5448,2024-11-15,EXPENSE,Maintenance,Often lead call point none.,93068.1,2,,Bank Transfer,TXN-0005448
5449,2024-03-01,INCOME,Sales Revenue,Discussion three office individual.,894858.92,4,,Credit Card,TXN-0005449
5450,2025-04-13,INCOME,Subscription Revenue,General your child official within wish.,641256.8,6,,Bank Transfer,TXN-0005450
5451,2024-08-07,EXPENSE,Marketing,These deep exist drop.,74294.88,4,,Bank Transfer,TXN-0005451
5452,2025-11-15,EXPENSE,Insurance,Computer boy ok situation eat happy.,282809.63,1,,Mobile Money,TXN-0005452
5453,2025-09-30,EXPENSE,Maintenance,Say head listen.,429685.48,8,,Mobile Money,TXN-0005453
5454,2025-06-21,EXPENSE,Professional Services,Sign color effect strong foreign international.,7039.69,9,,Mobile Money,TXN-0005454
5455,2024-07-15,EXPENSE,Equipment,Senior product rule none hold.,27446.56,6,,Bank Transfer,TXN-0005455
5456,2025-09-16,EXPENSE,Travel,Apply past prevent star feel nature.,14960.55,2,118.0,Credit Card,TXN-0005456
5457,2024-01-25,EXPENSE,Travel,Blue despite win analysis game.,11976.15,2,,Debit Card,TXN-0005457
5458,2024-11-05,INCOME,Other Income,Themselves employee cause west together.,30077.31,4,,Cash,TXN-0005458
5459,2025-06-14,EXPENSE,Office Supplies,Effort just society.,161317.37,2,,Credit Card,TXN-0005459
5460,2024-09-18,EXPENSE,Equipment,Personal law put black coach whom.,55457.9,6,149.0,Bank Transfer,TXN-0005460
5461,2024-02-12,INCOME,Consulting Revenue,Other son possible watch young.,88133.18,9,,Bank Transfer,TXN-0005461
5462,2025-10-29,INCOME,Other Income,Positive control edge though space.,570661.3,7,,Credit Card,TXN-0005462
5463,2025-05-13,INCOME,Service Revenue,Heavy manager three.,477004.47,9,210.0,Cash,TXN-0005463
5464,2025-09-09,EXPENSE,Equipment,Respond agreement become floor.,14422.34,7,,Cash,TXN-0005464
5465,2025-08-23,INCOME,Subscription Revenue,Foot teacher development operation.,515620.27,5,,Cash,TXN-0005465
5466,2025-08-28,EXPENSE,Utilities,Local any natural describe wide.,310135.09,8,,Cash,TXN-0005466
5467,2024-05-17,EXPENSE,Payroll,Learn popular far likely reason.,52769.8,4,,Debit Card,TXN-0005467
5468,2024-05-11,EXPENSE,Logistics,Building score rest million.,387313.78,10,,Credit Card,TXN-0005468
5469,2024-09-13,INCOME,Other Income,Allow manager success top choose.,315848.89,8,,Cash,TXN-0005469
5470,2025-02-03,INCOME,Other Income,Per million a consumer play effort.,654508.76,1,,Credit Card,TXN-0005470
5471,2024-04-06,EXPENSE,Office Supplies,Reflect hit yourself.,30117.36,8,159.0,Mobile Money,TXN-0005471
5472,2025-06-03,EXPENSE,Logistics,Near air bring network something red.,16777.21,3,,Bank Transfer,TXN-0005472
5473,2024-09-18,EXPENSE,Utilities,Item sing show suddenly.,254320.41,8,,Cash,TXN-0005473
5474,2024-01-22,EXPENSE,Rent,Fill similar money sit.,255831.02,9,,Cash,TXN-0005474
5475,2024-03-04,INCOME,Service Revenue,Staff machine house.,478047.19,1,23.0,Debit Card,TXN-0005475
5476,2025-08-07,EXPENSE,Insurance,Send term example.,327665.69,5,,Debit Card,TXN-0005476
5477,2024-02-09,INCOME,Service Revenue,Task project painting fight director.,776933.96,3,,Mobile Money,TXN-0005477
5478,2024-03-22,INCOME,Sales Revenue,Certain stand better public far she.,567215.12,6,45.0,Bank Transfer,TXN-0005478
5479,2024-07-18,EXPENSE,Software,Organization bring several.,363494.93,3,,Cash,TXN-0005479
5480,2024-11-14,EXPENSE,Marketing,Both minute through station current.,36356.98,6,,Debit Card,TXN-0005480
5481,2024-01-24,EXPENSE,Marketing,Paper garden future particular.,340536.58,1,,Bank Transfer,TXN-0005481
5482,2024-03-28,EXPENSE,Insurance,Whom watch field director.,271538.48,9,,Mobile Money,TXN-0005482
5483,2025-09-14,EXPENSE,Travel,Whose fight might pay take.,372627.24,2,,Mobile Money,TXN-0005483
5484,2024-02-18,EXPENSE,Marketing,Physical book if news.,80890.96,9,,Mobile Money,TXN-0005484
5485,2024-06-26,EXPENSE,Maintenance,Friend recent least music join.,342742.53,2,,Debit Card,TXN-0005485
5486,2025-08-09,EXPENSE,Software,Analysis cup end return.,144383.08,9,23.0,Mobile Money,TXN-0005486
5487,2024-08-23,INCOME,Subscription Revenue,Own eat unit key shake lay.,422027.96,2,,Cash,TXN-0005487
5488,2025-12-06,EXPENSE,Office Supplies,Charge surface energy.,224323.12,8,,Bank Transfer,TXN-0005488
5489,2025-12-21,INCOME,Service Revenue,Foreign political skill million value.,819925.55,6,,Credit Card,TXN-0005489
5490,2024-11-22,EXPENSE,Logistics,Miss get summer science suddenly they.,159883.12,10,170.0,Cash,TXN-0005490
5491,2024-09-21,INCOME,Consulting Revenue,Daughter without as would second society.,670519.22,5,,Bank Transfer,TXN-0005491
5492,2024-09-23,EXPENSE,Professional Services,Dark become explain.,133137.32,7,,Mobile Money,TXN-0005492
5493,2024-03-01,INCOME,Other Income,Ready meet model our resource hair.,463523.72,10,,Cash,TXN-0005493
5494,2024-05-10,EXPENSE,Utilities,Whom bill five gas I thank.,52946.33,9,25.0,Mobile Money,TXN-0005494
5495,2024-09-28,EXPENSE,Logistics,Rate behind heavy.,17027.82,10,,Debit Card,TXN-0005495
5496,2024-06-04,EXPENSE,Logistics,Structure improve vote response.,343760.19,8,,Bank Transfer,TXN-0005496
5497,2024-09-01,INCOME,Consulting Revenue,Quite program more real production set.,231078.08,8,,Mobile Money,TXN-0005497
5498,2024-09-25,EXPENSE,Equipment,Deep night democratic kid among structure.,239777.37,4,192.0,Debit Card,TXN-0005498
5499,2024-02-05,EXPENSE,Equipment,Nor site nor real finally bring.,16021.69,8,,Credit Card,TXN-0005499
5500,2025-03-06,EXPENSE,Professional Services,Picture itself woman.,108140.29,8,,Credit Card,TXN-0005500
5501,2025-02-10,EXPENSE,Software,Affect everything born realize never.,228408.15,3,224.0,Credit Card,TXN-0005501
5502,2024-01-25,EXPENSE,Logistics,Unusually large expense transaction,1812030.61,9,,Credit Card,TXN-0005502
5503,2024-07-13,EXPENSE,Travel,Year floor same trip key these.,85385.32,10,,Debit Card,TXN-0005503
5504,2025-07-06,INCOME,Other Income,Deal beat start true modern.,331348.55,5,,Bank Transfer,TXN-0005504
5505,2024-11-29,EXPENSE,Logistics,Into phone win discuss new human.,358139.04,7,,Cash,TXN-0005505
5506,2024-08-09,EXPENSE,Insurance,Amount race establish small hundred man.,485855.69,10,,Credit Card,TXN-0005506
5507,2025-03-24,EXPENSE,Utilities,Whole along listen along.,312122.73,4,17.0,Debit Card,TXN-0005507
5508,2025-12-02,INCOME,Sales Revenue,Bed really chair important clear.,483583.69,6,,Debit Card,TXN-0005508
5509,2025-01-18,EXPENSE,Insurance,Peace receive green serious real difference.,389693.15,7,,Debit Card,TXN-0005509
5510,2024-06-25,EXPENSE,Travel,Region agency list rest remember.,156784.01,3,,Debit Card,TXN-0005510
5511,2024-05-20,EXPENSE,Logistics,Husband quickly two.,146304.07,2,,Credit Card,TXN-0005511
5512,2025-10-08,INCOME,Subscription Revenue,Safe go fire.,770304.76,5,,Mobile Money,TXN-0005512
5513,2025-04-17,INCOME,Sales Revenue,Much reality our event up western.,228546.54,8,,Debit Card,TXN-0005513
5514,2025-04-09,EXPENSE,Professional Services,Go positive point news.,133614.84,3,21.0,Mobile Money,TXN-0005514
5515,2024-02-24,EXPENSE,Logistics,Appear whatever run gas operation.,197933.22,6,,Cash,TXN-0005515
5516,2025-06-02,INCOME,Other Income,Role risk home.,769524.49,7,,Bank Transfer,TXN-0005516
5517,2025-09-02,EXPENSE,Maintenance,Once explain act view.,280022.89,10,255.0,Bank Transfer,TXN-0005517
5518,2025-07-30,EXPENSE,Insurance,Entire blue figure character.,251531.97,8,,Debit Card,TXN-0005518
5519,2025-11-18,INCOME,Sales Revenue,Seek point it chair thus.,482597.76,4,288.0,Mobile Money,TXN-0005519
5520,2024-11-11,EXPENSE,Marketing,Hotel money whatever ability section until.,76609.68,10,,Mobile Money,TXN-0005520
5521,2025-10-07,EXPENSE,Office Supplies,Our lay feel old offer.,140161.31,6,,Cash,TXN-0005521
5522,2025-08-27,EXPENSE,Equipment,Despite sea chair still.,486921.37,2,,Bank Transfer,TXN-0005522
5523,2025-11-10,INCOME,Consulting Revenue,Your leg they.,790740.5,6,,Cash,TXN-0005523
5524,2025-01-15,INCOME,Consulting Revenue,Policy manager music film shoulder several.,692881.38,6,255.0,Cash,TXN-0005524
5525,2025-05-30,INCOME,Sales Revenue,Now mother cover participant arm claim.,151552.39,2,,Debit Card,TXN-0005525
5526,2025-08-08,INCOME,Sales Revenue,Ability response gas allow black.,488287.87,9,,Bank Transfer,TXN-0005526
5527,2025-12-02,EXPENSE,Equipment,Defense short able recently.,253065.86,8,14.0,Bank Transfer,TXN-0005527
5528,2025-12-14,EXPENSE,Travel,Nothing over build or American.,271096.58,6,,Mobile Money,TXN-0005528
5529,2025-06-15,INCOME,Service Revenue,Food threat standard list attorney.,142733.87,6,,Cash,TXN-0005529
5530,2024-01-12,EXPENSE,Office Supplies,Week reality now simply structure.,127574.62,2,19.0,Debit Card,TXN-0005530
5531,2025-04-16,EXPENSE,Office Supplies,Each fire around throw white series.,442065.96,3,,Mobile Money,TXN-0005531
5532,2025-08-08,EXPENSE,Logistics,Against hour hear method cut them.,167219.67,10,,Credit Card,TXN-0005532
5533,2025-05-26,INCOME,Other Income,Relate clear produce.,790196.06,2,,Mobile Money,TXN-0005533
5534,2025-12-15,EXPENSE,Marketing,Kind provide mission.,459173.54,1,,Mobile Money,TXN-0005534
5535,2025-12-10,EXPENSE,Rent,Leave public and.,419825.97,1,,Bank Transfer,TXN-0005535
5536,2024-02-16,EXPENSE,Maintenance,North executive run message stay.,254176.54,2,,Bank Transfer,TXN-0005536
5537,2024-08-02,EXPENSE,Office Supplies,Ever trade measure sort minute.,358113.36,10,,Mobile Money,TXN-0005537
5538,2025-04-20,INCOME,Subscription Revenue,Available think maintain me base people.,990979.52,2,,Bank Transfer,TXN-0005538
5539,2025-09-19,EXPENSE,Insurance,Congress major push heavy economic.,36789.18,8,,Bank Transfer,TXN-0005539
5540,2024-02-18,EXPENSE,Professional Services,Establish music cultural fast such lose.,151105.7,4,,Bank Transfer,TXN-0005540
5541,2024-09-14,INCOME,Sales Revenue,Prepare either song.,292057.81,7,,Cash,TXN-0005541
5542,2025-03-09,EXPENSE,Logistics,Herself drug industry.,40689.26,5,82.0,Bank Transfer,TXN-0005542
5543,2024-09-06,INCOME,Other Income,Check exactly bank.,247731.91,4,,Credit Card,TXN-0005543
5544,2024-08-31,INCOME,Subscription Revenue,Realize green man sister where little.,48528.87,4,,Cash,TXN-0005544
5545,2025-04-10,EXPENSE,Payroll,Pay approach get.,391417.64,6,,Credit Card,TXN-0005545
5546,2025-07-30,EXPENSE,Professional Services,Include natural piece.,184381.55,5,,Bank Transfer,TXN-0005546
5547,2025-05-19,EXPENSE,Travel,Debate color as financial specific allow.,185600.1,1,,Debit Card,TXN-0005547
5548,2025-10-17,EXPENSE,Travel,Line enter interest send authority.,372387.42,4,,Debit Card,TXN-0005548
5549,2025-05-30,EXPENSE,Maintenance,After training off special everybody.,40727.02,4,,Cash,TXN-0005549
5550,2024-08-15,EXPENSE,Travel,Current language others strong hour.,366242.12,6,70.0,Debit Card,TXN-0005550
5551,2025-06-07,INCOME,Other Income,Ask daughter able.,709385.7,3,175.0,Bank Transfer,TXN-0005551
5552,2025-07-21,INCOME,Service Revenue,Smile for floor.,754854.46,4,162.0,Cash,TXN-0005552
5553,2024-01-17,EXPENSE,Utilities,Step which positive marriage.,118361.98,4,,Credit Card,TXN-0005553
5554,2025-09-26,INCOME,Subscription Revenue,Adult sound heavy.,108544.19,4,64.0,Credit Card,TXN-0005554
5555,2025-08-02,EXPENSE,Office Supplies,Music newspaper quite seek.,348560.91,7,,Cash,TXN-0005555
5556,2024-10-09,INCOME,Service Revenue,Sit country positive light recognize fly.,745040.37,2,,Debit Card,TXN-0005556
5557,2024-07-23,EXPENSE,Marketing,Environment media sing.,370281.08,3,61.0,Bank Transfer,TXN-0005557
5558,2024-03-06,INCOME,Other Income,Middle air travel institution next return.,39664.6,10,,Bank Transfer,TXN-0005558
5559,2024-09-09,EXPENSE,Payroll,Wear contain Democrat nice.,285419.65,4,33.0,Credit Card,TXN-0005559
5560,2025-08-16,EXPENSE,Logistics,Show decide up green local.,302755.29,10,,Mobile Money,TXN-0005560
5561,2024-07-19,EXPENSE,Rent,Draw college stock few nearly work.,81699.51,9,289.0,Mobile Money,TXN-0005561
5562,2024-12-05,EXPENSE,Logistics,War positive process.,366404.99,2,,Debit Card,TXN-0005562
5563,2024-11-28,INCOME,Consulting Revenue,Style happen air work term.,923620.38,9,,Cash,TXN-0005563
5564,2025-12-23,INCOME,Consulting Revenue,Likely ask executive book collection.,510434.01,9,278.0,Cash,TXN-0005564
5565,2025-12-01,EXPENSE,Professional Services,War training police buy.,243502.86,10,,Bank Transfer,TXN-0005565
5566,2024-09-26,EXPENSE,Insurance,Child actually behind I show board.,247972.73,1,146.0,Mobile Money,TXN-0005566
5567,2024-09-08,INCOME,Service Revenue,Edge while road send.,928793.2,6,,Cash,TXN-0005567
5568,2025-11-13,EXPENSE,Logistics,Put court father.,361100.77,5,,Bank Transfer,TXN-0005568
5569,2025-11-11,EXPENSE,Payroll,Position question report look bar.,93696.04,8,75.0,Cash,TXN-0005569
5570,2025-04-12,INCOME,Subscription Revenue,History decide story film arrive right.,908156.73,5,,Credit Card,TXN-0005570
5571,2025-10-07,EXPENSE,Logistics,Quite seek they clear.,132543.54,10,,Bank Transfer,TXN-0005571
5572,2024-03-09,INCOME,Subscription Revenue,Method student although with build.,545473.77,9,,Credit Card,TXN-0005572
5573,2025-08-04,EXPENSE,Office Supplies,Least become change bring.,324075.92,10,,Debit Card,TXN-0005573
5574,2025-08-13,EXPENSE,Equipment,Financial citizen control doctor hour church.,179185.08,9,,Cash,TXN-0005574
5575,2024-09-26,EXPENSE,Utilities,Learn still research candidate.,137303.61,4,,Cash,TXN-0005575
5576,2024-01-01,EXPENSE,Software,Continue training simply she eat.,481631.01,6,233.0,Cash,TXN-0005576
5577,2024-06-18,EXPENSE,Office Supplies,Help son team.,326307.13,3,,Credit Card,TXN-0005577
5578,2024-02-04,INCOME,Consulting Revenue,Paper management growth list.,685549.36,1,,Bank Transfer,TXN-0005578
5579,2025-02-20,INCOME,Subscription Revenue,Economy force day.,365769.72,10,,Bank Transfer,TXN-0005579
5580,2025-11-08,EXPENSE,Travel,Recently each now range.,153647.76,7,,Cash,TXN-0005580
5581,2025-05-16,EXPENSE,Payroll,Which across woman fact bring.,30266.85,10,,Debit Card,TXN-0005581
5582,2024-10-12,EXPENSE,Rent,New south himself close.,242213.84,7,132.0,Bank Transfer,TXN-0005582
5583,2025-05-04,EXPENSE,Marketing,Politics rate final.,329693.5,6,,Cash,TXN-0005583
5584,2025-04-09,EXPENSE,Equipment,Citizen camera song trouble apply manager.,460922.83,9,,Debit Card,TXN-0005584
5585,2025-06-03,INCOME,Other Income,Imagine seat so than management.,783822.51,6,155.0,Debit Card,TXN-0005585
5586,2025-02-22,INCOME,Sales Revenue,None government consider.,803873.37,5,,Debit Card,TXN-0005586
5587,2024-07-16,EXPENSE,Maintenance,Production truth article threat listen.,356870.28,7,,Bank Transfer,TXN-0005587
5588,2024-12-24,EXPENSE,Professional Services,Staff town mouth.,142826.24,8,,Mobile Money,TXN-0005588
5589,2025-04-13,EXPENSE,Marketing,History walk big thus kitchen.,216702.31,4,,Cash,TXN-0005589
5590,2025-04-05,EXPENSE,Rent,Shake health plant very amount doctor.,318026.19,9,,Mobile Money,TXN-0005590
5591,2024-11-18,EXPENSE,Office Supplies,Officer side move fast relationship.,324523.4,1,182.0,Cash,TXN-0005591
5592,2025-05-25,EXPENSE,Rent,Box assume current yourself moment.,233112.34,5,,Debit Card,TXN-0005592
5593,2025-07-16,INCOME,Consulting Revenue,Medical industry none sound three.,933751.66,10,,Mobile Money,TXN-0005593
5594,2025-11-06,INCOME,Consulting Revenue,Say about gas keep policy whatever.,343866.6,1,103.0,Credit Card,TXN-0005594
5595,2024-09-09,INCOME,Consulting Revenue,Dog nice individual.,865601.18,4,,Mobile Money,TXN-0005595
5596,2024-09-18,EXPENSE,Logistics,Crime food chair language.,243925.39,5,,Mobile Money,TXN-0005596
5597,2025-04-14,EXPENSE,Utilities,Indicate budget within debate they.,250992.42,9,,Debit Card,TXN-0005597
5598,2024-07-16,INCOME,Service Revenue,Police far real.,397308.17,2,,Bank Transfer,TXN-0005598
5599,2025-12-01,INCOME,Other Income,That attorney talk development.,846105.83,3,,Credit Card,TXN-0005599
5600,2024-07-12,INCOME,Sales Revenue,Happy question anyone office woman main.,55525.05,9,,Debit Card,TXN-0005600
5601,2024-07-23,EXPENSE,Insurance,Enter statement include glass peace firm.,344105.62,5,,Bank Transfer,TXN-0005601
5602,2024-10-14,EXPENSE,Travel,Court huge author because.,68091.81,2,215.0,Mobile Money,TXN-0005602
5603,2025-02-27,EXPENSE,Marketing,Everyone team than summer family toward.,235482.75,7,156.0,Bank Transfer,TXN-0005603
5604,2024-08-16,INCOME,Other Income,Full policy too.,550263.28,5,,Mobile Money,TXN-0005604
5605,2025-10-11,EXPENSE,Utilities,Bit almost find white.,275312.85,2,,Credit Card,TXN-0005605
5606,2025-07-13,EXPENSE,Logistics,Position main cell.,178554.92,2,,Bank Transfer,TXN-0005606
5607,2024-11-13,EXPENSE,Insurance,Short teach life one.,85597.1,9,,Credit Card,TXN-0005607
5608,2024-08-29,EXPENSE,Maintenance,Him four country usually form hair at.,110243.19,4,,Debit Card,TXN-0005608
5609,2024-06-17,EXPENSE,Software,Likely about them.,223900.53,2,,Cash,TXN-0005609
5610,2025-06-26,EXPENSE,Insurance,Successful much recognize travel.,379765.77,6,,Mobile Money,TXN-0005610
5611,2025-02-11,EXPENSE,Professional Services,Behind relate side former take fine.,143492.42,8,229.0,Credit Card,TXN-0005611
5612,2024-07-30,EXPENSE,Logistics,These off pattern walk.,372292.34,10,,Bank Transfer,TXN-0005612
5613,2025-09-12,EXPENSE,Logistics,Source body particular effort other.,409688.41,9,38.0,Credit Card,TXN-0005613
5614,2025-12-07,INCOME,Subscription Revenue,Particular environment door maintain us.,448790.32,2,,Bank Transfer,TXN-0005614
5615,2024-12-14,INCOME,Consulting Revenue,Yourself since sport research really final.,937800.95,3,,Mobile Money,TXN-0005615
5616,2024-05-28,INCOME,Other Income,Again individual above direction pick sure.,457263.96,1,,Bank Transfer,TXN-0005616
5617,2025-11-03,INCOME,Consulting Revenue,Box eye skill visit big.,918143.0,9,,Mobile Money,TXN-0005617
5618,2025-03-20,INCOME,Subscription Revenue,Right difficult thing trip dog put.,277319.31,3,289.0,Bank Transfer,TXN-0005618
5619,2024-08-11,EXPENSE,Marketing,Front old score tend charge guess.,445004.23,8,,Debit Card,TXN-0005619
5620,2024-06-26,EXPENSE,Maintenance,Other far likely.,496802.46,5,8.0,Debit Card,TXN-0005620
5621,2025-09-03,INCOME,Sales Revenue,Respond if federal animal citizen story.,976762.74,10,,Cash,TXN-0005621
5622,2025-11-24,EXPENSE,Insurance,Discussion improve human mean.,167565.41,7,,Bank Transfer,TXN-0005622
5623,2025-07-03,EXPENSE,Equipment,High expect game better.,358542.74,7,,Cash,TXN-0005623
5624,2024-10-31,INCOME,Other Income,Study specific tree or leg argue.,570545.72,3,,Cash,TXN-0005624
5625,2025-10-29,EXPENSE,Office Supplies,Lawyer however technology policy.,194917.12,1,,Mobile Money,TXN-0005625
5626,2024-04-20,EXPENSE,Payroll,Purpose employee body pattern sing whom.,21726.94,10,,Cash,TXN-0005626
5627,2025-04-24,EXPENSE,Logistics,Author effort mother car employee front.,92287.06,1,,Cash,TXN-0005627
5628,2024-01-20,EXPENSE,Office Supplies,Always hear major order rather sense.,473334.79,4,,Bank Transfer,TXN-0005628
5629,2024-06-27,INCOME,Service Revenue,Loss difficult mother.,409776.69,3,,Cash,TXN-0005629
5630,2024-01-11,EXPENSE,Utilities,Likely necessary realize bill.,305163.41,3,,Mobile Money,TXN-0005630
5631,2025-06-25,INCOME,Subscription Revenue,Carry what suggest.,486981.42,5,,Mobile Money,TXN-0005631
5632,2025-08-11,EXPENSE,Office Supplies,Pick station interesting particular.,363958.4,3,169.0,Bank Transfer,TXN-0005632
5633,2024-09-17,EXPENSE,Logistics,Around coach class free night far.,191595.7,9,,Debit Card,TXN-0005633
5634,2024-01-07,EXPENSE,Insurance,Make last attention subject nearly.,421395.37,1,,Debit Card,TXN-0005634
5635,2025-09-18,EXPENSE,Travel,Wind politics usually than end baby.,240095.81,3,66.0,Cash,TXN-0005635
5636,2025-12-18,EXPENSE,Maintenance,American everyone including.,75456.96,5,,Credit Card,TXN-0005636
5637,2025-10-24,EXPENSE,Utilities,Issue job shake spring.,484369.26,3,,Debit Card,TXN-0005637
5638,2025-08-13,INCOME,Other Income,Factor point market indeed everything.,662836.74,1,,Credit Card,TXN-0005638
5639,2025-10-22,EXPENSE,Professional Services,Animal adult rather case run.,433141.09,3,,Cash,TXN-0005639
5640,2025-07-09,INCOME,Other Income,Professor purpose Mrs.,867856.41,1,,Cash,TXN-0005640
5641,2025-06-03,EXPENSE,Equipment,Card simply young.,158941.9,4,,Debit Card,TXN-0005641
5642,2024-08-25,INCOME,Subscription Revenue,Knowledge standard stop enough someone exactly.,321688.81,2,78.0,Bank Transfer,TXN-0005642
5643,2025-04-17,EXPENSE,Utilities,Suddenly capital never trial.,412373.5,6,,Cash,TXN-0005643
5644,2024-03-30,EXPENSE,Rent,Store look reduce.,165651.46,1,95.0,Credit Card,TXN-0005644
5645,2024-10-12,INCOME,Sales Revenue,Middle impact field may watch entire.,238608.77,2,98.0,Mobile Money,TXN-0005645
5646,2025-10-10,EXPENSE,Rent,Need generation radio specific final could.,30723.81,9,,Cash,TXN-0005646
5647,2025-03-13,EXPENSE,Travel,Baby fine without try.,492782.59,3,,Credit Card,TXN-0005647
5648,2024-04-14,EXPENSE,Software,Between people foot bag sometimes act.,163981.97,1,,Cash,TXN-0005648
5649,2025-08-31,INCOME,Sales Revenue,Stuff talk condition successful.,47559.17,9,66.0,Debit Card,TXN-0005649
5650,2025-09-25,INCOME,Other Income,Those mention chair.,129946.12,1,,Bank Transfer,TXN-0005650
5651,2024-08-21,INCOME,Consulting Revenue,Office education difficult money.,324572.23,8,63.0,Cash,TXN-0005651
5652,2024-08-30,INCOME,Consulting Revenue,Interest huge with themselves career simply.,11799.55,7,,Bank Transfer,TXN-0005652
5653,2024-11-16,EXPENSE,Utilities,Local campaign account certain.,484193.38,2,,Credit Card,TXN-0005653
5654,2025-04-17,INCOME,Sales Revenue,Try senior never develop stay kid.,232105.55,3,,Cash,TXN-0005654
5655,2024-02-18,EXPENSE,Utilities,Work clearly decision technology type care.,13729.21,4,81.0,Bank Transfer,TXN-0005655
5656,2025-02-14,INCOME,Other Income,Physical occur thousand car friend.,641171.75,3,,Cash,TXN-0005656
5657,2024-02-23,INCOME,Other Income,Purpose speak method food among the.,895084.48,5,,Mobile Money,TXN-0005657
5658,2025-07-07,INCOME,Sales Revenue,Keep himself camera fight program.,180343.99,2,,Cash,TXN-0005658
5659,2024-08-21,INCOME,Sales Revenue,Ago father season want.,61882.78,2,,Cash,TXN-0005659
5660,2024-06-25,INCOME,Service Revenue,Leader federal though various.,964274.68,1,,Mobile Money,TXN-0005660
5661,2025-05-27,EXPENSE,Travel,Score raise say require so.,499987.64,3,,Cash,TXN-0005661
5662,2025-04-07,INCOME,Consulting Revenue,Store especially as design.,932902.04,4,,Bank Transfer,TXN-0005662
5663,2024-07-18,EXPENSE,Payroll,Film every test.,324184.15,2,,Cash,TXN-0005663
5664,2025-09-05,EXPENSE,Payroll,Eye probably guy market free order.,394296.3,2,,Credit Card,TXN-0005664
5665,2025-12-05,INCOME,Sales Revenue,Kind there discuss.,598641.0,2,142.0,Credit Card,TXN-0005665
5666,2024-11-22,EXPENSE,Equipment,Consumer Republican but already theory.,345739.24,1,150.0,Bank Transfer,TXN-0005666
5667,2025-11-07,EXPENSE,Rent,Power grow late hit last he.,469583.56,5,,Cash,TXN-0005667
5668,2025-09-16,EXPENSE,Rent,Trouble reflect issue bad clear.,203809.54,6,,Credit Card,TXN-0005668
5669,2025-04-12,EXPENSE,Rent,Democrat allow around rather owner amount.,315254.94,10,,Credit Card,TXN-0005669
5670,2024-03-10,EXPENSE,Office Supplies,Local pressure know.,217268.0,6,289.0,Credit Card,TXN-0005670
5671,2024-05-14,EXPENSE,Marketing,Challenge hair reduce defense city recent.,187251.95,3,162.0,Mobile Money,TXN-0005671
5672,2024-02-10,EXPENSE,Maintenance,Suggest oil hard social heavy.,365509.37,10,,Mobile Money,TXN-0005672
5673,2024-10-22,EXPENSE,Utilities,Store try value politics value.,446881.39,3,,Cash,TXN-0005673
5674,2025-06-23,INCOME,Consulting Revenue,Reveal shake employee total.,708055.75,2,179.0,Cash,TXN-0005674
5675,2024-01-23,EXPENSE,Software,Defense inside play throw change.,399114.74,4,,Credit Card,TXN-0005675
5676,2025-07-22,INCOME,Other Income,Admit agreement debate ok yeah bad.,460064.42,1,,Credit Card,TXN-0005676
5677,2024-10-16,INCOME,Other Income,Still rise television ball along.,431077.29,9,,Cash,TXN-0005677
5678,2025-01-07,EXPENSE,Utilities,Hold during doctor hold mean rest.,287607.29,1,,Credit Card,TXN-0005678
5679,2025-03-18,EXPENSE,Marketing,Age every cup catch able consider.,272014.25,6,,Debit Card,TXN-0005679
5680,2025-09-18,INCOME,Subscription Revenue,Especially statement list.,752767.75,7,,Cash,TXN-0005680
5681,2024-06-26,EXPENSE,Software,Receive offer one cold.,343316.55,2,,Mobile Money,TXN-0005681
5682,2025-10-22,EXPENSE,Marketing,Baby then or between.,83815.64,9,,Bank Transfer,TXN-0005682
5683,2025-12-15,EXPENSE,Rent,Finally whole work business.,204328.59,5,,Cash,TXN-0005683
5684,2025-03-01,EXPENSE,Maintenance,Nothing popular ever property.,219997.73,2,,Mobile Money,TXN-0005684
5685,2025-08-16,EXPENSE,Software,Responsibility kid suffer financial activity suffer.,332207.23,7,,Mobile Money,TXN-0005685
5686,2025-10-13,EXPENSE,Professional Services,Run range trade add talk participant.,73646.06,2,289.0,Cash,TXN-0005686
5687,2024-03-05,INCOME,Service Revenue,Radio one how.,230588.47,6,279.0,Debit Card,TXN-0005687
5688,2024-11-14,EXPENSE,Rent,Marriage scientist play three.,306117.39,3,,Mobile Money,TXN-0005688
5689,2024-04-12,EXPENSE,Logistics,Strategy big again Democrat have big.,99412.73,2,91.0,Bank Transfer,TXN-0005689
5690,2025-05-11,EXPENSE,Maintenance,Least kind cold wonder whose order.,77223.24,6,,Debit Card,TXN-0005690
5691,2025-06-14,EXPENSE,Rent,Poor cost modern article important.,491105.69,5,,Debit Card,TXN-0005691
5692,2024-11-25,EXPENSE,Software,Purpose officer shake statement enough voice.,219120.28,10,,Bank Transfer,TXN-0005692
5693,2024-05-01,EXPENSE,Professional Services,Fund past world.,373697.78,4,,Debit Card,TXN-0005693
5694,2024-09-03,EXPENSE,Travel,State party last.,494239.5,5,,Debit Card,TXN-0005694
5695,2024-04-23,EXPENSE,Maintenance,Employee stock money figure.,490938.13,10,,Credit Card,TXN-0005695
5696,2024-04-21,EXPENSE,Rent,Red imagine meeting carry tonight ball.,296885.31,5,,Debit Card,TXN-0005696
5697,2024-09-20,EXPENSE,Utilities,Rate field none.,92105.96,9,51.0,Mobile Money,TXN-0005697
5698,2024-10-29,EXPENSE,Payroll,Keep Mr parent.,426851.65,10,,Debit Card,TXN-0005698
5699,2025-05-16,EXPENSE,Marketing,Than information inside indeed.,419991.53,4,294.0,Debit Card,TXN-0005699
5700,2025-11-21,EXPENSE,Professional Services,Left bit military former time.,494905.81,5,211.0,Credit Card,TXN-0005700
5701,2025-12-21,INCOME,Consulting Revenue,May agreement director it doctor.,618976.29,6,,Debit Card,TXN-0005701
5702,2024-10-28,INCOME,Consulting Revenue,Poor travel control determine.,972714.74,9,,Mobile Money,TXN-0005702
5703,2025-01-13,EXPENSE,Utilities,Direction woman past interview ever magazine.,440913.9,4,,Credit Card,TXN-0005703
5704,2024-06-01,EXPENSE,Utilities,Payment linked to inactive employee,7684.1,6,95.0,Cash,TXN-0005704
5705,2024-08-16,EXPENSE,Software,Charge those seven fine oil.,52043.0,2,259.0,Cash,TXN-0005705
5706,2024-02-18,EXPENSE,Travel,Pretty politics moment alone amount read.,191190.2,4,,Bank Transfer,TXN-0005706
5707,2024-04-05,EXPENSE,Equipment,Blood bad air enter.,185226.82,6,,Mobile Money,TXN-0005707
5708,2025-05-13,EXPENSE,Rent,Action ask particular fear you.,25133.0,5,,Credit Card,TXN-0005708
5709,2024-09-24,INCOME,Other Income,Report make carry finish ready.,854386.93,1,203.0,Debit Card,TXN-0005709
5710,2024-09-24,INCOME,Consulting Revenue,Subject nothing nice she.,838638.24,6,,Cash,TXN-0005710
5711,2025-06-03,INCOME,Sales Revenue,Tax return center win budget degree.,271990.61,7,,Mobile Money,TXN-0005711
5712,2025-07-16,EXPENSE,Software,Never black religious.,309895.04,3,,Credit Card,TXN-0005712
5713,2025-06-07,EXPENSE,Payroll,Million face few or agreement road realize.,192164.34,3,,Mobile Money,TXN-0005713
5714,2024-07-01,EXPENSE,Travel,Quite page mission deep than.,350353.57,7,217.0,Debit Card,TXN-0005714
5715,2025-10-27,EXPENSE,Equipment,Business analysis test.,375875.31,8,,Bank Transfer,TXN-0005715
5716,2025-05-21,EXPENSE,Office Supplies,Public wear need throughout.,192038.21,6,,Bank Transfer,TXN-0005716
5717,2024-04-24,EXPENSE,Utilities,Away page true perhaps become tend daughter.,28783.35,10,,Mobile Money,TXN-0005717
5718,2024-01-05,EXPENSE,Payroll,Play up whose however.,113511.54,3,,Cash,TXN-0005718
5719,2025-09-22,EXPENSE,Marketing,Everything old color on.,114072.58,5,89.0,Cash,TXN-0005719
5720,2024-08-13,EXPENSE,Utilities,If boy agreement air.,172985.75,3,,Credit Card,TXN-0005720
5721,2025-03-10,EXPENSE,Payroll,Describe less indicate camera risk.,385224.95,8,,Debit Card,TXN-0005721
5722,2024-09-05,INCOME,Service Revenue,If law score hand compare.,231152.56,4,,Bank Transfer,TXN-0005722
5723,2024-04-09,INCOME,Subscription Revenue,Own family any.,949238.38,7,,Bank Transfer,TXN-0005723
5724,2024-06-11,EXPENSE,Travel,Put both over actually.,373509.04,6,169.0,Cash,TXN-0005724
5725,2025-11-03,EXPENSE,Utilities,Everybody we decide.,214673.93,6,,Cash,TXN-0005725
5726,2025-02-11,EXPENSE,Insurance,Occur floor quickly animal business sea.,314213.86,1,,Mobile Money,TXN-0005726
5727,2024-05-07,INCOME,Consulting Revenue,Small thing occur south.,388256.48,9,,Mobile Money,TXN-0005727
5728,2025-08-01,EXPENSE,Insurance,Common couple exactly weight.,334579.53,6,,Mobile Money,TXN-0005728
5729,2024-02-19,INCOME,Sales Revenue,Paper a light fire.,211675.74,7,,Credit Card,TXN-0005729
5730,2025-02-09,EXPENSE,Travel,Record let hand certain.,66007.61,7,,Credit Card,TXN-0005730
5731,2025-07-27,EXPENSE,Payroll,Defense around be sea song.,484008.43,3,115.0,Mobile Money,TXN-0005731
5732,2024-10-22,EXPENSE,Software,Movie training enter information.,489961.78,7,,Cash,TXN-0005732
5733,2024-02-06,INCOME,Sales Revenue,Particular when too maintain.,932176.75,3,,Mobile Money,TXN-0005733
5734,2024-08-10,EXPENSE,Logistics,Table class response law tough staff.,98439.35,6,,Mobile Money,TXN-0005734
5735,2024-12-21,INCOME,Consulting Revenue,Rate hotel garden response information.,464941.65,7,,Mobile Money,TXN-0005735
5736,2025-03-13,EXPENSE,Equipment,Each trip yes exist address here.,128319.09,3,57.0,Credit Card,TXN-0005736
5737,2024-05-17,EXPENSE,Travel,Name must sort agreement trial.,430661.18,10,,Debit Card,TXN-0005737
5738,2024-07-16,EXPENSE,Marketing,Central visit team.,134066.33,5,,Bank Transfer,TXN-0005738
5739,2025-11-24,EXPENSE,Travel,Responsibility report course mean camera.,269470.65,3,,Debit Card,TXN-0005739
5740,2024-07-20,EXPENSE,Logistics,Store hour including Mrs.,37474.88,10,,Debit Card,TXN-0005740
5741,2024-01-10,EXPENSE,Professional Services,Work improve drive who.,256902.74,2,,Credit Card,TXN-0005741
5742,2025-04-06,INCOME,Sales Revenue,Compare true trade.,496196.06,1,123.0,Bank Transfer,TXN-0005742
5743,2024-08-14,EXPENSE,Equipment,Factor effect ready down.,484749.46,1,,Credit Card,TXN-0005743
5744,2025-05-30,EXPENSE,Logistics,Person special expect table provide his.,21099.05,6,275.0,Credit Card,TXN-0005744
5745,2025-11-27,EXPENSE,Equipment,Stuff charge major upon.,29696.3,10,,Credit Card,TXN-0005745
5746,2024-01-10,INCOME,Other Income,Save necessary and.,552039.39,10,,Cash,TXN-0005746
5747,2024-01-26,INCOME,Sales Revenue,Seat state vote occur around card.,844017.17,1,,Cash,TXN-0005747
5748,2025-06-02,EXPENSE,Software,Group should method religious spring.,264431.03,4,,Bank Transfer,TXN-0005748
5749,2025-04-30,EXPENSE,Rent,Door painting particular particularly instead.,403643.07,5,200.0,Bank Transfer,TXN-0005749
5750,2025-07-11,EXPENSE,Logistics,Teach explain add national usually environment.,321514.76,2,2.0,Mobile Money,TXN-0005750
5751,2024-07-20,INCOME,Consulting Revenue,Would leader information increase think.,530910.4,4,,Mobile Money,TXN-0005751
5752,2024-05-03,INCOME,Sales Revenue,General range help eight stock this.,297837.71,9,,Cash,TXN-0005752
5753,2025-07-20,EXPENSE,Rent,Employee general poor think quickly.,157926.68,8,,Cash,TXN-0005753
5754,2025-12-02,EXPENSE,Maintenance,Federal method customer environmental produce.,242913.5,9,,Debit Card,TXN-0005754
5755,2025-11-20,EXPENSE,Rent,Treatment among focus factor onto.,85461.72,10,236.0,Bank Transfer,TXN-0005755
5756,2025-05-07,EXPENSE,Insurance,Police alone sign seven alone fight.,300381.58,3,,Credit Card,TXN-0005756
5757,2025-11-18,INCOME,Consulting Revenue,Say head officer energy throw member.,758775.92,5,,Debit Card,TXN-0005757
5758,2024-06-04,EXPENSE,Insurance,Mission weight free day sport.,452830.98,10,225.0,Credit Card,TXN-0005758
5759,2024-07-06,EXPENSE,Utilities,Hot blue hold moment degree difficult.,296133.16,10,,Mobile Money,TXN-0005759
5760,2025-07-31,INCOME,Consulting Revenue,Close fund some least course to.,703137.73,8,,Credit Card,TXN-0005760
5761,2024-10-08,EXPENSE,Software,There throw century.,366965.23,7,,Mobile Money,TXN-0005761
5762,2025-11-15,INCOME,Consulting Revenue,Life purpose for become city political.,119404.79,9,,Mobile Money,TXN-0005762
5763,2025-01-12,INCOME,Subscription Revenue,Sell sort tree.,621129.04,7,46.0,Mobile Money,TXN-0005763
5764,2024-09-04,INCOME,Service Revenue,Remember improve south risk discover example.,993930.51,9,,Mobile Money,TXN-0005764
5765,2025-04-07,EXPENSE,Office Supplies,Small girl beat part phone after.,197840.84,6,,Bank Transfer,TXN-0005765
5766,2025-05-19,EXPENSE,Software,Current national however so.,338655.42,4,,Bank Transfer,TXN-0005766
5767,2025-10-27,EXPENSE,Equipment,Affect issue about.,77628.16,3,165.0,Mobile Money,TXN-0005767
5768,2025-02-11,INCOME,Service Revenue,Responsibility question ball according entire.,269264.2,4,229.0,Bank Transfer,TXN-0005768
5769,2025-08-12,EXPENSE,Marketing,Important else month.,9275.47,6,,Cash,TXN-0005769
5770,2025-12-03,INCOME,Sales Revenue,Call stand see eye newspaper produce.,227009.52,9,,Mobile Money,TXN-0005770
5771,2024-10-31,EXPENSE,Insurance,Hundred charge why nation dream.,306060.1,3,,Cash,TXN-0005771
5772,2025-01-24,EXPENSE,Marketing,Every piece reflect.,491520.9,6,,Debit Card,TXN-0005772
5773,2025-04-16,EXPENSE,Office Supplies,Top direction call.,445435.82,1,,Cash,TXN-0005773
5774,2025-01-01,EXPENSE,Professional Services,Down hospital suddenly international eight.,15823.25,10,,Cash,TXN-0005774
5775,2024-02-21,EXPENSE,Professional Services,Just everyone place education.,153704.36,4,,Debit Card,TXN-0005775
5776,2024-01-10,EXPENSE,Payroll,If traditional agreement southern.,384475.17,5,,Mobile Money,TXN-0005776
5777,2024-02-27,EXPENSE,Equipment,Significant side chance between prepare democratic.,350807.21,2,,Debit Card,TXN-0005777
5778,2025-03-11,EXPENSE,Logistics,Past boy degree decade.,419649.75,4,10.0,Mobile Money,TXN-0005778
5779,2025-07-03,EXPENSE,Utilities,Determine possible control project explain.,9625.74,2,,Credit Card,TXN-0005779
5780,2025-11-27,INCOME,Service Revenue,Nothing too forward bank energy.,198036.73,4,,Mobile Money,TXN-0005780
5781,2025-09-28,INCOME,Other Income,Total challenge enjoy position positive computer.,290299.1,4,,Bank Transfer,TXN-0005781
5782,2024-06-15,EXPENSE,Equipment,Current have father trouble respond possible.,297728.54,1,15.0,Credit Card,TXN-0005782
5783,2024-02-09,EXPENSE,Travel,Sound task pay option central.,484829.56,1,,Cash,TXN-0005783
5784,2024-09-10,EXPENSE,Software,Want listen prepare question.,365458.69,1,,Debit Card,TXN-0005784
5785,2025-07-22,EXPENSE,Insurance,Song history per.,165716.78,2,,Mobile Money,TXN-0005785
5786,2024-03-13,EXPENSE,Insurance,Could break wife far.,367575.86,10,34.0,Debit Card,TXN-0005786
5787,2025-12-20,EXPENSE,Logistics,Final TV society.,189356.91,9,,Mobile Money,TXN-0005787
5788,2025-10-23,INCOME,Consulting Revenue,Money character reality half law think.,392849.91,8,,Mobile Money,TXN-0005788
5789,2024-04-19,EXPENSE,Payroll,Half expect itself audience.,104660.72,1,,Credit Card,TXN-0005789
5790,2025-09-18,EXPENSE,Office Supplies,Policy type natural.,450403.52,8,,Debit Card,TXN-0005790
5791,2024-11-04,EXPENSE,Travel,Music process use.,116871.66,6,266.0,Credit Card,TXN-0005791
5792,2024-01-09,EXPENSE,Professional Services,Between remember effect indicate manage.,16279.02,5,,Debit Card,TXN-0005792
5793,2024-10-15,EXPENSE,Travel,Artist movie of perhaps.,82723.62,4,,Cash,TXN-0005793
5794,2024-01-27,EXPENSE,Professional Services,Whom senior record here fund hope.,314710.59,3,298.0,Debit Card,TXN-0005794
5795,2024-08-14,INCOME,Other Income,Every right field life campaign.,54349.66,5,,Mobile Money,TXN-0005795
5796,2025-01-14,EXPENSE,Payroll,Here anyone training too billion.,324669.8,5,,Cash,TXN-0005796
5797,2024-06-11,EXPENSE,Rent,Subject century development.,438707.63,9,,Mobile Money,TXN-0005797
5798,2025-04-10,EXPENSE,Insurance,Walk one sound return party.,15299.79,8,,Credit Card,TXN-0005798
5799,2024-06-06,EXPENSE,Office Supplies,Race course pretty issue.,330150.36,10,,Debit Card,TXN-0005799
5800,2025-10-11,EXPENSE,Professional Services,Arrive enjoy life alone could himself.,381549.24,7,,Bank Transfer,TXN-0005800
5801,2025-11-17,EXPENSE,Maintenance,Image ok respond move argue heart.,126806.22,8,264.0,Credit Card,TXN-0005801
5802,2025-05-13,EXPENSE,Equipment,Among sense fish product.,375362.32,6,,Cash,TXN-0005802
5803,2024-11-06,EXPENSE,Payroll,Manage system Mr.,445231.81,5,,Credit Card,TXN-0005803
5804,2025-10-18,EXPENSE,Insurance,Unusually large expense transaction,1752725.09,1,,Debit Card,TXN-0005804
5805,2024-11-27,INCOME,Subscription Revenue,Consumer nothing allow travel somebody.,238994.77,8,,Bank Transfer,TXN-0005805
5806,2024-12-27,EXPENSE,Maintenance,In firm under.,194239.71,9,228.0,Cash,TXN-0005806
5807,2024-07-08,INCOME,Consulting Revenue,Expect environment personal rest road.,257868.74,3,,Debit Card,TXN-0005807
5808,2025-12-10,EXPENSE,Travel,Industry country speak quality.,290588.92,5,,Cash,TXN-0005808
5809,2025-10-01,EXPENSE,Software,Red service market present.,286334.62,2,,Cash,TXN-0005809
5810,2024-04-07,INCOME,Sales Revenue,Discuss somebody heavy bill ten or.,353100.98,8,,Cash,TXN-0005810
5811,2025-02-05,EXPENSE,Payroll,Mrs up according believe what artist.,364962.27,7,144.0,Bank Transfer,TXN-0005811
5812,2024-06-20,EXPENSE,Maintenance,Congress despite a tough three like.,249565.87,5,256.0,Cash,TXN-0005812
5813,2024-07-03,EXPENSE,Travel,Body without activity per contain.,482458.17,2,206.0,Mobile Money,TXN-0005813
5814,2025-06-15,INCOME,Service Revenue,They machine senior.,417448.18,3,,Mobile Money,TXN-0005814
5815,2024-01-09,INCOME,Sales Revenue,Indeed law economy party structure trouble.,188433.3,6,,Mobile Money,TXN-0005815
5816,2024-12-26,EXPENSE,Equipment,Generation sell time sure low feeling somebody.,169163.99,4,,Cash,TXN-0005816
5817,2025-05-01,EXPENSE,Equipment,Hair quickly cup them color organization center.,230655.39,4,,Bank Transfer,TXN-0005817
5818,2024-05-11,INCOME,Service Revenue,Popular happen result last technology pull.,866748.52,2,,Credit Card,TXN-0005818
5819,2024-11-17,INCOME,Other Income,Door region manager.,435203.29,6,,Mobile Money,TXN-0005819
5820,2025-01-17,EXPENSE,Insurance,Learn build star over.,428975.16,5,,Bank Transfer,TXN-0005820
5821,2025-12-05,EXPENSE,Software,Catch particularly eight.,34096.69,10,,Credit Card,TXN-0005821
5822,2024-06-19,EXPENSE,Professional Services,Case inside according he.,371231.31,3,,Cash,TXN-0005822
5823,2025-09-26,EXPENSE,Rent,Able voice region.,256012.22,4,,Bank Transfer,TXN-0005823
5824,2024-05-17,EXPENSE,Equipment,What should candidate.,6618.99,3,261.0,Bank Transfer,TXN-0005824
5825,2025-07-08,INCOME,Service Revenue,Operation much Republican.,160815.08,8,,Credit Card,TXN-0005825
5826,2024-11-11,INCOME,Service Revenue,Usually fill give specific.,701791.23,8,,Cash,TXN-0005826
5827,2024-03-27,EXPENSE,Maintenance,Student report example.,49839.49,7,294.0,Mobile Money,TXN-0005827
5828,2024-05-15,EXPENSE,Payroll,Into spring pressure.,419881.5,8,,Cash,TXN-0005828
5829,2024-09-30,EXPENSE,Utilities,Dinner do nearly.,134934.84,8,,Bank Transfer,TXN-0005829
5830,2024-12-12,EXPENSE,Utilities,Thing phone century her.,344253.53,10,,Cash,TXN-0005830
5831,2024-12-30,INCOME,Subscription Revenue,Son old American before.,150904.34,8,,Mobile Money,TXN-0005831
5832,2025-04-30,EXPENSE,Utilities,Toward west Mr election remain cover.,47619.35,10,85.0,Cash,TXN-0005832
5833,2024-03-01,INCOME,Consulting Revenue,Operation leave movie until road.,775125.72,5,67.0,Mobile Money,TXN-0005833
5834,2024-11-15,EXPENSE,Rent,Actually government face figure.,334406.9,4,,Cash,TXN-0005834
5835,2025-12-28,EXPENSE,Insurance,Organization tend north general agreement.,373504.45,8,,Credit Card,TXN-0005835
5836,2025-11-07,EXPENSE,Travel,Either food art live remember state.,31325.92,9,,Cash,TXN-0005836
5837,2024-12-18,INCOME,Sales Revenue,Guy understand radio west.,306549.04,6,,Cash,TXN-0005837
5838,2025-04-08,INCOME,Subscription Revenue,Outside bar study fire history area.,394747.74,8,,Mobile Money,TXN-0005838
5839,2025-03-07,EXPENSE,Office Supplies,Pretty then moment.,375271.1,7,,Cash,TXN-0005839
5840,2025-05-14,INCOME,Consulting Revenue,Me four message writer big morning.,999205.86,4,,Credit Card,TXN-0005840
5841,2025-08-14,EXPENSE,Utilities,Source continue computer.,492529.73,4,,Credit Card,TXN-0005841
5842,2024-04-03,EXPENSE,Office Supplies,Whole level management senior house process.,401683.67,7,,Bank Transfer,TXN-0005842
5843,2024-03-25,EXPENSE,Payroll,Toward piece fly so.,318175.16,5,,Cash,TXN-0005843
5844,2024-10-08,EXPENSE,Marketing,Interview box mention current.,12924.43,5,240.0,Credit Card,TXN-0005844
5845,2025-02-18,EXPENSE,Payroll,Agent stage rise knowledge.,55465.39,3,244.0,Cash,TXN-0005845
5846,2024-02-17,EXPENSE,Travel,Career wrong body drop follow.,352662.27,9,,Credit Card,TXN-0005846
5847,2025-01-10,EXPENSE,Equipment,Tough year chance exactly lay both.,40566.01,3,161.0,Credit Card,TXN-0005847
5848,2025-07-17,EXPENSE,Insurance,Eye dinner specific notice.,224230.83,1,25.0,Mobile Money,TXN-0005848
5849,2024-04-23,INCOME,Consulting Revenue,Help else newspaper matter.,432430.06,6,34.0,Credit Card,TXN-0005849
5850,2024-05-09,EXPENSE,Software,Answer green argue actually town and.,203342.4,5,,Mobile Money,TXN-0005850
5851,2024-11-24,EXPENSE,Marketing,Decide within few much line describe.,419343.06,3,,Bank Transfer,TXN-0005851
5852,2025-04-03,EXPENSE,Software,Compare yes interest idea.,130937.52,7,,Mobile Money,TXN-0005852
5853,2024-07-20,EXPENSE,Rent,Page already style final.,461241.92,8,,Mobile Money,TXN-0005853
5854,2024-03-20,INCOME,Sales Revenue,Because body spring able.,570315.5,6,,Debit Card,TXN-0005854
5855,2025-01-05,EXPENSE,Software,Indicate above commercial fact.,117587.21,9,,Credit Card,TXN-0005855
5856,2024-09-02,EXPENSE,Maintenance,Example politics perform.,227101.45,5,,Mobile Money,TXN-0005856
5857,2025-10-15,INCOME,Sales Revenue,Speech star industry.,480817.6,2,,Cash,TXN-0005857
5858,2025-10-20,EXPENSE,Maintenance,Visit response rule own.,321600.04,10,33.0,Mobile Money,TXN-0005858
5859,2025-08-16,EXPENSE,Insurance,Decision wrong quickly figure the item.,41358.84,9,,Debit Card,TXN-0005859
5860,2025-09-24,EXPENSE,Insurance,Member throw mean majority media nor.,380890.35,6,,Bank Transfer,TXN-0005860
5861,2025-02-20,EXPENSE,Equipment,Difficult same mother hot training.,70363.96,10,266.0,Debit Card,TXN-0005861
5862,2024-09-18,INCOME,Subscription Revenue,Agent somebody realize local.,76991.42,6,,Debit Card,TXN-0005862
5863,2024-10-26,EXPENSE,Marketing,Fine top very mention memory.,381024.0,1,,Bank Transfer,TXN-0005863
5864,2024-01-04,INCOME,Subscription Revenue,Skill recently oil firm wish well.,709822.31,2,,Debit Card,TXN-0005864
5865,2025-01-28,INCOME,Consulting Revenue,Key simply summer left seem.,896789.66,9,,Cash,TXN-0005865
5866,2024-07-19,INCOME,Sales Revenue,Until guess once race physical father.,201752.92,8,,Cash,TXN-0005866
5867,2025-11-11,EXPENSE,Utilities,Answer situation degree technology.,463196.3,5,,Credit Card,TXN-0005867
5868,2025-07-28,EXPENSE,Rent,Including exist door operation bill score purpose.,71723.06,8,,Credit Card,TXN-0005868
5869,2024-01-14,INCOME,Other Income,Whether enough suddenly drug between indicate call.,202155.03,7,122.0,Bank Transfer,TXN-0005869
5870,2024-07-08,EXPENSE,Travel,Chair assume our wind group.,236382.02,2,,Mobile Money,TXN-0005870
5871,2025-03-04,EXPENSE,Maintenance,Whole man about personal talk.,185730.63,7,,Credit Card,TXN-0005871
5872,2024-11-18,EXPENSE,Marketing,Hope light community.,202069.8,10,120.0,Mobile Money,TXN-0005872
5873,2024-12-21,INCOME,Sales Revenue,Again recognize lay instead.,991876.92,4,,Bank Transfer,TXN-0005873
5874,2024-11-10,INCOME,Other Income,Perform effort pay detail range.,821005.79,7,76.0,Cash,TXN-0005874
5875,2024-03-12,EXPENSE,Marketing,Step memory near.,497316.96,2,10.0,Credit Card,TXN-0005875
5876,2024-08-19,INCOME,Subscription Revenue,Factor alone have political.,690717.71,9,,Debit Card,TXN-0005876
5877,2025-06-10,EXPENSE,Office Supplies,Their citizen together.,370280.53,9,220.0,Credit Card,TXN-0005877
5878,2024-12-20,EXPENSE,Maintenance,Draw successful certainly young store lawyer.,141648.68,9,,Cash,TXN-0005878
5879,2024-01-11,EXPENSE,Travel,Imagine huge only night walk.,166305.75,10,,Cash,TXN-0005879
5880,2025-11-25,EXPENSE,Insurance,Second return enjoy.,57291.33,4,62.0,Mobile Money,TXN-0005880
5881,2024-09-24,INCOME,Service Revenue,Vote simply over.,558096.75,3,,Credit Card,TXN-0005881
5882,2024-07-02,EXPENSE,Maintenance,Run put put none.,350073.39,8,,Bank Transfer,TXN-0005882
5883,2025-04-12,EXPENSE,Insurance,Area language share president myself.,236664.42,6,,Debit Card,TXN-0005883
5884,2024-09-10,EXPENSE,Rent,Expect card pressure company here matter.,398763.23,6,,Mobile Money,TXN-0005884
5885,2025-03-24,INCOME,Service Revenue,Record just environment leg participant.,191065.08,2,,Mobile Money,TXN-0005885
5886,2025-07-11,EXPENSE,Payroll,Total garden about finish western deal affect.,21241.39,8,81.0,Debit Card,TXN-0005886
5887,2024-11-07,EXPENSE,Utilities,Despite throughout hear prove mention.,139433.11,2,241.0,Bank Transfer,TXN-0005887
5888,2024-02-29,EXPENSE,Insurance,Process cultural education trouble leg.,230102.49,10,,Debit Card,TXN-0005888
5889,2024-01-15,EXPENSE,Maintenance,Until particularly property project.,191964.94,1,161.0,Debit Card,TXN-0005889
5890,2024-09-15,INCOME,Other Income,Finish on under could practice professor.,289143.61,8,,Credit Card,TXN-0005890
5891,2024-12-21,EXPENSE,Professional Services,Gun hit just blood defense never.,104611.7,7,,Cash,TXN-0005891
5892,2025-05-31,EXPENSE,Office Supplies,Environment any since which to political.,226057.72,5,,Cash,TXN-0005892
5893,2024-06-18,EXPENSE,Maintenance,According for series just.,475299.18,3,,Mobile Money,TXN-0005893
5894,2025-10-05,EXPENSE,Software,Town everyone race.,467915.02,5,,Credit Card,TXN-0005894
5895,2025-09-05,EXPENSE,Marketing,Significant collection language many cell movement.,462338.64,1,50.0,Credit Card,TXN-0005895
5896,2024-06-04,EXPENSE,Maintenance,Available eight suffer public oil.,403479.79,6,160.0,Bank Transfer,TXN-0005896
5897,2025-04-03,INCOME,Subscription Revenue,Enter data simple school economy down.,912099.74,9,,Debit Card,TXN-0005897
5898,2024-04-11,INCOME,Other Income,Foreign full east test trip probably.,477445.04,7,,Bank Transfer,TXN-0005898
5899,2025-10-18,INCOME,Subscription Revenue,Far key police.,276820.88,10,,Mobile Money,TXN-0005899
5900,2025-05-13,EXPENSE,Marketing,Pm beat foot mission.,214802.37,4,,Mobile Money,TXN-0005900
5901,2025-01-20,EXPENSE,Travel,Rock research explain person.,199449.33,1,,Cash,TXN-0005901
5902,2025-01-21,EXPENSE,Logistics,Scientist coach interview official social.,122583.59,9,,Debit Card,TXN-0005902
5903,2025-12-05,EXPENSE,Professional Services,Standard truth window.,304950.79,1,,Debit Card,TXN-0005903
5904,2024-09-09,EXPENSE,Software,Raise hold special figure husband attention.,293123.48,10,32.0,Credit Card,TXN-0005904
5905,2024-02-29,EXPENSE,Equipment,Media official relate.,317130.65,3,,Bank Transfer,TXN-0005905
5906,2025-07-03,EXPENSE,Utilities,Democrat democratic factor top ago nor.,9851.29,6,51.0,Mobile Money,TXN-0005906
5907,2024-04-07,EXPENSE,Payroll,Form little across short.,314737.62,4,,Cash,TXN-0005907
5908,2025-05-05,EXPENSE,Professional Services,Policy later represent.,241980.82,5,286.0,Cash,TXN-0005908
5909,2025-08-16,INCOME,Other Income,Ball yes design.,447002.13,4,61.0,Debit Card,TXN-0005909
5910,2025-03-13,EXPENSE,Travel,Nothing approach serious only.,161862.59,2,,Credit Card,TXN-0005910
5911,2025-05-24,EXPENSE,Maintenance,Industry finally others.,320855.27,9,274.0,Credit Card,TXN-0005911
5912,2025-04-16,EXPENSE,Professional Services,Rock such writer eight red contain.,483425.6,1,,Debit Card,TXN-0005912
5913,2025-11-03,EXPENSE,Insurance,Seem claim reduce American money.,274548.96,9,,Cash,TXN-0005913
5914,2025-07-20,EXPENSE,Maintenance,Order leg rise pay.,495797.86,8,,Mobile Money,TXN-0005914
5915,2024-12-27,EXPENSE,Payroll,Travel involve production.,337366.26,9,,Credit Card,TXN-0005915
5916,2024-09-17,EXPENSE,Logistics,Sea next event special size.,97496.03,8,,Debit Card,TXN-0005916
5917,2025-07-21,EXPENSE,Insurance,Former quickly character.,204019.48,2,,Cash,TXN-0005917
5918,2025-08-06,INCOME,Service Revenue,Offer hundred case.,837314.97,1,,Cash,TXN-0005918
5919,2025-09-20,INCOME,Service Revenue,Southern option sign lose man.,172456.89,7,,Credit Card,TXN-0005919
5920,2024-01-02,INCOME,Subscription Revenue,There religious case life section budget.,493231.54,10,,Credit Card,TXN-0005920
5921,2025-11-04,EXPENSE,Utilities,Morning those value management have.,296510.69,5,,Bank Transfer,TXN-0005921
5922,2025-11-06,INCOME,Other Income,Whether hospital commercial particular ahead.,704439.38,3,,Credit Card,TXN-0005922
5923,2024-09-26,EXPENSE,Insurance,Ground ground thing modern yet finally.,343891.79,3,,Cash,TXN-0005923
5924,2024-12-02,EXPENSE,Maintenance,When senior go whom important.,77681.3,9,39.0,Debit Card,TXN-0005924
5925,2025-08-18,INCOME,Service Revenue,Move particularly true already customer whole.,178061.65,7,,Cash,TXN-0005925
5926,2024-03-02,INCOME,Subscription Revenue,Husband nice manager brother north evening.,468112.88,10,,Credit Card,TXN-0005926
5927,2024-09-25,INCOME,Other Income,Enter trade economy ago fire.,205222.63,4,,Cash,TXN-0005927
5928,2024-06-11,INCOME,Service Revenue,Hospital next project tend think just.,27176.98,4,168.0,Credit Card,TXN-0005928
5929,2024-12-12,EXPENSE,Rent,Dark drive wide simply defense choice.,35169.64,2,,Bank Transfer,TXN-0005929
5930,2024-10-22,EXPENSE,Office Supplies,Perhaps fight father.,458751.41,8,270.0,Cash,TXN-0005930
5931,2024-05-17,EXPENSE,Utilities,Day pick interesting side finish.,315198.05,3,136.0,Credit Card,TXN-0005931
5932,2024-07-01,EXPENSE,Logistics,Imagine how necessary third drug keep.,396020.74,7,,Credit Card,TXN-0005932
5933,2025-05-23,EXPENSE,Utilities,Partner this crime environment drug.,31030.43,1,,Debit Card,TXN-0005933
5934,2024-08-26,INCOME,Sales Revenue,Heart discover language travel.,728160.22,1,296.0,Bank Transfer,TXN-0005934
5935,2024-08-03,INCOME,Subscription Revenue,Data full hotel.,125580.72,9,191.0,Bank Transfer,TXN-0005935
5936,2025-03-06,INCOME,Sales Revenue,Class star drop summer.,838726.61,6,156.0,Bank Transfer,TXN-0005936
5937,2025-05-17,INCOME,Service Revenue,Card discuss lot sometimes.,728147.22,6,39.0,Bank Transfer,TXN-0005937
5938,2024-11-17,EXPENSE,Insurance,Rise character speak around.,228353.79,6,267.0,Credit Card,TXN-0005938
5939,2024-03-19,EXPENSE,Rent,There amount fact eat.,98363.71,1,,Credit Card,TXN-0005939
5940,2024-10-02,EXPENSE,Professional Services,Heavy notice oil country.,308620.04,2,,Credit Card,TXN-0005940
5941,2024-09-16,EXPENSE,Utilities,Science low film apply about way.,300558.63,1,,Bank Transfer,TXN-0005941
5942,2025-11-29,INCOME,Consulting Revenue,Along response discuss power laugh.,387623.52,9,,Bank Transfer,TXN-0005942
5943,2024-08-11,EXPENSE,Software,Keep oil decision range.,376174.15,2,179.0,Cash,TXN-0005943
5944,2025-11-09,INCOME,Consulting Revenue,See protect field why.,544052.63,4,,Cash,TXN-0005944
5945,2024-08-22,INCOME,Service Revenue,Position until dream citizen.,472894.58,4,,Credit Card,TXN-0005945
5946,2024-10-08,INCOME,Subscription Revenue,Television improve be red alone of.,617968.38,10,,Debit Card,TXN-0005946
5947,2024-03-22,INCOME,Service Revenue,Task others real next choice authority bar.,685965.17,5,,Bank Transfer,TXN-0005947
5948,2024-04-18,EXPENSE,Payroll,Allow assume official along.,425451.41,8,,Debit Card,TXN-0005948
5949,2025-07-05,EXPENSE,Office Supplies,Policy community just any individual.,459449.79,7,,Debit Card,TXN-0005949
5950,2025-07-29,EXPENSE,Logistics,None nation wait example.,467862.03,6,,Debit Card,TXN-0005950
5951,2024-12-25,EXPENSE,Utilities,Something account they.,51078.07,6,,Mobile Money,TXN-0005951
5952,2024-06-24,INCOME,Sales Revenue,The nature so participant blue.,448083.43,8,,Mobile Money,TXN-0005952
5953,2025-03-01,EXPENSE,Equipment,Rather early all ask shoulder.,454787.29,8,200.0,Bank Transfer,TXN-0005953
5954,2024-03-02,EXPENSE,Travel,Evidence entire serious fire onto significant.,87099.88,1,243.0,Credit Card,TXN-0005954
5955,2024-11-09,EXPENSE,Maintenance,Method day want citizen political necessary.,175107.59,9,,Credit Card,TXN-0005955
5956,2024-04-15,EXPENSE,Utilities,Kind imagine cut push environment.,161618.19,8,,Bank Transfer,TXN-0005956
5957,2024-08-17,EXPENSE,Logistics,A partner despite.,426311.8,7,,Mobile Money,TXN-0005957
5958,2024-07-12,EXPENSE,Rent,Bit degree age.,410925.74,6,239.0,Debit Card,TXN-0005958
5959,2024-11-01,INCOME,Subscription Revenue,Benefit turn hospital dinner wear.,304576.88,9,154.0,Debit Card,TXN-0005959
5960,2025-12-23,INCOME,Other Income,Social discover side place appear past.,269535.73,7,,Credit Card,TXN-0005960
5961,2025-06-14,EXPENSE,Marketing,Certainly career raise.,207617.31,4,,Debit Card,TXN-0005961
5962,2025-08-23,INCOME,Other Income,These pressure we smile.,116464.11,4,,Credit Card,TXN-0005962
5963,2025-04-29,INCOME,Other Income,Sell magazine change ahead born idea.,648400.72,2,,Debit Card,TXN-0005963
5964,2024-09-14,EXPENSE,Payroll,Heavy about success myself where.,370705.58,10,237.0,Mobile Money,TXN-0005964
5965,2024-11-22,EXPENSE,Professional Services,Within real long least.,45417.4,6,,Cash,TXN-0005965
5966,2025-01-13,EXPENSE,Logistics,Day seek beat analysis.,206384.34,7,42.0,Credit Card,TXN-0005966
5967,2025-08-25,INCOME,Service Revenue,Left dinner Democrat writer.,823794.36,8,,Bank Transfer,TXN-0005967
5968,2025-09-30,EXPENSE,Insurance,Anything believe between skin adult.,236301.24,10,,Cash,TXN-0005968
5969,2025-01-03,EXPENSE,Payroll,Parent determine group protect simple.,83663.38,4,30.0,Mobile Money,TXN-0005969
5970,2024-11-05,EXPENSE,Marketing,Just provide event money force despite.,409768.11,9,,Bank Transfer,TXN-0005970
5971,2025-02-22,EXPENSE,Rent,Answer maybe discussion value risk.,428238.75,3,,Bank Transfer,TXN-0005971
5972,2024-02-17,EXPENSE,Travel,However believe avoid.,204743.52,7,,Bank Transfer,TXN-0005972
5973,2024-05-23,INCOME,Sales Revenue,Teach late realize.,422114.24,10,94.0,Debit Card,TXN-0005973
5974,2024-06-03,EXPENSE,Maintenance,Improve outside section.,79057.5,9,,Cash,TXN-0005974
5975,2024-08-30,EXPENSE,Professional Services,Speak occur quite.,319465.45,5,6.0,Debit Card,TXN-0005975
5976,2024-11-19,EXPENSE,Payroll,Cause year between.,14383.4,5,,Mobile Money,TXN-0005976
5977,2024-04-14,EXPENSE,Utilities,Professor list religious down number hard.,248412.92,3,256.0,Cash,TXN-0005977
5978,2024-07-06,EXPENSE,Office Supplies,Near share but nearly.,17053.18,1,,Credit Card,TXN-0005978
5979,2024-11-19,EXPENSE,Office Supplies,East sing try between.,380308.03,2,,Credit Card,TXN-0005979
5980,2024-01-12,INCOME,Other Income,Candidate represent product cover degree your.,982845.08,5,,Debit Card,TXN-0005980
5981,2024-06-26,EXPENSE,Maintenance,Instead still little affect media state.,388501.47,1,43.0,Credit Card,TXN-0005981
5982,2025-09-02,EXPENSE,Maintenance,Success ready alone check I.,147582.44,5,,Bank Transfer,TXN-0005982
5983,2025-04-08,EXPENSE,Equipment,Fly and learn.,179723.75,4,,Bank Transfer,TXN-0005983
5984,2024-07-26,INCOME,Sales Revenue,Society yeah worry network throw student.,20562.68,5,,Credit Card,TXN-0005984
5985,2024-12-17,EXPENSE,Marketing,Save drop although list.,218658.92,3,,Bank Transfer,TXN-0005985
5986,2025-06-20,INCOME,Service Revenue,Economic four cold rise one past.,720301.85,2,,Credit Card,TXN-0005986
5987,2024-04-30,EXPENSE,Marketing,Tend rather serve anything get night.,24956.19,7,,Cash,TXN-0005987
5988,2024-10-26,EXPENSE,Professional Services,Whole support which clear.,157205.17,8,259.0,Mobile Money,TXN-0005988
5989,2025-02-22,EXPENSE,Professional Services,One imagine range.,71202.97,1,,Mobile Money,TXN-0005989
5990,2025-12-03,EXPENSE,Professional Services,Themselves employee eight stay worker.,123100.98,6,,Cash,TXN-0005990
5991,2024-11-15,EXPENSE,Maintenance,Available respond project if.,322030.66,10,,Credit Card,TXN-0005991
5992,2025-08-30,EXPENSE,Logistics,Notice any statement American.,106063.43,6,5.0,Cash,TXN-0005992
5993,2025-06-16,INCOME,Subscription Revenue,Matter pick each.,517439.27,2,,Debit Card,TXN-0005993
5994,2025-03-27,EXPENSE,Utilities,Material understand partner whether learn.,453299.05,1,,Credit Card,TXN-0005994
5995,2025-09-22,EXPENSE,Equipment,Mouth yourself less data if color.,213220.71,2,,Mobile Money,TXN-0005995
5996,2024-11-22,EXPENSE,Insurance,Wrong left type.,43800.37,9,,Credit Card,TXN-0005996
5997,2025-10-26,EXPENSE,Equipment,Consider again successful.,488850.78,7,231.0,Bank Transfer,TXN-0005997
5998,2024-05-02,INCOME,Consulting Revenue,Decide staff stay physical.,347894.48,1,,Debit Card,TXN-0005998
5999,2025-06-12,EXPENSE,Payroll,Rich reveal program himself.,98665.32,2,,Mobile Money,TXN-0005999
6000,2024-07-12,EXPENSE,Marketing,Tend happen Mrs.,418162.71,7,,Bank Transfer,TXN-0006000
6001,2024-11-08,EXPENSE,Office Supplies,Fund stand upon.,135589.0,5,,Debit Card,TXN-0006001
6002,2025-12-14,INCOME,Other Income,Investment guy fight word about.,526715.42,6,,Bank Transfer,TXN-0006002
6003,2024-03-01,INCOME,Subscription Revenue,Response play attorney hair human while.,458015.11,8,,Mobile Money,TXN-0006003
6004,2025-05-05,EXPENSE,Logistics,President myself color.,124252.43,8,,Credit Card,TXN-0006004
6005,2025-02-08,EXPENSE,Insurance,Accept whole music case whether.,35196.36,7,,Credit Card,TXN-0006005
6006,2025-10-23,INCOME,Sales Revenue,Experience best sell fund identify anything.,473011.87,4,,Mobile Money,TXN-0006006
6007,2024-09-03,INCOME,Consulting Revenue,Arrive take reason parent she.,241001.78,1,68.0,Mobile Money,TXN-0006007
6008,2024-10-14,EXPENSE,Payroll,Attack race theory sense.,90182.56,10,,Credit Card,TXN-0006008
6009,2024-12-11,INCOME,Other Income,Month choice side charge fact.,921015.53,7,113.0,Debit Card,TXN-0006009
6010,2025-02-19,EXPENSE,Professional Services,Result it cost everybody ability.,237653.76,7,114.0,Bank Transfer,TXN-0006010
6011,2024-06-07,INCOME,Other Income,Share star year front.,537903.91,7,187.0,Credit Card,TXN-0006011
6012,2025-01-10,INCOME,Sales Revenue,Charge security we than arm.,914834.68,8,72.0,Mobile Money,TXN-0006012
6013,2024-11-01,INCOME,Service Revenue,Much year head.,867660.24,2,,Mobile Money,TXN-0006013
6014,2024-02-20,EXPENSE,Equipment,Half may big however practice.,212157.44,7,,Mobile Money,TXN-0006014
6015,2024-07-24,EXPENSE,Travel,Area clearly individual lay may.,17218.88,3,,Cash,TXN-0006015
6016,2024-07-29,INCOME,Sales Revenue,Good explain sure upon eight.,222873.19,8,,Mobile Money,TXN-0006016
6017,2024-04-06,INCOME,Consulting Revenue,Between mother could behind send.,369490.33,8,,Credit Card,TXN-0006017
6018,2024-05-28,EXPENSE,Maintenance,Quality manager choose might provide foot.,81738.64,10,,Mobile Money,TXN-0006018
6019,2024-04-10,EXPENSE,Travel,Land result form media choice less.,38311.47,6,,Credit Card,TXN-0006019
6020,2024-07-26,INCOME,Service Revenue,Cell officer popular.,958242.54,2,,Cash,TXN-0006020
6021,2025-08-15,INCOME,Other Income,Morning hospital me name.,982285.94,9,,Cash,TXN-0006021
6022,2024-05-25,EXPENSE,Rent,That charge enough.,85241.5,9,232.0,Mobile Money,TXN-0006022
6023,2024-08-14,EXPENSE,Marketing,Foot from mean.,90175.76,1,,Bank Transfer,TXN-0006023
6024,2025-09-17,EXPENSE,Logistics,Four to finally billion.,39299.24,6,117.0,Credit Card,TXN-0006024
6025,2025-03-01,EXPENSE,Insurance,Purpose theory campaign offer tend.,375928.22,10,,Cash,TXN-0006025
6026,2025-06-25,INCOME,Service Revenue,Happen although during.,499633.35,4,,Mobile Money,TXN-0006026
6027,2025-05-24,INCOME,Subscription Revenue,Score article real.,195654.73,5,,Bank Transfer,TXN-0006027
6028,2025-08-21,EXPENSE,Payroll,Success evidence college hour here.,454020.98,6,,Mobile Money,TXN-0006028
6029,2024-04-08,EXPENSE,Professional Services,Your activity article machine.,79504.3,8,,Bank Transfer,TXN-0006029
6030,2024-09-17,INCOME,Service Revenue,Front society pass.,900695.39,2,,Bank Transfer,TXN-0006030
6031,2024-01-10,EXPENSE,Equipment,Stage parent consider.,490917.43,10,,Debit Card,TXN-0006031
6032,2025-12-04,INCOME,Service Revenue,Owner hear edge lot.,649734.19,9,194.0,Credit Card,TXN-0006032
6033,2024-10-08,EXPENSE,Marketing,Long none manage compare reveal accept.,136772.37,1,,Debit Card,TXN-0006033
6034,2024-04-12,INCOME,Consulting Revenue,Challenge understand ask.,968951.84,5,,Mobile Money,TXN-0006034
6035,2024-09-13,EXPENSE,Marketing,Current quickly girl.,25774.92,8,46.0,Mobile Money,TXN-0006035
6036,2024-05-14,EXPENSE,Insurance,Standard guess investment thus people door.,22809.76,9,73.0,Credit Card,TXN-0006036
6037,2024-01-31,EXPENSE,Payroll,Professional free vote bank.,237520.66,8,,Mobile Money,TXN-0006037
6038,2025-01-07,EXPENSE,Office Supplies,Foreign nearly pressure station seem.,64454.77,10,,Cash,TXN-0006038
6039,2024-02-22,INCOME,Sales Revenue,Treat election old answer bit remember.,555472.7,6,,Bank Transfer,TXN-0006039
6040,2025-08-13,EXPENSE,Insurance,Sit according support lose major.,151010.82,2,,Debit Card,TXN-0006040
6041,2025-04-03,EXPENSE,Travel,Together edge recently describe in down.,209300.38,5,,Bank Transfer,TXN-0006041
6042,2025-10-03,INCOME,Other Income,Send any tax born international.,526677.74,4,,Mobile Money,TXN-0006042
6043,2025-09-19,EXPENSE,Maintenance,Year happy establish to year.,9975.76,2,,Cash,TXN-0006043
6044,2025-06-18,INCOME,Consulting Revenue,Follow change your.,495506.1,9,203.0,Credit Card,TXN-0006044
6045,2024-01-10,EXPENSE,Rent,Charge project thousand election message.,465214.51,8,288.0,Debit Card,TXN-0006045
6046,2024-08-19,INCOME,Service Revenue,Fact with open away law heavy.,145506.79,2,,Debit Card,TXN-0006046
6047,2025-06-12,INCOME,Consulting Revenue,Could lose night increase day apply.,395848.77,10,,Debit Card,TXN-0006047
6048,2025-02-20,EXPENSE,Payroll,Sell experience measure.,11121.05,2,,Credit Card,TXN-0006048
6049,2024-04-30,EXPENSE,Rent,Kind thing worry director.,349475.52,1,188.0,Debit Card,TXN-0006049
6050,2024-09-24,INCOME,Other Income,Environment language during born tough will.,668586.33,6,,Bank Transfer,TXN-0006050
6051,2025-09-08,INCOME,Service Revenue,Travel natural instead.,957470.29,8,185.0,Credit Card,TXN-0006051
6052,2025-01-31,INCOME,Other Income,Congress fund learn drug defense.,499946.42,3,,Credit Card,TXN-0006052
6053,2025-06-28,EXPENSE,Marketing,Generation social under pass.,297507.74,3,,Cash,TXN-0006053
6054,2025-08-17,EXPENSE,Maintenance,Talk common impact.,450581.5,9,,Debit Card,TXN-0006054
6055,2024-04-11,EXPENSE,Rent,Program commercial find.,28620.54,8,,Credit Card,TXN-0006055
6056,2024-06-15,EXPENSE,Insurance,Personal third seven degree.,451134.9,5,115.0,Mobile Money,TXN-0006056
6057,2024-07-01,EXPENSE,Maintenance,Sound method worry value certainly.,315985.01,4,,Mobile Money,TXN-0006057
6058,2024-03-18,EXPENSE,Payroll,Board run us new generation once.,140341.42,3,,Mobile Money,TXN-0006058
6059,2025-04-10,INCOME,Service Revenue,Term suddenly ball building receive care.,165665.41,7,,Mobile Money,TXN-0006059
6060,2025-04-27,INCOME,Service Revenue,Conference conference during foreign action happen.,645255.99,4,,Credit Card,TXN-0006060
6061,2024-03-08,INCOME,Subscription Revenue,Me better marriage point.,53557.84,4,77.0,Mobile Money,TXN-0006061
6062,2024-02-20,INCOME,Sales Revenue,Follow everybody threat.,503911.55,6,,Debit Card,TXN-0006062
6063,2024-05-17,EXPENSE,Logistics,Hope power century any.,453643.19,8,260.0,Bank Transfer,TXN-0006063
6064,2025-06-02,EXPENSE,Insurance,Total movie lead.,376023.44,10,,Credit Card,TXN-0006064
6065,2025-09-25,INCOME,Service Revenue,Which play environment meeting exactly wall.,287170.21,3,,Credit Card,TXN-0006065
6066,2025-05-09,EXPENSE,Payroll,Successful century most live Mr.,246646.93,3,261.0,Credit Card,TXN-0006066
6067,2025-07-04,INCOME,Other Income,Song just medical member.,228170.15,8,,Cash,TXN-0006067
6068,2025-12-04,EXPENSE,Rent,Computer reduce probably public point.,410832.16,10,119.0,Mobile Money,TXN-0006068
6069,2024-04-15,EXPENSE,Insurance,Despite defense kid.,184505.7,2,,Debit Card,TXN-0006069
6070,2025-05-18,INCOME,Other Income,Fish beyond Congress.,318563.99,5,,Credit Card,TXN-0006070
6071,2025-02-22,EXPENSE,Payroll,Agree television question fight former it.,451998.39,8,,Mobile Money,TXN-0006071
6072,2024-04-08,INCOME,Other Income,Eight century evidence hold Mrs.,196275.62,4,130.0,Cash,TXN-0006072
6073,2025-04-01,INCOME,Subscription Revenue,Policy nor spend party best performance.,676682.92,6,,Mobile Money,TXN-0006073
6074,2024-01-31,EXPENSE,Office Supplies,Difference answer against soldier.,246798.97,6,101.0,Bank Transfer,TXN-0006074
6075,2025-12-15,INCOME,Subscription Revenue,Indeed central economic science voice.,336599.89,2,216.0,Debit Card,TXN-0006075
6076,2025-04-03,INCOME,Subscription Revenue,Image south offer real relate.,697743.72,10,,Debit Card,TXN-0006076
6077,2025-04-03,EXPENSE,Rent,Decide society team probably.,177815.07,2,,Mobile Money,TXN-0006077
6078,2024-07-22,INCOME,Other Income,Republican sign meet today support.,649174.52,9,118.0,Credit Card,TXN-0006078
6079,2025-09-14,INCOME,Subscription Revenue,Either figure interest student.,175226.78,6,,Bank Transfer,TXN-0006079
6080,2025-07-20,INCOME,Other Income,Black company several safe.,312033.87,1,,Credit Card,TXN-0006080
6081,2025-07-07,EXPENSE,Utilities,But image later consider fall.,39942.29,4,,Credit Card,TXN-0006081
6082,2024-01-18,INCOME,Service Revenue,Day quality leader future woman enjoy.,140974.75,2,,Mobile Money,TXN-0006082
6083,2024-04-25,INCOME,Other Income,Cultural impact media year admit.,998404.84,3,,Bank Transfer,TXN-0006083
6084,2025-07-13,EXPENSE,Equipment,Own ability interview.,269934.01,9,,Mobile Money,TXN-0006084
6085,2024-12-15,EXPENSE,Rent,Loss cover wear out spend man.,375274.91,1,,Mobile Money,TXN-0006085
6086,2025-01-13,EXPENSE,Insurance,Discover order fund him effect.,480881.84,7,,Cash,TXN-0006086
6087,2025-06-01,EXPENSE,Insurance,Card production boy senior.,427639.57,6,,Cash,TXN-0006087
6088,2024-03-26,EXPENSE,Payroll,Front year your.,85358.08,10,,Cash,TXN-0006088
6089,2025-04-05,EXPENSE,Utilities,Seven put parent news.,44119.55,1,270.0,Debit Card,TXN-0006089
6090,2024-12-22,EXPENSE,Office Supplies,Itself baby new amount often reflect.,263484.52,4,,Cash,TXN-0006090
6091,2024-07-24,INCOME,Subscription Revenue,Could wind TV.,375410.84,3,,Mobile Money,TXN-0006091
6092,2024-05-18,EXPENSE,Insurance,Clear room top.,372410.11,4,,Credit Card,TXN-0006092
6093,2024-01-30,INCOME,Sales Revenue,Third responsibility even race concern.,845340.94,1,,Debit Card,TXN-0006093
6094,2024-10-23,EXPENSE,Office Supplies,Administration have usually impact poor account.,86661.36,10,,Mobile Money,TXN-0006094
6095,2025-11-12,EXPENSE,Payroll,Against interest those likely.,36319.57,2,,Mobile Money,TXN-0006095
6096,2024-04-26,EXPENSE,Logistics,Always score nation.,382485.79,2,,Mobile Money,TXN-0006096
6097,2025-11-01,INCOME,Consulting Revenue,Argue enter unit fall several condition.,925127.59,6,,Credit Card,TXN-0006097
6098,2025-03-23,INCOME,Subscription Revenue,Training require one address food join.,779208.47,10,,Credit Card,TXN-0006098
6099,2025-12-10,EXPENSE,Rent,Image father summer various.,26838.86,1,234.0,Bank Transfer,TXN-0006099
6100,2024-05-23,INCOME,Service Revenue,Job get artist both expect.,422037.67,1,,Cash,TXN-0006100
6101,2024-02-16,EXPENSE,Insurance,Payment linked to inactive employee,153717.01,4,111.0,Bank Transfer,TXN-0006101
6102,2024-01-24,INCOME,Consulting Revenue,Somebody past beat military.,623435.17,4,11.0,Debit Card,TXN-0006102
6103,2024-03-17,INCOME,Other Income,Discover color have common movement just.,533675.92,10,83.0,Cash,TXN-0006103
6104,2025-07-22,EXPENSE,Travel,Behavior save expert fly dream.,436820.4,5,75.0,Credit Card,TXN-0006104
6105,2024-03-24,EXPENSE,Utilities,Focus reach yourself many like.,216249.0,2,252.0,Credit Card,TXN-0006105
6106,2024-04-29,EXPENSE,Insurance,Manage foot lead hour series.,312270.96,4,,Credit Card,TXN-0006106
6107,2024-01-16,INCOME,Sales Revenue,Either science she last.,48823.25,6,,Bank Transfer,TXN-0006107
6108,2024-03-30,EXPENSE,Rent,Other open including range race organization.,425822.45,10,,Cash,TXN-0006108
6109,2025-01-18,INCOME,Subscription Revenue,Maybe decade positive happy believe.,679534.76,5,,Credit Card,TXN-0006109
6110,2024-10-03,EXPENSE,Payroll,Vote parent cultural.,219362.37,8,,Mobile Money,TXN-0006110
6111,2024-12-13,EXPENSE,Equipment,Practice recent market.,335678.53,4,17.0,Bank Transfer,TXN-0006111
6112,2025-06-21,EXPENSE,Travel,Alone raise activity.,167703.04,2,,Debit Card,TXN-0006112
6113,2025-03-10,INCOME,Service Revenue,Sister dinner as fast customer loss.,389819.0,4,41.0,Debit Card,TXN-0006113
6114,2025-02-01,EXPENSE,Professional Services,Yeah dark offer understand myself.,388006.96,3,,Debit Card,TXN-0006114
6115,2024-08-13,INCOME,Subscription Revenue,Themselves any news.,813079.35,4,66.0,Mobile Money,TXN-0006115
6116,2024-09-26,EXPENSE,Software,Finish point campaign since.,20725.35,5,,Debit Card,TXN-0006116
6117,2024-11-11,EXPENSE,Utilities,Rise budget tell meet a.,248289.56,5,,Credit Card,TXN-0006117
6118,2024-03-12,EXPENSE,Rent,Sometimes top understand operation.,399483.08,2,,Mobile Money,TXN-0006118
6119,2025-07-06,EXPENSE,Professional Services,And some only do talk.,473108.44,7,16.0,Mobile Money,TXN-0006119
6120,2025-08-02,INCOME,Service Revenue,Hard reality degree.,160476.67,6,,Cash,TXN-0006120
6121,2024-01-10,INCOME,Service Revenue,Other so win.,408825.24,10,17.0,Bank Transfer,TXN-0006121
6122,2025-10-18,EXPENSE,Insurance,East seat available father.,307692.08,9,74.0,Cash,TXN-0006122
6123,2024-12-16,INCOME,Subscription Revenue,Need individual buy often campaign able.,559635.56,3,107.0,Credit Card,TXN-0006123
6124,2025-04-12,EXPENSE,Software,Firm each loss factor.,265358.62,3,73.0,Credit Card,TXN-0006124
6125,2024-02-24,INCOME,Consulting Revenue,Down eight watch.,909487.54,3,155.0,Bank Transfer,TXN-0006125
6126,2024-01-25,INCOME,Consulting Revenue,White perhaps phone.,639542.77,3,3.0,Debit Card,TXN-0006126
6127,2024-10-11,EXPENSE,Equipment,Pm politics see.,392264.0,8,,Bank Transfer,TXN-0006127
6128,2024-12-12,EXPENSE,Equipment,Idea paper rule time.,54907.22,3,,Bank Transfer,TXN-0006128
6129,2025-01-26,EXPENSE,Office Supplies,Account task trouble.,151594.98,2,160.0,Credit Card,TXN-0006129
6130,2024-01-18,EXPENSE,Insurance,Scientist floor maintain bag seek become.,416516.27,10,,Cash,TXN-0006130
6131,2025-03-28,INCOME,Sales Revenue,Cause treatment reason easy camera until.,440916.88,7,,Mobile Money,TXN-0006131
6132,2025-02-28,EXPENSE,Rent,Accept customer bit respond.,383052.41,3,,Mobile Money,TXN-0006132
6133,2024-07-22,EXPENSE,Maintenance,Campaign conference federal quickly.,277843.58,5,,Debit Card,TXN-0006133
6134,2025-03-16,INCOME,Sales Revenue,Happen mother develop.,450951.74,7,,Mobile Money,TXN-0006134
6135,2024-09-27,INCOME,Consulting Revenue,Research first space.,496707.42,7,,Cash,TXN-0006135
6136,2024-06-16,INCOME,Other Income,Radio billion have source.,461584.04,7,,Mobile Money,TXN-0006136
6137,2024-11-20,EXPENSE,Equipment,Agent recognize whether involve.,184434.27,1,82.0,Mobile Money,TXN-0006137
6138,2025-05-08,EXPENSE,Professional Services,All follow view benefit movie low.,349445.46,7,,Debit Card,TXN-0006138
6139,2024-04-14,EXPENSE,Insurance,True image security threat.,92455.1,5,,Mobile Money,TXN-0006139
6140,2024-09-25,EXPENSE,Travel,Between avoid hour never.,148161.38,8,,Credit Card,TXN-0006140
6141,2024-06-11,INCOME,Sales Revenue,Suffer war administration than set your.,199656.22,7,,Debit Card,TXN-0006141
6142,2025-05-06,EXPENSE,Marketing,Material response style bit marriage look.,485337.5,9,249.0,Credit Card,TXN-0006142
6143,2025-07-07,EXPENSE,Marketing,Democrat force water blood entire wife.,438719.23,1,,Mobile Money,TXN-0006143
6144,2025-12-12,EXPENSE,Office Supplies,Or modern dream everything.,477441.04,6,253.0,Bank Transfer,TXN-0006144
6145,2025-11-17,EXPENSE,Professional Services,That part million often center force.,68116.01,8,,Cash,TXN-0006145
6146,2025-11-16,INCOME,Sales Revenue,Nature discuss manage interest.,808998.12,1,26.0,Credit Card,TXN-0006146
6147,2024-01-05,INCOME,Service Revenue,Field institution wall.,208764.33,8,,Bank Transfer,TXN-0006147
6148,2025-11-20,EXPENSE,Logistics,Give beyond news leader card stage should.,46941.54,2,,Credit Card,TXN-0006148
6149,2025-09-07,INCOME,Other Income,Develop race including best capital section.,547839.14,1,,Cash,TXN-0006149
6150,2024-10-31,INCOME,Consulting Revenue,Resource exist experience hot share.,19705.29,7,,Mobile Money,TXN-0006150
6151,2025-09-24,INCOME,Sales Revenue,Through environment produce arrive air fact.,60285.32,4,274.0,Debit Card,TXN-0006151
6152,2025-02-25,INCOME,Other Income,Talk public analysis allow paper.,63304.56,7,,Mobile Money,TXN-0006152
6153,2024-05-27,INCOME,Subscription Revenue,Each senior because receive best.,148784.28,10,,Bank Transfer,TXN-0006153
6154,2024-07-06,EXPENSE,Maintenance,Camera even agent tell brother much.,211499.3,2,,Bank Transfer,TXN-0006154
6155,2025-11-27,INCOME,Subscription Revenue,Discussion development nature animal executive.,326023.15,5,,Credit Card,TXN-0006155
6156,2025-02-10,EXPENSE,Travel,A relationship everyone our beyond fast.,82977.86,2,,Bank Transfer,TXN-0006156
6157,2024-01-01,EXPENSE,Office Supplies,Build turn traditional treat kind draw.,277905.36,8,,Cash,TXN-0006157
6158,2024-10-12,EXPENSE,Rent,Man single indicate nothing personal.,383828.94,1,,Debit Card,TXN-0006158
6159,2024-09-28,INCOME,Consulting Revenue,Impact leave car move total.,65447.22,10,175.0,Mobile Money,TXN-0006159
6160,2024-02-13,EXPENSE,Logistics,Perhaps particularly reality tell next certain.,104270.63,2,166.0,Debit Card,TXN-0006160
6161,2025-04-03,EXPENSE,Office Supplies,Must from four available production act.,484794.38,4,,Mobile Money,TXN-0006161
6162,2025-10-29,INCOME,Service Revenue,Move notice him mother.,498517.05,7,20.0,Mobile Money,TXN-0006162
6163,2025-12-07,INCOME,Service Revenue,Although by yes.,475124.15,7,,Cash,TXN-0006163
6164,2024-01-01,INCOME,Sales Revenue,Foreign figure me land mouth produce.,440024.69,10,,Mobile Money,TXN-0006164
6165,2024-09-12,INCOME,Other Income,Third better something last themselves.,23970.58,7,,Bank Transfer,TXN-0006165
6166,2025-05-13,INCOME,Consulting Revenue,Change north relate environmental up.,595812.22,4,,Cash,TXN-0006166
6167,2025-12-13,EXPENSE,Payroll,Son why manage tough bad crime.,490229.33,5,,Cash,TXN-0006167
6168,2024-04-18,INCOME,Subscription Revenue,Person sound important.,94567.12,10,287.0,Mobile Money,TXN-0006168
6169,2025-05-12,EXPENSE,Insurance,Teacher story major.,440923.98,7,,Credit Card,TXN-0006169
6170,2025-02-05,EXPENSE,Software,People every human line.,459450.92,8,,Bank Transfer,TXN-0006170
6171,2024-05-07,EXPENSE,Travel,First agree interest relate.,359816.32,1,,Cash,TXN-0006171
6172,2024-04-24,INCOME,Subscription Revenue,Red early during enter economy.,34785.35,7,7.0,Cash,TXN-0006172
6173,2025-10-21,EXPENSE,Maintenance,Company firm yard American process family.,378179.28,2,,Cash,TXN-0006173
6174,2024-05-17,INCOME,Service Revenue,Article land visit.,929650.24,4,103.0,Debit Card,TXN-0006174
6175,2025-09-02,INCOME,Service Revenue,Population early ever image.,538750.66,5,,Credit Card,TXN-0006175
6176,2024-09-02,INCOME,Subscription Revenue,Quickly rock glass watch important create.,265175.04,5,,Cash,TXN-0006176
6177,2025-04-16,INCOME,Consulting Revenue,And miss age style bank especially.,589227.74,5,,Bank Transfer,TXN-0006177
6178,2025-06-05,EXPENSE,Marketing,Member stay model let.,318122.89,7,,Debit Card,TXN-0006178
6179,2025-03-14,EXPENSE,Payroll,Foreign author value smile.,55546.48,7,,Bank Transfer,TXN-0006179
6180,2025-01-18,EXPENSE,Maintenance,Late herself art clear.,413694.63,5,,Mobile Money,TXN-0006180
6181,2024-04-16,EXPENSE,Payroll,Consumer production stage.,489088.55,1,,Cash,TXN-0006181
6182,2025-12-28,EXPENSE,Utilities,Range blue season admit the.,70446.73,8,,Mobile Money,TXN-0006182
6183,2024-07-30,INCOME,Other Income,Hour forget yes PM person source.,535669.02,3,,Debit Card,TXN-0006183
6184,2025-10-26,EXPENSE,Payroll,Method find someone might nor.,446205.15,8,244.0,Bank Transfer,TXN-0006184
6185,2024-05-08,EXPENSE,Professional Services,Space last story.,175341.33,7,,Bank Transfer,TXN-0006185
6186,2024-10-01,EXPENSE,Rent,Argue computer science join next.,387857.78,1,58.0,Cash,TXN-0006186
6187,2025-09-21,EXPENSE,Payroll,With buy admit TV.,223432.04,7,,Mobile Money,TXN-0006187
6188,2025-01-10,INCOME,Consulting Revenue,Key wonder technology.,692693.18,7,,Bank Transfer,TXN-0006188
6189,2025-08-24,EXPENSE,Equipment,Wait throw analysis.,35602.8,5,,Credit Card,TXN-0006189
6190,2025-01-23,INCOME,Other Income,Our fish central almost special stage.,353352.31,3,,Bank Transfer,TXN-0006190
6191,2024-05-10,EXPENSE,Marketing,Majority news pay beat.,251448.73,1,56.0,Debit Card,TXN-0006191
6192,2025-06-03,INCOME,Service Revenue,Very but important theory teach meet.,814887.28,5,,Mobile Money,TXN-0006192
6193,2025-04-01,EXPENSE,Insurance,Current pressure case leave military reality.,172565.71,2,271.0,Bank Transfer,TXN-0006193
6194,2025-12-20,EXPENSE,Insurance,Scene necessary spring.,11915.54,5,,Mobile Money,TXN-0006194
6195,2024-03-16,INCOME,Consulting Revenue,Send tonight weight response gun.,688905.48,1,,Credit Card,TXN-0006195
6196,2025-08-17,EXPENSE,Professional Services,Kind condition five.,477346.04,3,,Mobile Money,TXN-0006196
6197,2025-10-07,INCOME,Sales Revenue,Until break your shoulder.,114555.35,2,,Cash,TXN-0006197
6198,2025-03-27,INCOME,Consulting Revenue,Store mouth health out now against.,526822.67,9,,Cash,TXN-0006198
6199,2025-04-15,EXPENSE,Equipment,Dog hair partner measure edge.,316982.17,3,,Credit Card,TXN-0006199
6200,2025-09-23,INCOME,Service Revenue,Interview dark particularly city the.,990789.3,5,,Mobile Money,TXN-0006200
6201,2024-12-27,INCOME,Other Income,How somebody heavy their.,78267.19,9,173.0,Credit Card,TXN-0006201
6202,2024-04-23,INCOME,Other Income,Age letter rise method.,665563.2,9,,Credit Card,TXN-0006202
6203,2025-08-06,INCOME,Other Income,Six enter let Mr against language.,226056.01,2,,Credit Card,TXN-0006203
6204,2024-03-21,EXPENSE,Utilities,Government term because ever page finish.,40577.94,5,,Cash,TXN-0006204
6205,2024-11-30,EXPENSE,Logistics,Also serve good ever tax.,364798.28,1,,Cash,TXN-0006205
6206,2025-10-16,EXPENSE,Logistics,Career leave worry card.,286176.3,9,,Credit Card,TXN-0006206
6207,2024-03-13,INCOME,Service Revenue,Realize several happen.,27128.24,1,,Credit Card,TXN-0006207
6208,2024-07-16,EXPENSE,Travel,Might through learn card will old.,123003.97,3,,Debit Card,TXN-0006208
6209,2025-08-04,INCOME,Sales Revenue,Find stuff guess.,930007.23,10,,Cash,TXN-0006209
6210,2024-01-10,INCOME,Subscription Revenue,Drug car include cultural single at.,699267.3,9,,Bank Transfer,TXN-0006210
6211,2024-02-18,INCOME,Consulting Revenue,Fine program be money PM.,576186.84,2,,Cash,TXN-0006211
6212,2024-04-11,EXPENSE,Travel,And name husband before.,90116.92,4,4.0,Cash,TXN-0006212
6213,2024-12-18,INCOME,Sales Revenue,Bill poor anyone beautiful.,537820.2,8,215.0,Cash,TXN-0006213
6214,2025-08-12,EXPENSE,Insurance,Woman feeling want.,99353.5,10,140.0,Bank Transfer,TXN-0006214
6215,2025-03-18,INCOME,Subscription Revenue,Outside specific benefit.,181081.63,9,,Bank Transfer,TXN-0006215
6216,2025-10-06,EXPENSE,Insurance,Every involve analysis job care just.,397716.48,8,88.0,Cash,TXN-0006216
6217,2025-12-10,INCOME,Other Income,Story tax suggest.,469106.59,6,,Bank Transfer,TXN-0006217
6218,2025-02-24,EXPENSE,Marketing,Chance put response main full measure.,38014.55,9,,Bank Transfer,TXN-0006218
6219,2025-07-27,EXPENSE,Software,Class reduce when simply whatever star.,321864.87,6,,Debit Card,TXN-0006219
6220,2025-07-25,INCOME,Sales Revenue,Specific end reflect need bank century.,59674.43,3,,Mobile Money,TXN-0006220
6221,2024-08-19,INCOME,Sales Revenue,Pretty story cost address.,460054.07,8,,Credit Card,TXN-0006221
6222,2025-01-25,EXPENSE,Payroll,High box cell.,464693.76,5,,Bank Transfer,TXN-0006222
6223,2025-10-11,EXPENSE,Logistics,Task couple nature early seat.,326378.36,2,,Cash,TXN-0006223
6224,2025-01-21,EXPENSE,Insurance,Ground husband wish open cost decide.,56364.86,5,,Credit Card,TXN-0006224
6225,2025-10-22,EXPENSE,Utilities,Worker seven bag professional crime.,254016.03,10,124.0,Bank Transfer,TXN-0006225
6226,2024-10-16,EXPENSE,Travel,Return eat care skill.,338341.25,5,,Credit Card,TXN-0006226
6227,2025-07-10,EXPENSE,Travel,Wide resource partner set include grow.,206936.42,9,,Mobile Money,TXN-0006227
6228,2024-12-20,EXPENSE,Equipment,Approach major region threat.,411279.35,2,191.0,Mobile Money,TXN-0006228
6229,2025-10-03,INCOME,Sales Revenue,Available issue success member.,102603.96,1,,Credit Card,TXN-0006229
6230,2024-09-01,INCOME,Subscription Revenue,Stage run free cost military push.,238605.08,9,,Mobile Money,TXN-0006230
6231,2025-04-11,EXPENSE,Software,Production safe available try.,334556.25,8,,Cash,TXN-0006231
6232,2025-09-05,INCOME,Consulting Revenue,Only seat he last question as.,487707.53,10,136.0,Bank Transfer,TXN-0006232
6233,2025-03-11,EXPENSE,Insurance,May possible draw necessary ago.,209704.0,6,197.0,Mobile Money,TXN-0006233
6234,2024-10-09,EXPENSE,Logistics,Develop door movement student trial.,473206.41,4,,Credit Card,TXN-0006234
6235,2024-09-29,EXPENSE,Marketing,His war sing top approach.,172922.44,10,,Bank Transfer,TXN-0006235
6236,2024-01-22,EXPENSE,Office Supplies,Former PM type report responsibility.,172795.73,4,61.0,Debit Card,TXN-0006236
6237,2024-03-28,INCOME,Sales Revenue,He finish remember agent.,40030.44,10,,Bank Transfer,TXN-0006237
6238,2025-02-09,INCOME,Other Income,Major cell box interest.,531781.67,5,,Mobile Money,TXN-0006238
6239,2024-09-03,INCOME,Sales Revenue,Admit face knowledge agency.,105960.0,4,,Cash,TXN-0006239
6240,2025-09-02,INCOME,Subscription Revenue,Notice choose week last able.,869097.31,2,48.0,Credit Card,TXN-0006240
6241,2025-09-30,INCOME,Consulting Revenue,Growth garden occur clear.,720764.52,10,244.0,Cash,TXN-0006241
6242,2025-07-24,EXPENSE,Equipment,Late company something.,113661.24,5,,Debit Card,TXN-0006242
6243,2024-12-21,EXPENSE,Equipment,Out likely available with light.,273872.56,2,,Mobile Money,TXN-0006243
6244,2025-06-05,INCOME,Service Revenue,Box wear science follow everyone add.,892653.33,1,228.0,Credit Card,TXN-0006244
6245,2025-02-01,EXPENSE,Professional Services,Key TV her call wonder rock.,390129.92,6,,Bank Transfer,TXN-0006245
6246,2024-01-14,EXPENSE,Software,Want alone night mention.,32806.5,9,,Bank Transfer,TXN-0006246
6247,2025-06-04,EXPENSE,Professional Services,Our person physical campaign.,248016.33,9,219.0,Cash,TXN-0006247
6248,2025-07-07,INCOME,Sales Revenue,Age member low.,297756.29,5,,Debit Card,TXN-0006248
6249,2025-07-30,EXPENSE,Professional Services,They team there.,175918.83,4,23.0,Credit Card,TXN-0006249
6250,2024-11-05,EXPENSE,Equipment,Worry get appear prepare.,477476.7,10,,Debit Card,TXN-0006250
6251,2024-08-16,EXPENSE,Marketing,Professional really wife owner point.,237724.55,8,,Debit Card,TXN-0006251
6252,2024-07-17,EXPENSE,Utilities,North as key put.,88787.85,6,,Cash,TXN-0006252
6253,2024-12-11,INCOME,Subscription Revenue,Conference listen anyone one worry.,351645.59,10,,Cash,TXN-0006253
6254,2024-07-26,INCOME,Subscription Revenue,Within experience main tonight.,258990.21,2,,Debit Card,TXN-0006254
6255,2025-01-02,EXPENSE,Equipment,Detail animal energy music fish anyone.,409652.05,7,,Debit Card,TXN-0006255
6256,2024-08-14,EXPENSE,Marketing,Prove toward into nice economy.,222863.76,3,,Debit Card,TXN-0006256
6257,2024-08-18,EXPENSE,Marketing,Address office big military throughout successful throw.,436108.89,4,,Credit Card,TXN-0006257
6258,2025-12-13,INCOME,Service Revenue,Tv deal risk full.,196439.55,9,,Bank Transfer,TXN-0006258
6259,2024-08-02,INCOME,Other Income,Truth author data.,289258.36,10,,Debit Card,TXN-0006259
6260,2024-10-16,EXPENSE,Utilities,Bill produce actually move in.,24816.53,4,,Bank Transfer,TXN-0006260
6261,2025-11-28,INCOME,Service Revenue,Care fight dinner wish able.,676045.75,10,292.0,Debit Card,TXN-0006261
6262,2024-12-08,INCOME,Subscription Revenue,Government agency kid card program.,828576.48,5,,Bank Transfer,TXN-0006262
6263,2024-07-03,EXPENSE,Insurance,Trip job skin.,102109.24,5,,Bank Transfer,TXN-0006263
6264,2024-08-30,INCOME,Other Income,Paper officer fast standard.,718576.48,8,91.0,Debit Card,TXN-0006264
6265,2024-02-06,EXPENSE,Utilities,Watch operation TV idea why.,376624.96,10,,Credit Card,TXN-0006265
6266,2024-12-30,EXPENSE,Maintenance,Choice issue TV that.,229162.12,9,,Mobile Money,TXN-0006266
6267,2025-11-26,EXPENSE,Payroll,Wish that authority stop.,477918.63,5,,Mobile Money,TXN-0006267
6268,2025-01-05,EXPENSE,Office Supplies,Recent standard five tough seem.,457031.71,8,249.0,Cash,TXN-0006268
6269,2025-01-21,INCOME,Other Income,Condition actually peace care future.,703734.05,3,,Bank Transfer,TXN-0006269
6270,2024-12-17,EXPENSE,Rent,Simple loss be.,202783.73,9,,Mobile Money,TXN-0006270
6271,2025-06-22,INCOME,Other Income,Example operation which section.,504600.45,4,,Mobile Money,TXN-0006271
6272,2024-05-15,EXPENSE,Office Supplies,Concern able with tend mother.,338281.3,6,,Mobile Money,TXN-0006272
6273,2025-07-17,INCOME,Sales Revenue,Series believe maintain out decade.,94571.25,4,,Cash,TXN-0006273
6274,2025-06-04,INCOME,Other Income,He body bed fund down some.,388799.22,5,,Debit Card,TXN-0006274
6275,2025-05-02,INCOME,Service Revenue,Front collection important instead.,128675.03,3,,Bank Transfer,TXN-0006275
6276,2025-04-08,EXPENSE,Software,Politics ok fill book new.,466155.96,2,257.0,Credit Card,TXN-0006276
6277,2025-06-15,INCOME,Service Revenue,Whether owner oil environmental worker.,978253.99,3,,Bank Transfer,TXN-0006277
6278,2025-01-08,EXPENSE,Equipment,Order hold science grow clearly police.,2908.77,9,,Mobile Money,TXN-0006278
6279,2025-07-09,EXPENSE,Logistics,High never business son save section scientist.,221573.98,5,69.0,Debit Card,TXN-0006279
6280,2024-05-10,EXPENSE,Insurance,Song seven rule determine determine.,464939.42,1,,Bank Transfer,TXN-0006280
6281,2024-10-04,EXPENSE,Payroll,By land treatment hospital black.,311069.67,8,250.0,Cash,TXN-0006281
6282,2025-09-11,EXPENSE,Insurance,Pass nearly southern bad.,399523.78,9,82.0,Mobile Money,TXN-0006282
6283,2024-12-19,EXPENSE,Utilities,Hair kind watch.,37093.77,3,,Bank Transfer,TXN-0006283
6284,2024-12-22,EXPENSE,Maintenance,Sea might behavior music true forward.,479026.57,7,123.0,Credit Card,TXN-0006284
6285,2024-06-30,INCOME,Sales Revenue,Life young strategy message.,802307.9,7,,Credit Card,TXN-0006285
6286,2024-02-07,EXPENSE,Office Supplies,Fall country close peace herself sure.,194252.12,9,,Cash,TXN-0006286
6287,2025-03-30,EXPENSE,Professional Services,Friend shoulder take Mrs address state.,281935.06,2,,Bank Transfer,TXN-0006287
6288,2025-03-13,INCOME,Subscription Revenue,Station leg you hand.,236714.95,7,,Cash,TXN-0006288
6289,2024-04-28,EXPENSE,Professional Services,Health military course story.,449000.62,10,,Mobile Money,TXN-0006289
6290,2024-08-07,EXPENSE,Payroll,Born fact commercial open would rock.,219725.05,2,,Mobile Money,TXN-0006290
6291,2025-01-12,EXPENSE,Utilities,Everything thing involve method.,379088.57,2,,Cash,TXN-0006291
6292,2024-07-17,INCOME,Consulting Revenue,Language campaign stage free.,584774.49,1,111.0,Credit Card,TXN-0006292
6293,2025-01-15,EXPENSE,Utilities,Strong property four.,499291.93,3,,Credit Card,TXN-0006293
6294,2025-05-17,INCOME,Consulting Revenue,Several into plant president.,132097.06,10,,Bank Transfer,TXN-0006294
6295,2024-06-19,EXPENSE,Equipment,Five woman boy agree Democrat.,377542.97,8,220.0,Mobile Money,TXN-0006295
6296,2025-10-22,INCOME,Consulting Revenue,Medical teacher drop issue truth.,964005.28,10,133.0,Credit Card,TXN-0006296
6297,2025-05-04,EXPENSE,Insurance,Second anyone cover especially quickly.,207660.92,2,,Cash,TXN-0006297
6298,2024-07-10,EXPENSE,Rent,Race send most.,162699.01,9,,Bank Transfer,TXN-0006298
6299,2025-01-23,INCOME,Subscription Revenue,Stock article defense opportunity best.,114811.29,7,,Mobile Money,TXN-0006299
6300,2025-07-01,EXPENSE,Professional Services,Run resource word strong rule rather.,7303.26,5,,Cash,TXN-0006300
6301,2024-12-13,EXPENSE,Utilities,Eight number create part.,453913.03,6,,Cash,TXN-0006301
6302,2024-12-23,EXPENSE,Marketing,Maintain require expert commercial party.,379919.03,8,,Bank Transfer,TXN-0006302
6303,2025-07-30,EXPENSE,Marketing,Remain hospital information.,344012.56,10,,Credit Card,TXN-0006303
6304,2025-10-02,EXPENSE,Payroll,Somebody Mrs talk hear lawyer price.,342729.42,2,,Cash,TXN-0006304
6305,2024-07-21,INCOME,Other Income,Administration nature such foreign.,426365.74,5,162.0,Bank Transfer,TXN-0006305
6306,2025-09-20,INCOME,Service Revenue,Sign long business language run small.,710000.16,7,4.0,Cash,TXN-0006306
6307,2025-04-08,EXPENSE,Maintenance,Physical dream window including compare across.,68378.55,3,,Debit Card,TXN-0006307
6308,2025-01-16,EXPENSE,Software,Head I speak fight.,96365.98,10,,Credit Card,TXN-0006308
6309,2025-03-30,EXPENSE,Equipment,Ask record year.,357954.95,8,81.0,Mobile Money,TXN-0006309
6310,2025-11-22,EXPENSE,Travel,Economic white drop.,497695.13,3,,Mobile Money,TXN-0006310
6311,2025-04-20,EXPENSE,Professional Services,Might her without executive.,106645.68,2,,Credit Card,TXN-0006311
6312,2025-07-31,EXPENSE,Software,Try culture various drop assume so.,329633.65,8,,Debit Card,TXN-0006312
6313,2024-06-17,INCOME,Sales Revenue,Compare along field including appear garden.,997810.6,8,208.0,Credit Card,TXN-0006313
6314,2024-06-02,EXPENSE,Professional Services,Move rise traditional rise.,201030.92,5,,Debit Card,TXN-0006314
6315,2025-11-08,EXPENSE,Rent,Have size stand.,320774.34,7,,Bank Transfer,TXN-0006315
6316,2025-05-06,INCOME,Sales Revenue,Father kitchen example operation buy.,406829.42,7,,Bank Transfer,TXN-0006316
6317,2024-07-21,EXPENSE,Payroll,Wind foreign force structure party.,351167.25,8,156.0,Debit Card,TXN-0006317
6318,2024-01-24,INCOME,Consulting Revenue,Own board herself play age throughout.,872163.2,1,,Bank Transfer,TXN-0006318
6319,2024-03-22,INCOME,Consulting Revenue,Decide tend if gun never growth.,797834.18,1,,Bank Transfer,TXN-0006319
6320,2025-02-24,INCOME,Subscription Revenue,Need particular art everybody.,630375.68,10,,Debit Card,TXN-0006320
6321,2024-06-03,EXPENSE,Office Supplies,Someone hold try.,321148.17,4,,Credit Card,TXN-0006321
6322,2025-04-22,EXPENSE,Office Supplies,Teach perhaps condition.,237939.53,1,,Debit Card,TXN-0006322
6323,2024-02-09,INCOME,Service Revenue,Parent other from.,722775.61,1,,Mobile Money,TXN-0006323
6324,2025-12-16,EXPENSE,Equipment,Action movement fill discussion.,472128.67,3,,Bank Transfer,TXN-0006324
6325,2024-05-02,EXPENSE,Maintenance,Us industry simply.,258820.39,8,,Cash,TXN-0006325
6326,2025-07-21,EXPENSE,Travel,Open than admit use yes.,358704.98,9,,Bank Transfer,TXN-0006326
6327,2025-11-13,EXPENSE,Office Supplies,Meeting trade specific.,376190.39,8,,Bank Transfer,TXN-0006327
6328,2024-12-26,INCOME,Consulting Revenue,Result me couple popular door.,383179.49,1,,Mobile Money,TXN-0006328
6329,2024-12-12,EXPENSE,Travel,Effect animal sort dog.,53880.31,9,,Cash,TXN-0006329
6330,2025-11-18,INCOME,Service Revenue,Into positive medical why particular.,294038.73,1,,Mobile Money,TXN-0006330
6331,2025-03-01,EXPENSE,Utilities,Language education front.,158714.55,6,,Bank Transfer,TXN-0006331
6332,2025-03-08,EXPENSE,Professional Services,Bag fall necessary.,485940.57,5,,Mobile Money,TXN-0006332
6333,2025-05-14,EXPENSE,Payroll,Environment him by PM experience.,92152.28,5,,Bank Transfer,TXN-0006333
6334,2024-12-29,EXPENSE,Travel,Left full will campaign for.,83923.68,5,,Bank Transfer,TXN-0006334
6335,2025-11-01,EXPENSE,Office Supplies,Message five else technology meeting.,200879.54,5,,Bank Transfer,TXN-0006335
6336,2024-07-22,EXPENSE,Utilities,Physical list large identify chair.,356459.73,7,91.0,Credit Card,TXN-0006336
6337,2025-07-19,INCOME,Consulting Revenue,Attorney child admit.,909836.61,7,,Cash,TXN-0006337
6338,2025-10-19,EXPENSE,Equipment,Evening bed beat action sign land.,188340.78,5,143.0,Bank Transfer,TXN-0006338
6339,2025-10-16,EXPENSE,Insurance,Owner remember tonight eye who.,495179.99,2,,Cash,TXN-0006339
6340,2024-06-24,EXPENSE,Rent,Gas skill generation by computer ten.,269058.62,7,,Cash,TXN-0006340
6341,2025-09-26,EXPENSE,Travel,Surface call born.,204276.9,3,,Bank Transfer,TXN-0006341
6342,2024-03-03,EXPENSE,Payroll,Mind loss debate father campaign finally.,111940.53,7,,Debit Card,TXN-0006342
6343,2024-04-13,EXPENSE,Utilities,Child data onto.,86039.12,3,,Mobile Money,TXN-0006343
6344,2025-08-04,EXPENSE,Rent,History article woman meet size whose.,339469.15,5,,Mobile Money,TXN-0006344
6345,2024-12-28,EXPENSE,Insurance,May plant federal true manage action.,194135.21,5,,Credit Card,TXN-0006345
6346,2024-07-01,EXPENSE,Rent,Notice almost since thank.,127721.46,9,209.0,Credit Card,TXN-0006346
6347,2025-06-23,EXPENSE,Insurance,Say expect along.,380158.02,4,,Debit Card,TXN-0006347
6348,2025-05-11,EXPENSE,Utilities,Edge difficult type.,141564.27,8,112.0,Bank Transfer,TXN-0006348
6349,2024-06-28,EXPENSE,Maintenance,Board important inside throw career.,92176.09,2,299.0,Debit Card,TXN-0006349
6350,2024-05-12,INCOME,Consulting Revenue,Side describe again rest four ago.,222285.73,3,,Debit Card,TXN-0006350
6351,2025-10-27,INCOME,Subscription Revenue,Attack response study hotel two grow.,420351.2,3,,Bank Transfer,TXN-0006351
6352,2025-07-23,EXPENSE,Software,Live scientist bit walk practice.,196621.63,1,,Cash,TXN-0006352
6353,2025-08-27,INCOME,Service Revenue,Discover medical couple.,519874.58,6,,Bank Transfer,TXN-0006353
6354,2025-01-30,INCOME,Sales Revenue,Reduce product from customer during year.,717984.06,3,184.0,Bank Transfer,TXN-0006354
6355,2024-09-04,INCOME,Subscription Revenue,Together do where network.,878808.23,6,,Debit Card,TXN-0006355
6356,2025-02-01,EXPENSE,Professional Services,Rate that phone rock source.,491566.49,8,,Bank Transfer,TXN-0006356
6357,2025-05-02,EXPENSE,Utilities,Baby position hear employee response young.,446675.49,5,,Credit Card,TXN-0006357
6358,2025-06-24,EXPENSE,Insurance,Go far science send.,236387.76,5,,Cash,TXN-0006358
6359,2025-09-30,EXPENSE,Rent,Section part impact administration box.,403294.65,10,130.0,Cash,TXN-0006359
6360,2025-03-18,EXPENSE,Marketing,Bad party bank research.,190950.12,6,,Bank Transfer,TXN-0006360
6361,2024-11-15,EXPENSE,Maintenance,President hundred each usually form station.,251455.11,6,,Mobile Money,TXN-0006361
6362,2025-06-30,INCOME,Sales Revenue,Fly professor those full try.,868073.72,8,287.0,Bank Transfer,TXN-0006362
6363,2024-09-28,INCOME,Service Revenue,Mind from born war.,216802.62,5,,Cash,TXN-0006363
6364,2024-06-29,EXPENSE,Office Supplies,Reveal research board.,208246.3,9,163.0,Debit Card,TXN-0006364
6365,2024-08-13,INCOME,Other Income,I public author.,349997.25,10,,Cash,TXN-0006365
6366,2024-05-14,EXPENSE,Marketing,Notice whatever guess.,428435.56,6,,Mobile Money,TXN-0006366
6367,2024-11-10,INCOME,Sales Revenue,During southern west.,352887.39,3,,Debit Card,TXN-0006367
6368,2024-07-19,INCOME,Service Revenue,Positive role year think quickly real.,880578.07,3,,Bank Transfer,TXN-0006368
6369,2025-09-26,EXPENSE,Insurance,Drug couple tough.,44952.01,2,,Cash,TXN-0006369
6370,2024-11-01,EXPENSE,Marketing,Great exist perform politics.,307828.19,4,,Debit Card,TXN-0006370
6371,2024-01-14,EXPENSE,Maintenance,Bar avoid American.,319096.29,2,48.0,Debit Card,TXN-0006371
6372,2024-12-19,EXPENSE,Rent,Cover water economy role.,451445.51,1,133.0,Cash,TXN-0006372
6373,2025-03-17,EXPENSE,Utilities,Offer term pass impact.,399338.83,1,,Cash,TXN-0006373
6374,2024-05-10,EXPENSE,Equipment,Real area white police seat economy.,19157.06,8,,Debit Card,TXN-0006374
6375,2024-04-21,EXPENSE,Utilities,Myself product central structure available.,181546.6,6,,Credit Card,TXN-0006375
6376,2025-09-12,EXPENSE,Travel,Place boy war.,248867.91,5,,Cash,TXN-0006376
6377,2025-07-05,INCOME,Consulting Revenue,Only pull inside market far.,836395.99,8,,Debit Card,TXN-0006377
6378,2025-08-19,EXPENSE,Maintenance,Learn study attention.,435119.73,1,,Bank Transfer,TXN-0006378
6379,2025-07-15,EXPENSE,Insurance,Radio class wrong the sometimes range.,461784.11,1,,Cash,TXN-0006379
6380,2024-11-21,EXPENSE,Rent,Too produce let choose.,179773.32,1,,Credit Card,TXN-0006380
6381,2025-03-15,EXPENSE,Equipment,Him former different always.,382335.35,3,,Debit Card,TXN-0006381
6382,2024-09-06,EXPENSE,Rent,Indeed true own or.,117184.9,6,,Bank Transfer,TXN-0006382
6383,2025-08-22,EXPENSE,Rent,Themselves cost purpose.,120158.57,1,,Credit Card,TXN-0006383
6384,2024-07-31,INCOME,Subscription Revenue,Another senior fear young significant cell.,925563.35,7,,Mobile Money,TXN-0006384
6385,2025-06-15,EXPENSE,Insurance,Fear bank national.,460584.76,8,,Mobile Money,TXN-0006385
6386,2025-11-09,EXPENSE,Utilities,Direction thank will character personal.,29258.78,1,,Cash,TXN-0006386
6387,2024-09-29,EXPENSE,Utilities,Step way say run how think.,4830.66,3,,Cash,TXN-0006387
6388,2025-10-13,EXPENSE,Professional Services,Raise stock fall standard.,86381.29,5,,Cash,TXN-0006388
6389,2025-01-31,INCOME,Sales Revenue,Draw knowledge worry level.,347854.51,8,104.0,Debit Card,TXN-0006389
6390,2025-06-07,INCOME,Consulting Revenue,Blood building rather seem action magazine.,795045.08,2,,Bank Transfer,TXN-0006390
6391,2025-09-01,EXPENSE,Rent,Individual source success resource concern.,117388.79,6,,Bank Transfer,TXN-0006391
6392,2024-06-24,INCOME,Other Income,How moment large one employee.,234676.88,4,,Debit Card,TXN-0006392
6393,2024-11-07,EXPENSE,Travel,Full technology close under training.,122916.76,8,,Debit Card,TXN-0006393
6394,2024-12-31,INCOME,Service Revenue,Common know policy line experience.,408216.61,9,,Credit Card,TXN-0006394
6395,2024-02-12,EXPENSE,Maintenance,Tree idea trouble add.,469675.98,9,,Credit Card,TXN-0006395
6396,2024-04-08,EXPENSE,Payroll,Build environment room conference likely available.,326475.04,4,,Bank Transfer,TXN-0006396
6397,2024-07-25,EXPENSE,Software,Red east do.,69324.22,7,,Bank Transfer,TXN-0006397
6398,2024-08-15,EXPENSE,Software,Way people look short.,469136.21,7,,Debit Card,TXN-0006398
6399,2024-08-22,INCOME,Service Revenue,Several into stage significant.,833662.38,1,,Bank Transfer,TXN-0006399
6400,2024-10-01,EXPENSE,Equipment,Establish provide easy school actually moment.,285415.74,6,262.0,Credit Card,TXN-0006400
6401,2025-11-01,EXPENSE,Insurance,Feel environment region able not.,89046.42,3,,Credit Card,TXN-0006401
6402,2025-12-09,EXPENSE,Office Supplies,Public trip Mrs city.,19419.3,10,,Credit Card,TXN-0006402
6403,2024-10-11,EXPENSE,Marketing,Treat since view.,139968.14,2,243.0,Bank Transfer,TXN-0006403
6404,2025-04-17,EXPENSE,Maintenance,Serve above behind professional team.,96814.18,8,248.0,Debit Card,TXN-0006404
6405,2025-10-26,EXPENSE,Utilities,National professional view current travel station.,52992.59,3,298.0,Credit Card,TXN-0006405
6406,2025-01-08,EXPENSE,Maintenance,Nice difficult form discussion.,301170.89,4,,Cash,TXN-0006406
6407,2025-05-30,EXPENSE,Rent,Purpose old fish.,235562.85,10,,Debit Card,TXN-0006407
6408,2024-12-02,INCOME,Sales Revenue,Full seven throughout nearly support keep.,33285.68,4,,Cash,TXN-0006408
6409,2025-04-07,EXPENSE,Insurance,Him item yeah live contain beautiful.,260667.85,7,152.0,Bank Transfer,TXN-0006409
6410,2025-02-23,INCOME,Sales Revenue,Race sure walk thus front.,674737.94,8,,Mobile Money,TXN-0006410
6411,2024-01-09,EXPENSE,Travel,Recently skill role blood pass.,157035.48,8,,Mobile Money,TXN-0006411
6412,2024-11-19,INCOME,Subscription Revenue,Sound part would.,261038.69,3,212.0,Credit Card,TXN-0006412
6413,2025-11-28,EXPENSE,Software,Risk give under before.,34894.23,1,,Bank Transfer,TXN-0006413
6414,2025-01-17,INCOME,Other Income,Ball smile sort level few.,998683.97,5,,Credit Card,TXN-0006414
6415,2025-10-31,EXPENSE,Utilities,Often expect institution hot.,156516.53,5,71.0,Mobile Money,TXN-0006415
6416,2024-05-20,EXPENSE,Utilities,Wear cold specific act opportunity investment.,171963.54,7,,Credit Card,TXN-0006416
6417,2024-11-27,EXPENSE,Payroll,Half woman enter occur.,70500.79,3,,Cash,TXN-0006417
6418,2024-10-02,INCOME,Sales Revenue,Indicate life leg whose cup.,475604.86,5,55.0,Debit Card,TXN-0006418
6419,2024-12-02,EXPENSE,Equipment,One yard idea only success scene.,82639.0,8,,Credit Card,TXN-0006419
6420,2024-04-17,EXPENSE,Logistics,Land serve move.,252552.85,5,,Cash,TXN-0006420
6421,2024-07-30,INCOME,Service Revenue,Operation across away.,766383.67,2,,Mobile Money,TXN-0006421
6422,2025-02-22,EXPENSE,Rent,Realize under teach attack seek.,429176.86,1,,Bank Transfer,TXN-0006422
6423,2024-11-17,EXPENSE,Insurance,Chance best someone star newspaper.,292625.52,4,,Cash,TXN-0006423
6424,2025-01-27,EXPENSE,Rent,A mother bar.,34066.67,3,189.0,Bank Transfer,TXN-0006424
6425,2025-09-01,EXPENSE,Travel,Hear increase line animal.,323506.26,8,,Debit Card,TXN-0006425
6426,2025-07-12,INCOME,Sales Revenue,Move property best.,71467.52,6,,Credit Card,TXN-0006426
6427,2024-11-11,EXPENSE,Logistics,Wind finish let low station.,81727.09,3,,Mobile Money,TXN-0006427
6428,2024-02-03,INCOME,Service Revenue,Top build there dream adult.,229437.96,8,158.0,Debit Card,TXN-0006428
6429,2024-06-08,EXPENSE,Office Supplies,Exactly range only.,252327.25,4,,Mobile Money,TXN-0006429
6430,2025-12-29,EXPENSE,Payroll,Once officer in happy law.,292746.22,3,,Credit Card,TXN-0006430
6431,2025-01-16,INCOME,Consulting Revenue,Know suddenly tell college.,207243.03,8,,Debit Card,TXN-0006431
6432,2024-05-06,EXPENSE,Marketing,Himself every industry plant.,320613.96,8,148.0,Cash,TXN-0006432
6433,2025-09-23,INCOME,Consulting Revenue,Prove rise everything try defense.,130610.69,6,,Mobile Money,TXN-0006433
6434,2025-08-21,INCOME,Sales Revenue,American minute example assume finish.,329626.94,4,,Debit Card,TXN-0006434
6435,2025-06-13,EXPENSE,Software,Any listen commercial show test over.,271187.3,6,,Cash,TXN-0006435
6436,2024-11-25,INCOME,Other Income,Bit during situation attack.,570529.64,1,138.0,Mobile Money,TXN-0006436
6437,2025-03-08,EXPENSE,Travel,Whole color certain official control.,137479.29,10,,Cash,TXN-0006437
6438,2025-07-14,INCOME,Other Income,Suddenly news contain seem across yes.,761294.93,2,36.0,Credit Card,TXN-0006438
6439,2024-03-28,EXPENSE,Insurance,Store best senior.,410307.08,3,,Bank Transfer,TXN-0006439
6440,2024-02-28,EXPENSE,Utilities,Stay success somebody generation western under.,427693.47,7,232.0,Mobile Money,TXN-0006440
6441,2024-08-27,INCOME,Sales Revenue,Against boy today.,762147.21,10,,Bank Transfer,TXN-0006441
6442,2025-05-03,EXPENSE,Marketing,Meeting pick single development recent box.,396966.73,10,,Credit Card,TXN-0006442
6443,2024-12-28,INCOME,Sales Revenue,Hour hear return rest.,152046.87,6,,Credit Card,TXN-0006443
6444,2025-08-15,EXPENSE,Utilities,Together right even up.,1849.66,1,,Debit Card,TXN-0006444
6445,2025-01-08,EXPENSE,Payroll,Live let realize.,273703.28,9,,Bank Transfer,TXN-0006445
6446,2024-02-13,EXPENSE,Insurance,Prevent effect energy record five first.,146566.25,5,,Cash,TXN-0006446
6447,2025-04-01,EXPENSE,Rent,Likely decide color hundred.,271345.05,7,,Debit Card,TXN-0006447
6448,2024-06-17,EXPENSE,Logistics,Themselves pick success book.,39556.82,4,,Mobile Money,TXN-0006448
6449,2025-05-03,INCOME,Service Revenue,Outside arrive foot.,772888.77,10,,Mobile Money,TXN-0006449
6450,2025-06-06,INCOME,Subscription Revenue,Game drop air attention method minute.,577279.68,5,,Debit Card,TXN-0006450
6451,2024-08-18,EXPENSE,Software,Serve issue consumer.,347996.27,10,,Credit Card,TXN-0006451
6452,2024-05-05,INCOME,Consulting Revenue,Politics continue sense million.,527779.87,9,,Mobile Money,TXN-0006452
6453,2024-01-28,EXPENSE,Marketing,Generation view eye born Mrs.,184739.97,10,95.0,Cash,TXN-0006453
6454,2024-12-09,EXPENSE,Professional Services,Piece material total owner which air.,449903.1,3,,Credit Card,TXN-0006454
6455,2024-09-30,EXPENSE,Office Supplies,Speak music every wonder music.,461131.69,1,,Mobile Money,TXN-0006455
6456,2025-12-19,EXPENSE,Professional Services,Central certainly herself.,492129.99,3,,Bank Transfer,TXN-0006456
6457,2025-01-15,EXPENSE,Utilities,There tough black.,68510.48,1,282.0,Debit Card,TXN-0006457
6458,2024-06-24,INCOME,Consulting Revenue,Call short always ask east so.,937443.86,9,,Credit Card,TXN-0006458
6459,2024-11-24,INCOME,Service Revenue,Suggest drive share role seven with.,682488.07,9,,Cash,TXN-0006459
6460,2025-03-30,INCOME,Sales Revenue,Gas American general.,500000.8,6,,Cash,TXN-0006460
6461,2025-11-25,EXPENSE,Professional Services,Democrat smile theory chance politics financial.,103418.51,1,,Credit Card,TXN-0006461
6462,2025-01-28,EXPENSE,Professional Services,Every Mr save case deep never.,495066.93,7,,Bank Transfer,TXN-0006462
6463,2025-01-24,EXPENSE,Professional Services,Brother among source.,444792.42,4,,Mobile Money,TXN-0006463
6464,2024-04-30,EXPENSE,Marketing,Trial mother bed central news area energy.,278171.9,1,227.0,Bank Transfer,TXN-0006464
6465,2025-11-05,EXPENSE,Payroll,Size into news.,462643.14,10,,Mobile Money,TXN-0006465
6466,2025-03-07,EXPENSE,Rent,Imagine walk as subject happen.,45017.28,4,,Mobile Money,TXN-0006466
6467,2025-05-07,EXPENSE,Marketing,Interest town section someone significant.,99290.42,10,,Cash,TXN-0006467
6468,2025-09-25,EXPENSE,Rent,Himself allow billion situation.,462434.28,4,,Mobile Money,TXN-0006468
6469,2025-12-01,INCOME,Service Revenue,Congress allow newspaper both performance while.,628199.05,4,,Debit Card,TXN-0006469
6470,2024-05-13,INCOME,Other Income,Indeed visit bag.,855419.87,8,,Debit Card,TXN-0006470
6471,2024-03-27,INCOME,Other Income,None reflect rate.,282834.72,9,,Mobile Money,TXN-0006471
6472,2025-07-19,EXPENSE,Maintenance,News message region assume mind single.,3621.86,10,,Cash,TXN-0006472
6473,2024-11-04,EXPENSE,Maintenance,Leg staff value tonight least it.,31865.54,4,225.0,Cash,TXN-0006473
6474,2025-03-28,EXPENSE,Travel,Or return without suffer.,362570.25,2,,Debit Card,TXN-0006474
6475,2024-04-05,EXPENSE,Software,Fall decade thank its important executive.,480353.83,6,,Credit Card,TXN-0006475
6476,2025-11-09,EXPENSE,Utilities,Relationship bed later voice past on.,313582.39,6,,Debit Card,TXN-0006476
6477,2024-09-16,INCOME,Sales Revenue,Measure too make animal discuss.,761561.12,4,295.0,Mobile Money,TXN-0006477
6478,2025-06-09,EXPENSE,Maintenance,Her out team care fall.,238324.3,7,90.0,Mobile Money,TXN-0006478
6479,2025-12-11,EXPENSE,Professional Services,Her should health once.,28996.33,4,,Credit Card,TXN-0006479
6480,2024-02-09,INCOME,Sales Revenue,Her song doctor simply issue.,839847.83,6,,Cash,TXN-0006480
6481,2024-06-18,EXPENSE,Logistics,Teacher even recent church cut.,202684.87,1,65.0,Cash,TXN-0006481
6482,2024-08-26,EXPENSE,Insurance,Development public admit civil until.,367590.13,7,,Debit Card,TXN-0006482
6483,2024-11-30,INCOME,Subscription Revenue,Full until mean meeting above have.,32333.86,9,,Cash,TXN-0006483
6484,2025-06-29,EXPENSE,Office Supplies,Deal financial late.,196694.35,9,,Bank Transfer,TXN-0006484
6485,2025-12-20,EXPENSE,Professional Services,Attorney consumer truth on get military.,366413.99,6,21.0,Cash,TXN-0006485
6486,2025-08-22,INCOME,Subscription Revenue,Really relationship happen skill.,977035.98,2,,Cash,TXN-0006486
6487,2024-05-19,EXPENSE,Logistics,Yes continue government discover past nation.,334641.58,10,,Debit Card,TXN-0006487
6488,2024-01-09,INCOME,Service Revenue,Alone remain small current look bag.,93418.62,2,,Debit Card,TXN-0006488
6489,2025-07-25,INCOME,Subscription Revenue,Fear turn challenge watch conference score.,453564.23,4,,Mobile Money,TXN-0006489
6490,2025-10-24,INCOME,Other Income,Top produce full leg assume future.,730236.18,4,,Mobile Money,TXN-0006490
6491,2025-06-27,INCOME,Sales Revenue,Agency degree increase wall practice.,70205.21,8,,Bank Transfer,TXN-0006491
6492,2024-02-22,INCOME,Subscription Revenue,At stock care evidence third example.,851231.34,5,,Mobile Money,TXN-0006492
6493,2024-01-23,EXPENSE,Software,Thought blue mother free like yet.,477368.91,10,,Credit Card,TXN-0006493
6494,2024-10-16,INCOME,Other Income,Democrat section interesting to.,74435.08,3,,Debit Card,TXN-0006494
6495,2024-03-18,EXPENSE,Travel,Development which interview short opportunity avoid.,477705.46,2,,Debit Card,TXN-0006495
6496,2025-03-20,EXPENSE,Marketing,International fear home.,119537.22,4,,Credit Card,TXN-0006496
6497,2024-05-27,INCOME,Subscription Revenue,Soon bar but leader.,187816.6,1,232.0,Credit Card,TXN-0006497
6498,2025-05-31,EXPENSE,Logistics,Blue conference country part leader green.,154083.18,8,,Cash,TXN-0006498
6499,2024-07-07,EXPENSE,Utilities,Own mean about world.,363002.37,6,,Credit Card,TXN-0006499
6500,2024-12-02,INCOME,Consulting Revenue,Available suffer our.,333928.25,3,,Bank Transfer,TXN-0006500
6501,2025-01-19,EXPENSE,Office Supplies,Low understand heavy.,176003.58,3,,Debit Card,TXN-0006501
6502,2025-12-24,EXPENSE,Logistics,Wind walk operation example.,432782.73,1,,Credit Card,TXN-0006502
6503,2025-01-03,EXPENSE,Marketing,Cover edge firm likely eat.,413346.98,3,,Bank Transfer,TXN-0006503
6504,2025-03-02,EXPENSE,Office Supplies,Believe within lead style identify off.,27956.16,9,,Credit Card,TXN-0006504
6505,2024-11-08,EXPENSE,Utilities,See alone always activity head necessary.,420440.83,7,,Credit Card,TXN-0006505
6506,2025-02-01,EXPENSE,Travel,Important reality understand prevent Mrs east.,389887.42,7,181.0,Mobile Money,TXN-0006506
6507,2024-10-11,EXPENSE,Insurance,Experience food test development.,332137.77,2,,Credit Card,TXN-0006507
6508,2025-05-23,INCOME,Sales Revenue,Paper order none economy argue.,687916.36,1,,Bank Transfer,TXN-0006508
6509,2025-01-28,EXPENSE,Payroll,Federal during indeed speak.,300698.59,6,,Bank Transfer,TXN-0006509
6510,2024-04-10,EXPENSE,Travel,Address once physical.,452632.47,3,,Debit Card,TXN-0006510
6511,2025-08-30,INCOME,Sales Revenue,Large director store wait drop have.,993389.11,1,,Bank Transfer,TXN-0006511
6512,2024-02-08,INCOME,Subscription Revenue,If organization tree ask religious quickly.,81382.24,8,,Bank Transfer,TXN-0006512
6513,2025-03-26,INCOME,Other Income,I me able scene enter.,593488.65,4,142.0,Debit Card,TXN-0006513
6514,2025-03-21,INCOME,Service Revenue,Level two leader.,760496.89,4,,Bank Transfer,TXN-0006514
6515,2024-07-29,EXPENSE,Logistics,Thank oil provide white such.,250180.66,2,,Credit Card,TXN-0006515
6516,2025-11-26,EXPENSE,Maintenance,Wall smile your.,137859.54,3,,Debit Card,TXN-0006516
6517,2024-09-11,EXPENSE,Software,Sit real later bag agent visit.,219551.83,1,,Credit Card,TXN-0006517
6518,2025-12-25,INCOME,Consulting Revenue,Beat sometimes page box wear once.,883303.34,7,161.0,Bank Transfer,TXN-0006518
6519,2025-01-29,EXPENSE,Utilities,Network nearly the write ability material.,142617.91,2,,Mobile Money,TXN-0006519
6520,2025-11-21,EXPENSE,Utilities,Personal fast plant.,426270.99,2,,Mobile Money,TXN-0006520
6521,2024-02-20,EXPENSE,Software,Sure PM individual method animal key.,169365.45,9,13.0,Cash,TXN-0006521
6522,2025-04-22,INCOME,Sales Revenue,Public feel bad population indicate gas.,695563.81,5,,Bank Transfer,TXN-0006522
6523,2025-03-30,EXPENSE,Payroll,Role same decide.,154323.23,7,,Mobile Money,TXN-0006523
6524,2024-12-15,INCOME,Service Revenue,Energy husband business south type world.,225616.87,9,,Cash,TXN-0006524
6525,2025-05-01,EXPENSE,Office Supplies,Watch can every weight huge leader.,402173.47,3,,Credit Card,TXN-0006525
6526,2024-02-16,EXPENSE,Office Supplies,Role attack international fast.,356186.56,8,,Bank Transfer,TXN-0006526
6527,2024-02-08,EXPENSE,Payroll,Care unit result economy information.,410076.15,4,,Credit Card,TXN-0006527
6528,2025-09-06,EXPENSE,Utilities,Election fast some song.,248628.9,2,163.0,Cash,TXN-0006528
6529,2024-02-21,EXPENSE,Utilities,Alone car price.,339497.07,2,,Debit Card,TXN-0006529
6530,2025-12-28,EXPENSE,Travel,Head standard civil next.,280037.92,10,1.0,Cash,TXN-0006530
6531,2025-10-17,EXPENSE,Office Supplies,Music people about member.,7552.43,2,,Cash,TXN-0006531
6532,2024-12-23,EXPENSE,Rent,Happy course technology.,155048.79,2,93.0,Bank Transfer,TXN-0006532
6533,2024-05-10,EXPENSE,Equipment,Clearly wrong within of.,62177.33,10,,Bank Transfer,TXN-0006533
6534,2024-11-19,EXPENSE,Utilities,Goal instead expect to card.,25214.86,3,,Mobile Money,TXN-0006534
6535,2025-11-26,EXPENSE,Equipment,Training someone wait treatment happy too.,430204.56,10,,Cash,TXN-0006535
6536,2024-07-31,INCOME,Consulting Revenue,Scene radio skin state.,575665.05,4,120.0,Cash,TXN-0006536
6537,2025-07-23,EXPENSE,Maintenance,Crime listen minute what seem.,419729.82,9,186.0,Mobile Money,TXN-0006537
6538,2024-04-19,INCOME,Sales Revenue,Issue clearly alone life word.,546407.78,8,,Mobile Money,TXN-0006538
6539,2025-06-06,INCOME,Subscription Revenue,Role century decide common fast table.,116138.68,6,,Cash,TXN-0006539
6540,2024-01-26,EXPENSE,Equipment,Almost student their great what.,127105.64,3,135.0,Mobile Money,TXN-0006540
6541,2025-08-11,EXPENSE,Office Supplies,Sell size arm husband thousand.,54308.16,9,,Bank Transfer,TXN-0006541
6542,2024-02-07,INCOME,Other Income,Keep determine recently.,599351.51,7,101.0,Credit Card,TXN-0006542
6543,2025-04-29,EXPENSE,Travel,About theory garden season question speech.,98946.43,10,81.0,Bank Transfer,TXN-0006543
6544,2024-05-16,EXPENSE,Insurance,Actually which offer.,68371.34,1,178.0,Credit Card,TXN-0006544
6545,2024-07-05,INCOME,Service Revenue,Paper throughout federal.,544277.47,1,268.0,Cash,TXN-0006545
6546,2024-02-03,EXPENSE,Office Supplies,Customer push region month simple both.,371219.77,3,,Mobile Money,TXN-0006546
6547,2024-11-16,INCOME,Service Revenue,Growth say house.,348189.91,10,,Cash,TXN-0006547
6548,2025-07-22,EXPENSE,Equipment,Popular including decision nothing.,383857.36,4,,Credit Card,TXN-0006548
6549,2025-02-24,INCOME,Subscription Revenue,Thing finally option without media form.,573273.36,3,,Bank Transfer,TXN-0006549
6550,2025-11-14,EXPENSE,Insurance,Also stay source Mrs none.,185476.57,9,,Mobile Money,TXN-0006550
6551,2024-09-05,INCOME,Consulting Revenue,Address hot artist choose star.,236579.14,10,282.0,Debit Card,TXN-0006551
6552,2025-11-09,EXPENSE,Maintenance,Other make street perhaps reach wait.,106878.86,7,,Cash,TXN-0006552
6553,2024-09-04,EXPENSE,Equipment,Cold memory clearly six end TV.,354051.83,6,,Cash,TXN-0006553
6554,2024-10-25,EXPENSE,Utilities,Soon effort writer.,491994.51,5,,Credit Card,TXN-0006554
6555,2025-06-30,EXPENSE,Logistics,Agreement south arm ok.,247062.31,10,,Debit Card,TXN-0006555
6556,2024-03-10,EXPENSE,Professional Services,Degree huge never outside.,438769.74,3,25.0,Debit Card,TXN-0006556
6557,2024-11-25,EXPENSE,Equipment,Effort section job compare.,389273.74,9,,Cash,TXN-0006557
6558,2025-01-12,INCOME,Other Income,Western wife lawyer today on building.,437816.9,4,,Credit Card,TXN-0006558
6559,2025-02-15,EXPENSE,Marketing,Field those age develop couple hospital.,16869.15,9,,Mobile Money,TXN-0006559
6560,2024-02-23,EXPENSE,Utilities,Research address avoid probably.,82692.01,10,,Debit Card,TXN-0006560
6561,2024-02-26,EXPENSE,Utilities,Set population speak choose central become.,185749.12,1,,Bank Transfer,TXN-0006561
6562,2024-10-02,INCOME,Subscription Revenue,Thousand word drop herself.,727807.76,8,198.0,Mobile Money,TXN-0006562
6563,2025-04-27,INCOME,Subscription Revenue,People east believe force.,649121.43,3,,Debit Card,TXN-0006563
6564,2025-04-20,EXPENSE,Travel,Special need kid crime.,227670.35,1,,Cash,TXN-0006564
6565,2024-04-03,EXPENSE,Equipment,Sense relationship probably.,235819.32,6,34.0,Mobile Money,TXN-0006565
6566,2025-12-01,INCOME,Other Income,Full yard sign father.,163599.43,6,178.0,Debit Card,TXN-0006566
6567,2024-12-24,INCOME,Subscription Revenue,Center until than challenge ahead within collection.,946202.93,8,,Cash,TXN-0006567
6568,2025-03-24,INCOME,Service Revenue,Game dog involve herself.,839806.38,1,184.0,Mobile Money,TXN-0006568
6569,2024-08-11,EXPENSE,Logistics,Tonight place community time.,158948.67,4,130.0,Bank Transfer,TXN-0006569
6570,2024-12-22,EXPENSE,Maintenance,Employee church whole writer call.,139795.31,10,235.0,Credit Card,TXN-0006570
6571,2024-06-26,EXPENSE,Professional Services,Night provide teacher.,429131.08,8,,Debit Card,TXN-0006571
6572,2024-07-18,EXPENSE,Office Supplies,Research information go herself new teach.,114387.73,10,,Credit Card,TXN-0006572
6573,2024-10-06,INCOME,Service Revenue,Resource box despite future during already.,562980.2,5,,Credit Card,TXN-0006573
6574,2024-06-16,INCOME,Service Revenue,Somebody prepare however.,549314.86,1,242.0,Bank Transfer,TXN-0006574
6575,2024-07-25,INCOME,Service Revenue,Weight low least treat.,491919.41,2,,Bank Transfer,TXN-0006575
6576,2025-11-27,EXPENSE,Insurance,Trouble anything site.,405136.76,4,,Cash,TXN-0006576
6577,2025-09-15,EXPENSE,Maintenance,Though better long wonder identify.,172433.29,5,171.0,Mobile Money,TXN-0006577
6578,2025-05-06,EXPENSE,Utilities,Effect activity my town once grow.,67686.9,9,,Credit Card,TXN-0006578
6579,2025-11-21,EXPENSE,Travel,School marriage and.,377340.85,6,,Cash,TXN-0006579
6580,2024-06-22,EXPENSE,Rent,Factor just study.,126579.04,10,,Bank Transfer,TXN-0006580
6581,2024-02-29,EXPENSE,Utilities,Least public old entire see.,273951.38,8,120.0,Credit Card,TXN-0006581
6582,2025-03-27,INCOME,Other Income,Onto reach reality.,917345.7,1,,Credit Card,TXN-0006582
6583,2025-01-03,INCOME,Service Revenue,Myself still with wife.,311650.98,1,,Cash,TXN-0006583
6584,2025-04-11,EXPENSE,Maintenance,On bit method.,360302.31,4,,Cash,TXN-0006584
6585,2025-12-05,EXPENSE,Insurance,Manager young fine trouble.,118015.16,4,267.0,Mobile Money,TXN-0006585
6586,2025-02-24,INCOME,Service Revenue,Change through cold.,333204.64,9,282.0,Credit Card,TXN-0006586
6587,2025-09-06,EXPENSE,Payroll,Imagine society include positive soldier very.,467115.73,10,,Cash,TXN-0006587
6588,2025-11-04,EXPENSE,Utilities,Wide reduce management cause event.,142282.5,9,,Debit Card,TXN-0006588
6589,2025-12-09,EXPENSE,Software,Good safe continue manager.,34377.45,6,,Debit Card,TXN-0006589
6590,2025-09-25,EXPENSE,Marketing,Heavy song father east anyone.,422980.34,3,,Bank Transfer,TXN-0006590
6591,2024-10-17,INCOME,Service Revenue,Public board onto.,397564.07,8,269.0,Mobile Money,TXN-0006591
6592,2024-02-05,INCOME,Service Revenue,Pay life door remember method.,535128.48,1,,Cash,TXN-0006592
6593,2025-12-14,EXPENSE,Payroll,Final science drug.,55268.81,3,,Debit Card,TXN-0006593
6594,2025-06-27,EXPENSE,Office Supplies,See weight level look door game.,98607.62,8,,Cash,TXN-0006594
6595,2024-11-09,EXPENSE,Office Supplies,Do Republican able worker.,255645.03,5,,Bank Transfer,TXN-0006595
6596,2025-08-18,INCOME,Sales Revenue,Main call author.,207223.15,8,,Bank Transfer,TXN-0006596
6597,2024-04-13,EXPENSE,Payroll,Fine energy agent government only character.,55124.86,2,,Cash,TXN-0006597
6598,2025-06-29,EXPENSE,Rent,Never my raise view human.,393171.28,8,,Mobile Money,TXN-0006598
6599,2025-03-11,INCOME,Sales Revenue,Picture high question base.,509130.59,3,,Bank Transfer,TXN-0006599
6600,2025-07-20,EXPENSE,Equipment,Recognize early voice green.,83898.94,3,,Debit Card,TXN-0006600
6601,2025-07-12,EXPENSE,Travel,Lose institution any another turn.,36848.21,10,77.0,Credit Card,TXN-0006601
6602,2025-10-11,INCOME,Sales Revenue,Service especially people deep candidate.,228241.2,9,,Cash,TXN-0006602
6603,2024-11-10,EXPENSE,Maintenance,Must special project.,34938.96,7,,Bank Transfer,TXN-0006603
6604,2025-09-30,EXPENSE,Rent,Cold worry report.,308256.96,5,298.0,Debit Card,TXN-0006604
6605,2025-12-02,EXPENSE,Professional Services,Understand family cultural article.,80577.15,5,211.0,Cash,TXN-0006605
6606,2024-01-03,INCOME,Other Income,Under example box maybe environmental your.,956134.1,5,,Credit Card,TXN-0006606
6607,2024-01-18,EXPENSE,Payroll,Include fire set others.,482739.72,2,,Debit Card,TXN-0006607
6608,2024-12-07,INCOME,Consulting Revenue,Citizen treatment stand personal necessary born.,19249.48,4,,Debit Card,TXN-0006608
6609,2025-05-11,EXPENSE,Logistics,Tend spring road north sense.,412833.01,4,277.0,Bank Transfer,TXN-0006609
6610,2024-03-06,EXPENSE,Professional Services,Class free approach both.,362853.55,10,,Credit Card,TXN-0006610
6611,2025-08-03,INCOME,Subscription Revenue,Require find crime.,364086.83,4,,Bank Transfer,TXN-0006611
6612,2024-11-21,EXPENSE,Logistics,On because few.,85078.72,8,,Debit Card,TXN-0006612
6613,2025-08-09,EXPENSE,Maintenance,Assume research color single collection seven.,113338.28,7,294.0,Cash,TXN-0006613
6614,2024-11-07,EXPENSE,Professional Services,Cost up story car represent onto.,435725.85,1,,Credit Card,TXN-0006614
6615,2025-07-12,EXPENSE,Software,Their service during white wide.,93819.28,3,,Mobile Money,TXN-0006615
6616,2025-02-13,EXPENSE,Maintenance,Of firm charge whom.,81490.81,3,,Credit Card,TXN-0006616
6617,2024-03-28,EXPENSE,Insurance,Admit spring four.,475567.1,2,,Mobile Money,TXN-0006617
6618,2025-07-29,INCOME,Other Income,Animal industry station top guy.,72638.47,9,,Debit Card,TXN-0006618
6619,2024-05-16,EXPENSE,Professional Services,Throw until send.,253943.81,1,,Credit Card,TXN-0006619
6620,2024-05-16,INCOME,Consulting Revenue,Main early couple not.,22317.77,6,,Cash,TXN-0006620
6621,2025-03-06,INCOME,Consulting Revenue,Hour security smile use join itself.,186163.57,2,,Credit Card,TXN-0006621
6622,2025-12-12,EXPENSE,Logistics,Decide total forward director.,389876.52,6,,Mobile Money,TXN-0006622
6623,2025-05-06,INCOME,Consulting Revenue,Remain I movie this amount.,303789.97,1,,Cash,TXN-0006623
6624,2024-07-14,EXPENSE,Payroll,Research eye no energy attorney.,274759.6,4,175.0,Credit Card,TXN-0006624
6625,2024-04-29,INCOME,Other Income,Assume indicate space without.,93464.85,1,,Debit Card,TXN-0006625
6626,2024-05-01,EXPENSE,Software,Cold cover paper walk.,468810.42,7,,Credit Card,TXN-0006626
6627,2024-12-25,INCOME,Sales Revenue,National sing shake word.,35253.88,9,,Debit Card,TXN-0006627
6628,2024-07-06,EXPENSE,Office Supplies,Before inside campaign enough.,79080.86,5,12.0,Debit Card,TXN-0006628
6629,2024-07-16,INCOME,Consulting Revenue,Nation man sound smile call second.,470272.45,1,,Cash,TXN-0006629
6630,2024-01-27,EXPENSE,Travel,Price off nothing.,251034.39,6,39.0,Credit Card,TXN-0006630
6631,2025-07-06,EXPENSE,Marketing,Four music have about make.,148555.81,1,,Credit Card,TXN-0006631
6632,2024-08-28,INCOME,Sales Revenue,Matter run idea lawyer already.,847572.87,9,,Cash,TXN-0006632
6633,2025-11-11,EXPENSE,Professional Services,Green eight usually pretty.,162198.01,2,,Credit Card,TXN-0006633
6634,2025-05-06,INCOME,Other Income,Shoulder herself hot head.,304635.89,7,,Bank Transfer,TXN-0006634
6635,2025-10-23,INCOME,Other Income,Produce so agency try.,124911.05,3,251.0,Mobile Money,TXN-0006635
6636,2025-09-27,EXPENSE,Insurance,Explain discuss listen it I.,107811.89,6,,Mobile Money,TXN-0006636
6637,2024-10-22,EXPENSE,Equipment,Reach include meet most single.,68867.64,9,,Credit Card,TXN-0006637
6638,2024-11-02,EXPENSE,Payroll,Respond PM fact first.,247926.44,4,,Credit Card,TXN-0006638
6639,2024-03-23,INCOME,Consulting Revenue,Speech stop fine hand.,524446.13,8,,Mobile Money,TXN-0006639
6640,2024-08-08,EXPENSE,Rent,Difficult statement contain through blood.,60550.49,6,239.0,Mobile Money,TXN-0006640
6641,2025-11-07,INCOME,Subscription Revenue,Payment linked to inactive employee,847959.58,1,80.0,Mobile Money,TXN-0006641
6642,2024-04-11,EXPENSE,Maintenance,Democrat shoulder experience discussion.,422418.65,9,235.0,Credit Card,TXN-0006642
6643,2024-10-28,EXPENSE,Travel,Very without break join instead.,363501.61,10,,Cash,TXN-0006643
6644,2025-06-24,INCOME,Service Revenue,Listen best machine even.,35683.29,4,,Cash,TXN-0006644
6645,2025-05-18,EXPENSE,Utilities,Skin cut plant lay wish treat.,351316.32,8,,Debit Card,TXN-0006645
6646,2024-06-12,EXPENSE,Software,Teach offer design close.,480968.77,6,,Debit Card,TXN-0006646
6647,2025-08-01,EXPENSE,Insurance,Strategy foreign culture develop measure everything.,270627.42,9,,Bank Transfer,TXN-0006647
6648,2024-09-27,INCOME,Subscription Revenue,Middle join peace.,170921.94,10,158.0,Bank Transfer,TXN-0006648
6649,2024-06-27,EXPENSE,Rent,Notice everyone last.,260473.59,5,,Cash,TXN-0006649
6650,2025-03-20,EXPENSE,Rent,Argue campaign industry.,356860.17,5,,Bank Transfer,TXN-0006650
6651,2025-11-28,EXPENSE,Insurance,Lead morning reduce move.,250166.79,9,,Credit Card,TXN-0006651
6652,2025-01-06,INCOME,Consulting Revenue,Authority game laugh short direction.,766988.29,4,,Debit Card,TXN-0006652
6653,2025-12-19,EXPENSE,Payroll,Well place include land girl.,440763.08,8,,Cash,TXN-0006653
6654,2025-02-14,INCOME,Consulting Revenue,Natural tree television.,137091.83,4,,Debit Card,TXN-0006654
6655,2025-06-04,EXPENSE,Professional Services,Test report return test focus.,154236.01,4,,Cash,TXN-0006655
6656,2025-01-06,EXPENSE,Software,First college big magazine.,403987.52,6,,Cash,TXN-0006656
6657,2025-11-04,INCOME,Sales Revenue,Chair vote produce before skill after.,441224.63,6,,Debit Card,TXN-0006657
6658,2025-01-07,INCOME,Other Income,Cover occur too general approach beat.,816544.79,8,,Debit Card,TXN-0006658
6659,2024-08-11,EXPENSE,Office Supplies,Sister center life candidate.,64625.34,8,,Bank Transfer,TXN-0006659
6660,2024-09-10,INCOME,Service Revenue,Low money by career picture.,936453.41,2,,Credit Card,TXN-0006660
6661,2024-03-25,EXPENSE,Professional Services,Rather city money.,446433.69,1,,Credit Card,TXN-0006661
6662,2025-09-28,EXPENSE,Logistics,Often fill their risk issue scientist woman.,347080.84,9,,Cash,TXN-0006662
6663,2025-10-12,EXPENSE,Professional Services,Serve subject able song third hit.,397910.87,3,,Mobile Money,TXN-0006663
6664,2025-05-17,INCOME,Consulting Revenue,Talk white show.,147554.25,7,,Bank Transfer,TXN-0006664
6665,2024-06-21,INCOME,Other Income,Free light under dinner cause full.,294370.03,1,,Mobile Money,TXN-0006665
6666,2024-08-05,EXPENSE,Logistics,Travel society simple.,345953.57,8,,Mobile Money,TXN-0006666
6667,2025-01-08,INCOME,Service Revenue,Management modern work similar weight.,249804.43,7,248.0,Mobile Money,TXN-0006667
6668,2024-04-08,INCOME,Subscription Revenue,Public dark case.,733857.8,3,280.0,Debit Card,TXN-0006668
6669,2025-11-19,EXPENSE,Logistics,Again before art.,236182.83,3,,Bank Transfer,TXN-0006669
6670,2025-05-06,EXPENSE,Travel,Institution sense throughout trade.,352390.24,4,,Bank Transfer,TXN-0006670
6671,2024-06-10,EXPENSE,Maintenance,Run environment difference economy economic people.,148082.25,3,,Cash,TXN-0006671
6672,2024-05-12,EXPENSE,Logistics,Let democratic remember artist.,268059.59,10,,Cash,TXN-0006672
6673,2024-01-07,EXPENSE,Insurance,Continue attack particular mother.,27729.24,9,243.0,Debit Card,TXN-0006673
6674,2024-01-24,INCOME,Service Revenue,Kitchen up poor particularly debate manage.,716728.9,6,,Mobile Money,TXN-0006674
6675,2024-09-25,EXPENSE,Rent,Former voice partner debate page.,126428.0,2,,Credit Card,TXN-0006675
6676,2024-01-22,EXPENSE,Office Supplies,Machine life population campaign yard a.,423232.09,3,,Debit Card,TXN-0006676
6677,2024-07-23,EXPENSE,Utilities,Call action mind.,196663.58,10,242.0,Bank Transfer,TXN-0006677
6678,2025-06-20,INCOME,Other Income,Radio budget race wife property.,598647.15,2,,Mobile Money,TXN-0006678
6679,2025-09-21,EXPENSE,Payroll,Cover continue open generation your school.,11313.03,4,,Debit Card,TXN-0006679
6680,2025-03-01,EXPENSE,Equipment,Community front budget both technology thank.,264318.12,10,,Cash,TXN-0006680
6681,2025-06-29,EXPENSE,Utilities,If among interest.,300802.88,2,43.0,Cash,TXN-0006681
6682,2024-05-25,INCOME,Consulting Revenue,Tell group throughout project.,278833.07,6,,Debit Card,TXN-0006682
6683,2024-11-04,INCOME,Subscription Revenue,Black detail expert brother great situation.,871800.87,4,,Bank Transfer,TXN-0006683
6684,2025-08-30,EXPENSE,Professional Services,Rate according industry hold structure.,49654.93,5,,Cash,TXN-0006684
6685,2025-08-26,EXPENSE,Rent,Front computer every know respond.,398267.15,8,,Credit Card,TXN-0006685
6686,2024-01-15,INCOME,Consulting Revenue,Population operation consider leg world hour.,210846.77,8,75.0,Credit Card,TXN-0006686
6687,2024-01-14,INCOME,Consulting Revenue,Husband doctor place service who from.,762072.89,7,26.0,Mobile Money,TXN-0006687
6688,2024-05-14,INCOME,Subscription Revenue,Dream spend throughout.,820179.11,10,273.0,Debit Card,TXN-0006688
6689,2025-10-09,EXPENSE,Software,Week chair among of market.,87427.21,2,,Mobile Money,TXN-0006689
6690,2024-09-05,INCOME,Service Revenue,Short author interesting.,605507.81,7,136.0,Cash,TXN-0006690
6691,2025-11-08,EXPENSE,Marketing,Kid item reduce.,67751.46,4,,Cash,TXN-0006691
6692,2024-08-07,INCOME,Service Revenue,Movie yourself rate.,800696.03,3,,Cash,TXN-0006692
6693,2024-12-02,EXPENSE,Equipment,According sound during prepare.,111598.73,5,,Cash,TXN-0006693
6694,2024-10-29,INCOME,Consulting Revenue,Address range officer health bar sing.,120385.53,1,,Debit Card,TXN-0006694
6695,2025-11-07,INCOME,Other Income,Foot easy crime.,614966.58,1,116.0,Mobile Money,TXN-0006695
6696,2024-03-13,EXPENSE,Marketing,Card structure cover its third.,276077.9,8,,Mobile Money,TXN-0006696
6697,2024-10-05,EXPENSE,Insurance,Occur reason security about organization.,499914.18,8,174.0,Mobile Money,TXN-0006697
6698,2025-03-11,EXPENSE,Rent,Business get them season design hit control.,232597.49,8,,Mobile Money,TXN-0006698
6699,2025-05-17,EXPENSE,Software,Much main program.,423381.91,3,,Mobile Money,TXN-0006699
6700,2025-02-18,INCOME,Service Revenue,Until major she also especially.,86019.55,7,,Credit Card,TXN-0006700
6701,2025-04-03,INCOME,Sales Revenue,Participant oil network low week answer.,916625.32,7,,Mobile Money,TXN-0006701
6702,2024-06-15,EXPENSE,Equipment,Number night action call.,378201.09,6,,Credit Card,TXN-0006702
6703,2025-05-06,INCOME,Consulting Revenue,Card wonder agreement music song.,696233.95,8,,Mobile Money,TXN-0006703
6704,2025-03-13,EXPENSE,Equipment,Room significant feeling usually.,373656.88,4,,Cash,TXN-0006704
6705,2025-01-26,EXPENSE,Logistics,While draw note thank person one stand.,124643.35,9,,Mobile Money,TXN-0006705
6706,2025-06-27,INCOME,Sales Revenue,Hear country fine tonight health since.,840994.98,6,,Mobile Money,TXN-0006706
6707,2024-09-21,EXPENSE,Equipment,Sense necessary able while list.,241479.31,5,179.0,Bank Transfer,TXN-0006707
6708,2025-03-08,EXPENSE,Logistics,Unusually large expense transaction,848128.85,6,,Cash,TXN-0006708
6709,2025-03-22,EXPENSE,Utilities,Improve require successful security want population.,44338.72,6,,Credit Card,TXN-0006709
6710,2025-02-27,EXPENSE,Marketing,After as training fact law point.,228110.74,9,98.0,Mobile Money,TXN-0006710
6711,2025-01-12,INCOME,Other Income,Give reality bag stock.,20658.32,5,,Mobile Money,TXN-0006711
6712,2025-03-22,EXPENSE,Office Supplies,Trade red choose speech they.,450713.56,9,174.0,Bank Transfer,TXN-0006712
6713,2024-05-05,INCOME,Subscription Revenue,Say rock imagine production information into.,564795.99,3,,Mobile Money,TXN-0006713
6714,2024-08-04,INCOME,Sales Revenue,Probably increase TV back sing open.,271583.05,2,18.0,Credit Card,TXN-0006714
6715,2024-11-04,EXPENSE,Payroll,Several daughter sure worry agreement common.,225915.93,6,37.0,Credit Card,TXN-0006715
6716,2024-06-11,INCOME,Sales Revenue,Ball lose center control notice us.,83267.19,10,253.0,Mobile Money,TXN-0006716
6717,2024-03-10,INCOME,Subscription Revenue,Back Mrs agent person above.,549071.94,3,,Mobile Money,TXN-0006717
6718,2024-08-07,EXPENSE,Logistics,Sort focus imagine again need.,475531.31,8,,Bank Transfer,TXN-0006718
6719,2024-09-21,INCOME,Other Income,Finish size president write teach career.,736899.66,10,,Mobile Money,TXN-0006719
6720,2024-03-26,EXPENSE,Insurance,Through whole thing director under way.,437086.2,1,57.0,Bank Transfer,TXN-0006720
6721,2024-10-29,EXPENSE,Software,Activity much eye child.,424004.32,2,11.0,Mobile Money,TXN-0006721
6722,2024-08-01,EXPENSE,Equipment,Unusually large expense transaction,1875176.21,7,,Bank Transfer,TXN-0006722
6723,2024-07-28,EXPENSE,Equipment,Recently production firm continue book she.,380474.71,7,,Credit Card,TXN-0006723
6724,2024-09-01,INCOME,Service Revenue,End thought them.,461224.58,4,225.0,Debit Card,TXN-0006724
6725,2025-10-14,EXPENSE,Rent,Medical inside usually hospital author.,492781.44,2,228.0,Mobile Money,TXN-0006725
6726,2024-11-05,INCOME,Consulting Revenue,Money sure point.,254057.22,10,,Bank Transfer,TXN-0006726
6727,2025-06-22,INCOME,Consulting Revenue,Budget then customer task list.,99594.52,8,,Debit Card,TXN-0006727
6728,2025-08-22,EXPENSE,Payroll,Key agent owner remember share.,268412.54,1,72.0,Bank Transfer,TXN-0006728
6729,2025-10-14,EXPENSE,Logistics,Ground detail body.,99431.32,3,,Bank Transfer,TXN-0006729
6730,2025-05-16,INCOME,Other Income,Year on personal eight change.,535205.04,6,,Mobile Money,TXN-0006730
6731,2025-01-27,EXPENSE,Maintenance,Area world arm no.,29096.54,5,,Cash,TXN-0006731
6732,2024-05-02,EXPENSE,Utilities,Board same ability inside improve door.,497093.53,9,288.0,Mobile Money,TXN-0006732
6733,2024-12-10,INCOME,Consulting Revenue,Section direction through.,108748.66,2,,Cash,TXN-0006733
6734,2024-06-08,EXPENSE,Rent,Decade behind bit economy sort cost.,46435.18,9,53.0,Debit Card,TXN-0006734
6735,2025-01-09,INCOME,Service Revenue,Write size standard away spend.,866348.99,8,,Bank Transfer,TXN-0006735
6736,2025-10-29,INCOME,Consulting Revenue,Imagine reality high.,414466.83,1,,Mobile Money,TXN-0006736
6737,2025-01-28,INCOME,Other Income,Nor TV attorney.,953030.19,5,197.0,Credit Card,TXN-0006737
6738,2025-01-06,EXPENSE,Travel,Set beat idea safe born.,405740.97,10,,Mobile Money,TXN-0006738
6739,2024-03-17,INCOME,Other Income,Baby edge indicate project nature democratic.,38690.75,6,,Credit Card,TXN-0006739
6740,2025-07-06,INCOME,Sales Revenue,Walk nice yard.,773026.46,4,,Mobile Money,TXN-0006740
6741,2024-04-21,EXPENSE,Insurance,Parent network generation.,444233.43,6,119.0,Credit Card,TXN-0006741
6742,2024-08-27,INCOME,Service Revenue,Trip partner address laugh resource.,702282.45,2,,Bank Transfer,TXN-0006742
6743,2025-07-12,EXPENSE,Insurance,Remain drive stay traditional quickly.,201442.66,2,,Cash,TXN-0006743
6744,2024-04-20,EXPENSE,Professional Services,Fact offer give around husband story.,259649.26,10,,Debit Card,TXN-0006744
6745,2024-12-01,EXPENSE,Professional Services,Several class oil world perhaps scientist.,361595.74,10,,Mobile Money,TXN-0006745
6746,2025-02-06,EXPENSE,Professional Services,Accept mean laugh reason difficult.,344394.38,10,,Cash,TXN-0006746
6747,2025-03-13,EXPENSE,Rent,Wall low cultural.,365592.79,9,,Cash,TXN-0006747
6748,2025-03-25,EXPENSE,Equipment,Less military could rather.,218798.5,3,196.0,Credit Card,TXN-0006748
6749,2025-11-03,EXPENSE,Logistics,Decide consumer between.,315691.21,9,,Mobile Money,TXN-0006749
6750,2025-01-22,EXPENSE,Insurance,Woman key stage how second.,12880.5,1,,Bank Transfer,TXN-0006750
6751,2024-01-27,EXPENSE,Insurance,Stay whom hospital fast.,142987.61,3,,Mobile Money,TXN-0006751
6752,2025-01-08,EXPENSE,Utilities,Represent hear pass control impact create.,370731.16,3,26.0,Debit Card,TXN-0006752
6753,2024-07-11,EXPENSE,Software,Spring impact our.,289488.19,6,,Cash,TXN-0006753
6754,2024-10-04,EXPENSE,Maintenance,Now leave expect poor.,266918.18,6,89.0,Mobile Money,TXN-0006754
6755,2025-12-26,INCOME,Other Income,Cold long shake including kid.,188418.5,7,,Bank Transfer,TXN-0006755
6756,2024-09-25,EXPENSE,Maintenance,Hold feel reveal.,228480.42,7,3.0,Cash,TXN-0006756
6757,2024-05-11,INCOME,Subscription Revenue,Stock marriage know guy experience purpose.,732423.16,10,207.0,Bank Transfer,TXN-0006757
6758,2024-07-21,INCOME,Other Income,Later pick set visit western.,711424.39,1,,Debit Card,TXN-0006758
6759,2025-07-13,EXPENSE,Maintenance,Follow else family system.,30982.26,7,,Cash,TXN-0006759
6760,2024-04-02,INCOME,Service Revenue,Financial visit because rise group.,252638.2,4,,Credit Card,TXN-0006760
6761,2024-08-17,EXPENSE,Software,The himself whether.,343695.0,1,289.0,Mobile Money,TXN-0006761
6762,2025-07-13,INCOME,Sales Revenue,People painting enter raise likely between.,98873.24,3,73.0,Mobile Money,TXN-0006762
6763,2024-11-08,INCOME,Sales Revenue,Research data dinner deep a.,400411.74,2,,Bank Transfer,TXN-0006763
6764,2025-12-06,EXPENSE,Office Supplies,Seem right scientist.,499075.06,10,231.0,Credit Card,TXN-0006764
6765,2025-04-16,INCOME,Consulting Revenue,South contain recently.,908080.84,1,,Debit Card,TXN-0006765
6766,2024-03-16,EXPENSE,Office Supplies,That family population arrive.,160787.68,7,,Credit Card,TXN-0006766
6767,2025-03-31,EXPENSE,Equipment,Rule each skill fast through.,390673.0,7,78.0,Cash,TXN-0006767
6768,2024-03-12,EXPENSE,Maintenance,Television discover political team raise child.,212916.13,7,,Cash,TXN-0006768
6769,2025-02-20,INCOME,Subscription Revenue,Education station everyone.,284451.15,7,,Credit Card,TXN-0006769
6770,2024-12-27,EXPENSE,Logistics,Bed finally exist coach for.,312440.13,3,14.0,Bank Transfer,TXN-0006770
6771,2024-05-07,INCOME,Service Revenue,Week art soon.,646047.11,1,,Mobile Money,TXN-0006771
6772,2024-09-20,INCOME,Service Revenue,Course prevent cultural human however wait.,80612.45,2,,Credit Card,TXN-0006772
6773,2024-01-26,EXPENSE,Office Supplies,Open local performance.,195391.26,3,112.0,Credit Card,TXN-0006773
6774,2024-10-02,EXPENSE,Insurance,Alone water amount happen eight.,295925.77,6,,Debit Card,TXN-0006774
6775,2025-10-30,EXPENSE,Payroll,Rest subject business.,465016.5,6,,Debit Card,TXN-0006775
6776,2025-03-02,INCOME,Other Income,Month look fill enough.,684401.35,9,,Credit Card,TXN-0006776
6777,2024-04-28,INCOME,Subscription Revenue,Leave leave hundred after age.,462439.77,2,69.0,Credit Card,TXN-0006777
6778,2024-12-16,EXPENSE,Maintenance,Cover prove including central bad.,371754.64,1,,Credit Card,TXN-0006778
6779,2025-11-19,INCOME,Consulting Revenue,Describe occur successful or.,929645.81,5,,Credit Card,TXN-0006779
6780,2024-07-28,EXPENSE,Maintenance,Fast job artist measure great no.,42702.62,4,172.0,Cash,TXN-0006780
6781,2025-12-05,INCOME,Service Revenue,Would recently support what thus.,695265.98,7,,Cash,TXN-0006781
6782,2024-07-28,INCOME,Service Revenue,View memory anyone.,999653.53,2,,Cash,TXN-0006782
6783,2025-09-14,EXPENSE,Logistics,Who quite along.,194360.7,6,,Bank Transfer,TXN-0006783
6784,2024-05-22,INCOME,Sales Revenue,Eye only season time general public material.,767110.94,7,,Cash,TXN-0006784
6785,2024-05-30,EXPENSE,Logistics,Hotel fly member white.,438620.53,4,,Cash,TXN-0006785
6786,2024-01-01,EXPENSE,Equipment,Type bar those nearly cold.,314322.59,1,,Mobile Money,TXN-0006786
6787,2025-07-28,INCOME,Sales Revenue,Contain conference today.,675932.68,8,,Mobile Money,TXN-0006787
6788,2024-05-24,INCOME,Subscription Revenue,Size election art.,490159.21,4,,Bank Transfer,TXN-0006788
6789,2025-02-27,EXPENSE,Insurance,Focus available team.,273688.36,8,,Mobile Money,TXN-0006789
6790,2024-06-03,EXPENSE,Software,Century else within seat.,460772.37,4,,Mobile Money,TXN-0006790
6791,2025-08-26,EXPENSE,Maintenance,Leader several former evening today unit.,243621.51,1,,Credit Card,TXN-0006791
6792,2024-11-29,EXPENSE,Travel,Receive way note.,323735.74,3,9.0,Cash,TXN-0006792
6793,2024-12-07,EXPENSE,Office Supplies,Board take popular.,55218.85,10,,Credit Card,TXN-0006793
6794,2024-01-31,EXPENSE,Payroll,Computer reach security memory here baby.,473176.73,10,,Credit Card,TXN-0006794
6795,2025-03-28,EXPENSE,Travel,Board cut exactly choose owner.,67758.01,1,,Mobile Money,TXN-0006795
6796,2024-12-13,EXPENSE,Professional Services,Among follow mouth.,112878.75,6,,Credit Card,TXN-0006796
6797,2024-09-01,EXPENSE,Software,Ready good director would.,480640.11,6,,Cash,TXN-0006797
6798,2024-03-12,EXPENSE,Logistics,Hotel national week risk be.,351916.88,1,,Bank Transfer,TXN-0006798
6799,2025-11-05,EXPENSE,Equipment,Project not seven trial.,60112.19,1,,Mobile Money,TXN-0006799
6800,2024-06-13,EXPENSE,Rent,Participant box help rise art air.,413083.59,6,12.0,Bank Transfer,TXN-0006800
6801,2024-07-02,EXPENSE,Maintenance,Structure standard expert style.,311460.11,1,286.0,Mobile Money,TXN-0006801
6802,2025-12-15,INCOME,Consulting Revenue,Author science area.,873226.48,3,,Mobile Money,TXN-0006802
6803,2025-05-21,EXPENSE,Software,Son time eye occur.,400367.49,1,,Credit Card,TXN-0006803
6804,2024-06-16,EXPENSE,Maintenance,Debate everybody political.,419116.76,6,,Bank Transfer,TXN-0006804
6805,2024-07-11,EXPENSE,Professional Services,Similar trade in walk.,365846.3,4,,Debit Card,TXN-0006805
6806,2025-05-03,INCOME,Subscription Revenue,Board easy watch car wrong low.,993032.42,3,,Cash,TXN-0006806
6807,2025-07-27,EXPENSE,Payroll,Wait staff five newspaper.,428973.41,6,,Mobile Money,TXN-0006807
6808,2024-11-15,EXPENSE,Equipment,Nation soldier stage century lot fight.,495780.58,2,,Debit Card,TXN-0006808
6809,2024-01-30,EXPENSE,Software,Future focus describe field because computer.,189953.91,2,,Bank Transfer,TXN-0006809
6810,2024-02-07,EXPENSE,Marketing,Six not same say such close.,321832.27,9,,Debit Card,TXN-0006810
6811,2025-05-21,EXPENSE,Payroll,Cut free government.,242262.69,10,,Mobile Money,TXN-0006811
6812,2024-09-21,INCOME,Service Revenue,Several pressure begin south.,694835.48,6,283.0,Credit Card,TXN-0006812
6813,2024-06-19,EXPENSE,Insurance,Certain couple miss.,6194.77,9,110.0,Bank Transfer,TXN-0006813
6814,2025-08-03,INCOME,Sales Revenue,Food enough choose.,666292.85,3,,Bank Transfer,TXN-0006814
6815,2024-01-28,INCOME,Service Revenue,Accept knowledge last success city well.,777653.8,10,,Cash,TXN-0006815
6816,2025-01-21,EXPENSE,Travel,My bring imagine that piece.,81690.24,7,,Cash,TXN-0006816
6817,2025-12-20,INCOME,Subscription Revenue,Inside machine say evening.,547926.62,6,194.0,Mobile Money,TXN-0006817
6818,2025-05-06,EXPENSE,Payroll,Team the those tree.,293257.92,8,,Cash,TXN-0006818
6819,2025-04-05,EXPENSE,Logistics,Lay total wear.,19452.56,7,35.0,Credit Card,TXN-0006819
6820,2025-04-20,INCOME,Service Revenue,Economic full food note bed food.,940101.55,8,,Cash,TXN-0006820
6821,2025-04-29,EXPENSE,Insurance,Skill my mother.,359359.81,2,,Credit Card,TXN-0006821
6822,2024-10-17,EXPENSE,Equipment,Them her but indicate.,306085.17,8,,Credit Card,TXN-0006822
6823,2025-08-25,INCOME,Service Revenue,Service community money even try.,878347.81,4,,Cash,TXN-0006823
6824,2024-02-28,EXPENSE,Travel,Lawyer which population economy.,152960.05,5,,Bank Transfer,TXN-0006824
6825,2025-12-15,EXPENSE,Maintenance,Today tough purpose receive late.,379361.86,6,,Debit Card,TXN-0006825
6826,2024-11-24,EXPENSE,Professional Services,Change as hot.,408494.77,2,,Bank Transfer,TXN-0006826
6827,2024-09-22,INCOME,Consulting Revenue,Artist much main build less sort.,647191.92,5,,Bank Transfer,TXN-0006827
6828,2024-09-04,EXPENSE,Office Supplies,Debate bill agency page.,193690.81,2,,Bank Transfer,TXN-0006828
6829,2024-07-10,EXPENSE,Logistics,Picture decide rock family team direction.,448954.38,9,,Credit Card,TXN-0006829
6830,2025-02-14,INCOME,Service Revenue,Spend son move.,159616.31,9,194.0,Mobile Money,TXN-0006830
6831,2025-06-07,EXPENSE,Travel,Three issue information network book.,413083.43,2,,Mobile Money,TXN-0006831
6832,2024-09-30,EXPENSE,Rent,Notice game deep chair enough.,494673.73,8,32.0,Mobile Money,TXN-0006832
6833,2024-03-10,EXPENSE,Insurance,Medical often same prevent.,341450.75,6,150.0,Bank Transfer,TXN-0006833
6834,2025-10-20,EXPENSE,Equipment,Peace institution their culture suggest but.,144683.52,1,,Debit Card,TXN-0006834
6835,2024-05-20,EXPENSE,Software,Improve provide character become.,52412.35,3,,Credit Card,TXN-0006835
6836,2025-11-29,EXPENSE,Marketing,Item address every change vote seem.,311409.38,3,,Cash,TXN-0006836
6837,2025-07-03,EXPENSE,Utilities,Beat degree understand model visit.,422488.96,7,,Debit Card,TXN-0006837
6838,2025-03-10,EXPENSE,Payroll,Medical look rest simply beat left.,238373.52,5,,Credit Card,TXN-0006838
6839,2025-09-30,EXPENSE,Software,Step food blood.,398352.99,6,,Cash,TXN-0006839
6840,2024-04-04,EXPENSE,Utilities,Though mouth include back opportunity.,376850.74,4,256.0,Debit Card,TXN-0006840
6841,2024-06-20,EXPENSE,Office Supplies,Church traditional agent common especially.,112571.4,6,,Credit Card,TXN-0006841
6842,2025-04-02,EXPENSE,Office Supplies,Decide yet other ago trip.,274604.89,2,,Bank Transfer,TXN-0006842
6843,2024-01-07,EXPENSE,Travel,Speech fall compare both.,192235.43,8,,Mobile Money,TXN-0006843
6844,2025-04-06,EXPENSE,Payroll,While executive side.,334266.8,3,,Credit Card,TXN-0006844
6845,2025-06-11,INCOME,Subscription Revenue,Car decision drive without.,412453.18,1,,Debit Card,TXN-0006845
6846,2025-04-09,EXPENSE,Payroll,Student thus successful Republican above about.,221812.57,2,166.0,Debit Card,TXN-0006846
6847,2025-06-21,EXPENSE,Equipment,Loss blood identify according painting.,249842.93,7,,Bank Transfer,TXN-0006847
6848,2025-01-02,INCOME,Subscription Revenue,Nature court sort success so.,818402.99,7,146.0,Cash,TXN-0006848
6849,2025-12-19,INCOME,Consulting Revenue,Western seat ok.,470443.71,3,,Credit Card,TXN-0006849
6850,2025-11-05,INCOME,Consulting Revenue,Share hair every represent member walk.,670243.75,7,,Cash,TXN-0006850
6851,2025-08-27,EXPENSE,Professional Services,Create pressure provide impact beat popular.,156960.03,2,,Cash,TXN-0006851
6852,2024-01-25,EXPENSE,Office Supplies,Performance save pattern most.,337567.26,4,,Credit Card,TXN-0006852
6853,2025-01-30,EXPENSE,Equipment,Four same production place happen.,498618.82,2,,Debit Card,TXN-0006853
6854,2024-10-19,EXPENSE,Software,Reflect enjoy husband.,476660.32,10,,Mobile Money,TXN-0006854
6855,2025-09-27,EXPENSE,Utilities,Leave newspaper teacher around.,288116.04,5,,Debit Card,TXN-0006855
6856,2025-12-26,EXPENSE,Payroll,Two that push per hit any.,196925.3,5,233.0,Mobile Money,TXN-0006856
6857,2024-03-10,EXPENSE,Utilities,Card after trip.,459189.62,5,73.0,Mobile Money,TXN-0006857
6858,2025-09-02,INCOME,Sales Revenue,Follow food executive source body.,332345.23,4,,Credit Card,TXN-0006858
6859,2024-06-19,EXPENSE,Office Supplies,Tend so note simply community.,421493.6,3,,Mobile Money,TXN-0006859
6860,2024-06-18,EXPENSE,Professional Services,Would response sign contain become possible.,96049.03,1,,Mobile Money,TXN-0006860
6861,2025-06-07,INCOME,Other Income,Peace minute water fine shake everyone.,436456.67,6,,Credit Card,TXN-0006861
6862,2024-10-29,INCOME,Subscription Revenue,Trial beautiful computer him cell.,101338.86,7,,Mobile Money,TXN-0006862
6863,2025-02-04,EXPENSE,Travel,Similar make challenge.,286788.56,4,,Cash,TXN-0006863
6864,2025-10-13,INCOME,Service Revenue,Teacher how forward.,174446.12,10,,Cash,TXN-0006864
6865,2024-04-27,EXPENSE,Software,Listen senior his student break.,157721.18,5,,Bank Transfer,TXN-0006865
6866,2024-08-09,INCOME,Subscription Revenue,Approach without some small.,927105.7,9,,Credit Card,TXN-0006866
6867,2024-10-16,EXPENSE,Rent,Would attorney hope actually alone.,312985.31,10,,Credit Card,TXN-0006867
6868,2024-06-01,INCOME,Consulting Revenue,Still live television first.,738993.05,4,201.0,Debit Card,TXN-0006868
6869,2025-06-30,INCOME,Other Income,Alone take soldier near health impact.,457932.5,3,,Credit Card,TXN-0006869
6870,2024-02-13,EXPENSE,Logistics,Strategy left feeling.,80465.85,9,,Mobile Money,TXN-0006870
6871,2024-09-13,INCOME,Sales Revenue,May while cause skill food.,734702.66,7,,Mobile Money,TXN-0006871
6872,2025-12-04,EXPENSE,Software,Bank most feeling.,477684.01,5,253.0,Debit Card,TXN-0006872
6873,2024-08-26,EXPENSE,Insurance,Concern purpose represent.,361573.76,2,,Mobile Money,TXN-0006873
6874,2025-01-12,EXPENSE,Marketing,Agency system consumer among wife bad.,465837.23,5,266.0,Bank Transfer,TXN-0006874
6875,2025-12-19,INCOME,Subscription Revenue,Though without help mean a.,490487.74,2,,Mobile Money,TXN-0006875
6876,2025-07-01,INCOME,Service Revenue,Site treatment must.,681011.33,9,,Debit Card,TXN-0006876
6877,2025-03-04,INCOME,Other Income,Since trip represent pick discussion.,684033.29,8,71.0,Mobile Money,TXN-0006877
6878,2024-10-08,INCOME,Sales Revenue,Often new rock girl.,280079.23,7,,Bank Transfer,TXN-0006878
6879,2025-08-29,EXPENSE,Insurance,Themselves teach season same western.,5015.41,10,,Credit Card,TXN-0006879
6880,2024-07-19,INCOME,Consulting Revenue,East service number center campaign direction then.,446784.27,6,,Debit Card,TXN-0006880
6881,2024-12-05,EXPENSE,Insurance,Seat instead rock present eat.,430834.54,8,,Debit Card,TXN-0006881
6882,2024-04-29,INCOME,Service Revenue,Rather learn we.,188250.96,5,,Cash,TXN-0006882
6883,2025-04-07,EXPENSE,Payroll,Church region less property.,118355.76,3,,Cash,TXN-0006883
6884,2025-08-03,INCOME,Subscription Revenue,Laugh wrong easy.,96250.38,1,,Credit Card,TXN-0006884
6885,2025-07-12,EXPENSE,Insurance,Also catch western current.,60745.04,5,104.0,Debit Card,TXN-0006885
6886,2025-01-21,EXPENSE,Professional Services,Population according performance.,229277.01,10,,Credit Card,TXN-0006886
6887,2025-04-06,INCOME,Subscription Revenue,Owner majority long.,780913.58,4,,Cash,TXN-0006887
6888,2025-08-29,EXPENSE,Software,Hair blue leg spend.,137678.37,1,,Mobile Money,TXN-0006888
6889,2025-12-28,EXPENSE,Insurance,Note director compare yard.,48080.94,9,,Credit Card,TXN-0006889
6890,2024-06-28,EXPENSE,Maintenance,Former edge accept.,345389.9,2,,Mobile Money,TXN-0006890
6891,2024-12-06,EXPENSE,Equipment,Manage sound hour present song want.,336084.87,8,,Cash,TXN-0006891
6892,2024-12-21,EXPENSE,Office Supplies,Subject hundred each degree.,444185.34,6,,Credit Card,TXN-0006892
6893,2024-02-28,EXPENSE,Logistics,Enjoy exactly professional put.,449844.71,3,,Credit Card,TXN-0006893
6894,2025-09-01,INCOME,Sales Revenue,Argue none hope.,994057.6,10,,Mobile Money,TXN-0006894
6895,2024-03-31,EXPENSE,Office Supplies,Upon religious market inside.,17555.32,5,,Cash,TXN-0006895
6896,2025-08-08,EXPENSE,Software,Admit meeting itself find.,454036.84,8,,Bank Transfer,TXN-0006896
6897,2024-01-20,EXPENSE,Office Supplies,Around serious record cup.,216796.66,2,,Debit Card,TXN-0006897
6898,2025-06-22,EXPENSE,Office Supplies,Agree these training economic sure.,194214.6,4,10.0,Bank Transfer,TXN-0006898
6899,2025-05-24,EXPENSE,Software,Century inside night.,407052.35,7,38.0,Debit Card,TXN-0006899
6900,2025-04-01,EXPENSE,Utilities,Garden live find.,367195.86,3,,Mobile Money,TXN-0006900
6901,2025-02-25,EXPENSE,Office Supplies,Bar weight blood scene why.,52848.38,10,,Bank Transfer,TXN-0006901
6902,2025-11-01,EXPENSE,Logistics,Argue treat toward bag game anyone.,288884.13,5,,Credit Card,TXN-0006902
6903,2025-07-01,EXPENSE,Maintenance,List wife minute federal customer win.,337051.89,2,170.0,Cash,TXN-0006903
6904,2024-04-28,INCOME,Service Revenue,Organization mean miss trouble wife.,16219.21,4,86.0,Bank Transfer,TXN-0006904
6905,2024-07-06,EXPENSE,Maintenance,Model six policy develop through scene.,322468.19,1,,Mobile Money,TXN-0006905
6906,2025-03-15,INCOME,Consulting Revenue,We consider issue.,925186.34,3,58.0,Cash,TXN-0006906
6907,2024-11-05,EXPENSE,Travel,Consider protect law thing.,371903.48,6,,Cash,TXN-0006907
6908,2025-06-15,EXPENSE,Office Supplies,Idea box inside.,6997.74,10,,Mobile Money,TXN-0006908
6909,2025-08-24,INCOME,Service Revenue,Television young everyone.,487874.24,4,,Bank Transfer,TXN-0006909
6910,2024-10-03,EXPENSE,Software,Happen make few really staff produce.,276773.75,6,,Credit Card,TXN-0006910
6911,2024-11-25,EXPENSE,Software,Interesting stop meet.,144801.86,1,,Credit Card,TXN-0006911
6912,2024-01-01,EXPENSE,Equipment,Lead race view.,164273.2,9,165.0,Debit Card,TXN-0006912
6913,2025-07-12,EXPENSE,Payroll,Keep final health major store.,260772.34,6,,Bank Transfer,TXN-0006913
6914,2024-07-30,EXPENSE,Professional Services,Head woman be small clear.,91777.35,10,,Credit Card,TXN-0006914
6915,2024-11-21,EXPENSE,Office Supplies,Do difficult most ok traditional create.,361530.8,5,,Mobile Money,TXN-0006915
6916,2024-05-10,EXPENSE,Insurance,With position fear.,151122.31,7,226.0,Credit Card,TXN-0006916
6917,2025-05-16,INCOME,Consulting Revenue,Somebody me charge.,250761.71,8,,Mobile Money,TXN-0006917
6918,2024-09-16,EXPENSE,Logistics,Happen business do.,126799.92,1,,Bank Transfer,TXN-0006918
6919,2024-06-03,EXPENSE,Maintenance,Number fine team player leg past.,468113.79,5,,Mobile Money,TXN-0006919
6920,2025-02-15,EXPENSE,Payroll,Bed cultural worry pretty.,299519.0,6,293.0,Mobile Money,TXN-0006920
6921,2024-01-02,INCOME,Sales Revenue,Suffer author toward ready be apply.,154301.19,1,,Debit Card,TXN-0006921
6922,2025-05-19,EXPENSE,Equipment,Beat decade this discuss future small.,179974.85,3,,Debit Card,TXN-0006922
6923,2024-11-24,EXPENSE,Marketing,Vote structure figure suffer art hold.,343442.76,8,31.0,Credit Card,TXN-0006923
6924,2025-11-11,EXPENSE,Insurance,Color model of compare image.,264396.28,2,,Debit Card,TXN-0006924
6925,2024-01-28,EXPENSE,Office Supplies,Week two half finally.,228683.08,1,,Debit Card,TXN-0006925
6926,2025-02-22,EXPENSE,Marketing,Dark left by should table beat.,190541.84,10,,Bank Transfer,TXN-0006926
6927,2024-03-15,EXPENSE,Rent,Per decade attention.,364107.44,6,296.0,Mobile Money,TXN-0006927
6928,2025-02-07,INCOME,Service Revenue,Need run stock scientist memory.,169320.2,2,,Bank Transfer,TXN-0006928
6929,2024-11-30,EXPENSE,Professional Services,Themselves animal enjoy approach matter thousand.,222501.28,5,,Bank Transfer,TXN-0006929
6930,2025-06-15,EXPENSE,Office Supplies,Practice partner someone second spend.,6647.29,2,,Mobile Money,TXN-0006930
6931,2025-08-25,EXPENSE,Travel,Service small they professor prepare.,63576.44,7,,Credit Card,TXN-0006931
6932,2024-09-25,EXPENSE,Equipment,Clearly item reveal spring seat student.,41933.38,10,122.0,Debit Card,TXN-0006932
6933,2025-05-26,INCOME,Other Income,Even feeling million believe next nice.,895192.58,7,,Credit Card,TXN-0006933
6934,2025-11-20,EXPENSE,Insurance,Common glass debate president million.,246730.25,9,259.0,Debit Card,TXN-0006934
6935,2024-08-16,EXPENSE,Maintenance,Evidence seven later sell field.,152831.62,8,,Credit Card,TXN-0006935
6936,2024-05-04,EXPENSE,Marketing,Trial including like task listen.,197120.84,8,149.0,Mobile Money,TXN-0006936
6937,2025-05-15,INCOME,Subscription Revenue,Wonder firm section.,467615.25,8,209.0,Debit Card,TXN-0006937
6938,2025-07-25,INCOME,Sales Revenue,Name firm move structure here.,270151.97,7,295.0,Cash,TXN-0006938
6939,2025-08-19,INCOME,Other Income,Person cause picture from anyone.,664296.88,4,,Credit Card,TXN-0006939
6940,2024-12-30,EXPENSE,Marketing,Ten clearly election write entire wind.,259829.41,3,,Cash,TXN-0006940
6941,2025-05-04,EXPENSE,Rent,Story sport table hard each.,392554.27,2,153.0,Mobile Money,TXN-0006941
6942,2025-10-09,INCOME,Sales Revenue,Food thought third far attorney up picture.,939395.25,7,,Credit Card,TXN-0006942
6943,2025-07-23,EXPENSE,Equipment,Simple cause side authority every fact.,194276.24,6,221.0,Debit Card,TXN-0006943
6944,2025-01-13,INCOME,Subscription Revenue,Ok late four same reality prepare.,990456.83,1,89.0,Mobile Money,TXN-0006944
6945,2025-07-07,INCOME,Other Income,Pretty professor drug while.,94960.89,4,,Credit Card,TXN-0006945
6946,2024-03-16,EXPENSE,Professional Services,Stand civil stage base these.,337380.18,1,,Credit Card,TXN-0006946
6947,2025-01-15,INCOME,Service Revenue,Win news billion.,220519.38,7,,Bank Transfer,TXN-0006947
6948,2024-01-13,EXPENSE,Travel,Against teach throughout message action.,215281.18,8,,Debit Card,TXN-0006948
6949,2025-10-05,INCOME,Other Income,Plant safe actually gun let town.,679896.76,9,,Credit Card,TXN-0006949
6950,2025-02-28,EXPENSE,Rent,Course start smile.,121177.07,3,,Cash,TXN-0006950
6951,2024-06-23,EXPENSE,Office Supplies,Hold feeling how.,188924.36,5,,Mobile Money,TXN-0006951
6952,2024-05-23,INCOME,Consulting Revenue,Computer why any what.,454558.36,7,,Credit Card,TXN-0006952
6953,2025-06-21,EXPENSE,Travel,Four heart entire very style.,9891.41,2,,Credit Card,TXN-0006953
6954,2024-08-04,EXPENSE,Insurance,Yeah onto rather.,393360.99,5,,Credit Card,TXN-0006954
6955,2025-07-05,EXPENSE,Software,Face general go interview difference.,296836.11,8,,Credit Card,TXN-0006955
6956,2025-04-15,EXPENSE,Rent,Present hotel executive cause law fact.,42461.86,10,193.0,Mobile Money,TXN-0006956
6957,2024-07-02,EXPENSE,Software,Full the modern by if position.,242565.6,10,,Credit Card,TXN-0006957
6958,2025-09-16,INCOME,Sales Revenue,Management say purpose law.,978493.99,2,,Debit Card,TXN-0006958
6959,2025-09-24,INCOME,Subscription Revenue,Eat various study.,40391.24,9,,Bank Transfer,TXN-0006959
6960,2024-04-06,EXPENSE,Rent,Strong from movement past forward.,264617.44,2,,Credit Card,TXN-0006960
6961,2025-05-27,EXPENSE,Professional Services,Put ago standard.,198320.88,4,,Debit Card,TXN-0006961
6962,2024-01-31,INCOME,Sales Revenue,Last who song sure.,433730.81,5,,Cash,TXN-0006962
6963,2024-08-20,INCOME,Consulting Revenue,Understand financial Mr memory.,304510.13,8,140.0,Mobile Money,TXN-0006963
6964,2025-11-08,INCOME,Service Revenue,Or doctor nice himself modern.,793938.53,9,,Cash,TXN-0006964
6965,2024-03-01,EXPENSE,Marketing,Throughout face there million term.,330762.18,2,,Cash,TXN-0006965
6966,2024-02-01,INCOME,Other Income,Himself stage recognize condition.,176239.83,8,,Credit Card,TXN-0006966
6967,2024-02-27,EXPENSE,Payroll,Ever buy finish.,365947.91,10,,Mobile Money,TXN-0006967
6968,2024-09-27,EXPENSE,Software,Old federal man who foot.,5152.86,7,44.0,Mobile Money,TXN-0006968
6969,2024-02-20,INCOME,Other Income,Lay better though green ground.,935354.72,7,,Bank Transfer,TXN-0006969
6970,2024-09-24,INCOME,Sales Revenue,Evidence allow crime standard could push.,245470.95,6,,Bank Transfer,TXN-0006970
6971,2025-04-05,EXPENSE,Insurance,Girl glass best mean pull company green.,339073.94,1,,Bank Transfer,TXN-0006971
6972,2024-12-30,EXPENSE,Logistics,Result try sort which home.,499192.89,8,,Credit Card,TXN-0006972
6973,2025-05-07,EXPENSE,Office Supplies,Control together station step likely.,481853.59,1,140.0,Credit Card,TXN-0006973
6974,2024-09-07,EXPENSE,Rent,Step high office size including.,452282.64,7,,Cash,TXN-0006974
6975,2025-09-06,EXPENSE,Office Supplies,Manager follow opportunity from commercial.,247527.51,3,,Credit Card,TXN-0006975
6976,2024-08-27,EXPENSE,Maintenance,Military edge word.,475326.0,1,,Cash,TXN-0006976
6977,2025-03-20,EXPENSE,Professional Services,Both despite media.,331591.32,8,34.0,Cash,TXN-0006977
6978,2025-12-25,INCOME,Subscription Revenue,May include scene set beat.,205957.54,1,,Cash,TXN-0006978
6979,2025-01-19,EXPENSE,Equipment,Manage owner street it.,165905.64,7,,Bank Transfer,TXN-0006979
6980,2025-06-09,INCOME,Subscription Revenue,Way mean civil ability goal.,192241.6,6,242.0,Bank Transfer,TXN-0006980
6981,2024-12-03,INCOME,Service Revenue,Party drug actually lay.,337030.78,8,,Mobile Money,TXN-0006981
6982,2025-02-22,EXPENSE,Marketing,Local conference enter contain everybody different.,5936.53,6,,Debit Card,TXN-0006982
6983,2024-11-07,INCOME,Sales Revenue,Raise drive eat act.,752133.09,8,,Cash,TXN-0006983
6984,2025-02-15,INCOME,Sales Revenue,Better really notice your social.,655938.38,3,,Debit Card,TXN-0006984
6985,2024-01-06,INCOME,Service Revenue,Establish thought force also.,361727.79,5,,Credit Card,TXN-0006985
6986,2024-06-27,EXPENSE,Travel,Area trip option blue.,304969.46,4,43.0,Credit Card,TXN-0006986
6987,2025-07-04,EXPENSE,Office Supplies,Voice government turn particular lawyer.,397873.96,3,,Credit Card,TXN-0006987
6988,2025-11-30,INCOME,Sales Revenue,Receive claim economy painting table name.,225861.18,2,72.0,Mobile Money,TXN-0006988
6989,2024-07-07,EXPENSE,Maintenance,Try type nation effort thus draw.,290239.1,5,,Mobile Money,TXN-0006989
6990,2024-05-26,EXPENSE,Travel,Thank live door majority.,149753.39,4,263.0,Bank Transfer,TXN-0006990
6991,2024-05-22,INCOME,Sales Revenue,Near view season break tax write.,841333.49,8,,Cash,TXN-0006991
6992,2025-08-01,INCOME,Other Income,Ago huge expect realize organization.,493138.92,7,,Debit Card,TXN-0006992
6993,2025-11-18,INCOME,Service Revenue,Citizen perform which.,297345.13,4,,Debit Card,TXN-0006993
6994,2024-07-16,EXPENSE,Professional Services,Prevent we quality because.,256657.65,4,,Bank Transfer,TXN-0006994
6995,2025-05-23,EXPENSE,Insurance,Item interest win account.,380163.44,1,205.0,Bank Transfer,TXN-0006995
6996,2025-10-07,INCOME,Service Revenue,Scene his morning player treat.,485997.43,6,12.0,Debit Card,TXN-0006996
6997,2025-04-18,INCOME,Service Revenue,Occur score middle arm drug arrive.,957584.75,6,58.0,Mobile Money,TXN-0006997
6998,2025-10-22,INCOME,Subscription Revenue,Which his cold.,560812.05,5,,Debit Card,TXN-0006998
6999,2025-05-27,EXPENSE,Professional Services,Be list seek back tonight.,312965.2,4,,Credit Card,TXN-0006999
7000,2024-08-06,EXPENSE,Office Supplies,Including down start recognize want kitchen.,7400.28,5,,Credit Card,TXN-0007000
7001,2024-04-14,EXPENSE,Rent,Develop read capital behind ask.,85240.56,4,66.0,Mobile Money,TXN-0007001
7002,2024-02-14,EXPENSE,Payroll,Far force suffer into.,66169.19,8,265.0,Mobile Money,TXN-0007002
7003,2025-05-15,INCOME,Service Revenue,Should audience respond.,608210.06,1,251.0,Debit Card,TXN-0007003
7004,2025-02-19,INCOME,Sales Revenue,Team then forward watch these series.,13651.98,3,,Cash,TXN-0007004
7005,2024-12-26,EXPENSE,Maintenance,Establish age drug.,132981.98,1,,Cash,TXN-0007005
7006,2024-04-12,EXPENSE,Equipment,Second newspaper yard.,234457.74,9,,Debit Card,TXN-0007006
7007,2025-12-08,EXPENSE,Travel,Effect sort discover.,448868.17,6,,Cash,TXN-0007007
7008,2025-10-22,EXPENSE,Professional Services,Reflect sure since whose.,32962.7,1,75.0,Cash,TXN-0007008
7009,2024-02-12,INCOME,Service Revenue,Pm enter every page everyone.,722901.86,2,150.0,Credit Card,TXN-0007009
7010,2024-05-25,INCOME,Sales Revenue,Center local laugh.,772903.48,4,,Bank Transfer,TXN-0007010
7011,2024-12-21,EXPENSE,Travel,Usually suddenly speak.,366262.22,3,,Mobile Money,TXN-0007011
7012,2025-03-20,INCOME,Sales Revenue,Member citizen to.,754536.62,10,1.0,Cash,TXN-0007012
7013,2025-01-05,INCOME,Other Income,Direction interview financial.,495464.83,3,13.0,Mobile Money,TXN-0007013
7014,2024-09-11,EXPENSE,Rent,Similar get remember.,10905.61,3,,Mobile Money,TXN-0007014
7015,2025-09-28,EXPENSE,Utilities,Suddenly theory type carry develop word.,256209.6,7,83.0,Credit Card,TXN-0007015
7016,2025-01-04,EXPENSE,Utilities,Young instead picture affect follow team.,133572.0,9,,Debit Card,TXN-0007016
7017,2025-05-06,INCOME,Service Revenue,Happen even PM including serious.,16924.51,4,,Cash,TXN-0007017
7018,2025-04-24,EXPENSE,Professional Services,Whose manage decision little.,207407.84,1,251.0,Mobile Money,TXN-0007018
7019,2025-08-03,EXPENSE,Logistics,Exactly less little class either.,94051.29,3,,Credit Card,TXN-0007019
7020,2025-10-25,EXPENSE,Equipment,Thing matter foot modern.,243404.84,5,,Bank Transfer,TXN-0007020
7021,2025-11-12,INCOME,Other Income,Me effort service indeed drug positive.,103666.82,3,,Credit Card,TXN-0007021
7022,2025-06-16,EXPENSE,Software,Body out site situation possible bar.,388034.47,10,,Bank Transfer,TXN-0007022
7023,2025-08-04,EXPENSE,Office Supplies,Among task before price feeling.,35895.29,5,121.0,Cash,TXN-0007023
7024,2024-09-25,EXPENSE,Professional Services,Form near boy position.,349734.46,5,189.0,Credit Card,TXN-0007024
7025,2024-06-28,EXPENSE,Office Supplies,Today include marriage.,360582.41,8,131.0,Credit Card,TXN-0007025
7026,2025-12-06,EXPENSE,Travel,Music item behavior just in tell.,6935.03,9,,Cash,TXN-0007026
7027,2025-02-03,EXPENSE,Insurance,Fill act stand drive produce.,184044.76,4,,Credit Card,TXN-0007027
7028,2025-09-18,EXPENSE,Software,And light face.,75138.69,3,,Bank Transfer,TXN-0007028
7029,2025-07-28,EXPENSE,Logistics,Through under book great laugh.,46233.85,5,,Debit Card,TXN-0007029
7030,2025-09-14,EXPENSE,Software,Coach once usually above.,176625.05,7,,Mobile Money,TXN-0007030
7031,2024-02-15,EXPENSE,Office Supplies,Site watch voice foreign whatever.,435052.85,3,,Cash,TXN-0007031
7032,2025-02-20,EXPENSE,Office Supplies,Kid commercial themselves condition guess.,307163.54,1,,Cash,TXN-0007032
7033,2024-08-16,EXPENSE,Insurance,Become to good theory property.,274210.4,5,119.0,Debit Card,TXN-0007033
7034,2025-02-09,EXPENSE,Rent,Low need spend tax ever.,68464.39,2,,Cash,TXN-0007034
7035,2024-05-07,EXPENSE,Equipment,Deep new music remember give woman.,276346.27,4,,Mobile Money,TXN-0007035
7036,2024-09-25,INCOME,Subscription Revenue,Meeting nation because similar news.,861946.38,3,,Debit Card,TXN-0007036
7037,2024-08-30,EXPENSE,Marketing,Area yourself six.,478218.16,6,,Bank Transfer,TXN-0007037
7038,2025-05-16,EXPENSE,Professional Services,Whatever up rich of baby hair traditional.,328744.54,3,,Credit Card,TXN-0007038
7039,2025-10-15,INCOME,Consulting Revenue,Sport safe page although popular.,852290.75,8,144.0,Cash,TXN-0007039
7040,2024-03-21,INCOME,Other Income,Sort street should up argue resource.,685303.09,8,181.0,Cash,TXN-0007040
7041,2025-10-22,EXPENSE,Travel,City early operation relate moment.,189558.93,8,116.0,Mobile Money,TXN-0007041
7042,2025-12-28,INCOME,Other Income,Present top administration.,294095.07,5,,Bank Transfer,TXN-0007042
7043,2024-07-06,EXPENSE,Maintenance,Source environment box.,245160.09,1,,Bank Transfer,TXN-0007043
7044,2024-01-11,EXPENSE,Equipment,Easy purpose visit report federal boy.,15920.81,9,,Bank Transfer,TXN-0007044
7045,2024-03-12,INCOME,Subscription Revenue,Too full example heart sport.,759253.85,2,152.0,Cash,TXN-0007045
7046,2024-08-25,INCOME,Service Revenue,Eat newspaper view light cultural benefit.,778741.54,3,,Cash,TXN-0007046
7047,2024-12-12,EXPENSE,Payroll,Senior garden fast discuss.,403402.28,9,,Bank Transfer,TXN-0007047
7048,2025-06-22,EXPENSE,Insurance,Mention else example.,467570.8,2,,Debit Card,TXN-0007048
7049,2025-08-07,EXPENSE,Payroll,Threat nature camera group.,156105.73,6,,Bank Transfer,TXN-0007049
7050,2024-07-04,INCOME,Service Revenue,Thing need necessary.,964275.02,10,,Bank Transfer,TXN-0007050
7051,2025-11-16,EXPENSE,Payroll,Condition give rock wonder thought break.,42088.16,9,62.0,Mobile Money,TXN-0007051
7052,2024-04-22,EXPENSE,Maintenance,Beautiful once why significant.,386910.18,6,,Bank Transfer,TXN-0007052
7053,2024-10-03,EXPENSE,Equipment,Home wife can.,222247.62,3,298.0,Mobile Money,TXN-0007053
7054,2024-12-27,EXPENSE,Equipment,According set special himself.,359990.82,7,,Cash,TXN-0007054
7055,2025-07-04,INCOME,Other Income,Social know guy from purpose hand.,403301.79,8,,Cash,TXN-0007055
7056,2025-03-31,INCOME,Other Income,Our message learn.,726541.99,2,,Bank Transfer,TXN-0007056
7057,2025-07-24,EXPENSE,Payroll,Even lot drop.,452922.55,3,,Cash,TXN-0007057
7058,2024-08-21,EXPENSE,Insurance,Fact unit baby sing still.,366180.98,1,,Credit Card,TXN-0007058
7059,2025-08-28,INCOME,Other Income,Point upon reveal notice hear.,840125.23,5,,Credit Card,TXN-0007059
7060,2024-01-05,EXPENSE,Professional Services,Owner meet group report.,360954.79,3,,Cash,TXN-0007060
7061,2024-10-07,INCOME,Subscription Revenue,Hair particular during indicate.,74971.81,10,158.0,Bank Transfer,TXN-0007061
7062,2025-08-14,EXPENSE,Equipment,Force bed ability population send.,67562.91,3,,Cash,TXN-0007062
7063,2025-05-30,INCOME,Sales Revenue,Beyond seem road blue professional.,486791.36,10,,Debit Card,TXN-0007063
7064,2024-10-15,EXPENSE,Equipment,Food peace pressure question friend situation.,91625.28,5,126.0,Credit Card,TXN-0007064
7065,2025-04-24,INCOME,Other Income,First attack newspaper show art record.,921543.77,2,,Credit Card,TXN-0007065
7066,2024-09-16,EXPENSE,Utilities,Ok it ok something.,143495.72,2,,Bank Transfer,TXN-0007066
7067,2024-08-08,EXPENSE,Insurance,Record shoulder choose step data.,74946.92,5,,Debit Card,TXN-0007067
7068,2024-10-13,EXPENSE,Logistics,South skin safe.,401885.06,5,112.0,Cash,TXN-0007068
7069,2025-08-10,EXPENSE,Software,Concern move small indeed stand.,31399.82,9,,Mobile Money,TXN-0007069
7070,2024-07-17,EXPENSE,Payroll,Drug east hundred worker both.,450047.19,10,19.0,Debit Card,TXN-0007070
7071,2025-09-22,INCOME,Service Revenue,Agency what how list soldier.,258678.77,2,,Debit Card,TXN-0007071
7072,2025-04-24,EXPENSE,Payroll,Lose central Congress husband.,390718.39,3,,Cash,TXN-0007072
7073,2024-03-12,INCOME,Other Income,Throw seven interesting best.,290539.91,9,70.0,Mobile Money,TXN-0007073
7074,2024-05-25,INCOME,Sales Revenue,Which accept trial sometimes.,451614.45,2,,Mobile Money,TXN-0007074
7075,2024-07-03,EXPENSE,Marketing,Interesting sister another.,116605.72,10,24.0,Credit Card,TXN-0007075
7076,2025-11-05,EXPENSE,Marketing,More per matter candidate.,156928.19,3,36.0,Mobile Money,TXN-0007076
7077,2025-01-31,EXPENSE,Professional Services,Toward serve practice nature.,294032.61,3,,Bank Transfer,TXN-0007077
7078,2025-09-20,EXPENSE,Utilities,Could response lot.,229514.44,1,,Debit Card,TXN-0007078
7079,2025-08-28,INCOME,Other Income,Make son born heart.,399493.68,10,82.0,Mobile Money,TXN-0007079
7080,2024-11-12,EXPENSE,Professional Services,Explain on not five accept nature.,85840.03,1,,Cash,TXN-0007080
7081,2025-02-16,INCOME,Sales Revenue,Soon table science.,164859.6,1,,Cash,TXN-0007081
7082,2024-08-24,INCOME,Sales Revenue,Speak consumer material certainly.,357838.97,2,251.0,Bank Transfer,TXN-0007082
7083,2025-03-09,EXPENSE,Insurance,Sound personal our yard memory son.,407484.15,3,,Mobile Money,TXN-0007083
7084,2025-05-06,EXPENSE,Utilities,High understand nothing.,184698.14,4,,Cash,TXN-0007084
7085,2024-02-21,EXPENSE,Travel,Visit even pass standard about.,493865.22,7,,Debit Card,TXN-0007085
7086,2025-07-28,EXPENSE,Travel,Quickly vote start program Republican.,379928.45,7,,Bank Transfer,TXN-0007086
7087,2025-06-11,EXPENSE,Equipment,Another cause sort.,465363.61,3,,Credit Card,TXN-0007087
7088,2024-01-10,EXPENSE,Logistics,Exactly off choice learn.,330203.7,8,,Cash,TXN-0007088
7089,2025-11-15,INCOME,Sales Revenue,Husband back their help.,533304.18,8,,Bank Transfer,TXN-0007089
7090,2025-06-18,EXPENSE,Office Supplies,Guess another success four.,457660.1,7,148.0,Credit Card,TXN-0007090
7091,2025-09-02,EXPENSE,Office Supplies,Able board likely without whatever.,122571.54,2,73.0,Mobile Money,TXN-0007091
7092,2024-11-05,EXPENSE,Equipment,Payment linked to inactive employee,360644.28,5,272.0,Mobile Money,TXN-0007092
7093,2025-10-01,EXPENSE,Insurance,Yard leg political per chair nation.,394852.07,4,,Cash,TXN-0007093
7094,2024-08-26,EXPENSE,Payroll,Fact these social manager many.,419403.95,5,,Mobile Money,TXN-0007094
7095,2025-06-17,EXPENSE,Utilities,Account two save remember firm test.,10033.95,1,,Credit Card,TXN-0007095
7096,2024-04-20,EXPENSE,Payroll,Eat imagine administration imagine unit.,305042.65,7,263.0,Debit Card,TXN-0007096
7097,2024-07-13,EXPENSE,Marketing,Cultural road through yard.,308428.61,7,,Mobile Money,TXN-0007097
7098,2024-10-29,INCOME,Sales Revenue,Box get treat several win.,601544.61,1,,Debit Card,TXN-0007098
7099,2024-11-18,EXPENSE,Equipment,Recognize detail must movement.,421902.0,2,,Bank Transfer,TXN-0007099
7100,2024-05-15,EXPENSE,Maintenance,Now parent high attorney go.,77601.79,1,146.0,Credit Card,TXN-0007100
7101,2024-09-23,EXPENSE,Office Supplies,Politics I remain difficult machine.,174476.64,8,,Cash,TXN-0007101
7102,2025-05-10,EXPENSE,Logistics,Dark since lay mind politics.,169319.14,8,,Debit Card,TXN-0007102
7103,2025-10-22,INCOME,Sales Revenue,Assume management trade finally fear oil.,251067.58,9,,Credit Card,TXN-0007103
7104,2025-09-03,INCOME,Service Revenue,Baby measure lay.,721572.98,6,,Mobile Money,TXN-0007104
7105,2024-02-26,INCOME,Service Revenue,Why authority huge claim road your over.,252872.53,1,,Mobile Money,TXN-0007105
7106,2024-01-12,EXPENSE,Professional Services,Money agency throughout debate present position.,239906.11,10,,Bank Transfer,TXN-0007106
7107,2024-09-16,INCOME,Service Revenue,Laugh others whole media he star.,538951.97,2,,Bank Transfer,TXN-0007107
7108,2025-05-15,EXPENSE,Utilities,Main security wear.,2331.52,10,,Debit Card,TXN-0007108
7109,2024-07-28,INCOME,Subscription Revenue,There policy land.,133177.63,1,,Cash,TXN-0007109
7110,2025-08-14,EXPENSE,Professional Services,Election buy third bank.,57289.43,7,,Mobile Money,TXN-0007110
7111,2024-11-24,EXPENSE,Office Supplies,Party herself stuff agreement police.,497156.94,4,,Bank Transfer,TXN-0007111
7112,2025-06-30,INCOME,Service Revenue,Cause about of.,62811.01,10,143.0,Cash,TXN-0007112
7113,2024-11-17,EXPENSE,Payroll,Later race simple movie compare.,69805.89,7,,Bank Transfer,TXN-0007113
7114,2024-11-02,EXPENSE,Insurance,Gun factor sport.,420172.98,5,,Credit Card,TXN-0007114
7115,2024-10-22,EXPENSE,Logistics,Action group memory direction.,110658.8,7,,Debit Card,TXN-0007115
7116,2025-12-11,EXPENSE,Payroll,Where really class social.,6573.21,7,,Bank Transfer,TXN-0007116
7117,2025-12-03,EXPENSE,Rent,Arrive will least best nation pay.,111237.59,4,,Credit Card,TXN-0007117
7118,2024-01-09,EXPENSE,Marketing,Hold forward relationship.,342051.82,4,,Credit Card,TXN-0007118
7119,2024-08-24,INCOME,Consulting Revenue,Tax receive standard about resource mission.,219778.63,6,,Mobile Money,TXN-0007119
7120,2025-06-17,EXPENSE,Professional Services,Employee toward language go six around.,346305.98,6,,Debit Card,TXN-0007120
7121,2025-02-17,INCOME,Sales Revenue,Hotel push spring part.,949876.4,9,,Bank Transfer,TXN-0007121
7122,2024-02-08,EXPENSE,Equipment,Oil any television.,180614.58,8,,Mobile Money,TXN-0007122
7123,2025-08-24,EXPENSE,Professional Services,That girl join rise true.,273838.24,9,,Credit Card,TXN-0007123
7124,2025-03-03,EXPENSE,Insurance,Kind according approach manager since.,313613.18,9,255.0,Credit Card,TXN-0007124
7125,2025-10-06,INCOME,Sales Revenue,Put not choice indicate.,397898.93,7,172.0,Mobile Money,TXN-0007125
7126,2025-10-21,EXPENSE,Insurance,Wind maintain win throw question.,497817.24,6,,Cash,TXN-0007126
7127,2025-08-16,EXPENSE,Payroll,Understand year who company moment order.,381028.63,4,,Bank Transfer,TXN-0007127
7128,2024-02-19,EXPENSE,Utilities,Return question history per either.,284075.06,8,,Bank Transfer,TXN-0007128
7129,2025-07-08,INCOME,Other Income,Rock player owner.,86088.08,5,,Debit Card,TXN-0007129
7130,2025-09-24,INCOME,Other Income,Official claim rather any system recently.,545470.45,2,,Credit Card,TXN-0007130
7131,2024-11-18,INCOME,Sales Revenue,Study management skill tell.,20300.58,6,,Credit Card,TXN-0007131
7132,2024-11-14,EXPENSE,Office Supplies,Reduce present mother turn.,151941.23,9,,Cash,TXN-0007132
7133,2025-11-02,INCOME,Service Revenue,No article sister.,337115.54,7,33.0,Mobile Money,TXN-0007133
7134,2024-02-25,EXPENSE,Travel,However play once shoulder listen.,110052.78,8,,Bank Transfer,TXN-0007134
7135,2024-04-25,EXPENSE,Maintenance,Month believe catch chance one.,487801.69,3,,Mobile Money,TXN-0007135
7136,2025-12-29,EXPENSE,Insurance,Study a population think high.,484786.84,7,,Credit Card,TXN-0007136
7137,2024-12-26,EXPENSE,Software,Where serve town rest according page.,75572.39,7,,Cash,TXN-0007137
7138,2024-09-07,INCOME,Subscription Revenue,Guy fish process significant majority.,61227.91,3,,Cash,TXN-0007138
7139,2024-09-04,INCOME,Sales Revenue,Surface service around politics yet stay.,78268.56,4,,Debit Card,TXN-0007139
7140,2024-08-30,EXPENSE,Insurance,Create popular best.,287678.27,2,,Cash,TXN-0007140
7141,2024-06-07,EXPENSE,Office Supplies,Happy child him arm develop so.,357885.18,5,,Debit Card,TXN-0007141
7142,2024-03-15,EXPENSE,Software,Usually involve everybody opportunity.,248658.1,5,,Debit Card,TXN-0007142
7143,2025-09-16,EXPENSE,Software,Couple build major public wall gas.,295852.98,2,80.0,Cash,TXN-0007143
7144,2024-02-24,EXPENSE,Payroll,Area sister nature debate.,167569.66,10,,Credit Card,TXN-0007144
7145,2024-10-23,EXPENSE,Maintenance,Exist myself later.,448392.76,9,26.0,Mobile Money,TXN-0007145
7146,2025-07-31,INCOME,Subscription Revenue,Concern four send power create deal.,557025.98,6,22.0,Bank Transfer,TXN-0007146
7147,2024-03-19,EXPENSE,Office Supplies,Level argue degree production.,168757.2,1,94.0,Debit Card,TXN-0007147
7148,2024-05-17,EXPENSE,Professional Services,Loss loss laugh child.,12363.69,5,,Bank Transfer,TXN-0007148
7149,2024-08-11,EXPENSE,Insurance,Order through even learn reduce what.,72481.55,5,,Bank Transfer,TXN-0007149
7150,2025-10-01,INCOME,Consulting Revenue,Specific whether food too time.,618325.74,9,,Debit Card,TXN-0007150
7151,2025-02-03,EXPENSE,Software,Drive anyone time everything play manager.,450589.69,4,,Credit Card,TXN-0007151
7152,2024-07-13,EXPENSE,Travel,Spend to us if admit inside.,84960.95,7,184.0,Debit Card,TXN-0007152
7153,2025-11-05,INCOME,Subscription Revenue,Free citizen suddenly end.,165868.96,6,,Cash,TXN-0007153
7154,2024-10-18,EXPENSE,Travel,Trade character moment effect some century.,379762.89,4,,Debit Card,TXN-0007154
7155,2024-03-30,INCOME,Other Income,Soon option phone husband brother.,820275.43,10,,Mobile Money,TXN-0007155
7156,2024-09-29,EXPENSE,Utilities,Change office kind civil style.,232992.59,3,,Mobile Money,TXN-0007156
7157,2025-10-02,INCOME,Subscription Revenue,Politics unit size none provide she.,705249.42,10,,Cash,TXN-0007157
7158,2025-05-09,EXPENSE,Office Supplies,Wear product wear amount deep challenge.,237635.5,7,25.0,Bank Transfer,TXN-0007158
7159,2025-06-09,INCOME,Service Revenue,Need research blue.,477011.57,8,,Mobile Money,TXN-0007159
7160,2024-08-28,INCOME,Other Income,Language available really recent.,794553.04,2,155.0,Debit Card,TXN-0007160
7161,2025-03-18,EXPENSE,Insurance,Some throughout ask political.,290332.88,1,,Cash,TXN-0007161
7162,2025-10-31,INCOME,Consulting Revenue,Note cost enjoy.,296533.55,10,86.0,Debit Card,TXN-0007162
7163,2024-09-12,EXPENSE,Insurance,Conference fear law career.,229001.44,3,,Mobile Money,TXN-0007163
7164,2025-04-02,INCOME,Sales Revenue,Long ask treat kitchen.,985176.82,1,16.0,Credit Card,TXN-0007164
7165,2025-08-14,EXPENSE,Office Supplies,Result impact middle article.,465553.21,6,,Debit Card,TXN-0007165
7166,2024-10-11,EXPENSE,Office Supplies,Western clearly business end without.,343466.98,5,,Bank Transfer,TXN-0007166
7167,2025-01-06,EXPENSE,Utilities,War series series.,209350.18,8,,Debit Card,TXN-0007167
7168,2024-03-26,EXPENSE,Maintenance,Nice but though response blood.,208757.8,1,,Credit Card,TXN-0007168
7169,2024-02-07,INCOME,Sales Revenue,Say never upon debate face enter.,624182.09,7,,Debit Card,TXN-0007169
7170,2025-02-28,INCOME,Service Revenue,History expert land.,712932.85,2,,Debit Card,TXN-0007170
7171,2025-01-08,EXPENSE,Travel,Degree morning picture myself across today.,269289.81,2,,Credit Card,TXN-0007171
7172,2024-11-27,INCOME,Service Revenue,Home future decide who lot politics.,875268.44,1,,Mobile Money,TXN-0007172
7173,2025-04-06,EXPENSE,Utilities,Eye strong six.,177130.86,6,,Bank Transfer,TXN-0007173
7174,2024-11-16,EXPENSE,Utilities,Any serve class what.,219390.11,10,,Mobile Money,TXN-0007174
7175,2025-08-18,EXPENSE,Rent,Also stock land major decision.,423581.41,5,,Bank Transfer,TXN-0007175
7176,2025-09-14,INCOME,Subscription Revenue,Trip during daughter.,191612.77,6,,Bank Transfer,TXN-0007176
7177,2025-01-11,INCOME,Subscription Revenue,Significant everything nation describe.,815869.95,6,,Mobile Money,TXN-0007177
7178,2024-10-07,EXPENSE,Insurance,Should inside lawyer remember.,322844.55,1,,Credit Card,TXN-0007178
7179,2024-03-26,INCOME,Other Income,Order training show upon.,787816.79,4,,Bank Transfer,TXN-0007179
7180,2025-05-27,EXPENSE,Logistics,Bad at poor care.,140982.16,1,,Bank Transfer,TXN-0007180
7181,2024-02-13,EXPENSE,Rent,Central either too former turn season.,363945.12,8,,Debit Card,TXN-0007181
7182,2025-02-20,INCOME,Service Revenue,Continue yet seven whose sign.,581856.54,9,37.0,Bank Transfer,TXN-0007182
7183,2024-05-01,INCOME,Consulting Revenue,Against gun read event anyone become.,596680.28,3,44.0,Cash,TXN-0007183
7184,2025-04-23,EXPENSE,Insurance,Give popular feeling either read.,225022.46,1,80.0,Debit Card,TXN-0007184
7185,2024-05-08,EXPENSE,Travel,Song high tell at.,172573.53,7,,Mobile Money,TXN-0007185
7186,2024-03-27,INCOME,Subscription Revenue,Wrong machine strong.,24379.36,5,278.0,Debit Card,TXN-0007186
7187,2025-03-10,EXPENSE,Insurance,List discussion green red interesting bill.,162284.76,2,,Bank Transfer,TXN-0007187
7188,2024-04-09,EXPENSE,Marketing,Sign ready series teach.,487440.65,8,,Credit Card,TXN-0007188
7189,2024-02-12,EXPENSE,Payroll,Activity skin difficult history capital.,357257.52,2,,Bank Transfer,TXN-0007189
7190,2024-09-18,EXPENSE,Equipment,Sure everyone present among because peace.,176845.27,6,,Cash,TXN-0007190
7191,2024-02-17,INCOME,Service Revenue,Despite ten example.,64237.64,6,,Mobile Money,TXN-0007191
7192,2025-03-24,EXPENSE,Insurance,Edge thousand military.,468897.33,7,81.0,Debit Card,TXN-0007192
7193,2024-08-14,INCOME,Other Income,Name step they drug from.,198123.39,4,,Bank Transfer,TXN-0007193
7194,2024-12-14,INCOME,Subscription Revenue,Buy tough they ask guess.,772717.32,3,,Bank Transfer,TXN-0007194
7195,2024-08-11,INCOME,Other Income,Still wait team.,289737.91,3,,Credit Card,TXN-0007195
7196,2024-11-23,INCOME,Subscription Revenue,Scientist to strong wonder nearly.,519333.05,8,,Credit Card,TXN-0007196
7197,2025-03-26,EXPENSE,Office Supplies,Music authority subject doctor under task.,73260.94,7,17.0,Credit Card,TXN-0007197
7198,2025-06-30,EXPENSE,Utilities,Police more tough manager give.,60330.43,7,164.0,Bank Transfer,TXN-0007198
7199,2025-12-26,EXPENSE,Software,Include design standard group after.,396762.36,6,25.0,Cash,TXN-0007199
7200,2025-08-01,EXPENSE,Payroll,Campaign house someone what way.,310810.15,3,,Credit Card,TXN-0007200
7201,2024-06-25,EXPENSE,Logistics,Guy amount real.,497015.54,5,,Mobile Money,TXN-0007201
7202,2025-10-12,EXPENSE,Rent,Level hundred trial these and what.,237993.41,4,,Mobile Money,TXN-0007202
7203,2025-08-30,INCOME,Consulting Revenue,Report show white enter.,365722.68,3,,Debit Card,TXN-0007203
7204,2024-02-08,INCOME,Sales Revenue,Range assume window which court.,405419.17,2,,Debit Card,TXN-0007204
7205,2025-12-14,EXPENSE,Software,American heavy soon.,408980.01,5,291.0,Bank Transfer,TXN-0007205
7206,2024-05-20,INCOME,Consulting Revenue,Smile effect gas few eight.,846077.11,1,,Debit Card,TXN-0007206
7207,2025-03-01,EXPENSE,Professional Services,Actually difference somebody lead chair offer.,263535.08,3,,Debit Card,TXN-0007207
7208,2025-02-09,INCOME,Other Income,North have thank morning return season.,506771.59,7,,Mobile Money,TXN-0007208
7209,2024-08-12,INCOME,Sales Revenue,Hotel son left challenge.,867587.43,8,,Bank Transfer,TXN-0007209
7210,2024-05-21,EXPENSE,Payroll,Tell deal modern despite.,386699.66,9,,Bank Transfer,TXN-0007210
7211,2025-03-08,INCOME,Sales Revenue,Expect notice cover begin respond black.,554899.62,3,,Credit Card,TXN-0007211
7212,2024-02-16,INCOME,Consulting Revenue,Short true me career why allow.,437631.84,8,,Debit Card,TXN-0007212
7213,2025-03-09,INCOME,Subscription Revenue,Reduce physical main minute impact onto.,203440.44,10,,Credit Card,TXN-0007213
7214,2025-04-28,EXPENSE,Maintenance,That trip past vote bank analysis.,140847.34,6,,Bank Transfer,TXN-0007214
7215,2025-06-17,EXPENSE,Software,Subject nice over become just.,153973.67,9,,Cash,TXN-0007215
7216,2024-06-22,EXPENSE,Software,More beautiful you idea cause job.,396727.93,10,275.0,Cash,TXN-0007216
7217,2025-04-01,EXPENSE,Software,Participant teacher by it through.,471292.19,2,,Credit Card,TXN-0007217
7218,2025-03-16,INCOME,Other Income,Media partner president best plan.,30838.99,5,59.0,Credit Card,TXN-0007218
7219,2025-02-10,INCOME,Service Revenue,Pull price determine.,989546.4,8,,Mobile Money,TXN-0007219
7220,2024-03-05,INCOME,Sales Revenue,Bank explain game outside today.,308957.51,3,,Credit Card,TXN-0007220
7221,2025-06-24,INCOME,Other Income,Nothing recognize show week politics tell.,118070.72,5,18.0,Debit Card,TXN-0007221
7222,2024-11-11,EXPENSE,Professional Services,Investment bed weight why take energy.,294561.33,10,,Cash,TXN-0007222
7223,2025-02-17,INCOME,Sales Revenue,Enjoy message school democratic paper term.,878596.4,2,,Debit Card,TXN-0007223
7224,2024-04-16,EXPENSE,Rent,Way others she paper blood.,303713.21,4,,Bank Transfer,TXN-0007224
7225,2025-05-02,EXPENSE,Payroll,Father traditional rule record.,26347.88,4,120.0,Bank Transfer,TXN-0007225
7226,2025-12-29,INCOME,Service Revenue,Feel half listen as help.,887213.51,1,,Debit Card,TXN-0007226
7227,2025-05-04,EXPENSE,Marketing,Account despite entire ground.,365871.04,1,,Credit Card,TXN-0007227
7228,2025-09-30,INCOME,Consulting Revenue,Forget garden most hour.,839134.61,7,,Mobile Money,TXN-0007228
7229,2025-01-26,EXPENSE,Office Supplies,Yard lay around new security admit.,251913.24,7,,Credit Card,TXN-0007229
7230,2025-07-21,EXPENSE,Rent,We economy stand by fly strong.,394209.29,7,,Cash,TXN-0007230
7231,2025-09-06,INCOME,Sales Revenue,Affect site over when.,978001.81,4,,Cash,TXN-0007231
7232,2025-08-29,EXPENSE,Travel,Key worry dream.,79664.4,4,,Debit Card,TXN-0007232
7233,2024-06-04,INCOME,Consulting Revenue,Build exactly scientist scientist lead work simply.,301907.86,8,,Bank Transfer,TXN-0007233
7234,2025-06-28,INCOME,Subscription Revenue,Gun though skill fight my us.,625639.76,4,,Credit Card,TXN-0007234
7235,2025-08-12,INCOME,Other Income,Blood for computer moment agree.,81528.83,9,,Credit Card,TXN-0007235
7236,2024-10-09,EXPENSE,Logistics,Side should agreement.,4415.91,2,,Cash,TXN-0007236
7237,2025-08-29,EXPENSE,Professional Services,Western life himself find we recent.,235449.18,1,270.0,Credit Card,TXN-0007237
7238,2025-05-17,EXPENSE,Professional Services,Yourself from traditional fire protect full.,323540.36,2,,Debit Card,TXN-0007238
7239,2024-01-16,EXPENSE,Insurance,Along far person enough teacher.,165434.53,9,,Mobile Money,TXN-0007239
7240,2025-01-26,EXPENSE,Marketing,Difference similar leg audience might him.,41020.2,8,,Debit Card,TXN-0007240
7241,2025-03-15,EXPENSE,Travel,Fund mention stuff evidence kitchen.,155988.02,6,,Debit Card,TXN-0007241
7242,2024-12-21,EXPENSE,Office Supplies,Cost much gun floor theory.,473806.68,8,,Debit Card,TXN-0007242
7243,2025-12-15,EXPENSE,Payroll,Individual research win almost on finish.,264430.47,5,,Bank Transfer,TXN-0007243
7244,2025-05-12,INCOME,Other Income,Very check relationship southern born property.,790550.16,2,,Bank Transfer,TXN-0007244
7245,2025-10-09,EXPENSE,Marketing,Market interesting community.,308352.33,6,,Debit Card,TXN-0007245
7246,2024-03-28,EXPENSE,Software,Mother listen team.,224272.32,4,,Mobile Money,TXN-0007246
7247,2025-08-28,INCOME,Subscription Revenue,If challenge hand water magazine.,117019.56,5,,Cash,TXN-0007247
7248,2024-03-15,INCOME,Sales Revenue,Share foot act computer despite like.,51095.31,7,,Debit Card,TXN-0007248
7249,2024-03-04,INCOME,Consulting Revenue,Spring sit role up coach.,64827.59,5,,Debit Card,TXN-0007249
7250,2024-03-07,INCOME,Service Revenue,Knowledge writer policy explain technology financial.,76538.67,3,,Credit Card,TXN-0007250
7251,2024-05-18,EXPENSE,Marketing,Military water cell.,211726.97,2,131.0,Mobile Money,TXN-0007251
7252,2024-09-17,INCOME,Other Income,Attack might education thus.,140079.4,4,17.0,Bank Transfer,TXN-0007252
7253,2024-04-17,EXPENSE,Utilities,Pressure present well act trip.,35655.94,10,,Bank Transfer,TXN-0007253
7254,2025-12-18,EXPENSE,Marketing,Develop avoid still population east.,419497.87,3,,Mobile Money,TXN-0007254
7255,2025-05-13,INCOME,Other Income,Large successful box their.,261924.63,3,,Bank Transfer,TXN-0007255
7256,2024-08-08,INCOME,Other Income,Reason quite back method.,753683.36,8,,Credit Card,TXN-0007256
7257,2024-12-04,INCOME,Sales Revenue,Measure thousand partner occur behind opportunity.,564751.72,9,45.0,Credit Card,TXN-0007257
7258,2024-11-10,INCOME,Subscription Revenue,Industry play responsibility.,357154.84,1,15.0,Cash,TXN-0007258
7259,2025-01-29,EXPENSE,Utilities,Car international word house fall above.,364929.09,9,274.0,Debit Card,TXN-0007259
7260,2024-12-26,INCOME,Subscription Revenue,Under morning thank study indicate.,153705.57,8,,Debit Card,TXN-0007260
7261,2025-11-11,EXPENSE,Maintenance,Myself now rise.,53947.74,8,246.0,Cash,TXN-0007261
7262,2025-01-04,EXPENSE,Software,Color employee meeting black.,68282.06,8,,Credit Card,TXN-0007262
7263,2024-04-30,EXPENSE,Insurance,Happy relate stuff note.,127322.17,7,,Bank Transfer,TXN-0007263
7264,2024-11-02,EXPENSE,Equipment,Serve weight sense less especially nor.,33822.29,6,,Mobile Money,TXN-0007264
7265,2025-10-23,EXPENSE,Marketing,Collection throw base person including home.,225811.07,5,26.0,Bank Transfer,TXN-0007265
7266,2024-12-01,INCOME,Sales Revenue,Mean better occur various collection my.,398404.5,1,42.0,Bank Transfer,TXN-0007266
7267,2025-07-27,EXPENSE,Utilities,Catch as senior.,245463.43,5,255.0,Cash,TXN-0007267
7268,2024-09-24,EXPENSE,Professional Services,Piece young discussion feeling magazine direction.,115855.86,5,,Debit Card,TXN-0007268
7269,2024-06-13,INCOME,Subscription Revenue,Majority exactly onto budget already PM.,730929.9,3,124.0,Cash,TXN-0007269
7270,2024-05-27,EXPENSE,Rent,Him discover ground smile prepare western.,314593.31,7,,Bank Transfer,TXN-0007270
7271,2025-11-15,EXPENSE,Payroll,Painting statement cup campaign message.,158447.13,2,,Mobile Money,TXN-0007271
7272,2024-03-02,EXPENSE,Payroll,But course spring home up.,198391.58,8,,Debit Card,TXN-0007272
7273,2024-05-13,INCOME,Subscription Revenue,Fire bed station hair win.,390887.49,1,,Cash,TXN-0007273
7274,2025-05-24,INCOME,Other Income,Grow seat industry.,979818.44,9,,Debit Card,TXN-0007274
7275,2025-11-30,EXPENSE,Travel,Feel sense research.,133626.51,3,,Bank Transfer,TXN-0007275
7276,2024-08-20,EXPENSE,Maintenance,Pressure space letter from benefit.,308690.93,9,,Debit Card,TXN-0007276
7277,2025-03-26,EXPENSE,Office Supplies,Leave particularly price first allow.,251534.88,9,,Debit Card,TXN-0007277
7278,2024-03-26,INCOME,Service Revenue,Morning fast cultural walk each source.,422706.27,3,,Mobile Money,TXN-0007278
7279,2024-07-24,EXPENSE,Professional Services,South else hundred knowledge boy.,470412.78,4,,Debit Card,TXN-0007279
7280,2024-08-27,EXPENSE,Software,Leg prepare ball goal return money.,419143.56,2,,Cash,TXN-0007280
7281,2024-07-26,EXPENSE,Marketing,Contain sea dinner.,45222.41,3,,Cash,TXN-0007281
7282,2025-02-18,EXPENSE,Insurance,Brother health rise behavior themselves house.,206764.71,6,201.0,Credit Card,TXN-0007282
7283,2025-04-17,INCOME,Other Income,Issue drug team anyone.,678768.95,7,,Cash,TXN-0007283
7284,2025-05-09,EXPENSE,Professional Services,Now make always tonight.,32628.74,5,,Mobile Money,TXN-0007284
7285,2025-08-22,EXPENSE,Maintenance,Long sort step impact Congress democratic.,441433.29,3,,Credit Card,TXN-0007285
7286,2024-05-30,INCOME,Consulting Revenue,Cold say action fall positive.,190950.67,6,,Cash,TXN-0007286
7287,2024-04-22,EXPENSE,Logistics,Him article serve rate.,237788.18,1,,Debit Card,TXN-0007287
7288,2024-11-14,INCOME,Service Revenue,Necessary wide catch goal.,400396.51,8,,Credit Card,TXN-0007288
7289,2024-05-08,INCOME,Subscription Revenue,Tough machine money city treatment.,126240.23,3,132.0,Bank Transfer,TXN-0007289
7290,2025-12-25,EXPENSE,Travel,Write three why even.,482691.01,9,,Credit Card,TXN-0007290
7291,2025-04-10,EXPENSE,Software,They include media.,316416.75,5,,Credit Card,TXN-0007291
7292,2025-12-16,INCOME,Subscription Revenue,Here any book.,939604.83,8,,Credit Card,TXN-0007292
7293,2025-07-11,INCOME,Service Revenue,Film approach truth contain as.,976815.9,1,,Bank Transfer,TXN-0007293
7294,2024-07-09,EXPENSE,Logistics,Visit range else.,306600.99,4,,Cash,TXN-0007294
7295,2025-02-21,INCOME,Service Revenue,None fish realize.,617460.41,8,,Cash,TXN-0007295
7296,2025-08-01,INCOME,Service Revenue,Teacher garden candidate.,238695.16,6,164.0,Cash,TXN-0007296
7297,2025-08-07,EXPENSE,Logistics,Speech price lot.,187457.16,7,286.0,Credit Card,TXN-0007297
7298,2024-01-14,EXPENSE,Logistics,Son street across although whom pick.,258519.48,7,148.0,Cash,TXN-0007298
7299,2025-09-21,EXPENSE,Equipment,Phone market long.,374041.76,10,,Bank Transfer,TXN-0007299
7300,2024-04-25,INCOME,Consulting Revenue,Leave people interview travel so store.,441275.76,4,,Mobile Money,TXN-0007300
7301,2024-04-04,EXPENSE,Rent,Purpose firm audience stop spring technology.,397275.16,5,,Debit Card,TXN-0007301
7302,2024-05-04,EXPENSE,Utilities,Production address former.,427210.32,1,,Debit Card,TXN-0007302
7303,2025-07-24,EXPENSE,Software,Full lead anything interest could.,480629.19,5,,Cash,TXN-0007303
7304,2025-06-27,EXPENSE,Payroll,While spring customer least.,105379.93,4,,Debit Card,TXN-0007304
7305,2025-07-05,EXPENSE,Professional Services,My up station thank.,462859.02,9,,Debit Card,TXN-0007305
7306,2024-12-15,INCOME,Consulting Revenue,Appear although part successful.,594391.86,5,139.0,Mobile Money,TXN-0007306
7307,2025-02-08,EXPENSE,Marketing,Major point really still prepare material leg.,234963.22,8,13.0,Cash,TXN-0007307
7308,2025-08-28,EXPENSE,Professional Services,Former food enter person that.,488269.54,2,,Bank Transfer,TXN-0007308
7309,2024-12-16,EXPENSE,Logistics,Court impact so weight.,143173.08,7,,Bank Transfer,TXN-0007309
7310,2024-03-18,EXPENSE,Payroll,Huge serve floor go almost peace.,271382.37,8,57.0,Cash,TXN-0007310
7311,2024-07-29,EXPENSE,Insurance,Power think movie.,169207.68,6,187.0,Credit Card,TXN-0007311
7312,2025-02-22,EXPENSE,Equipment,Generation mother unit pressure.,146919.9,3,,Bank Transfer,TXN-0007312
7313,2025-10-01,INCOME,Other Income,Investment full challenge.,59886.49,3,,Cash,TXN-0007313
7314,2025-08-25,INCOME,Other Income,Body rate yes.,940315.67,6,42.0,Credit Card,TXN-0007314
7315,2025-04-25,INCOME,Consulting Revenue,Teacher born traditional.,580777.89,5,,Credit Card,TXN-0007315
7316,2025-05-05,INCOME,Other Income,Success material computer seem.,116215.41,8,,Cash,TXN-0007316
7317,2024-10-09,INCOME,Subscription Revenue,Movement perform war.,976827.14,10,,Bank Transfer,TXN-0007317
7318,2025-04-02,EXPENSE,Rent,Line recent something news.,443627.48,10,,Debit Card,TXN-0007318
7319,2025-06-05,EXPENSE,Office Supplies,Ever part community simply check.,234268.64,2,,Credit Card,TXN-0007319
7320,2025-04-05,EXPENSE,Payroll,Like a teach.,383705.55,10,,Mobile Money,TXN-0007320
7321,2025-07-12,EXPENSE,Utilities,Would find front too program.,446348.39,4,,Mobile Money,TXN-0007321
7322,2024-05-09,INCOME,Subscription Revenue,Charge sense expect evidence deep want.,715918.18,10,160.0,Debit Card,TXN-0007322
7323,2024-06-21,INCOME,Other Income,Check free forward just wish and.,49872.13,10,243.0,Bank Transfer,TXN-0007323
7324,2025-08-03,INCOME,Consulting Revenue,Decision glass above.,541682.39,5,254.0,Mobile Money,TXN-0007324
7325,2024-05-24,EXPENSE,Insurance,Long you news kind herself truth.,486103.96,4,,Bank Transfer,TXN-0007325
7326,2024-03-24,EXPENSE,Software,Save yeah material different.,451537.36,7,250.0,Cash,TXN-0007326
7327,2025-06-26,EXPENSE,Travel,Few however everyone between rate teach.,30640.64,8,,Mobile Money,TXN-0007327
7328,2025-11-13,EXPENSE,Equipment,Authority thousand PM authority.,135617.72,10,,Debit Card,TXN-0007328
7329,2025-03-23,EXPENSE,Payroll,Though really summer investment size avoid.,116182.54,5,,Cash,TXN-0007329
7330,2025-06-24,EXPENSE,Software,Dream black eight.,154850.28,9,65.0,Credit Card,TXN-0007330
7331,2025-04-27,EXPENSE,Logistics,Family itself seat box.,306601.2,7,,Debit Card,TXN-0007331
7332,2025-02-01,INCOME,Subscription Revenue,Property land economy single couple.,899771.23,6,,Cash,TXN-0007332
7333,2024-04-08,INCOME,Subscription Revenue,All simply side we carry term.,141744.56,8,,Credit Card,TXN-0007333
7334,2024-09-06,INCOME,Sales Revenue,Guess various computer speech.,895180.37,3,,Credit Card,TXN-0007334
7335,2025-04-19,INCOME,Service Revenue,Almost ten watch available successful threat.,640428.52,8,237.0,Debit Card,TXN-0007335
7336,2024-12-18,INCOME,Other Income,Accept trouble his card.,811399.77,9,,Debit Card,TXN-0007336
7337,2025-06-08,INCOME,Other Income,Stuff same put street.,74187.87,10,135.0,Mobile Money,TXN-0007337
7338,2025-06-07,EXPENSE,Payroll,Responsibility line tonight design sister.,116099.65,3,,Mobile Money,TXN-0007338
7339,2025-02-16,EXPENSE,Utilities,Friend everyone ability huge next similar.,188775.32,4,,Debit Card,TXN-0007339
7340,2024-09-14,EXPENSE,Utilities,Question result seek drive establish.,229810.79,3,,Credit Card,TXN-0007340
7341,2025-09-25,EXPENSE,Professional Services,Fall all bed personal seven.,153151.4,2,,Credit Card,TXN-0007341
7342,2025-06-22,INCOME,Subscription Revenue,Safe bring may.,637568.8,7,,Cash,TXN-0007342
7343,2025-01-04,EXPENSE,Logistics,Dark fly industry shake away cultural.,262661.15,9,,Debit Card,TXN-0007343
7344,2024-03-28,INCOME,Subscription Revenue,Great into share.,12278.49,10,,Cash,TXN-0007344
7345,2024-03-29,EXPENSE,Equipment,Into white together ever.,27547.42,8,,Debit Card,TXN-0007345
7346,2024-12-13,EXPENSE,Office Supplies,Material quite many bit as shake.,169993.97,1,,Mobile Money,TXN-0007346
7347,2025-01-23,EXPENSE,Office Supplies,Big light treatment budget defense consumer.,448231.04,3,180.0,Bank Transfer,TXN-0007347
7348,2025-07-04,INCOME,Consulting Revenue,One artist well notice.,563897.51,7,,Mobile Money,TXN-0007348
7349,2024-01-10,EXPENSE,Maintenance,Tax remain future child color likely.,485010.93,2,96.0,Bank Transfer,TXN-0007349
7350,2025-03-30,INCOME,Consulting Revenue,Likely hope note gun must son.,12973.72,8,83.0,Cash,TXN-0007350
7351,2025-07-27,INCOME,Other Income,Nation employee mother choice staff.,691092.54,6,,Debit Card,TXN-0007351
7352,2024-09-16,INCOME,Sales Revenue,Response together under heart.,151229.38,7,,Bank Transfer,TXN-0007352
7353,2024-04-20,EXPENSE,Payroll,Kid letter citizen administration professor.,145014.13,5,281.0,Bank Transfer,TXN-0007353
7354,2025-08-28,EXPENSE,Utilities,With explain project finally end for.,59342.92,6,,Credit Card,TXN-0007354
7355,2025-09-15,EXPENSE,Rent,Rich our truth.,438781.85,7,,Credit Card,TXN-0007355
7356,2024-02-27,INCOME,Consulting Revenue,Talk prevent half try make.,978175.87,2,,Bank Transfer,TXN-0007356
7357,2024-07-31,INCOME,Subscription Revenue,Stand choose walk.,194280.88,10,,Credit Card,TXN-0007357
7358,2024-10-05,EXPENSE,Payroll,Example particularly door base go major.,57931.07,3,64.0,Mobile Money,TXN-0007358
7359,2025-11-09,EXPENSE,Equipment,Cost individual town.,493650.93,10,,Mobile Money,TXN-0007359
7360,2025-04-12,EXPENSE,Maintenance,Large personal kitchen future.,453098.74,9,240.0,Debit Card,TXN-0007360
7361,2024-02-10,INCOME,Sales Revenue,Market art five start.,294315.44,3,,Credit Card,TXN-0007361
7362,2025-11-25,INCOME,Service Revenue,Down possible wife.,669409.12,6,,Credit Card,TXN-0007362
7363,2024-09-07,INCOME,Service Revenue,I over if else sister condition.,307931.34,8,,Mobile Money,TXN-0007363
7364,2025-03-31,EXPENSE,Insurance,Remember follow the among.,472141.0,8,,Credit Card,TXN-0007364
7365,2025-06-29,EXPENSE,Utilities,Month represent agent whose market enough.,275875.66,6,,Credit Card,TXN-0007365
7366,2025-01-30,EXPENSE,Office Supplies,Thus thought soldier should management line.,351669.87,10,,Cash,TXN-0007366
7367,2024-05-25,EXPENSE,Insurance,Operation up he environmental medical wonder.,491700.83,1,,Cash,TXN-0007367
7368,2024-11-02,EXPENSE,Travel,Life explain serve staff too thus.,50961.15,9,,Mobile Money,TXN-0007368
7369,2024-05-04,EXPENSE,Office Supplies,Sort recent scientist us material.,308313.72,4,,Credit Card,TXN-0007369
7370,2025-02-03,EXPENSE,Maintenance,Century travel civil threat president.,374783.4,10,,Debit Card,TXN-0007370
7371,2024-06-24,EXPENSE,Marketing,Stop draw arm.,15882.81,1,163.0,Credit Card,TXN-0007371
7372,2025-03-07,INCOME,Consulting Revenue,What friend break remain.,544968.55,2,133.0,Mobile Money,TXN-0007372
7373,2024-06-09,EXPENSE,Utilities,Commercial prove beat save.,121956.78,9,,Cash,TXN-0007373
7374,2025-12-24,EXPENSE,Office Supplies,Others child current.,122671.15,4,,Credit Card,TXN-0007374
7375,2025-05-05,EXPENSE,Logistics,Newspaper mention chance nearly.,493814.57,10,166.0,Credit Card,TXN-0007375
7376,2024-01-27,EXPENSE,Payroll,Professional score less.,99220.48,2,143.0,Bank Transfer,TXN-0007376
7377,2025-07-19,EXPENSE,Marketing,Administration ever those.,403062.01,9,,Bank Transfer,TXN-0007377
7378,2025-03-01,EXPENSE,Office Supplies,Even material head.,325247.38,2,,Bank Transfer,TXN-0007378
7379,2025-09-09,EXPENSE,Rent,Pretty official region.,114676.64,10,,Mobile Money,TXN-0007379
7380,2025-05-25,INCOME,Sales Revenue,Bit able work.,533009.6,9,19.0,Debit Card,TXN-0007380
7381,2025-08-18,INCOME,Other Income,Maintain picture short.,592177.69,2,,Cash,TXN-0007381
7382,2024-12-02,INCOME,Other Income,Really really up religious Democrat.,904088.22,2,193.0,Credit Card,TXN-0007382
7383,2025-05-04,EXPENSE,Travel,Include mother strategy possible.,466017.93,2,,Bank Transfer,TXN-0007383
7384,2024-01-17,INCOME,Subscription Revenue,Federal hold painting although by.,782230.23,5,,Bank Transfer,TXN-0007384
7385,2024-10-03,INCOME,Sales Revenue,Accept always wide.,609192.25,6,,Debit Card,TXN-0007385
7386,2024-08-10,EXPENSE,Utilities,Much office that while lead.,37917.42,4,,Bank Transfer,TXN-0007386
7387,2024-09-10,INCOME,Service Revenue,Page people quite personal.,605086.27,2,,Credit Card,TXN-0007387
7388,2024-10-25,EXPENSE,Maintenance,Often arrive right system.,259135.94,3,,Credit Card,TXN-0007388
7389,2024-08-02,EXPENSE,Payroll,Audience as policy space.,425088.48,4,,Mobile Money,TXN-0007389
7390,2025-03-01,EXPENSE,Marketing,Administration image production.,386546.37,7,139.0,Mobile Money,TXN-0007390
7391,2025-07-10,INCOME,Other Income,Produce oil however attack several.,765189.59,4,,Mobile Money,TXN-0007391
7392,2024-08-07,INCOME,Service Revenue,Stay later team.,449393.6,8,,Credit Card,TXN-0007392
7393,2024-03-30,INCOME,Subscription Revenue,Win clear system everybody property letter.,704490.48,5,,Credit Card,TXN-0007393
7394,2024-03-04,EXPENSE,Insurance,Speak authority change.,375714.35,1,85.0,Debit Card,TXN-0007394
7395,2024-07-16,EXPENSE,Logistics,Mother office structure over.,144351.94,7,,Mobile Money,TXN-0007395
7396,2024-12-05,EXPENSE,Professional Services,Well involve data education.,211814.8,2,,Mobile Money,TXN-0007396
7397,2024-01-20,EXPENSE,Maintenance,Half impact floor ago term.,157389.43,4,58.0,Credit Card,TXN-0007397
7398,2024-03-30,INCOME,Subscription Revenue,Stop easy about black.,331239.37,6,,Debit Card,TXN-0007398
7399,2025-01-08,INCOME,Other Income,Effort friend most growth.,204201.6,1,189.0,Cash,TXN-0007399
7400,2025-04-02,INCOME,Other Income,Every head enjoy.,190585.54,1,300.0,Credit Card,TXN-0007400
7401,2025-07-15,INCOME,Other Income,Pick later recent particular evidence.,231667.91,5,140.0,Debit Card,TXN-0007401
7402,2024-05-15,EXPENSE,Equipment,Begin action able sport arm.,100990.68,10,,Bank Transfer,TXN-0007402
7403,2025-11-06,EXPENSE,Payroll,Citizen say employee option.,157109.14,1,,Debit Card,TXN-0007403
7404,2025-05-29,EXPENSE,Travel,Organization feel hospital why anyone player room.,10431.81,7,,Debit Card,TXN-0007404
7405,2024-12-03,INCOME,Consulting Revenue,Town about quality message.,75945.25,8,296.0,Credit Card,TXN-0007405
7406,2025-06-14,EXPENSE,Rent,Table often thing.,7310.43,3,,Credit Card,TXN-0007406
7407,2025-08-28,EXPENSE,Travel,Old similar they attack art blood.,289481.33,3,,Debit Card,TXN-0007407
7408,2025-04-01,EXPENSE,Software,Current home south future effort start.,164648.05,1,,Credit Card,TXN-0007408
7409,2024-06-22,EXPENSE,Logistics,Unusually large expense transaction,1052181.99,9,250.0,Cash,TXN-0007409
7410,2024-04-14,EXPENSE,Travel,Second student civil owner another wall.,16031.42,1,2.0,Debit Card,TXN-0007410
7411,2025-05-20,EXPENSE,Payroll,Read technology recognize actually.,466354.61,8,,Credit Card,TXN-0007411
7412,2024-09-22,EXPENSE,Maintenance,Side fire debate crime course media.,216688.03,5,,Cash,TXN-0007412
7413,2025-11-17,EXPENSE,Travel,Enough young home.,68037.97,3,,Bank Transfer,TXN-0007413
7414,2025-10-11,EXPENSE,Payroll,Win unit begin federal.,203915.45,9,,Credit Card,TXN-0007414
7415,2024-05-26,EXPENSE,Equipment,Game compare development theory agency.,282316.46,10,,Cash,TXN-0007415
7416,2025-01-21,INCOME,Consulting Revenue,Company radio treat.,505017.64,6,,Credit Card,TXN-0007416
7417,2025-05-12,EXPENSE,Professional Services,Month movie beautiful school ahead he.,63496.22,4,,Debit Card,TXN-0007417
7418,2024-07-18,INCOME,Subscription Revenue,Little necessary high mind organization treat.,42998.95,8,,Cash,TXN-0007418
7419,2024-09-02,INCOME,Subscription Revenue,Manager through picture.,325788.16,2,,Bank Transfer,TXN-0007419
7420,2024-09-22,INCOME,Consulting Revenue,Everyone report west fly whether small.,313694.16,8,,Credit Card,TXN-0007420
7421,2024-07-29,INCOME,Consulting Revenue,Activity heavy help get.,495333.63,8,,Cash,TXN-0007421
7422,2024-07-11,INCOME,Sales Revenue,Film must hotel sense prepare.,706949.22,3,,Credit Card,TXN-0007422
7423,2025-03-07,INCOME,Other Income,Feel before fly.,499234.91,1,,Cash,TXN-0007423
7424,2024-05-30,EXPENSE,Equipment,Design skin candidate environmental finish.,357514.8,8,,Credit Card,TXN-0007424
7425,2024-01-23,EXPENSE,Logistics,Easy person peace budget program.,441759.25,3,,Bank Transfer,TXN-0007425
7426,2025-04-08,EXPENSE,Utilities,Thus range growth.,393607.73,6,,Credit Card,TXN-0007426
7427,2024-08-27,INCOME,Service Revenue,Weight energy share opportunity serve.,192403.8,3,,Bank Transfer,TXN-0007427
7428,2024-03-06,INCOME,Consulting Revenue,Animal game position note.,293289.42,7,,Cash,TXN-0007428
7429,2025-03-13,EXPENSE,Office Supplies,Hour wonder enter job.,84378.39,10,,Bank Transfer,TXN-0007429
7430,2024-06-08,INCOME,Service Revenue,Trouble whether theory I.,216192.24,9,20.0,Mobile Money,TXN-0007430
7431,2025-11-02,INCOME,Other Income,Down music fill network prove.,277990.37,6,,Mobile Money,TXN-0007431
7432,2025-12-30,INCOME,Other Income,Table fish base.,356706.9,4,108.0,Cash,TXN-0007432
7433,2024-12-17,EXPENSE,Insurance,Not development public number resource modern.,146339.89,8,202.0,Mobile Money,TXN-0007433
7434,2024-07-10,INCOME,Other Income,Must skill decision who.,728895.81,1,,Bank Transfer,TXN-0007434
7435,2024-07-10,INCOME,Subscription Revenue,Put candidate upon author.,49289.15,9,81.0,Mobile Money,TXN-0007435
7436,2025-10-25,INCOME,Service Revenue,Partner fast own want member.,975397.69,7,,Mobile Money,TXN-0007436
7437,2025-11-16,EXPENSE,Office Supplies,Everybody land cell kid return.,130898.94,9,,Debit Card,TXN-0007437
7438,2024-07-19,EXPENSE,Professional Services,Visit personal against determine family allow.,326181.85,6,,Debit Card,TXN-0007438
7439,2024-04-04,EXPENSE,Marketing,Debate notice long.,49283.79,7,,Debit Card,TXN-0007439
7440,2024-01-03,EXPENSE,Marketing,Face part however law act cost.,43895.76,5,44.0,Mobile Money,TXN-0007440
7441,2024-10-23,EXPENSE,Office Supplies,Nature your popular official somebody reach.,256307.91,2,,Cash,TXN-0007441
7442,2024-07-11,INCOME,Consulting Revenue,Soon decision get soon.,308095.87,1,,Credit Card,TXN-0007442
7443,2025-12-05,EXPENSE,Office Supplies,Democrat public somebody campaign especially.,72594.42,6,166.0,Debit Card,TXN-0007443
7444,2024-06-05,EXPENSE,Maintenance,Want term factor money such six.,180962.26,10,,Bank Transfer,TXN-0007444
7445,2024-01-16,EXPENSE,Maintenance,Run voice information control.,375535.8,6,,Bank Transfer,TXN-0007445
7446,2024-03-11,INCOME,Subscription Revenue,Other occur PM church several.,711499.45,5,,Bank Transfer,TXN-0007446
7447,2025-10-22,EXPENSE,Marketing,Window tend process good series.,424093.99,10,,Credit Card,TXN-0007447
7448,2025-03-06,EXPENSE,Equipment,Beat you way human central.,232443.33,1,,Bank Transfer,TXN-0007448
7449,2025-10-31,INCOME,Sales Revenue,Religious ahead my.,937394.22,2,,Bank Transfer,TXN-0007449
7450,2025-12-12,INCOME,Service Revenue,Step ball she air couple director.,218986.76,3,157.0,Credit Card,TXN-0007450
7451,2024-05-23,INCOME,Subscription Revenue,Condition accept green lay similar.,723544.8,5,,Mobile Money,TXN-0007451
7452,2024-06-11,EXPENSE,Software,Mrs policy it community.,200156.57,3,,Debit Card,TXN-0007452
7453,2025-10-02,EXPENSE,Marketing,Whose gun that opportunity stock work.,41314.81,7,261.0,Credit Card,TXN-0007453
7454,2025-12-19,INCOME,Other Income,Sort part use machine son Mrs.,908942.11,3,117.0,Cash,TXN-0007454
7455,2024-11-12,EXPENSE,Marketing,Son table unit.,139902.34,9,,Credit Card,TXN-0007455
7456,2024-05-07,EXPENSE,Maintenance,Interesting size call voice one maintain.,368507.4,1,,Cash,TXN-0007456
7457,2025-05-23,EXPENSE,Rent,Win recent boy.,397928.92,10,41.0,Bank Transfer,TXN-0007457
7458,2025-01-23,INCOME,Sales Revenue,Understand police message.,359665.56,1,,Bank Transfer,TXN-0007458
7459,2025-08-20,EXPENSE,Rent,Go history on.,468357.55,9,,Mobile Money,TXN-0007459
7460,2025-10-21,EXPENSE,Software,Candidate front hand rate evidence.,100832.53,6,,Cash,TXN-0007460
7461,2024-09-27,EXPENSE,Logistics,Idea old record.,32453.43,6,,Credit Card,TXN-0007461
7462,2024-02-02,EXPENSE,Marketing,Movie act heart fall standard give.,31921.75,10,117.0,Debit Card,TXN-0007462
7463,2024-01-12,INCOME,Service Revenue,Senior station him.,654004.46,10,,Bank Transfer,TXN-0007463
7464,2025-10-27,INCOME,Service Revenue,Necessary what tend catch red very.,719417.79,9,,Bank Transfer,TXN-0007464
7465,2024-11-08,EXPENSE,Equipment,Unusually large expense transaction,1432064.57,9,,Bank Transfer,TXN-0007465
7466,2024-02-19,EXPENSE,Software,Participant thousand east building.,223988.5,8,,Cash,TXN-0007466
7467,2025-03-11,INCOME,Service Revenue,Player memory enough.,275389.35,10,,Debit Card,TXN-0007467
7468,2025-02-21,EXPENSE,Marketing,Speak see positive positive couple past.,474698.56,10,,Cash,TXN-0007468
7469,2025-07-09,EXPENSE,Payroll,Keep hit subject organization join his.,289122.28,9,95.0,Mobile Money,TXN-0007469
7470,2024-08-27,EXPENSE,Maintenance,Require throw unit red push across.,306862.46,1,160.0,Mobile Money,TXN-0007470
7471,2025-09-22,EXPENSE,Marketing,Network they glass other green herself.,369974.01,10,,Credit Card,TXN-0007471
7472,2024-11-27,EXPENSE,Marketing,High whose what drug agreement.,420332.88,2,,Credit Card,TXN-0007472
7473,2024-10-22,INCOME,Consulting Revenue,Common teach meeting.,91550.43,3,,Cash,TXN-0007473
7474,2025-04-22,INCOME,Other Income,Skill fund executive audience democratic who.,190154.78,8,235.0,Credit Card,TXN-0007474
7475,2025-04-13,INCOME,Subscription Revenue,Population help art.,619563.08,1,,Mobile Money,TXN-0007475
7476,2025-01-30,INCOME,Service Revenue,Thought agree radio suddenly draw.,590267.82,4,183.0,Bank Transfer,TXN-0007476
7477,2025-09-28,INCOME,Service Revenue,Medical sport military item star.,282305.03,1,,Bank Transfer,TXN-0007477
7478,2024-09-13,EXPENSE,Office Supplies,Describe owner budget sea key.,156737.86,2,,Mobile Money,TXN-0007478
7479,2024-05-31,INCOME,Other Income,Condition maybe official.,493255.56,4,,Mobile Money,TXN-0007479
7480,2025-10-14,EXPENSE,Payroll,Discover himself front discussion.,109063.9,7,,Debit Card,TXN-0007480
7481,2024-10-21,EXPENSE,Rent,Shake simple lot.,136586.11,3,279.0,Mobile Money,TXN-0007481
7482,2024-04-04,EXPENSE,Maintenance,Join quite pressure edge.,149262.39,9,,Debit Card,TXN-0007482
7483,2025-01-12,EXPENSE,Logistics,Enough source away.,134765.45,1,,Bank Transfer,TXN-0007483
7484,2024-10-29,EXPENSE,Marketing,Budget fund probably about do hot.,194430.17,5,125.0,Debit Card,TXN-0007484
7485,2025-07-02,INCOME,Service Revenue,Tough article draw.,130499.99,8,,Bank Transfer,TXN-0007485
7486,2024-06-10,EXPENSE,Logistics,Son agent finish course exist audience.,173995.31,1,,Credit Card,TXN-0007486
7487,2024-09-10,EXPENSE,Utilities,Season measure where.,377277.27,3,,Cash,TXN-0007487
7488,2024-10-30,EXPENSE,Marketing,Could perform question father send.,431359.83,5,267.0,Debit Card,TXN-0007488
7489,2024-01-07,EXPENSE,Logistics,Degree discussion glass add test.,249492.11,10,125.0,Debit Card,TXN-0007489
7490,2024-01-16,EXPENSE,Equipment,Move morning one.,70889.42,4,,Credit Card,TXN-0007490
7491,2024-05-19,INCOME,Service Revenue,Former her where none of science.,514768.2,5,,Bank Transfer,TXN-0007491
7492,2024-10-25,INCOME,Sales Revenue,Recognize popular far hundred provide.,948691.27,4,246.0,Mobile Money,TXN-0007492
7493,2025-04-13,EXPENSE,Office Supplies,Mr rate score understand different.,293553.0,3,,Cash,TXN-0007493
7494,2024-12-08,INCOME,Subscription Revenue,Same small scene toward reveal.,801856.83,9,,Mobile Money,TXN-0007494
7495,2025-03-06,INCOME,Service Revenue,Floor plant involve expect.,906915.07,9,,Debit Card,TXN-0007495
7496,2025-06-25,EXPENSE,Marketing,Change thought involve value political.,307062.24,9,,Credit Card,TXN-0007496
7497,2024-07-15,EXPENSE,Insurance,Economy party gas and hope upon.,341641.35,6,,Credit Card,TXN-0007497
7498,2024-10-15,EXPENSE,Rent,Defense too challenge artist democratic.,307320.91,7,,Debit Card,TXN-0007498
7499,2024-02-05,EXPENSE,Office Supplies,Heavy fact staff decide economy.,418465.64,1,,Credit Card,TXN-0007499
7500,2024-11-07,EXPENSE,Utilities,You alone daughter customer.,274224.59,9,,Cash,TXN-0007500
7501,2024-01-17,INCOME,Subscription Revenue,Century according run.,464817.96,4,132.0,Bank Transfer,TXN-0007501
7502,2024-01-18,EXPENSE,Software,Concern customer tend.,497933.58,4,,Credit Card,TXN-0007502
7503,2024-09-22,EXPENSE,Logistics,Simply common success better pull ready.,133643.05,4,,Credit Card,TXN-0007503
7504,2024-02-09,EXPENSE,Software,Religious door center rise particular those.,436539.96,7,,Cash,TXN-0007504
7505,2025-03-26,EXPENSE,Travel,Box happy personal finally lose of.,122376.33,9,,Credit Card,TXN-0007505
7506,2025-06-09,INCOME,Consulting Revenue,Space interest sell suggest.,504014.28,2,,Credit Card,TXN-0007506
7507,2024-11-03,EXPENSE,Insurance,Actually consumer drop.,3385.46,7,,Debit Card,TXN-0007507
7508,2025-11-19,EXPENSE,Logistics,Wall cover game.,484114.73,8,,Mobile Money,TXN-0007508
7509,2024-04-14,EXPENSE,Marketing,Hand believe edge else begin.,199732.69,9,,Debit Card,TXN-0007509
7510,2024-09-14,INCOME,Subscription Revenue,Word discussion available detail he general.,768960.6,1,,Bank Transfer,TXN-0007510
7511,2024-08-16,EXPENSE,Office Supplies,Various part boy her.,211115.98,7,,Credit Card,TXN-0007511
7512,2025-11-02,EXPENSE,Maintenance,Tend protect time parent.,248903.36,6,,Debit Card,TXN-0007512
7513,2025-09-27,EXPENSE,Software,Full drive position ask employee.,52858.46,5,,Debit Card,TXN-0007513
7514,2024-11-21,INCOME,Service Revenue,Notice necessary bit believe onto.,701367.7,9,,Debit Card,TXN-0007514
7515,2024-06-27,INCOME,Other Income,Leave commercial glass.,311847.47,4,,Cash,TXN-0007515
7516,2024-12-20,INCOME,Consulting Revenue,About past player game activity skill.,774423.74,2,,Bank Transfer,TXN-0007516
7517,2024-04-15,INCOME,Sales Revenue,Travel individual society.,975045.48,2,,Debit Card,TXN-0007517
7518,2025-01-27,INCOME,Consulting Revenue,Full start begin.,729957.77,3,,Bank Transfer,TXN-0007518
7519,2025-05-10,EXPENSE,Software,By something want evening.,252513.5,1,,Cash,TXN-0007519
7520,2025-11-03,INCOME,Subscription Revenue,To style think form.,703262.67,6,,Cash,TXN-0007520
7521,2025-08-11,EXPENSE,Marketing,Push least per if benefit.,200020.65,5,,Debit Card,TXN-0007521
7522,2024-11-20,INCOME,Consulting Revenue,Same land miss.,840894.98,3,,Mobile Money,TXN-0007522
7523,2025-02-14,EXPENSE,Maintenance,Learn indicate Democrat grow whole key.,359744.7,6,,Debit Card,TXN-0007523
7524,2024-07-13,EXPENSE,Professional Services,Study moment another.,67364.75,1,,Bank Transfer,TXN-0007524
7525,2024-09-09,EXPENSE,Equipment,Others against act Mrs expert bring.,11814.06,3,,Debit Card,TXN-0007525
7526,2024-06-29,EXPENSE,Equipment,Cause probably strategy choice.,238386.66,8,,Bank Transfer,TXN-0007526
7527,2024-02-19,EXPENSE,Rent,Each eye hospital.,67187.2,8,,Mobile Money,TXN-0007527
7528,2024-10-09,EXPENSE,Software,Car represent break stay network.,416631.7,8,,Debit Card,TXN-0007528
7529,2025-04-30,EXPENSE,Utilities,Throughout paper wear will kitchen.,340336.19,10,197.0,Mobile Money,TXN-0007529
7530,2024-08-24,EXPENSE,Utilities,Option audience billion same.,46705.23,3,,Credit Card,TXN-0007530
7531,2025-07-19,INCOME,Service Revenue,Break serve security after.,982661.43,4,,Cash,TXN-0007531
7532,2024-05-18,EXPENSE,Payroll,Feeling five only past.,325532.44,9,,Cash,TXN-0007532
7533,2024-05-21,INCOME,Subscription Revenue,Phone five traditional relationship.,346572.78,4,,Mobile Money,TXN-0007533
7534,2025-10-04,EXPENSE,Professional Services,Along owner wrong think record usually.,177825.72,2,168.0,Cash,TXN-0007534
7535,2025-09-12,EXPENSE,Marketing,Happen deep nearly matter.,431568.76,8,106.0,Cash,TXN-0007535
7536,2024-05-26,EXPENSE,Travel,Local amount guess either politics.,238513.57,8,,Cash,TXN-0007536
7537,2025-05-21,INCOME,Sales Revenue,Factor over without.,449536.54,5,,Credit Card,TXN-0007537
7538,2025-02-06,EXPENSE,Travel,Should mean raise create.,43289.65,3,,Mobile Money,TXN-0007538
7539,2024-05-09,INCOME,Subscription Revenue,Five accept budget.,696176.25,9,,Mobile Money,TXN-0007539
7540,2024-09-17,EXPENSE,Professional Services,Dinner operation always far source maintain.,344866.45,1,,Debit Card,TXN-0007540
7541,2024-05-02,EXPENSE,Rent,True guess into off keep.,356147.23,6,,Credit Card,TXN-0007541
7542,2025-05-05,EXPENSE,Rent,Behind world activity.,62904.74,7,187.0,Mobile Money,TXN-0007542
7543,2024-10-07,EXPENSE,Travel,Mention weight have short.,425799.6,9,,Bank Transfer,TXN-0007543
7544,2025-06-22,EXPENSE,Marketing,Throughout case baby keep low.,116851.28,3,,Credit Card,TXN-0007544
7545,2025-05-24,EXPENSE,Equipment,Learn daughter health administration base little.,416421.19,9,,Debit Card,TXN-0007545
7546,2025-05-24,INCOME,Subscription Revenue,Whom man sell source.,354073.09,10,,Cash,TXN-0007546
7547,2024-10-17,INCOME,Consulting Revenue,Indicate again watch.,291066.66,2,,Mobile Money,TXN-0007547
7548,2025-03-04,EXPENSE,Maintenance,Lose prepare management eight.,49014.98,9,,Debit Card,TXN-0007548
7549,2024-02-24,EXPENSE,Insurance,Still painting action however sister find.,282987.05,7,173.0,Bank Transfer,TXN-0007549
7550,2024-07-28,EXPENSE,Equipment,Treat word along culture whether its.,8085.38,9,146.0,Credit Card,TXN-0007550
7551,2024-10-08,EXPENSE,Insurance,Protect child long nearly reflect.,114801.08,6,,Bank Transfer,TXN-0007551
7552,2025-10-26,INCOME,Subscription Revenue,Ability yourself first ahead ready.,672556.4,8,229.0,Mobile Money,TXN-0007552
7553,2024-01-24,INCOME,Consulting Revenue,Change report although total collection fire.,761099.26,6,17.0,Mobile Money,TXN-0007553
7554,2025-05-25,EXPENSE,Travel,Have reflect push.,44736.69,3,,Credit Card,TXN-0007554
7555,2025-02-27,EXPENSE,Marketing,Carry able five front turn.,269170.94,4,31.0,Cash,TXN-0007555
7556,2025-04-11,EXPENSE,Office Supplies,Can available kid matter American.,395055.27,9,281.0,Bank Transfer,TXN-0007556
7557,2024-03-26,EXPENSE,Professional Services,Another coach director expert it.,437285.34,6,,Mobile Money,TXN-0007557
7558,2025-11-01,EXPENSE,Utilities,Note thank front exactly white.,439837.58,3,,Bank Transfer,TXN-0007558
7559,2025-04-22,INCOME,Service Revenue,Act fill discover ready.,970013.5,7,,Mobile Money,TXN-0007559
7560,2025-07-16,INCOME,Other Income,Today mother special major behavior story.,392088.94,9,,Debit Card,TXN-0007560
7561,2024-12-18,INCOME,Sales Revenue,Investment professional feeling whole.,389223.24,5,,Mobile Money,TXN-0007561
7562,2025-08-31,EXPENSE,Logistics,Form behind understand.,463584.37,3,,Credit Card,TXN-0007562
7563,2024-09-14,INCOME,Service Revenue,Payment linked to inactive employee,780406.34,7,293.0,Debit Card,TXN-0007563
7564,2025-12-05,INCOME,Sales Revenue,Century allow care low subject professor building.,320492.98,9,,Cash,TXN-0007564
7565,2025-03-22,INCOME,Sales Revenue,Close each hospital suddenly statement itself.,182327.09,6,239.0,Bank Transfer,TXN-0007565
7566,2025-10-10,EXPENSE,Utilities,She arm class.,301585.78,5,,Credit Card,TXN-0007566
7567,2025-09-19,INCOME,Sales Revenue,Who occur go.,763365.27,5,,Bank Transfer,TXN-0007567
7568,2024-04-03,EXPENSE,Logistics,Build resource clearly win part establish.,19587.36,2,,Bank Transfer,TXN-0007568
7569,2025-06-01,INCOME,Service Revenue,Second than nice anything main.,840533.24,6,224.0,Credit Card,TXN-0007569
7570,2024-05-10,EXPENSE,Professional Services,Animal his no.,200455.15,9,,Cash,TXN-0007570
7571,2025-10-05,EXPENSE,Software,Player everybody film reason.,443493.83,8,,Bank Transfer,TXN-0007571
7572,2025-09-12,EXPENSE,Payroll,Set suddenly yeah small.,413092.87,5,,Mobile Money,TXN-0007572
7573,2025-09-11,EXPENSE,Office Supplies,Hit cultural financial.,228357.91,3,245.0,Mobile Money,TXN-0007573
7574,2024-02-28,EXPENSE,Professional Services,Easy second memory ever hear.,413743.97,4,216.0,Debit Card,TXN-0007574
7575,2025-11-17,EXPENSE,Utilities,Less medical office.,240845.01,3,,Bank Transfer,TXN-0007575
7576,2025-06-07,INCOME,Other Income,Present property especially head care throughout.,811226.77,9,,Bank Transfer,TXN-0007576
7577,2024-03-30,EXPENSE,Payroll,Difference guess candidate form much.,293016.65,1,,Bank Transfer,TXN-0007577
7578,2025-02-21,EXPENSE,Rent,Clear long candidate answer.,86148.72,4,,Cash,TXN-0007578
7579,2025-05-03,EXPENSE,Rent,Sport answer class pretty standard.,333972.94,2,,Bank Transfer,TXN-0007579
7580,2025-12-10,EXPENSE,Office Supplies,Up control nearly.,284153.84,5,,Cash,TXN-0007580
7581,2025-04-21,INCOME,Sales Revenue,Drug building certain card teach serious.,863302.34,10,1.0,Mobile Money,TXN-0007581
7582,2025-03-23,EXPENSE,Utilities,Including during large it bed own.,452376.49,8,249.0,Bank Transfer,TXN-0007582
7583,2025-03-04,INCOME,Consulting Revenue,Teacher institution much subject team serious.,64438.59,6,,Cash,TXN-0007583
7584,2024-05-11,EXPENSE,Logistics,Believe onto rate.,22626.95,5,,Mobile Money,TXN-0007584
7585,2024-04-11,EXPENSE,Payroll,Successful western front suffer.,142848.99,4,,Mobile Money,TXN-0007585
7586,2025-06-07,INCOME,Service Revenue,Certain down car.,331133.42,8,,Cash,TXN-0007586
7587,2024-08-23,INCOME,Consulting Revenue,Around election alone possible into.,858107.24,3,165.0,Credit Card,TXN-0007587
7588,2024-10-17,EXPENSE,Office Supplies,Keep consider test until in.,120719.11,2,19.0,Bank Transfer,TXN-0007588
7589,2024-09-23,EXPENSE,Office Supplies,Late set soon instead.,274990.27,7,,Cash,TXN-0007589
7590,2025-03-22,EXPENSE,Marketing,Purpose anyone shake different reason actually customer.,199237.08,3,216.0,Bank Transfer,TXN-0007590
7591,2024-06-03,INCOME,Consulting Revenue,Ground we cell.,200092.93,2,,Debit Card,TXN-0007591
7592,2025-01-15,EXPENSE,Payroll,Analysis finish class year.,224346.05,9,183.0,Debit Card,TXN-0007592
7593,2024-08-09,EXPENSE,Office Supplies,Party stay conference cover.,481345.81,9,,Debit Card,TXN-0007593
7594,2024-12-04,INCOME,Consulting Revenue,Though as take experience include.,709227.74,7,,Debit Card,TXN-0007594
7595,2024-05-12,EXPENSE,Office Supplies,Election couple same.,168621.42,4,,Mobile Money,TXN-0007595
7596,2024-10-27,INCOME,Subscription Revenue,Wrong old under you experience national.,557638.6,9,242.0,Mobile Money,TXN-0007596
7597,2024-09-29,INCOME,Other Income,Claim job born laugh sport court.,739761.35,10,,Debit Card,TXN-0007597
7598,2025-01-15,INCOME,Consulting Revenue,Me Republican simple nice very.,927402.52,1,190.0,Mobile Money,TXN-0007598
7599,2024-05-27,EXPENSE,Utilities,Write yeah drive pass high stage.,150087.07,1,,Bank Transfer,TXN-0007599
7600,2024-12-24,EXPENSE,Marketing,Final level area they around financial.,41597.84,1,,Credit Card,TXN-0007600
7601,2025-09-13,INCOME,Sales Revenue,Small treatment certain section western white.,199356.78,2,,Debit Card,TXN-0007601
7602,2025-07-30,EXPENSE,Payroll,Kid quickly scene its eat necessary.,315075.43,10,,Credit Card,TXN-0007602
7603,2025-09-05,EXPENSE,Rent,Page according community.,359605.72,9,,Mobile Money,TXN-0007603
7604,2024-01-02,EXPENSE,Software,Drop charge cup unit consumer.,445067.32,9,,Debit Card,TXN-0007604
7605,2025-12-13,EXPENSE,Logistics,Staff push spring PM.,299899.96,10,77.0,Bank Transfer,TXN-0007605
7606,2024-04-21,EXPENSE,Professional Services,Laugh case drug issue start.,217375.24,10,,Bank Transfer,TXN-0007606
7607,2024-05-17,EXPENSE,Office Supplies,Method area someone position.,485225.08,4,,Cash,TXN-0007607
7608,2024-10-11,EXPENSE,Equipment,Coach wish inside also.,137935.65,2,,Bank Transfer,TXN-0007608
7609,2024-10-06,INCOME,Sales Revenue,Game message similar.,76032.88,7,7.0,Credit Card,TXN-0007609
7610,2025-03-18,INCOME,Sales Revenue,Another assume customer Mr focus I.,884990.4,10,256.0,Cash,TXN-0007610
7611,2025-12-11,EXPENSE,Utilities,Nothing class eat drop their question.,476081.79,2,,Debit Card,TXN-0007611
7612,2024-09-21,INCOME,Subscription Revenue,One kitchen several suggest.,436513.67,1,238.0,Bank Transfer,TXN-0007612
7613,2024-02-09,INCOME,Service Revenue,Serve own between stand born.,401511.52,4,,Debit Card,TXN-0007613
7614,2025-12-16,EXPENSE,Travel,According under book.,188195.16,3,,Debit Card,TXN-0007614
7615,2024-12-17,INCOME,Subscription Revenue,Society sport forget shake note little.,267825.31,7,289.0,Cash,TXN-0007615
7616,2024-01-24,EXPENSE,Maintenance,Least ready pick read Democrat.,122268.75,9,,Debit Card,TXN-0007616
7617,2025-05-31,EXPENSE,Rent,Change standard church dog.,38404.76,9,,Cash,TXN-0007617
7618,2024-03-21,EXPENSE,Professional Services,Determine save lead lead discover.,33958.73,10,248.0,Debit Card,TXN-0007618
7619,2024-06-06,INCOME,Subscription Revenue,Manage east space language catch.,86712.09,5,,Bank Transfer,TXN-0007619
7620,2025-06-08,EXPENSE,Travel,Hair manager a member.,89810.39,8,,Mobile Money,TXN-0007620
7621,2025-03-20,EXPENSE,Maintenance,Position general point.,57526.92,2,,Bank Transfer,TXN-0007621
7622,2025-05-18,EXPENSE,Equipment,Ask window feeling while least later production.,2214.89,3,,Bank Transfer,TXN-0007622
7623,2025-06-25,EXPENSE,Equipment,Particularly window enough dinner continue.,38742.41,5,263.0,Debit Card,TXN-0007623
7624,2024-07-06,EXPENSE,Utilities,Statement drug various even recent.,3505.95,10,,Debit Card,TXN-0007624
7625,2024-11-14,EXPENSE,Rent,Model family matter special.,30441.55,4,,Debit Card,TXN-0007625
7626,2025-04-27,INCOME,Other Income,Know job cultural off board throughout.,197062.77,8,,Credit Card,TXN-0007626
7627,2025-03-08,INCOME,Subscription Revenue,Hospital customer social.,368383.63,10,,Bank Transfer,TXN-0007627
7628,2025-02-25,EXPENSE,Maintenance,Decide whose exactly teacher particularly make.,389667.89,10,,Credit Card,TXN-0007628
7629,2025-09-07,EXPENSE,Logistics,Care now national.,222427.44,9,,Debit Card,TXN-0007629
7630,2025-04-14,INCOME,Subscription Revenue,Generation treatment truth.,610787.75,9,124.0,Cash,TXN-0007630
7631,2025-04-19,EXPENSE,Logistics,Author blood imagine stop.,273111.8,5,,Mobile Money,TXN-0007631
7632,2024-05-24,EXPENSE,Logistics,Production unit piece get.,423120.89,3,,Bank Transfer,TXN-0007632
7633,2024-05-17,INCOME,Sales Revenue,Read although daughter church to.,683816.1,9,,Debit Card,TXN-0007633
7634,2024-09-19,INCOME,Consulting Revenue,Detail result yourself.,800999.07,5,,Bank Transfer,TXN-0007634
7635,2024-08-05,EXPENSE,Utilities,Face could society fund culture return.,486455.16,2,,Credit Card,TXN-0007635
7636,2024-06-12,EXPENSE,Maintenance,Station government card condition growth.,392078.01,10,180.0,Debit Card,TXN-0007636
7637,2024-12-20,EXPENSE,Professional Services,Baby color city sometimes particular want.,22866.26,6,,Debit Card,TXN-0007637
7638,2025-02-10,EXPENSE,Office Supplies,Thousand as daughter common.,89648.49,3,,Debit Card,TXN-0007638
7639,2024-07-12,EXPENSE,Travel,Just tough toward brother.,96951.34,5,,Credit Card,TXN-0007639
7640,2024-12-31,EXPENSE,Marketing,Eye quickly American reason ahead open.,87752.31,8,,Bank Transfer,TXN-0007640
7641,2024-01-04,EXPENSE,Software,Guy tell certainly trip.,362203.04,1,,Cash,TXN-0007641
7642,2025-07-31,EXPENSE,Logistics,Check get lay miss.,298915.3,5,,Bank Transfer,TXN-0007642
7643,2024-05-19,EXPENSE,Maintenance,Finish education different.,369954.0,7,,Mobile Money,TXN-0007643
7644,2025-02-08,INCOME,Service Revenue,Employee American science.,407845.75,4,,Bank Transfer,TXN-0007644
7645,2025-01-16,EXPENSE,Insurance,Film shoulder man.,187631.58,6,,Credit Card,TXN-0007645
7646,2024-08-11,INCOME,Service Revenue,Drive discuss both without process safe.,367816.83,8,,Cash,TXN-0007646
7647,2025-12-14,INCOME,Consulting Revenue,Behavior imagine product main real.,294861.04,1,,Debit Card,TXN-0007647
7648,2025-04-03,EXPENSE,Professional Services,Tonight nice nature activity could.,139164.19,6,,Mobile Money,TXN-0007648
7649,2025-11-19,EXPENSE,Rent,Also often ahead spring might agency.,61095.5,8,,Debit Card,TXN-0007649
7650,2024-06-12,INCOME,Sales Revenue,Man officer begin score scientist by.,15221.56,4,,Cash,TXN-0007650
7651,2025-11-18,EXPENSE,Utilities,Authority road study age.,88231.08,10,,Credit Card,TXN-0007651
7652,2024-12-27,EXPENSE,Marketing,White newspaper player Congress local.,342190.4,4,,Mobile Money,TXN-0007652
7653,2025-09-05,INCOME,Sales Revenue,Bed commercial soldier attack simple oil.,372141.3,10,,Mobile Money,TXN-0007653
7654,2025-06-03,EXPENSE,Marketing,Light how arrive address perform.,101558.36,9,,Debit Card,TXN-0007654
7655,2025-10-10,INCOME,Other Income,Dog hot writer side up.,709214.97,5,,Debit Card,TXN-0007655
7656,2024-10-20,INCOME,Sales Revenue,Again suddenly along behind benefit.,783126.89,4,,Debit Card,TXN-0007656
7657,2025-09-22,EXPENSE,Rent,General fear late.,53572.82,4,3.0,Bank Transfer,TXN-0007657
7658,2024-03-01,EXPENSE,Utilities,Why hot break opportunity capital nor.,352926.48,5,,Debit Card,TXN-0007658
7659,2025-10-31,INCOME,Consulting Revenue,Reflect each take.,688860.24,3,86.0,Bank Transfer,TXN-0007659
7660,2024-08-01,EXPENSE,Software,Forward room catch leave herself machine.,38939.9,1,,Bank Transfer,TXN-0007660
7661,2025-02-22,EXPENSE,Insurance,Institution century nothing.,283166.95,1,,Debit Card,TXN-0007661
7662,2025-07-22,EXPENSE,Maintenance,Team across none.,421623.98,6,,Bank Transfer,TXN-0007662
7663,2025-12-23,EXPENSE,Rent,Class property recently new.,13168.6,2,,Debit Card,TXN-0007663
7664,2024-10-02,INCOME,Other Income,Issue see account way.,398446.68,7,,Credit Card,TXN-0007664
7665,2025-03-19,EXPENSE,Professional Services,Second last either beyond challenge.,369672.36,5,,Bank Transfer,TXN-0007665
7666,2024-02-12,EXPENSE,Travel,Join street movement energy reveal sport.,300465.37,6,152.0,Cash,TXN-0007666
7667,2025-08-06,EXPENSE,Travel,Magazine against interview high whom out.,330699.06,9,,Mobile Money,TXN-0007667
7668,2025-09-09,EXPENSE,Payroll,Act story certainly family management kitchen.,61305.17,1,203.0,Cash,TXN-0007668
7669,2024-09-16,INCOME,Subscription Revenue,Central compare policy reach matter ago.,332642.28,9,,Bank Transfer,TXN-0007669
7670,2024-10-11,INCOME,Other Income,Guess hotel outside several.,354590.15,7,173.0,Debit Card,TXN-0007670
7671,2025-04-25,INCOME,Subscription Revenue,Common new affect minute more win.,449127.26,6,142.0,Debit Card,TXN-0007671
7672,2025-01-26,INCOME,Subscription Revenue,Miss economic film sure change.,779815.22,6,,Cash,TXN-0007672
7673,2024-11-24,EXPENSE,Logistics,Blood energy make forget.,465642.41,9,,Mobile Money,TXN-0007673
7674,2024-05-06,INCOME,Service Revenue,Myself skin now similar.,643536.03,4,,Debit Card,TXN-0007674
7675,2025-01-16,INCOME,Other Income,Wish late fine feeling.,930120.19,6,59.0,Credit Card,TXN-0007675
7676,2025-01-23,EXPENSE,Travel,Music term huge change.,452971.95,2,,Mobile Money,TXN-0007676
7677,2025-01-09,EXPENSE,Payroll,Involve catch region national year look.,265544.94,3,,Bank Transfer,TXN-0007677
7678,2025-10-02,INCOME,Subscription Revenue,Find start serious.,16828.51,10,,Credit Card,TXN-0007678
7679,2025-11-10,INCOME,Sales Revenue,Yard growth city note nor option.,580515.32,5,,Mobile Money,TXN-0007679
7680,2024-03-25,INCOME,Other Income,Reality cultural season role forward.,156497.49,7,,Credit Card,TXN-0007680
7681,2025-12-25,EXPENSE,Professional Services,Back company believe no staff.,319237.9,2,,Cash,TXN-0007681
7682,2025-09-03,EXPENSE,Maintenance,Without compare service away.,207141.16,9,260.0,Cash,TXN-0007682
7683,2024-05-10,EXPENSE,Utilities,Natural same wife may attorney.,11731.12,1,,Debit Card,TXN-0007683
7684,2025-04-05,INCOME,Other Income,Serious fast a.,593572.34,4,,Debit Card,TXN-0007684
7685,2024-07-02,EXPENSE,Rent,Class against happen home choose.,22076.63,4,11.0,Cash,TXN-0007685
7686,2024-05-26,INCOME,Other Income,Agency surface Congress recent western everyone.,903655.39,9,269.0,Debit Card,TXN-0007686
7687,2025-11-05,EXPENSE,Marketing,Age determine address professor.,10401.76,7,,Bank Transfer,TXN-0007687
7688,2025-07-05,EXPENSE,Travel,Force film score.,417824.97,7,182.0,Mobile Money,TXN-0007688
7689,2025-07-30,EXPENSE,Professional Services,Often according world.,414775.46,2,199.0,Cash,TXN-0007689
7690,2024-04-22,INCOME,Other Income,Executive result participant goal outside nice.,443450.87,8,257.0,Debit Card,TXN-0007690
7691,2024-09-25,EXPENSE,Professional Services,Particularly idea near message tonight.,377670.46,10,,Debit Card,TXN-0007691
7692,2025-12-18,EXPENSE,Travel,Some theory culture yard cover just.,373434.54,1,,Credit Card,TXN-0007692
7693,2024-09-29,EXPENSE,Marketing,Blood actually light smile painting plan.,262481.68,2,,Cash,TXN-0007693
7694,2024-11-18,INCOME,Service Revenue,Do for reduce meeting.,414495.63,1,,Mobile Money,TXN-0007694
7695,2024-02-17,EXPENSE,Marketing,Significant six role sport.,384198.45,10,,Mobile Money,TXN-0007695
7696,2024-10-18,EXPENSE,Insurance,Worker leader baby.,89901.74,5,237.0,Cash,TXN-0007696
7697,2024-11-24,EXPENSE,Equipment,Company scientist country.,253741.5,1,,Cash,TXN-0007697
7698,2024-02-25,EXPENSE,Insurance,Bar toward necessary put rather.,341320.82,3,,Cash,TXN-0007698
7699,2025-05-28,EXPENSE,Professional Services,Industry executive send.,345873.43,5,184.0,Debit Card,TXN-0007699
7700,2025-03-16,EXPENSE,Logistics,Reveal second push budget million.,182424.55,2,,Credit Card,TXN-0007700
7701,2025-06-07,EXPENSE,Equipment,Position inside house door guess yet.,231921.96,3,,Cash,TXN-0007701
7702,2025-08-10,INCOME,Subscription Revenue,Current how garden federal international.,433770.12,6,,Debit Card,TXN-0007702
7703,2025-04-30,EXPENSE,Travel,Doctor behind according.,216013.36,6,,Cash,TXN-0007703
7704,2025-07-07,INCOME,Consulting Revenue,Indicate test lot art fund.,208004.25,1,,Cash,TXN-0007704
7705,2024-06-07,EXPENSE,Office Supplies,Wide seven woman.,79990.51,9,,Credit Card,TXN-0007705
7706,2025-03-16,INCOME,Consulting Revenue,Large memory certain.,998637.05,4,262.0,Mobile Money,TXN-0007706
7707,2025-06-10,EXPENSE,Software,Like individual cover though.,132218.63,4,,Cash,TXN-0007707
7708,2024-10-16,EXPENSE,Equipment,Morning relate size.,250221.26,10,146.0,Credit Card,TXN-0007708
7709,2024-09-17,EXPENSE,Utilities,Consumer discussion if.,257175.83,7,,Debit Card,TXN-0007709
7710,2025-05-11,EXPENSE,Equipment,Practice child list nearly.,334419.23,8,232.0,Debit Card,TXN-0007710
7711,2024-06-27,EXPENSE,Marketing,Court have commercial lead operation subject.,150808.24,1,,Debit Card,TXN-0007711
7712,2025-05-19,EXPENSE,Utilities,Very choose who general just.,478562.56,4,,Cash,TXN-0007712
7713,2025-11-15,INCOME,Subscription Revenue,Evening hotel turn fund or.,267323.45,10,,Bank Transfer,TXN-0007713
7714,2024-05-30,EXPENSE,Travel,Increase become paper trouble heavy.,153607.56,2,,Debit Card,TXN-0007714
7715,2024-09-30,EXPENSE,Rent,Wait prove movie.,369839.82,7,5.0,Mobile Money,TXN-0007715
7716,2024-07-14,EXPENSE,Logistics,Claim have fire line onto.,355852.82,9,,Mobile Money,TXN-0007716
7717,2024-04-10,INCOME,Consulting Revenue,Debate crime though.,530949.58,2,,Mobile Money,TXN-0007717
7718,2024-05-11,INCOME,Other Income,Player by material view protect performance.,963038.97,10,,Credit Card,TXN-0007718
7719,2025-08-18,INCOME,Sales Revenue,Church any network administration lose onto summer.,901066.46,5,,Cash,TXN-0007719
7720,2024-02-05,EXPENSE,Office Supplies,Fill detail make scientist add young.,271840.17,5,244.0,Bank Transfer,TXN-0007720
7721,2025-07-19,EXPENSE,Professional Services,Stock several here soldier in.,15357.78,4,,Bank Transfer,TXN-0007721
7722,2024-01-14,INCOME,Sales Revenue,Return trouble almost agent real everyone.,511286.74,7,,Mobile Money,TXN-0007722
7723,2024-10-07,EXPENSE,Equipment,Hundred high garden.,264158.39,2,,Mobile Money,TXN-0007723
7724,2024-04-29,EXPENSE,Travel,Red day ever.,417113.23,7,,Debit Card,TXN-0007724
7725,2024-11-06,EXPENSE,Travel,Arm everyone wide art.,450207.29,1,,Bank Transfer,TXN-0007725
7726,2024-01-10,EXPENSE,Rent,News nature place.,478613.96,2,,Credit Card,TXN-0007726
7727,2025-12-21,EXPENSE,Rent,Treat billion dog.,344839.3,3,61.0,Bank Transfer,TXN-0007727
7728,2025-03-04,EXPENSE,Rent,Hear college before.,395882.8,9,,Bank Transfer,TXN-0007728
7729,2025-08-17,EXPENSE,Payroll,Several city group.,21025.47,1,,Credit Card,TXN-0007729
7730,2024-01-28,INCOME,Subscription Revenue,Allow draw eight such strong.,738431.87,7,144.0,Debit Card,TXN-0007730
7731,2025-01-17,EXPENSE,Software,Develop until least enough while tough.,18839.37,5,,Mobile Money,TXN-0007731
7732,2024-08-25,EXPENSE,Travel,Whether arrive maintain quality.,402331.3,6,,Credit Card,TXN-0007732
7733,2024-10-16,INCOME,Service Revenue,Process race political.,71970.81,4,,Debit Card,TXN-0007733
7734,2024-04-30,EXPENSE,Rent,Fund compare work identify.,236730.4,7,,Credit Card,TXN-0007734
7735,2025-05-11,INCOME,Service Revenue,Few room scientist listen.,160490.99,7,,Cash,TXN-0007735
7736,2025-04-08,EXPENSE,Office Supplies,Once spend sit follow yourself.,344620.77,8,176.0,Mobile Money,TXN-0007736
7737,2024-06-07,EXPENSE,Professional Services,Maintain in message home way analysis.,153710.36,2,,Mobile Money,TXN-0007737
7738,2024-11-04,INCOME,Consulting Revenue,Husband activity goal not.,703070.15,10,,Cash,TXN-0007738
7739,2024-08-09,EXPENSE,Logistics,Out by issue forward.,486905.3,5,,Bank Transfer,TXN-0007739
7740,2024-12-01,EXPENSE,Logistics,Leader note yourself interview.,286699.11,4,,Bank Transfer,TXN-0007740
7741,2025-04-09,EXPENSE,Software,Generation southern although.,188417.95,3,,Mobile Money,TXN-0007741
7742,2024-07-23,EXPENSE,Utilities,Imagine benefit health none make stop.,439526.69,5,,Debit Card,TXN-0007742
7743,2025-06-29,INCOME,Sales Revenue,Oil large me example.,919002.3,5,,Mobile Money,TXN-0007743
7744,2025-06-21,INCOME,Consulting Revenue,Young hard paper network environment.,677804.8,2,,Credit Card,TXN-0007744
7745,2025-12-14,EXPENSE,Professional Services,Nation to painting choose.,167717.53,2,88.0,Cash,TXN-0007745
7746,2025-09-12,EXPENSE,Maintenance,Argue spend test different impact.,39771.35,2,,Cash,TXN-0007746
7747,2024-11-19,EXPENSE,Payroll,Her check benefit.,170227.69,8,216.0,Bank Transfer,TXN-0007747
7748,2024-12-29,INCOME,Sales Revenue,Very action physical.,664041.56,10,,Debit Card,TXN-0007748
7749,2024-01-19,EXPENSE,Travel,Out a forget meet mission really.,473007.73,6,,Debit Card,TXN-0007749
7750,2025-07-12,EXPENSE,Software,Still common continue teacher campaign.,119263.46,1,,Credit Card,TXN-0007750
7751,2025-04-07,INCOME,Subscription Revenue,Agreement address under.,363923.69,10,,Debit Card,TXN-0007751
7752,2025-06-09,EXPENSE,Travel,Citizen fire foreign fight.,479827.82,1,,Bank Transfer,TXN-0007752
7753,2025-05-07,EXPENSE,Payroll,Language just factor.,159179.37,10,266.0,Credit Card,TXN-0007753
7754,2025-12-20,EXPENSE,Logistics,Season behind much.,167658.74,5,,Cash,TXN-0007754
7755,2025-03-02,EXPENSE,Logistics,Thousand card election people put.,344813.18,7,6.0,Cash,TXN-0007755
7756,2024-11-14,INCOME,Subscription Revenue,Seven week hospital.,998331.12,3,,Debit Card,TXN-0007756
7757,2024-01-10,INCOME,Other Income,Marriage game million example street difference.,911740.17,4,172.0,Credit Card,TXN-0007757
7758,2025-12-08,INCOME,Other Income,News very before.,984379.52,1,199.0,Credit Card,TXN-0007758
7759,2025-11-17,EXPENSE,Maintenance,Charge step support staff you.,209359.15,10,151.0,Debit Card,TXN-0007759
7760,2024-01-08,EXPENSE,Logistics,Worker data source.,243212.59,8,,Debit Card,TXN-0007760
7761,2024-05-25,INCOME,Service Revenue,Gun only create coach.,538022.36,3,140.0,Bank Transfer,TXN-0007761
7762,2024-11-08,EXPENSE,Professional Services,Cultural truth population thing simple their.,17674.25,9,,Cash,TXN-0007762
7763,2024-02-03,INCOME,Subscription Revenue,Situation situation know turn who.,988472.87,5,,Cash,TXN-0007763
7764,2024-12-20,INCOME,Subscription Revenue,Trip buy social.,533523.64,9,181.0,Cash,TXN-0007764
7765,2024-07-26,EXPENSE,Professional Services,Main same Congress pressure.,188810.68,1,,Cash,TXN-0007765
7766,2025-11-26,EXPENSE,Rent,All hope society eat use huge.,418909.1,2,,Bank Transfer,TXN-0007766
7767,2025-03-18,INCOME,Other Income,Break eight leave current involve number.,814978.43,10,,Credit Card,TXN-0007767
7768,2024-12-03,INCOME,Other Income,Picture policy forward million.,382957.94,4,,Cash,TXN-0007768
7769,2024-08-17,EXPENSE,Office Supplies,Yeah section shake by.,192925.6,4,,Credit Card,TXN-0007769
7770,2024-02-21,EXPENSE,Maintenance,Dream from protect new.,353967.22,5,,Cash,TXN-0007770
7771,2025-05-20,EXPENSE,Utilities,Able however factor adult TV.,410584.08,5,,Mobile Money,TXN-0007771
7772,2024-04-18,EXPENSE,Maintenance,Focus political trip throughout collection.,230104.82,9,,Cash,TXN-0007772
7773,2025-04-03,EXPENSE,Software,Simple visit impact author forward.,25161.83,8,,Bank Transfer,TXN-0007773
7774,2024-07-12,INCOME,Service Revenue,Pull age move marriage.,300390.99,2,,Mobile Money,TXN-0007774
7775,2024-12-05,EXPENSE,Rent,Attack civil cover building.,327159.92,1,,Bank Transfer,TXN-0007775
7776,2024-08-13,EXPENSE,Office Supplies,Us edge morning bit.,171134.61,3,,Mobile Money,TXN-0007776
7777,2024-04-29,INCOME,Sales Revenue,Six strong know short our return.,469158.47,3,,Credit Card,TXN-0007777
7778,2024-07-03,INCOME,Other Income,Opportunity interview computer avoid letter ok.,312815.23,9,,Cash,TXN-0007778
7779,2024-02-13,EXPENSE,Office Supplies,Summer into newspaper.,212653.91,1,,Bank Transfer,TXN-0007779
7780,2024-03-24,EXPENSE,Payroll,Behavior decide almost amount.,253105.73,6,,Cash,TXN-0007780
7781,2025-06-11,INCOME,Other Income,Board sell together leave focus late.,80017.74,7,,Mobile Money,TXN-0007781
7782,2024-03-10,EXPENSE,Maintenance,Describe one remember.,84580.61,8,285.0,Cash,TXN-0007782
7783,2025-04-08,INCOME,Other Income,Cost opportunity not.,562066.76,3,68.0,Cash,TXN-0007783
7784,2025-03-13,INCOME,Sales Revenue,Fine ground democratic.,439295.76,7,,Cash,TXN-0007784
7785,2025-05-31,EXPENSE,Travel,Open center clearly next however red.,390659.15,9,,Debit Card,TXN-0007785
7786,2025-02-03,EXPENSE,Utilities,Bit bill clear language.,226499.13,4,,Credit Card,TXN-0007786
7787,2025-08-13,INCOME,Service Revenue,Collection fall probably.,285959.04,9,83.0,Mobile Money,TXN-0007787
7788,2025-05-25,INCOME,Consulting Revenue,Whole reflect form read accept type or.,838951.44,6,,Credit Card,TXN-0007788
7789,2025-02-08,EXPENSE,Marketing,Success direction arm.,251838.24,8,,Debit Card,TXN-0007789
7790,2025-10-06,EXPENSE,Office Supplies,Official other she majority.,445987.35,5,27.0,Debit Card,TXN-0007790
7791,2025-04-22,INCOME,Consulting Revenue,Author consider decade market.,64808.11,10,,Debit Card,TXN-0007791
7792,2024-10-24,INCOME,Service Revenue,Probably offer around husband.,713660.55,5,,Credit Card,TXN-0007792
7793,2024-10-18,EXPENSE,Professional Services,Guy employee moment available.,405558.94,6,92.0,Mobile Money,TXN-0007793
7794,2025-01-10,EXPENSE,Payroll,He word standard.,87100.59,3,,Mobile Money,TXN-0007794
7795,2024-09-23,EXPENSE,Software,Run again watch.,424293.87,2,,Cash,TXN-0007795
7796,2024-08-03,EXPENSE,Maintenance,Cost pattern place loss.,89703.41,9,,Bank Transfer,TXN-0007796
7797,2025-11-19,INCOME,Service Revenue,Person television sometimes commercial.,434986.79,2,297.0,Cash,TXN-0007797
7798,2024-12-11,EXPENSE,Office Supplies,Employee entire hospital himself.,78331.74,4,,Cash,TXN-0007798
7799,2024-05-21,EXPENSE,Maintenance,She business trouble single any their.,140783.95,5,,Credit Card,TXN-0007799
7800,2024-10-21,INCOME,Subscription Revenue,Eight laugh audience action.,654584.6,1,,Mobile Money,TXN-0007800
7801,2024-05-19,EXPENSE,Equipment,Drive college budget treatment.,215218.8,8,,Mobile Money,TXN-0007801
7802,2025-03-31,INCOME,Service Revenue,Few staff offer nation machine.,764241.01,8,251.0,Bank Transfer,TXN-0007802
7803,2025-04-05,INCOME,Consulting Revenue,Own choose purpose task community per.,678009.24,10,121.0,Credit Card,TXN-0007803
7804,2024-07-28,INCOME,Other Income,Kind current describe.,624358.64,9,,Bank Transfer,TXN-0007804
7805,2025-11-26,EXPENSE,Equipment,Visit market system purpose.,367716.53,1,,Credit Card,TXN-0007805
7806,2024-11-07,INCOME,Sales Revenue,College number whatever over whole.,878897.98,3,,Credit Card,TXN-0007806
7807,2025-01-11,EXPENSE,Professional Services,No center every relate.,136037.06,9,,Debit Card,TXN-0007807
7808,2024-11-28,EXPENSE,Maintenance,Full large gas.,247616.82,7,,Debit Card,TXN-0007808
7809,2025-05-23,INCOME,Subscription Revenue,Admit hot shoulder professor whatever authority.,320207.76,2,,Credit Card,TXN-0007809
7810,2024-01-26,INCOME,Consulting Revenue,Conference happy happen smile.,284048.74,3,,Bank Transfer,TXN-0007810
7811,2025-03-01,EXPENSE,Software,Quality still social beat range father.,371260.24,2,157.0,Cash,TXN-0007811
7812,2024-08-01,EXPENSE,Professional Services,Idea old rather series possible.,345881.63,6,,Bank Transfer,TXN-0007812
7813,2024-12-11,EXPENSE,Equipment,Cover base current structure.,458665.66,6,88.0,Debit Card,TXN-0007813
7814,2024-09-11,INCOME,Service Revenue,Financial back everything success music.,983076.95,9,,Credit Card,TXN-0007814
7815,2025-11-07,EXPENSE,Equipment,Old growth management think.,2427.43,10,,Debit Card,TXN-0007815
7816,2024-08-09,EXPENSE,Rent,Central feeling clear among condition investment.,407298.38,8,,Cash,TXN-0007816
7817,2024-09-21,EXPENSE,Office Supplies,Class strong star many.,464228.16,6,52.0,Cash,TXN-0007817
7818,2025-01-23,EXPENSE,Professional Services,Writer never president rest appear.,197908.16,2,229.0,Mobile Money,TXN-0007818
7819,2025-08-11,EXPENSE,Rent,Identify size sister.,82602.06,9,,Mobile Money,TXN-0007819
7820,2024-06-04,EXPENSE,Maintenance,Bar either rise remember.,413110.75,6,285.0,Bank Transfer,TXN-0007820
7821,2024-06-06,EXPENSE,Payroll,Music where than.,413794.68,6,,Mobile Money,TXN-0007821
7822,2024-09-24,EXPENSE,Utilities,Senior machine then moment.,329250.69,3,267.0,Mobile Money,TXN-0007822
7823,2025-06-20,EXPENSE,Marketing,Standard agree performance detail.,318342.78,9,,Debit Card,TXN-0007823
7824,2024-05-15,INCOME,Consulting Revenue,Travel letter large half its chance.,110758.63,10,130.0,Mobile Money,TXN-0007824
7825,2025-05-11,EXPENSE,Office Supplies,Fast stop you west central different.,25383.57,9,,Debit Card,TXN-0007825
7826,2025-08-21,EXPENSE,Rent,Size television here.,264837.41,3,,Credit Card,TXN-0007826
7827,2025-11-14,EXPENSE,Maintenance,Detail service sport cup.,139544.61,1,63.0,Bank Transfer,TXN-0007827
7828,2025-10-29,EXPENSE,Equipment,Through church of recently pay.,118491.49,2,,Bank Transfer,TXN-0007828
7829,2025-03-03,INCOME,Other Income,Audience move spring thus there authority.,274863.39,6,,Cash,TXN-0007829
7830,2025-11-13,EXPENSE,Office Supplies,Direction respond use build he.,430780.95,4,,Cash,TXN-0007830
7831,2025-06-11,INCOME,Service Revenue,Huge only from.,257540.06,2,,Mobile Money,TXN-0007831
7832,2024-07-25,EXPENSE,Payroll,Trial southern speech around central identify.,490285.16,5,,Mobile Money,TXN-0007832
7833,2024-10-28,INCOME,Consulting Revenue,Occur east since.,618783.98,1,164.0,Credit Card,TXN-0007833
7834,2025-04-24,EXPENSE,Professional Services,Catch assume should both hour.,328423.1,2,,Credit Card,TXN-0007834
7835,2025-02-20,EXPENSE,Travel,Good rock join in charge.,94627.79,2,,Bank Transfer,TXN-0007835
7836,2024-10-13,INCOME,Subscription Revenue,Marriage important American.,878954.94,1,,Credit Card,TXN-0007836
7837,2025-10-14,INCOME,Sales Revenue,Law difficult all.,736714.52,2,,Credit Card,TXN-0007837
7838,2025-05-05,INCOME,Consulting Revenue,Program art cell especially country.,667992.12,10,,Bank Transfer,TXN-0007838
7839,2025-08-01,EXPENSE,Professional Services,Form message TV spring us charge.,221402.18,2,,Debit Card,TXN-0007839
7840,2025-10-24,INCOME,Sales Revenue,Nearly relationship inside.,809166.22,3,,Debit Card,TXN-0007840
7841,2024-05-07,INCOME,Consulting Revenue,Player our modern.,365935.33,8,,Mobile Money,TXN-0007841
7842,2024-01-04,INCOME,Sales Revenue,Challenge head well.,506857.31,10,,Credit Card,TXN-0007842
7843,2024-05-17,EXPENSE,Software,Would run believe here drug better.,288162.63,7,274.0,Cash,TXN-0007843
7844,2025-09-04,EXPENSE,Insurance,Will born record behavior.,101296.96,8,,Bank Transfer,TXN-0007844
7845,2024-12-03,INCOME,Other Income,Page help together.,927106.62,1,,Credit Card,TXN-0007845
7846,2025-10-16,EXPENSE,Logistics,Eye impact economy final debate.,120236.26,5,,Debit Card,TXN-0007846
7847,2025-10-15,EXPENSE,Professional Services,Child bad question fear poor.,199591.84,1,,Credit Card,TXN-0007847
7848,2024-05-03,EXPENSE,Marketing,Occur none lot.,95582.54,8,,Debit Card,TXN-0007848
7849,2024-03-12,EXPENSE,Software,All free process.,153633.4,8,,Bank Transfer,TXN-0007849
7850,2024-06-10,INCOME,Service Revenue,Sport treat section however yes less.,436750.23,1,,Cash,TXN-0007850
7851,2025-05-02,EXPENSE,Maintenance,White people thousand never.,310876.33,6,,Cash,TXN-0007851
7852,2024-03-09,INCOME,Subscription Revenue,You high one establish.,721895.92,5,,Bank Transfer,TXN-0007852
7853,2025-01-14,EXPENSE,Maintenance,One quality issue section important whatever which.,342386.99,7,,Cash,TXN-0007853
7854,2025-03-07,EXPENSE,Travel,Big evening upon see language.,151364.48,6,116.0,Credit Card,TXN-0007854
7855,2024-04-20,EXPENSE,Utilities,Early sense possible war scene.,75401.04,9,,Cash,TXN-0007855
7856,2024-10-28,EXPENSE,Travel,Discover of available environment discussion.,411735.73,8,,Debit Card,TXN-0007856
7857,2025-01-24,EXPENSE,Utilities,Mention room anyone.,180575.51,10,,Debit Card,TXN-0007857
7858,2024-12-23,INCOME,Other Income,Local writer newspaper account.,159114.52,8,,Mobile Money,TXN-0007858
7859,2025-05-13,EXPENSE,Rent,Authority window manager be.,129807.3,7,,Cash,TXN-0007859
7860,2025-09-26,INCOME,Consulting Revenue,Rock have those.,176144.21,2,,Debit Card,TXN-0007860
7861,2024-01-15,EXPENSE,Travel,Suggest recently do.,263010.31,1,11.0,Mobile Money,TXN-0007861
7862,2024-11-26,EXPENSE,Insurance,Two evidence ball measure yes.,353980.2,7,,Debit Card,TXN-0007862
7863,2024-10-11,INCOME,Service Revenue,Operation exist state management his.,563961.88,4,,Bank Transfer,TXN-0007863
7864,2024-08-26,INCOME,Other Income,American produce range.,190875.75,4,165.0,Credit Card,TXN-0007864
7865,2024-05-27,EXPENSE,Payroll,Similar customer student house.,420311.19,6,,Credit Card,TXN-0007865
7866,2024-05-02,EXPENSE,Equipment,Its learn wish.,339140.65,3,86.0,Debit Card,TXN-0007866
7867,2025-02-05,EXPENSE,Utilities,Similar sport charge.,400365.91,8,,Bank Transfer,TXN-0007867
7868,2024-03-18,EXPENSE,Software,Teach operation only listen learn ever.,121086.12,7,228.0,Cash,TXN-0007868
7869,2024-01-13,EXPENSE,Logistics,Too owner down.,297664.35,4,,Cash,TXN-0007869
7870,2024-11-25,EXPENSE,Office Supplies,Treat grow party let whose form.,307275.89,7,,Credit Card,TXN-0007870
7871,2025-08-07,EXPENSE,Insurance,Their industry west increase authority station.,327810.47,4,,Bank Transfer,TXN-0007871
7872,2024-06-05,EXPENSE,Professional Services,Bag sister go what generation south.,54869.26,9,,Credit Card,TXN-0007872
7873,2025-02-20,INCOME,Service Revenue,Herself another event.,37898.47,6,,Debit Card,TXN-0007873
7874,2025-08-29,INCOME,Other Income,Few east mean according quite.,598543.38,9,,Mobile Money,TXN-0007874
7875,2024-10-02,EXPENSE,Insurance,Source boy sit choice form try.,75208.64,9,,Cash,TXN-0007875
7876,2024-01-20,EXPENSE,Logistics,Could reveal author coach citizen.,341951.88,2,,Credit Card,TXN-0007876
7877,2024-02-16,EXPENSE,Rent,Authority right director society.,373088.22,3,,Bank Transfer,TXN-0007877
7878,2024-02-03,INCOME,Subscription Revenue,Own husband speak within despite.,247215.19,3,,Bank Transfer,TXN-0007878
7879,2024-11-25,EXPENSE,Office Supplies,Bring pull miss treat possible next.,351280.95,2,,Mobile Money,TXN-0007879
7880,2025-07-22,EXPENSE,Marketing,Edge deep impact.,252183.46,10,,Credit Card,TXN-0007880
7881,2025-10-15,EXPENSE,Utilities,His take risk course.,429686.13,10,,Credit Card,TXN-0007881
7882,2025-01-31,INCOME,Consulting Revenue,Collection full next certainly newspaper.,525456.15,2,,Bank Transfer,TXN-0007882
7883,2025-02-16,INCOME,Subscription Revenue,Husband increase information evening might record.,988766.17,9,,Debit Card,TXN-0007883
7884,2025-09-06,EXPENSE,Logistics,Action speak protect.,32019.21,6,,Cash,TXN-0007884
7885,2025-02-13,EXPENSE,Equipment,Cost specific to.,236741.19,10,,Credit Card,TXN-0007885
7886,2025-05-11,EXPENSE,Logistics,Mention arm onto little set.,120753.11,1,209.0,Mobile Money,TXN-0007886
7887,2025-09-14,EXPENSE,Rent,Each stock police letter.,395940.19,3,,Mobile Money,TXN-0007887
7888,2024-07-27,EXPENSE,Office Supplies,Baby detail perform already measure.,281930.01,10,,Mobile Money,TXN-0007888
7889,2024-10-29,EXPENSE,Payroll,Story chair future you him treat.,11280.14,2,145.0,Bank Transfer,TXN-0007889
7890,2025-10-03,EXPENSE,Insurance,Include million quickly.,397044.46,10,,Bank Transfer,TXN-0007890
7891,2024-05-29,EXPENSE,Software,Power everyone try before.,334275.67,7,,Debit Card,TXN-0007891
7892,2025-02-14,INCOME,Other Income,Produce model one clear Republican.,183160.46,1,,Debit Card,TXN-0007892
7893,2025-11-29,EXPENSE,Logistics,Decade experience everyone response call.,344177.33,4,67.0,Debit Card,TXN-0007893
7894,2024-01-13,EXPENSE,Rent,Well mouth society president house.,424335.1,5,,Cash,TXN-0007894
7895,2024-04-21,INCOME,Sales Revenue,Their range smile business.,869959.95,4,,Credit Card,TXN-0007895
7896,2025-11-12,EXPENSE,Professional Services,Whose religious impact.,74401.91,8,,Bank Transfer,TXN-0007896
7897,2025-01-05,EXPENSE,Payroll,Price level or student.,10210.84,5,,Credit Card,TXN-0007897
7898,2025-01-22,EXPENSE,Maintenance,Perform describe life into.,466162.85,8,89.0,Bank Transfer,TXN-0007898
7899,2024-03-20,EXPENSE,Software,Ok discuss again.,269305.46,1,,Bank Transfer,TXN-0007899
7900,2025-05-11,EXPENSE,Utilities,Issue finish know.,232415.91,5,,Cash,TXN-0007900
7901,2024-07-01,EXPENSE,Marketing,Population identify culture color film.,64495.51,7,,Mobile Money,TXN-0007901
7902,2024-03-09,EXPENSE,Equipment,Everybody camera almost street ago building.,498167.79,4,,Cash,TXN-0007902
7903,2024-09-15,INCOME,Consulting Revenue,Buy live difference.,171598.75,6,,Credit Card,TXN-0007903
7904,2024-10-28,EXPENSE,Rent,Able seven various outside card.,436940.06,10,,Bank Transfer,TXN-0007904
7905,2025-10-23,EXPENSE,Maintenance,Question staff offer whole fight.,382256.4,6,,Debit Card,TXN-0007905
7906,2025-06-06,INCOME,Consulting Revenue,Lot onto environment quickly fill.,497096.79,3,145.0,Credit Card,TXN-0007906
7907,2024-07-19,EXPENSE,Equipment,Exactly goal several season executive speech.,197104.82,7,,Cash,TXN-0007907
7908,2024-03-20,EXPENSE,Logistics,Despite choice example.,146246.27,7,,Bank Transfer,TXN-0007908
7909,2024-08-02,INCOME,Consulting Revenue,Commercial build statement vote assume.,28929.69,7,,Bank Transfer,TXN-0007909
7910,2025-08-21,EXPENSE,Utilities,Research social fear explain goal over.,161053.61,3,,Mobile Money,TXN-0007910
7911,2024-12-04,INCOME,Other Income,Relationship theory particular language.,802408.89,1,233.0,Debit Card,TXN-0007911
7912,2024-03-17,EXPENSE,Insurance,Morning put not.,172176.74,10,,Credit Card,TXN-0007912
7913,2025-04-08,EXPENSE,Maintenance,According concern of story.,311438.51,7,,Credit Card,TXN-0007913
7914,2025-01-02,EXPENSE,Marketing,Man box wear call.,294479.95,2,,Debit Card,TXN-0007914
7915,2024-02-18,EXPENSE,Equipment,Whose or computer.,118589.28,5,127.0,Cash,TXN-0007915
7916,2024-07-28,EXPENSE,Professional Services,Meeting year mouth yard cell.,35620.56,4,,Bank Transfer,TXN-0007916
7917,2025-06-12,EXPENSE,Payroll,Civil thus hair.,112587.58,8,,Mobile Money,TXN-0007917
7918,2025-07-17,EXPENSE,Rent,Other hundred surface.,198844.35,10,,Mobile Money,TXN-0007918
7919,2025-06-06,EXPENSE,Maintenance,Expert resource someone raise beyond.,24739.25,2,,Bank Transfer,TXN-0007919
7920,2025-04-05,EXPENSE,Equipment,Politics research laugh language left.,327643.32,10,,Debit Card,TXN-0007920
7921,2024-11-08,EXPENSE,Rent,Present fund perform present fly happen.,165576.83,6,,Credit Card,TXN-0007921
7922,2025-11-21,INCOME,Subscription Revenue,Director drive out early bar box.,812478.19,3,227.0,Cash,TXN-0007922
7923,2024-11-06,EXPENSE,Marketing,Necessary partner situation claim nothing office.,317188.47,2,,Bank Transfer,TXN-0007923
7924,2025-01-10,INCOME,Consulting Revenue,Economic almost amount sea tree.,881902.26,7,,Cash,TXN-0007924
7925,2025-11-28,EXPENSE,Professional Services,Early lawyer after central.,373391.16,2,,Credit Card,TXN-0007925
7926,2024-11-30,EXPENSE,Insurance,Whole policy if all.,287602.89,4,,Bank Transfer,TXN-0007926
7927,2024-05-19,EXPENSE,Software,Business board business so activity last.,448368.43,10,,Cash,TXN-0007927
7928,2024-08-07,EXPENSE,Professional Services,Role pass safe not trouble.,345145.01,1,80.0,Debit Card,TXN-0007928
7929,2025-09-21,INCOME,Other Income,High can person environment finally cell.,560275.4,3,,Mobile Money,TXN-0007929
7930,2024-11-12,INCOME,Consulting Revenue,New themselves suddenly gun once approach.,912784.61,4,,Bank Transfer,TXN-0007930
7931,2024-08-11,EXPENSE,Utilities,Along from spring real leave.,479499.16,3,38.0,Credit Card,TXN-0007931
7932,2025-10-03,EXPENSE,Utilities,On computer civil why.,206202.82,10,,Credit Card,TXN-0007932
7933,2024-09-13,EXPENSE,Payroll,Doctor design during really huge.,466586.72,8,250.0,Credit Card,TXN-0007933
7934,2024-09-05,EXPENSE,Office Supplies,Address watch develop middle fight.,121236.86,10,114.0,Bank Transfer,TXN-0007934
7935,2024-07-19,EXPENSE,Rent,Above experience strategy someone.,77287.27,4,166.0,Credit Card,TXN-0007935
7936,2025-03-14,INCOME,Consulting Revenue,Also hot first.,18282.65,7,,Credit Card,TXN-0007936
7937,2025-11-24,INCOME,Subscription Revenue,Cause hundred decade consider.,959468.67,9,,Bank Transfer,TXN-0007937
7938,2025-07-14,EXPENSE,Payroll,Inside teacher second tough student.,342521.73,9,,Debit Card,TXN-0007938
7939,2025-10-01,EXPENSE,Equipment,Indeed work discussion cup north approach.,304956.71,3,,Credit Card,TXN-0007939
7940,2024-10-20,EXPENSE,Payroll,Modern need know phone seat other.,353949.89,10,138.0,Debit Card,TXN-0007940
7941,2025-10-20,INCOME,Other Income,List check arm fund community plant.,194586.79,3,,Mobile Money,TXN-0007941
7942,2024-05-24,EXPENSE,Payroll,Work window quickly public decide.,67076.17,9,252.0,Credit Card,TXN-0007942
7943,2024-08-14,EXPENSE,Software,White style forget help.,107715.53,9,251.0,Debit Card,TXN-0007943
7944,2025-12-08,INCOME,Subscription Revenue,Activity design forget director.,273882.8,2,,Mobile Money,TXN-0007944
7945,2025-01-10,EXPENSE,Payroll,Else whatever both life.,19008.93,9,,Debit Card,TXN-0007945
7946,2025-04-09,INCOME,Sales Revenue,Financial support authority instead.,417233.34,6,,Credit Card,TXN-0007946
7947,2025-10-07,INCOME,Consulting Revenue,Ability left campaign apply.,523281.77,9,,Credit Card,TXN-0007947
7948,2024-01-28,EXPENSE,Payroll,Same attention late debate huge popular.,25696.99,6,,Debit Card,TXN-0007948
7949,2024-06-30,INCOME,Service Revenue,Nation between me.,270902.38,9,,Debit Card,TXN-0007949
7950,2025-11-26,INCOME,Service Revenue,Finally event evidence beat.,240994.63,7,,Bank Transfer,TXN-0007950
7951,2024-11-19,EXPENSE,Software,Floor perhaps authority road.,91911.24,1,,Cash,TXN-0007951
7952,2025-10-17,INCOME,Subscription Revenue,Natural nice final heavy.,225227.72,4,,Debit Card,TXN-0007952
7953,2024-09-08,EXPENSE,Software,Cause whom hand.,73263.7,1,,Credit Card,TXN-0007953
7954,2025-10-14,INCOME,Sales Revenue,Best common leg outside face wish.,360586.16,7,,Credit Card,TXN-0007954
7955,2025-02-25,EXPENSE,Insurance,Common statement five.,305950.03,1,,Mobile Money,TXN-0007955
7956,2024-09-09,EXPENSE,Office Supplies,Risk tax culture Democrat.,61110.36,9,,Mobile Money,TXN-0007956
7957,2025-03-16,INCOME,Other Income,Necessary parent activity describe program.,344825.79,1,88.0,Credit Card,TXN-0007957
7958,2025-01-10,INCOME,Service Revenue,Machine gas protect nothing.,878950.14,7,,Cash,TXN-0007958
7959,2024-08-15,EXPENSE,Equipment,Long beautiful seat.,292898.39,2,1.0,Debit Card,TXN-0007959
7960,2024-04-16,EXPENSE,Maintenance,Yourself fine determine leg message.,80740.29,4,,Credit Card,TXN-0007960
7961,2025-07-22,EXPENSE,Marketing,Hope listen front cold various.,491795.29,1,20.0,Credit Card,TXN-0007961
7962,2025-10-01,EXPENSE,Utilities,Me yes easy PM.,55580.65,9,291.0,Credit Card,TXN-0007962
7963,2024-01-09,EXPENSE,Marketing,Window commercial best day too lead.,57066.51,1,279.0,Cash,TXN-0007963
7964,2024-07-22,EXPENSE,Utilities,Subject operation marriage.,167790.32,5,258.0,Cash,TXN-0007964
7965,2024-11-05,EXPENSE,Equipment,Give activity bad pretty operation.,184130.66,1,,Mobile Money,TXN-0007965
7966,2024-08-13,INCOME,Consulting Revenue,Treatment make also fear certain.,866627.99,10,,Debit Card,TXN-0007966
7967,2024-01-26,EXPENSE,Office Supplies,Young plan individual loss subject.,255558.95,1,,Cash,TXN-0007967
7968,2024-07-31,INCOME,Consulting Revenue,Girl manage put.,167337.83,3,,Bank Transfer,TXN-0007968
7969,2024-03-16,EXPENSE,Logistics,Care offer mission wear.,100440.31,3,,Credit Card,TXN-0007969
7970,2025-05-02,EXPENSE,Maintenance,Pm long near development.,188043.43,9,,Debit Card,TXN-0007970
7971,2025-03-05,INCOME,Other Income,Tax sense worry front.,411145.99,3,,Credit Card,TXN-0007971
7972,2024-09-08,EXPENSE,Equipment,Camera space surface whose.,203079.81,5,,Cash,TXN-0007972
7973,2025-09-25,INCOME,Consulting Revenue,Produce ground world parent reveal line.,162253.1,1,,Bank Transfer,TXN-0007973
7974,2025-10-22,INCOME,Consulting Revenue,After surface play heavy occur.,231577.16,2,,Bank Transfer,TXN-0007974
7975,2025-11-19,EXPENSE,Rent,Light turn fact house staff president woman.,302146.51,1,,Mobile Money,TXN-0007975
7976,2024-11-05,EXPENSE,Travel,Voice mind there realize break.,359841.7,1,56.0,Cash,TXN-0007976
7977,2024-01-29,INCOME,Consulting Revenue,Cell believe indeed shoulder blue.,40994.59,1,,Credit Card,TXN-0007977
7978,2025-03-10,INCOME,Consulting Revenue,Can staff company kid.,504863.31,2,,Cash,TXN-0007978
7979,2025-10-03,EXPENSE,Utilities,Tonight should her join side.,375321.46,5,,Cash,TXN-0007979
7980,2024-10-11,EXPENSE,Utilities,Study defense the.,181786.47,5,,Credit Card,TXN-0007980
7981,2024-01-20,EXPENSE,Payroll,Weight respond month.,5651.7,4,,Cash,TXN-0007981
7982,2024-07-01,EXPENSE,Maintenance,Account structure economic.,173501.26,6,,Credit Card,TXN-0007982
7983,2025-12-08,EXPENSE,Professional Services,Skin meet who word attention.,194062.71,5,,Bank Transfer,TXN-0007983
7984,2025-03-24,EXPENSE,Utilities,Interesting order once help add southern.,212472.27,9,59.0,Credit Card,TXN-0007984
7985,2025-11-21,EXPENSE,Marketing,Focus feel knowledge his.,130930.26,5,,Cash,TXN-0007985
7986,2024-10-29,INCOME,Service Revenue,Why much manager feeling.,705387.92,10,,Credit Card,TXN-0007986
7987,2024-04-23,INCOME,Consulting Revenue,Success push activity public see church.,878331.49,5,,Bank Transfer,TXN-0007987
7988,2024-02-13,INCOME,Consulting Revenue,Care view member behavior.,275364.89,7,72.0,Bank Transfer,TXN-0007988
7989,2024-06-09,EXPENSE,Professional Services,Sometimes treat friend.,11327.43,7,,Credit Card,TXN-0007989
7990,2024-05-28,EXPENSE,Equipment,Medical though until.,48282.53,1,,Debit Card,TXN-0007990
7991,2025-10-06,INCOME,Subscription Revenue,Nearly long clear learn nation example.,424563.74,1,,Mobile Money,TXN-0007991
7992,2025-08-01,EXPENSE,Payroll,Various hold who one.,485314.22,10,,Credit Card,TXN-0007992
7993,2024-01-08,EXPENSE,Professional Services,Billion effect reason order present final.,469941.31,4,283.0,Cash,TXN-0007993
7994,2024-03-25,EXPENSE,Insurance,Point partner nor follow.,401294.96,3,,Cash,TXN-0007994
7995,2024-08-26,EXPENSE,Travel,Each adult relationship view protect.,285689.4,7,,Debit Card,TXN-0007995
7996,2024-12-08,INCOME,Consulting Revenue,According attack free kind final.,882821.26,1,,Bank Transfer,TXN-0007996
7997,2024-01-22,EXPENSE,Office Supplies,Deal ever record color edge eye.,302446.98,6,,Bank Transfer,TXN-0007997
7998,2025-03-07,EXPENSE,Office Supplies,Report high sport several close toward.,37834.52,6,,Bank Transfer,TXN-0007998
7999,2024-10-17,INCOME,Other Income,Indicate little everyone first always.,340633.76,8,,Bank Transfer,TXN-0007999
8000,2024-10-13,EXPENSE,Office Supplies,Break natural house.,385210.58,2,,Credit Card,TXN-0008000
