payroll_id,employee_id,payroll_month,base_salary,overtime_hours,overtime_amount,bonus_amount,allowance_amount,deductions,net_salary,payment_date,payment_reference
1,1,2024-01-01,94100.0,10.48,9245.33,0.0,12362.87,5826.44,109881.76,2024-01-27,PAY-202401-0001
2,1,2024-02-01,94100.0,7.31,6448.79,0.0,8957.19,4966.27,104539.71,2024-02-28,PAY-202402-0001
3,1,2024-03-01,94100.0,11.24,9915.79,0.0,1888.86,11611.48,94293.17,2024-03-26,PAY-202403-0001
4,1,2024-04-01,94100.0,15.62,13779.77,0.0,8313.12,11878.22,104314.67,2024-04-27,PAY-202404-0001
5,1,2024-05-01,94100.0,6.83,6025.34,0.0,2213.31,15721.2,86617.45,2024-05-26,PAY-202405-0001
6,1,2024-06-01,94100.0,6.83,6025.34,0.0,14760.42,16785.42,98100.34,2024-06-30,PAY-202406-0001
7,1,2024-07-01,94100.0,15.9,14026.78,0.0,2617.46,12791.72,97952.52,2024-07-26,PAY-202407-0001
8,1,2024-08-01,94100.0,11.84,10445.1,0.0,5373.63,14349.88,95568.85,2024-08-30,PAY-202408-0001
9,1,2024-09-01,94100.0,5.65,4984.36,0.0,2613.69,5346.0,96352.05,2024-10-01,PAY-202409-0001
10,1,2024-10-01,94100.0,10.71,9448.23,0.0,1704.74,5482.51,99770.46,2024-10-29,PAY-202410-0001
11,1,2024-11-01,94100.0,5.68,5010.82,0.0,7698.57,6039.06,100770.33,2024-11-30,PAY-202411-0001
12,1,2024-12-01,94100.0,5.67,5002.0,0.0,9226.6,13601.36,94727.24,2024-12-31,PAY-202412-0001
13,1,2025-01-01,94100.0,9.21,8124.95,0.0,6870.64,16497.93,92597.66,2025-01-26,PAY-202501-0001
14,1,2025-02-01,94100.0,0.0,0.0,0.0,12709.48,9919.61,96889.87,2025-02-26,PAY-202502-0001
15,1,2025-03-01,94100.0,0.0,0.0,0.0,13645.51,5604.01,102141.5,2025-03-26,PAY-202503-0001
16,1,2025-04-01,94100.0,5.19,4578.55,0.0,2225.01,6248.7,94654.86,2025-04-30,PAY-202504-0001
17,1,2025-05-01,94100.0,2.94,2593.63,0.0,8225.35,8682.99,96235.99,2025-05-30,PAY-202505-0001
18,1,2025-06-01,94100.0,9.57,8442.53,0.0,6805.73,12111.19,97237.07,2025-06-26,PAY-202506-0001
19,1,2025-07-01,94100.0,3.46,3052.37,0.0,1716.21,12714.1,86154.48,2025-07-30,PAY-202507-0001
20,1,2025-08-01,94100.0,0.94,829.26,0.0,3225.35,10228.87,87925.74,2025-08-27,PAY-202508-0001
21,1,2025-09-01,94100.0,15.33,13523.93,0.0,12411.29,9582.67,110452.55,2025-10-01,PAY-202509-0001
22,1,2025-10-01,94100.0,6.87,6060.63,19936.74,9976.62,9283.82,120790.17,2025-10-27,PAY-202510-0001
23,1,2025-11-01,94100.0,8.34,7357.44,0.0,7114.02,5820.95,102750.51,2025-11-26,PAY-202511-0001
24,1,2025-12-01,94100.0,0.88,776.33,8379.76,11081.94,14635.37,99702.66,2025-12-30,PAY-202512-0001
25,2,2024-01-01,180500.0,5.28,8934.75,38481.86,8425.25,24746.86,211595.0,2024-01-29,PAY-202401-0002
26,2,2024-02-01,180500.0,8.55,14468.2,0.0,9980.11,26630.42,178317.89,2024-03-02,PAY-202402-0002
27,2,2024-03-01,180500.0,2.25,3807.42,15067.03,4686.73,11455.99,192605.19,2024-03-30,PAY-202403-0002
28,2,2024-04-01,180500.0,9.88,16718.81,0.0,9851.04,14286.91,192782.94,2024-04-26,PAY-202404-0002
29,2,2024-05-01,180500.0,5.0,8460.94,0.0,8343.98,11720.78,185584.14,2024-05-28,PAY-202405-0002
30,2,2024-06-01,180500.0,6.54,11066.91,0.0,12108.32,28856.57,174818.66,2024-06-30,PAY-202406-0002
31,2,2024-07-01,180500.0,4.99,8444.02,0.0,9640.49,9641.05,188943.46,2024-07-31,PAY-202407-0002
32,2,2024-08-01,180500.0,17.26,29207.16,0.0,4011.72,13258.46,200460.42,2024-08-31,PAY-202408-0002
33,2,2024-09-01,180500.0,7.93,13419.05,0.0,13823.06,17261.76,190480.35,2024-09-27,PAY-202409-0002
34,2,2024-10-01,180500.0,2.71,4585.83,0.0,8494.82,18429.4,175151.25,2024-10-27,PAY-202410-0002
35,2,2024-11-01,180500.0,12.11,20492.39,0.0,14577.15,11178.09,204391.45,2024-11-30,PAY-202411-0002
36,2,2024-12-01,180500.0,1.9,3215.16,0.0,6297.49,17024.12,172988.53,2024-12-28,PAY-202412-0002
37,2,2025-01-01,180500.0,9.04,15297.37,0.0,4865.74,31115.13,169547.98,2025-01-30,PAY-202501-0002
38,2,2025-02-01,180500.0,0.0,0.0,6841.31,2361.15,23522.57,166179.89,2025-03-03,PAY-202502-0002
39,2,2025-03-01,180500.0,1.36,2301.38,20508.95,6360.22,23270.04,186400.51,2025-03-29,PAY-202503-0002
40,2,2025-04-01,180500.0,8.98,15195.84,0.0,11324.15,11695.73,195324.26,2025-04-29,PAY-202504-0002
41,2,2025-05-01,180500.0,11.69,19781.67,28737.63,8897.01,21389.51,216526.8,2025-05-28,PAY-202505-0002
42,2,2025-06-01,180500.0,8.86,14992.78,18834.22,8989.87,9205.38,214111.49,2025-06-28,PAY-202506-0002
43,2,2025-07-01,180500.0,7.42,12556.03,0.0,11510.24,26956.04,177610.23,2025-07-28,PAY-202507-0002
44,2,2025-08-01,180500.0,6.49,10982.3,0.0,115.95,26553.69,165044.56,2025-08-27,PAY-202508-0002
45,2,2025-09-01,180500.0,0.61,1032.23,0.0,7988.74,14424.55,175096.42,2025-09-30,PAY-202509-0002
46,2,2025-10-01,180500.0,4.4,7445.63,0.0,12093.0,10716.25,189322.38,2025-10-31,PAY-202510-0002
47,2,2025-11-01,180500.0,5.7,9645.47,5655.95,13817.44,29254.41,180364.45,2025-11-30,PAY-202511-0002
48,2,2025-12-01,180500.0,13.29,22489.17,0.0,6066.34,24045.92,185009.59,2025-12-28,PAY-202512-0002
49,3,2024-01-01,41800.0,9.72,3809.03,5729.98,4871.52,6444.38,49766.15,2024-01-30,PAY-202401-0003
50,3,2024-02-01,41800.0,0.0,0.0,0.0,10344.15,4056.31,48087.84,2024-02-29,PAY-202402-0003
51,3,2024-03-01,41800.0,9.62,3769.84,0.0,3649.75,5289.93,43929.66,2024-03-30,PAY-202403-0003
52,3,2024-04-01,41800.0,6.07,2378.68,35468.35,11187.07,3294.02,87540.08,2024-04-27,PAY-202404-0003
53,3,2024-05-01,41800.0,4.62,1810.46,27162.86,7959.07,3143.67,75588.72,2024-05-28,PAY-202405-0003
54,3,2024-06-01,41800.0,11.06,4334.14,0.0,14373.35,5597.34,54910.15,2024-06-27,PAY-202406-0003
55,3,2024-07-01,41800.0,13.15,5153.16,0.0,2196.66,3161.97,45987.85,2024-07-30,PAY-202407-0003
56,3,2024-08-01,41800.0,12.66,4961.14,0.0,11387.29,2499.47,55648.96,2024-08-31,PAY-202408-0003
57,3,2024-09-01,41800.0,3.8,1489.12,0.0,11316.69,6219.17,48386.64,2024-09-29,PAY-202409-0003
58,3,2024-10-01,41800.0,6.45,2527.59,0.0,13230.72,5584.02,51974.29,2024-10-30,PAY-202410-0003
59,3,2024-11-01,41800.0,9.66,3785.51,0.0,14564.6,3807.9,56342.21,2024-11-29,PAY-202411-0003
60,3,2024-12-01,41800.0,12.88,5047.35,20477.28,4542.31,3582.58,68284.36,2024-12-26,PAY-202412-0003
61,3,2025-01-01,41800.0,5.6,2194.5,0.0,1112.86,4599.11,40508.25,2025-01-26,PAY-202501-0003
62,3,2025-02-01,41800.0,7.07,2770.56,34109.38,1150.97,6786.33,73044.58,2025-02-26,PAY-202502-0003
63,3,2025-03-01,41800.0,2.47,967.93,0.0,7606.02,4604.38,45769.57,2025-03-30,PAY-202503-0003
64,3,2025-04-01,41800.0,2.02,791.59,0.0,11083.82,2312.92,51362.49,2025-04-30,PAY-202504-0003
65,3,2025-05-01,41800.0,12.06,4726.01,0.0,4822.9,4674.57,46674.34,2025-05-27,PAY-202505-0003
66,3,2025-06-01,41800.0,14.78,5791.91,0.0,6757.85,6496.79,47852.97,2025-06-28,PAY-202506-0003
67,3,2025-07-01,41800.0,7.64,2993.92,0.0,1264.94,5601.05,40457.81,2025-07-26,PAY-202507-0003
68,3,2025-08-01,41800.0,13.02,5102.21,0.0,6566.37,4477.82,48990.76,2025-08-30,PAY-202508-0003
69,3,2025-09-01,41800.0,9.81,3844.29,0.0,5458.47,7078.07,44024.69,2025-09-29,PAY-202509-0003
70,3,2025-10-01,41800.0,4.77,1869.24,0.0,5075.51,5338.91,43405.84,2025-10-31,PAY-202510-0003
71,3,2025-11-01,41800.0,9.81,3844.29,0.0,988.68,2603.55,44029.42,2025-12-01,PAY-202511-0003
72,3,2025-12-01,41800.0,15.69,6148.52,0.0,3779.94,6717.41,45011.05,2025-12-30,PAY-202512-0003
73,4,2024-01-01,164400.0,7.82,12052.58,0.0,5000.43,20674.31,160778.7,2024-01-27,PAY-202401-0004
74,4,2024-02-01,164400.0,15.82,24382.58,0.0,4653.48,22241.2,171194.86,2024-03-02,PAY-202402-0004
75,4,2024-03-01,164400.0,0.0,0.0,0.0,8925.62,28266.98,145058.64,2024-03-28,PAY-202403-0004
76,4,2024-04-01,164400.0,12.11,18664.54,0.0,9652.4,15240.2,177476.74,2024-04-27,PAY-202404-0004
77,4,2024-05-01,164400.0,8.44,13008.15,0.0,12434.38,24009.09,165833.44,2024-05-31,PAY-202405-0004
78,4,2024-06-01,164400.0,6.5,10018.12,0.0,1401.79,22548.99,153270.92,2024-06-30,PAY-202406-0004
79,4,2024-07-01,164400.0,8.46,13038.98,0.0,5438.97,12072.58,170805.37,2024-07-27,PAY-202407-0004
80,4,2024-08-01,164400.0,0.0,0.0,0.0,11492.34,12323.54,163568.8,2024-08-27,PAY-202408-0004
81,4,2024-09-01,164400.0,6.9,10634.62,0.0,4436.88,25063.7,154407.8,2024-09-30,PAY-202409-0004
82,4,2024-10-01,164400.0,9.79,15088.84,0.0,12526.8,27106.06,164909.58,2024-10-26,PAY-202410-0004
83,4,2024-11-01,164400.0,15.39,23719.84,0.0,13145.89,21428.57,179837.16,2024-11-30,PAY-202411-0004
84,4,2024-12-01,164400.0,5.41,8338.16,0.0,2433.71,25987.51,149184.36,2024-12-30,PAY-202412-0004
85,4,2025-01-01,164400.0,3.96,6103.35,0.0,2483.09,17573.96,155412.48,2025-01-29,PAY-202501-0004
86,4,2025-02-01,164400.0,5.49,8461.46,0.0,10793.79,28942.05,154713.2,2025-03-02,PAY-202502-0004
87,4,2025-03-01,164400.0,12.58,19388.92,0.0,11228.05,17814.49,177202.48,2025-03-30,PAY-202503-0004
88,4,2025-04-01,164400.0,9.64,14857.65,0.0,14483.95,24983.56,168758.04,2025-04-27,PAY-202504-0004
89,4,2025-05-01,164400.0,5.35,8245.69,0.0,14206.95,29259.45,157593.19,2025-05-29,PAY-202505-0004
90,4,2025-06-01,164400.0,10.57,16291.01,0.0,11671.86,18968.12,173394.75,2025-06-29,PAY-202506-0004
91,4,2025-07-01,164400.0,8.49,13085.21,0.0,12253.37,25344.51,164394.07,2025-07-27,PAY-202507-0004
92,4,2025-08-01,164400.0,12.84,19789.65,0.0,782.7,18491.18,166481.17,2025-08-28,PAY-202508-0004
93,4,2025-09-01,164400.0,4.49,6920.21,0.0,1538.85,26298.41,146560.65,2025-09-26,PAY-202509-0004
94,4,2025-10-01,164400.0,6.36,9802.35,0.0,11446.75,14050.1,171599.0,2025-10-30,PAY-202510-0004
95,4,2025-11-01,164400.0,6.04,9309.15,124227.5,6562.09,28446.74,276052.0,2025-11-27,PAY-202511-0004
96,4,2025-12-01,164400.0,0.68,1048.05,0.0,13269.45,28106.05,150611.45,2025-12-29,PAY-202512-0004
97,5,2024-01-01,185800.0,9.48,16512.98,22570.25,3536.67,33311.77,195108.13,2024-01-28,PAY-202401-0005
98,5,2024-02-01,185800.0,9.31,16216.86,0.0,4780.27,11683.25,195113.88,2024-03-02,PAY-202402-0005
99,5,2024-03-01,185800.0,8.03,13987.26,0.0,11870.71,12613.58,199044.39,2024-03-28,PAY-202403-0005
100,5,2024-04-01,185800.0,6.83,11897.01,0.0,7086.82,29364.64,175419.19,2024-05-01,PAY-202404-0005
101,5,2024-05-01,185800.0,0.92,1602.53,0.0,9230.22,31170.08,165462.67,2024-05-26,PAY-202405-0005
102,5,2024-06-01,185800.0,5.9,10277.06,0.0,12524.45,22545.82,186055.69,2024-07-01,PAY-202406-0005
103,5,2024-07-01,185800.0,6.29,10956.39,0.0,6348.82,28037.67,175067.54,2024-07-27,PAY-202407-0005
104,5,2024-08-01,185800.0,3.99,6950.08,0.0,716.24,19430.47,174035.85,2024-08-30,PAY-202408-0005
105,5,2024-09-01,185800.0,7.19,12524.08,0.0,1662.87,31152.92,168834.03,2024-09-30,PAY-202409-0005
106,5,2024-10-01,185800.0,10.02,17453.59,0.0,9479.32,23179.7,189553.21,2024-10-31,PAY-202410-0005
107,5,2024-11-01,185800.0,17.43,30360.88,0.0,6438.58,24140.11,198459.35,2024-11-27,PAY-202411-0005
108,5,2024-12-01,185800.0,8.87,15450.43,0.0,2809.71,25430.06,178630.08,2024-12-30,PAY-202412-0005
109,5,2025-01-01,185800.0,9.29,16182.02,0.0,1015.19,21996.44,181000.77,2025-01-30,PAY-202501-0005
110,5,2025-02-01,185800.0,7.63,13290.51,0.0,7614.34,9781.15,196923.7,2025-03-01,PAY-202502-0005
111,5,2025-03-01,185800.0,0.0,0.0,18540.85,5599.54,27340.68,182599.71,2025-03-28,PAY-202503-0005
112,5,2025-04-01,185800.0,7.87,13708.56,0.0,5172.04,26993.46,177687.14,2025-05-01,PAY-202504-0005
113,5,2025-05-01,185800.0,8.3,14457.56,25366.62,11350.18,12512.38,224461.98,2025-05-28,PAY-202505-0005
114,5,2025-06-01,185800.0,20.32,35394.9,0.0,12202.63,13519.1,219878.43,2025-07-01,PAY-202506-0005
115,5,2025-07-01,185800.0,7.04,12262.8,0.0,10430.84,24548.95,183944.69,2025-07-27,PAY-202507-0005
116,5,2025-08-01,185800.0,9.51,16565.23,32166.66,6865.19,16377.81,225019.27,2025-08-26,PAY-202508-0005
117,5,2025-09-01,185800.0,7.83,13638.88,0.0,13286.86,16912.9,195812.84,2025-09-28,PAY-202509-0005
118,5,2025-10-01,185800.0,2.16,3762.45,0.0,14836.84,22406.36,181992.93,2025-10-28,PAY-202510-0005
119,5,2025-11-01,185800.0,13.71,23881.11,27641.52,4291.66,30114.09,211500.2,2025-11-26,PAY-202511-0005
120,5,2025-12-01,185800.0,11.76,20484.45,0.0,4978.87,12296.57,198966.75,2025-12-28,PAY-202512-0005
121,6,2024-01-01,94800.0,11.96,10629.45,0.0,6000.33,10159.31,101270.47,2024-01-29,PAY-202401-0006
122,6,2024-02-01,94800.0,3.45,3066.19,0.0,2802.26,13269.05,87399.4,2024-02-28,PAY-202402-0006
123,6,2024-03-01,94800.0,15.01,13340.14,0.0,7789.14,14613.35,101315.93,2024-03-31,PAY-202403-0006
124,6,2024-04-01,94800.0,0.99,879.86,0.0,6459.11,17003.59,85135.38,2024-04-27,PAY-202404-0006
125,6,2024-05-01,94800.0,10.93,9714.04,0.0,4818.17,5726.77,103605.44,2024-05-31,PAY-202405-0006
126,6,2024-06-01,94800.0,18.95,16841.81,0.0,6688.74,13584.48,104746.07,2024-06-27,PAY-202406-0006
127,6,2024-07-01,94800.0,3.05,2710.69,0.0,5273.2,5261.99,97521.9,2024-07-28,PAY-202407-0006
128,6,2024-08-01,94800.0,5.17,4594.84,0.0,6524.11,12620.82,93298.13,2024-08-26,PAY-202408-0006
129,6,2024-09-01,94800.0,8.5,7554.38,27312.94,5449.67,14612.71,120504.28,2024-10-01,PAY-202409-0006
130,6,2024-10-01,94800.0,5.48,4870.35,0.0,467.11,15199.0,84938.46,2024-10-31,PAY-202410-0006
131,6,2024-11-01,94800.0,0.25,222.19,0.0,521.98,5568.58,89975.59,2024-12-01,PAY-202411-0006
132,6,2024-12-01,94800.0,8.34,7412.18,0.0,5742.82,11730.72,96224.28,2024-12-30,PAY-202412-0006
133,6,2025-01-01,94800.0,2.69,2390.74,0.0,6748.84,9311.77,94627.81,2025-01-29,PAY-202501-0006
134,6,2025-02-01,94800.0,10.37,9216.34,0.0,8608.83,11265.06,101360.11,2025-03-01,PAY-202502-0006
135,6,2025-03-01,94800.0,3.4,3021.75,0.0,4180.35,16577.45,85424.65,2025-03-26,PAY-202503-0006
136,6,2025-04-01,94800.0,15.75,13997.81,0.0,7485.66,9509.23,106774.24,2025-04-30,PAY-202504-0006
137,6,2025-05-01,94800.0,4.08,3626.1,32123.76,10560.57,7384.37,133726.06,2025-05-30,PAY-202505-0006
138,6,2025-06-01,94800.0,6.39,5679.11,0.0,13747.18,10793.55,103432.74,2025-06-26,PAY-202506-0006
139,6,2025-07-01,94800.0,12.07,10727.21,0.0,1110.78,6867.82,99770.17,2025-07-31,PAY-202507-0006
140,6,2025-08-01,94800.0,1.85,1644.19,0.0,1316.86,13144.1,84616.95,2025-08-28,PAY-202508-0006
141,6,2025-09-01,94800.0,9.14,8123.18,0.0,10643.11,11518.16,102048.13,2025-09-28,PAY-202509-0006
142,6,2025-10-01,94800.0,14.54,12922.42,0.0,12770.43,13512.34,106980.51,2025-10-31,PAY-202510-0006
143,6,2025-11-01,94800.0,0.0,0.0,0.0,11905.45,11009.91,95695.54,2025-11-26,PAY-202511-0006
144,6,2025-12-01,94800.0,8.92,7927.65,0.0,11880.99,7657.54,106951.1,2025-12-29,PAY-202512-0006
145,7,2024-01-01,69300.0,9.3,6042.09,24390.75,5533.67,10705.19,94561.32,2024-01-30,PAY-202401-0007
146,7,2024-02-01,69300.0,11.91,7737.78,0.0,13263.7,4057.32,86244.16,2024-02-29,PAY-202402-0007
147,7,2024-03-01,69300.0,1.82,1182.43,0.0,10783.04,8200.99,73064.48,2024-03-29,PAY-202403-0007
148,7,2024-04-01,69300.0,1.4,909.56,0.0,1106.26,12225.17,59090.65,2024-05-01,PAY-202404-0007
149,7,2024-05-01,69300.0,10.61,6893.18,21304.16,7760.4,4621.17,100636.57,2024-05-30,PAY-202405-0007
150,7,2024-06-01,69300.0,9.48,6159.04,0.0,2729.45,12170.08,66018.41,2024-06-29,PAY-202406-0007
151,7,2024-07-01,69300.0,9.25,6009.61,0.0,13023.17,10955.0,77377.78,2024-07-30,PAY-202407-0007
152,7,2024-08-01,69300.0,9.73,6321.46,0.0,2469.86,6371.85,71719.47,2024-08-31,PAY-202408-0007
153,7,2024-09-01,69300.0,4.6,2988.56,0.0,14212.25,8139.75,78361.06,2024-09-28,PAY-202409-0007
154,7,2024-10-01,69300.0,9.16,5951.14,0.0,3759.08,9186.23,69823.99,2024-10-30,PAY-202410-0007
155,7,2024-11-01,69300.0,9.47,6152.54,0.0,9375.34,9000.38,75827.5,2024-11-26,PAY-202411-0007
156,7,2024-12-01,69300.0,4.43,2878.12,0.0,2529.54,11947.94,62759.72,2024-12-27,PAY-202412-0007
157,7,2025-01-01,69300.0,17.33,11259.08,0.0,9367.19,11591.13,78335.14,2025-01-28,PAY-202501-0007
158,7,2025-02-01,69300.0,10.37,6737.26,0.0,8454.27,10899.55,73591.98,2025-02-26,PAY-202502-0007
159,7,2025-03-01,69300.0,2.04,1325.36,38199.14,11565.34,5849.29,114540.55,2025-03-27,PAY-202503-0007
160,7,2025-04-01,69300.0,11.28,7328.47,0.0,6248.8,9221.67,73655.6,2025-04-29,PAY-202504-0007
161,7,2025-05-01,69300.0,3.13,2033.52,0.0,8183.66,9247.94,70269.24,2025-05-28,PAY-202505-0007
162,7,2025-06-01,69300.0,11.94,7757.27,0.0,12070.32,9636.08,79491.51,2025-06-28,PAY-202506-0007
163,7,2025-07-01,69300.0,13.79,8959.19,0.0,10329.2,4889.15,83699.24,2025-07-29,PAY-202507-0007
164,7,2025-08-01,69300.0,3.9,2533.78,0.0,3060.35,8930.4,65963.73,2025-08-28,PAY-202508-0007
165,7,2025-09-01,69300.0,12.82,8328.99,0.0,4789.75,12366.1,70052.64,2025-09-28,PAY-202509-0007
166,7,2025-10-01,69300.0,10.06,6535.86,0.0,1961.49,6803.2,70994.15,2025-10-30,PAY-202510-0007
167,7,2025-11-01,69300.0,12.11,7867.72,13460.83,1837.83,7515.41,84950.97,2025-11-27,PAY-202511-0007
168,7,2025-12-01,69300.0,17.48,11356.54,15157.42,5762.25,9008.94,92567.27,2025-12-27,PAY-202512-0007
169,8,2024-01-01,81300.0,6.77,5160.01,0.0,13534.66,12662.65,87332.02,2024-01-30,PAY-202401-0008
170,8,2024-02-01,81300.0,4.23,3224.05,0.0,2847.51,5749.09,81622.47,2024-03-01,PAY-202402-0008
171,8,2024-03-01,81300.0,3.55,2705.77,0.0,13186.13,9321.71,87870.19,2024-03-26,PAY-202403-0008
172,8,2024-04-01,81300.0,3.92,2987.78,0.0,7581.67,14281.91,77587.54,2024-04-27,PAY-202404-0008
173,8,2024-05-01,81300.0,7.61,5800.25,0.0,729.87,7038.66,80791.46,2024-05-30,PAY-202405-0008
174,8,2024-06-01,81300.0,9.71,7400.84,0.0,9813.9,9038.63,89476.11,2024-06-30,PAY-202406-0008
175,8,2024-07-01,81300.0,9.38,7149.32,8762.4,2009.02,6860.21,92360.53,2024-07-28,PAY-202407-0008
176,8,2024-08-01,81300.0,12.14,9252.96,0.0,5489.06,8298.75,87743.27,2024-08-30,PAY-202408-0008
177,8,2024-09-01,81300.0,8.07,6150.85,0.0,5437.86,7115.23,85773.48,2024-09-29,PAY-202409-0008
178,8,2024-10-01,81300.0,15.27,11638.6,0.0,11466.06,7021.37,97383.29,2024-10-30,PAY-202410-0008
179,8,2024-11-01,81300.0,6.68,5091.41,0.0,1782.17,14370.65,73802.93,2024-11-29,PAY-202411-0008
180,8,2024-12-01,81300.0,21.6,16463.25,0.0,14801.81,9960.72,102604.34,2024-12-28,PAY-202412-0008
181,8,2025-01-01,81300.0,11.13,8483.15,0.0,2985.87,9445.92,83323.1,2025-01-30,PAY-202501-0008
182,8,2025-02-01,81300.0,3.71,2827.72,6361.99,10703.88,12562.12,88631.47,2025-03-02,PAY-202502-0008
183,8,2025-03-01,81300.0,2.65,2019.8,0.0,9093.91,9513.38,82900.33,2025-03-28,PAY-202503-0008
184,8,2025-04-01,81300.0,10.41,7934.37,0.0,4777.95,8218.14,85794.18,2025-04-30,PAY-202504-0008
185,8,2025-05-01,81300.0,6.88,5243.85,0.0,4488.52,7620.13,83412.24,2025-05-30,PAY-202505-0008
186,8,2025-06-01,81300.0,11.57,8818.51,0.0,10631.1,7233.49,93516.12,2025-06-26,PAY-202506-0008
187,8,2025-07-01,81300.0,10.37,7903.88,0.0,10107.1,14421.54,84889.44,2025-07-30,PAY-202507-0008
188,8,2025-08-01,81300.0,7.64,5823.11,0.0,13481.51,13282.22,87322.4,2025-08-31,PAY-202508-0008
189,8,2025-09-01,81300.0,3.77,2873.45,21610.66,14506.06,12339.51,107950.66,2025-09-30,PAY-202509-0008
190,8,2025-10-01,81300.0,0.43,327.74,0.0,10821.0,10232.26,82216.48,2025-10-27,PAY-202510-0008
191,8,2025-11-01,81300.0,5.77,4397.82,0.0,10817.74,12251.81,84263.75,2025-11-29,PAY-202511-0008
192,8,2025-12-01,81300.0,12.28,9359.66,0.0,10210.9,4398.67,96471.89,2025-12-31,PAY-202512-0008
193,9,2024-01-01,116700.0,9.07,9923.15,5662.81,4705.39,8132.36,128858.99,2024-01-31,PAY-202401-0009
194,9,2024-02-01,116700.0,1.77,1936.49,0.0,7527.29,15111.73,111052.05,2024-02-29,PAY-202402-0009
195,9,2024-03-01,116700.0,8.87,9704.33,0.0,11037.56,6779.87,130662.02,2024-03-27,PAY-202403-0009
196,9,2024-04-01,116700.0,9.93,10864.04,0.0,8413.3,20977.52,114999.82,2024-04-29,PAY-202404-0009
197,9,2024-05-01,116700.0,3.58,3916.74,0.0,4706.29,8462.35,116860.68,2024-05-30,PAY-202405-0009
198,9,2024-06-01,116700.0,8.77,9594.93,0.0,5314.3,17546.86,114062.37,2024-07-01,PAY-202406-0009
199,9,2024-07-01,116700.0,8.29,9069.78,0.0,12054.79,9845.64,127978.93,2024-07-29,PAY-202407-0009
200,9,2024-08-01,116700.0,2.29,2505.4,0.0,3697.79,14301.73,108601.46,2024-08-27,PAY-202408-0009
201,9,2024-09-01,116700.0,9.79,10710.87,0.0,14733.9,17534.48,124610.29,2024-10-01,PAY-202409-0009
202,9,2024-10-01,116700.0,10.8,11815.88,0.0,10574.82,10644.83,128445.87,2024-10-28,PAY-202410-0009
203,9,2024-11-01,116700.0,13.42,14682.32,0.0,14017.28,16783.37,128616.23,2024-11-28,PAY-202411-0009
204,9,2024-12-01,116700.0,13.27,14518.21,0.0,10149.33,11595.34,129772.2,2024-12-29,PAY-202412-0009
205,9,2025-01-01,116700.0,1.11,1214.41,0.0,14319.13,18041.83,114191.71,2025-01-28,PAY-202501-0009
206,9,2025-02-01,116700.0,3.31,3621.35,38435.98,1185.44,19853.15,140089.62,2025-03-03,PAY-202502-0009
207,9,2025-03-01,116700.0,10.58,11575.18,0.0,7186.19,8900.57,126560.8,2025-03-30,PAY-202503-0009
208,9,2025-04-01,116700.0,10.57,11564.24,0.0,8430.27,9955.77,126738.74,2025-04-26,PAY-202504-0009
209,9,2025-05-01,116700.0,10.58,11575.18,0.0,8802.46,9513.33,127564.31,2025-05-31,PAY-202505-0009
210,9,2025-06-01,116700.0,27.26,29824.14,0.0,3385.07,9367.36,140541.85,2025-06-26,PAY-202506-0009
211,9,2025-07-01,116700.0,10.85,11870.58,0.0,10760.37,7360.37,131970.58,2025-07-27,PAY-202507-0009
212,9,2025-08-01,116700.0,13.68,14966.77,24262.34,13936.5,12008.19,157857.42,2025-08-29,PAY-202508-0009
213,9,2025-09-01,116700.0,12.77,13971.18,0.0,2991.84,20458.54,113204.48,2025-09-28,PAY-202509-0009
214,9,2025-10-01,116700.0,11.26,12319.14,0.0,887.44,17497.33,112409.25,2025-10-31,PAY-202510-0009
215,9,2025-11-01,116700.0,6.42,7023.88,0.0,8027.28,16805.42,114945.74,2025-11-26,PAY-202511-0009
216,9,2025-12-01,116700.0,11.79,12899.0,0.0,2625.97,19219.54,113005.43,2025-12-27,PAY-202512-0009
217,10,2024-01-01,208500.0,4.14,8092.41,0.0,545.1,33090.29,184047.22,2024-01-29,PAY-202401-0010
218,10,2024-02-01,208500.0,6.82,13330.97,0.0,11235.05,34068.44,198997.58,2024-02-28,PAY-202402-0010
219,10,2024-03-01,208500.0,5.57,10887.61,0.0,139.01,25819.61,193707.01,2024-03-26,PAY-202403-0010
220,10,2024-04-01,208500.0,8.41,16438.92,0.0,5025.63,22740.13,207224.42,2024-05-01,PAY-202404-0010
221,10,2024-05-01,208500.0,19.57,38253.23,0.0,7408.69,35864.68,218297.24,2024-05-30,PAY-202405-0010
222,10,2024-06-01,208500.0,0.0,0.0,0.0,2892.17,13478.29,197913.88,2024-06-27,PAY-202406-0010
223,10,2024-07-01,208500.0,11.43,22342.08,0.0,9724.28,29902.6,210663.76,2024-07-26,PAY-202407-0010
224,10,2024-08-01,208500.0,0.0,0.0,0.0,11861.51,25814.71,194546.8,2024-08-27,PAY-202408-0010
225,10,2024-09-01,208500.0,5.64,11024.44,0.0,12842.2,34739.34,197627.3,2024-09-29,PAY-202409-0010
226,10,2024-10-01,208500.0,13.44,26271.0,0.0,1301.07,28565.18,207506.89,2024-10-27,PAY-202410-0010
227,10,2024-11-01,208500.0,8.32,16263.0,0.0,7161.81,35790.55,196134.26,2024-11-26,PAY-202411-0010
228,10,2024-12-01,208500.0,2.61,5101.73,0.0,3532.82,30855.57,186278.98,2024-12-28,PAY-202412-0010
229,10,2025-01-01,208500.0,4.42,8639.72,0.0,10843.24,10734.97,217247.99,2025-01-31,PAY-202501-0010
230,10,2025-02-01,208500.0,11.4,22283.44,0.0,3544.54,28525.34,205802.64,2025-03-01,PAY-202502-0010
231,10,2025-03-01,208500.0,4.35,8502.89,0.0,6081.25,24045.82,199038.32,2025-03-31,PAY-202503-0010
232,10,2025-04-01,208500.0,9.08,17748.56,0.0,10354.36,27737.27,208865.65,2025-04-28,PAY-202504-0010
233,10,2025-05-01,208500.0,8.23,16087.08,0.0,3312.74,36374.26,191525.56,2025-05-29,PAY-202505-0010
234,10,2025-06-01,208500.0,4.74,9265.22,0.0,11216.02,26843.55,202137.69,2025-06-29,PAY-202506-0010
235,10,2025-07-01,208500.0,18.72,36591.75,0.0,13691.95,30952.99,227830.71,2025-07-31,PAY-202507-0010
236,10,2025-08-01,208500.0,11.17,21833.86,0.0,11427.89,28865.67,212896.08,2025-08-30,PAY-202508-0010
237,10,2025-09-01,208500.0,0.0,0.0,0.0,1228.05,22534.1,187193.95,2025-10-01,PAY-202509-0010
238,10,2025-10-01,208500.0,8.93,17455.36,0.0,13758.67,13466.42,226247.61,2025-10-30,PAY-202510-0010
239,10,2025-11-01,208500.0,4.69,9167.48,0.0,3032.35,24971.17,195728.66,2025-11-27,PAY-202511-0010
240,10,2025-12-01,208500.0,12.26,23964.47,0.0,7805.12,13575.69,226693.9,2025-12-27,PAY-202512-0010
241,11,2024-01-01,244200.0,4.04,9249.08,0.0,7332.42,40746.14,220035.36,2024-01-29,PAY-202401-0011
242,11,2024-02-01,244200.0,7.43,17010.06,0.0,6801.48,28503.57,239507.97,2024-02-29,PAY-202402-0011
243,11,2024-03-01,244200.0,10.52,24084.22,0.0,8381.96,33567.68,243098.5,2024-03-28,PAY-202403-0011
244,11,2024-04-01,244200.0,12.33,28227.99,0.0,5939.23,38129.12,240238.1,2024-05-01,PAY-202404-0011
245,11,2024-05-01,244200.0,2.0,4578.75,0.0,1095.44,25660.7,224213.49,2024-05-31,PAY-202405-0011
246,11,2024-06-01,244200.0,6.33,14491.74,39794.33,14018.74,14401.08,298103.73,2024-06-29,PAY-202406-0011
247,11,2024-07-01,244200.0,5.63,12889.18,19310.34,11534.58,36521.97,251412.13,2024-07-31,PAY-202407-0011
248,11,2024-08-01,244200.0,4.73,10828.74,0.0,6305.43,43729.23,217604.94,2024-08-29,PAY-202408-0011
249,11,2024-09-01,244200.0,16.83,38530.18,0.0,13756.73,24194.0,272292.91,2024-09-26,PAY-202409-0011
250,11,2024-10-01,244200.0,10.02,22939.54,0.0,9926.89,29330.63,247735.8,2024-10-31,PAY-202410-0011
251,11,2024-11-01,244200.0,1.7,3891.94,0.0,1779.5,43728.91,206142.53,2024-11-29,PAY-202411-0011
252,11,2024-12-01,244200.0,12.59,28823.23,0.0,10917.87,19279.52,264661.58,2024-12-26,PAY-202412-0011
253,11,2025-01-01,244200.0,18.61,42605.27,0.0,14677.36,26908.52,274574.11,2025-01-31,PAY-202501-0011
254,11,2025-02-01,244200.0,13.16,30128.17,0.0,7979.0,38348.4,243958.77,2025-02-27,PAY-202502-0011
255,11,2025-03-01,244200.0,0.4,915.75,0.0,2326.82,18193.5,229249.07,2025-03-31,PAY-202503-0011
256,11,2025-04-01,244200.0,5.58,12774.71,0.0,483.26,33168.64,224289.33,2025-04-30,PAY-202504-0011
257,11,2025-05-01,244200.0,14.33,32806.74,0.0,13256.35,12706.69,277556.4,2025-05-27,PAY-202505-0011
258,11,2025-06-01,244200.0,4.46,10210.61,25788.05,6696.62,33544.06,253351.22,2025-06-26,PAY-202506-0011
259,11,2025-07-01,244200.0,10.22,23397.41,0.0,663.55,26145.31,242115.65,2025-07-30,PAY-202507-0011
260,11,2025-08-01,244200.0,11.87,27174.88,0.0,12955.95,14001.87,270328.96,2025-08-30,PAY-202508-0011
261,11,2025-09-01,244200.0,3.37,7715.19,0.0,3512.42,41301.94,214125.67,2025-09-30,PAY-202509-0011
262,11,2025-10-01,244200.0,7.7,17628.19,0.0,8968.77,33560.2,237236.76,2025-10-28,PAY-202510-0011
263,11,2025-11-01,244200.0,0.0,0.0,0.0,13143.87,43501.89,213841.98,2025-11-30,PAY-202511-0011
264,11,2025-12-01,244200.0,63.43,145215.06,0.0,4507.51,14145.16,379777.41,2025-12-30,PAY-202512-0011
265,12,2024-01-01,213300.0,6.74,13477.89,0.0,13673.66,28023.16,212428.39,2024-01-29,PAY-202401-0012
266,12,2024-02-01,213300.0,1.76,3519.45,0.0,703.26,20215.28,197307.43,2024-03-02,PAY-202402-0012
267,12,2024-03-01,213300.0,16.16,32314.95,0.0,11787.07,19503.19,237898.83,2024-03-29,PAY-202403-0012
268,12,2024-04-01,213300.0,0.85,1699.73,0.0,4498.33,15763.78,203734.28,2024-04-30,PAY-202404-0012
269,12,2024-05-01,213300.0,5.8,11598.19,0.0,12740.11,19004.12,218634.18,2024-05-31,PAY-202405-0012
270,12,2024-06-01,213300.0,8.65,17297.3,0.0,6945.38,12262.85,225279.83,2024-06-29,PAY-202406-0012
271,12,2024-07-01,213300.0,15.21,30415.25,0.0,8359.3,14383.26,237691.29,2024-07-27,PAY-202407-0012
272,12,2024-08-01,213300.0,0.82,1639.74,0.0,4953.94,12857.54,207036.14,2024-08-29,PAY-202408-0012
273,12,2024-09-01,213300.0,13.82,27635.68,0.0,1386.96,30757.01,211565.63,2024-09-27,PAY-202409-0012
274,12,2024-10-01,213300.0,8.05,16097.48,18200.88,9074.54,11761.61,244911.29,2024-10-26,PAY-202410-0012
275,12,2024-11-01,213300.0,3.09,6179.03,0.0,11425.45,30749.26,200155.22,2024-11-30,PAY-202411-0012
276,12,2024-12-01,213300.0,10.31,20616.78,0.0,3133.34,35816.11,201234.01,2024-12-28,PAY-202412-0012
277,12,2025-01-01,213300.0,9.0,17997.19,0.0,230.01,36651.5,194875.7,2025-01-31,PAY-202501-0012
278,12,2025-02-01,213300.0,5.0,9998.44,39985.02,7183.81,17391.87,253075.4,2025-03-02,PAY-202502-0012
279,12,2025-03-01,213300.0,8.35,16697.39,0.0,5949.48,17301.41,218645.46,2025-03-28,PAY-202503-0012
280,12,2025-04-01,213300.0,6.07,12138.1,0.0,5709.93,25462.58,205685.45,2025-04-28,PAY-202504-0012
281,12,2025-05-01,213300.0,8.57,17137.32,0.0,5394.67,35144.49,200687.5,2025-05-29,PAY-202505-0012
282,12,2025-06-01,213300.0,11.31,22616.47,39346.15,7042.36,33949.91,248355.07,2025-06-27,PAY-202506-0012
283,12,2025-07-01,213300.0,15.93,31855.02,0.0,6208.95,26263.25,225100.72,2025-07-27,PAY-202507-0012
284,12,2025-08-01,213300.0,1.81,3619.43,0.0,243.3,26007.78,191154.95,2025-08-30,PAY-202508-0012
285,12,2025-09-01,213300.0,18.67,37334.17,0.0,6263.67,14891.22,242006.62,2025-09-28,PAY-202509-0012
286,12,2025-10-01,213300.0,0.0,0.0,0.0,8546.84,17478.85,204367.99,2025-10-30,PAY-202510-0012
287,12,2025-11-01,213300.0,7.24,14477.74,0.0,10272.7,17800.41,220250.03,2025-11-29,PAY-202511-0012
288,12,2025-12-01,213300.0,10.94,21876.58,0.0,9625.42,24268.72,220533.28,2025-12-27,PAY-202512-0012
289,13,2024-01-01,186500.0,9.4,16435.31,0.0,5282.64,12718.29,195499.66,2024-01-30,PAY-202401-0013
290,13,2024-02-01,186500.0,4.89,8549.86,0.0,13753.49,22469.11,186334.24,2024-03-02,PAY-202402-0013
291,13,2024-03-01,186500.0,6.96,12169.12,0.0,7859.17,29668.22,176860.07,2024-03-26,PAY-202403-0013
292,13,2024-04-01,186500.0,5.53,9668.86,0.0,10023.23,27856.4,178335.69,2024-04-29,PAY-202404-0013
293,13,2024-05-01,186500.0,5.05,8829.61,0.0,9460.52,10972.88,193817.25,2024-05-27,PAY-202405-0013
294,13,2024-06-01,186500.0,12.25,21418.36,22700.65,5598.01,24304.42,211912.6,2024-07-01,PAY-202406-0013
295,13,2024-07-01,186500.0,9.79,17117.2,0.0,13691.27,25309.35,191999.12,2024-07-26,PAY-202407-0013
296,13,2024-08-01,186500.0,4.54,7937.91,24307.52,177.76,22160.73,196762.46,2024-08-28,PAY-202408-0013
297,13,2024-09-01,186500.0,12.5,21855.47,0.0,4300.33,21501.23,191154.57,2024-10-01,PAY-202409-0013
298,13,2024-10-01,186500.0,9.54,16680.09,0.0,12092.52,31382.46,183890.15,2024-10-26,PAY-202410-0013
299,13,2024-11-01,186500.0,12.06,21086.16,0.0,7865.78,15167.29,200284.65,2024-11-30,PAY-202411-0013
300,13,2024-12-01,186500.0,11.15,19495.08,0.0,12228.22,15806.29,202417.01,2024-12-29,PAY-202412-0013
301,13,2025-01-01,186500.0,3.86,6748.97,38575.42,6884.97,15221.58,223487.78,2025-01-31,PAY-202501-0013
302,13,2025-02-01,186500.0,5.2,9091.88,0.0,10260.62,29881.54,175970.96,2025-03-03,PAY-202502-0013
303,13,2025-03-01,186500.0,11.74,20526.66,0.0,9748.42,10093.19,206681.89,2025-03-29,PAY-202503-0013
304,13,2025-04-01,186500.0,11.05,19320.23,0.0,8290.52,10685.51,203425.24,2025-04-26,PAY-202504-0013
305,13,2025-05-01,186500.0,7.9,13812.66,0.0,1240.29,29820.02,171732.93,2025-05-31,PAY-202505-0013
306,13,2025-06-01,186500.0,8.59,15019.08,0.0,8487.85,30126.25,179880.68,2025-06-26,PAY-202506-0013
307,13,2025-07-01,186500.0,14.39,25160.02,0.0,13787.28,14895.69,210551.61,2025-07-31,PAY-202507-0013
308,13,2025-08-01,186500.0,5.04,8812.12,0.0,7132.5,10453.89,191990.73,2025-08-26,PAY-202508-0013
309,13,2025-09-01,186500.0,10.74,18778.22,0.0,4205.6,22490.78,186993.04,2025-10-01,PAY-202509-0013
310,13,2025-10-01,186500.0,6.99,12221.58,37506.82,4717.27,32635.82,208309.85,2025-10-30,PAY-202510-0013
311,13,2025-11-01,186500.0,6.91,12081.7,0.0,12310.36,29227.78,181664.28,2025-11-26,PAY-202511-0013
312,13,2025-12-01,186500.0,13.49,23586.42,0.0,8459.37,23064.54,195481.25,2025-12-29,PAY-202512-0013
313,14,2024-01-01,246800.0,12.13,28065.79,0.0,8108.44,24655.32,258318.91,2024-01-31,PAY-202401-0014
314,14,2024-02-01,246800.0,12.07,27926.96,0.0,14827.17,35574.06,253980.07,2024-03-01,PAY-202402-0014
315,14,2024-03-01,246800.0,14.53,33618.79,0.0,5187.89,15474.15,270132.53,2024-03-27,PAY-202403-0014
316,14,2024-04-01,246800.0,8.11,18764.51,0.0,5108.89,37012.78,233660.62,2024-04-30,PAY-202404-0014
317,14,2024-05-01,246800.0,11.41,26399.89,0.0,11603.32,13290.51,271512.7,2024-05-28,PAY-202405-0014
318,14,2024-06-01,246800.0,6.45,14923.69,0.0,6758.25,19659.59,248822.35,2024-06-30,PAY-202406-0014
319,14,2024-07-01,246800.0,9.62,22258.27,0.0,6477.72,34147.33,241388.66,2024-07-31,PAY-202407-0014
320,14,2024-08-01,246800.0,7.35,17006.06,0.0,11582.51,21816.96,253571.61,2024-08-27,PAY-202408-0014
321,14,2024-09-01,246800.0,8.48,19620.6,0.0,1230.57,17288.03,250363.14,2024-10-01,PAY-202409-0014
322,14,2024-10-01,246800.0,10.98,25404.98,0.0,2314.15,24840.63,249678.5,2024-10-28,PAY-202410-0014
323,14,2024-11-01,246800.0,3.91,9046.76,5181.83,4624.01,23887.59,241765.01,2024-11-28,PAY-202411-0014
324,14,2024-12-01,246800.0,18.46,42711.83,8055.4,6464.69,30210.31,273821.61,2024-12-30,PAY-202412-0014
325,14,2025-01-01,246800.0,2.97,6871.84,0.0,393.93,23694.99,230370.78,2025-01-26,PAY-202501-0014
326,14,2025-02-01,246800.0,1.93,4465.54,0.0,11766.58,40051.53,222980.59,2025-02-26,PAY-202502-0014
327,14,2025-03-01,246800.0,13.79,31906.61,0.0,5816.99,15057.5,269466.1,2025-03-30,PAY-202503-0014
328,14,2025-04-01,246800.0,11.96,27672.45,0.0,14672.6,30690.78,258454.27,2025-04-27,PAY-202504-0014
329,14,2025-05-01,246800.0,11.12,25728.9,0.0,2542.53,20968.0,254103.43,2025-05-28,PAY-202505-0014
330,14,2025-06-01,246800.0,11.14,25775.18,0.0,949.01,26286.15,247238.04,2025-06-29,PAY-202506-0014
331,14,2025-07-01,246800.0,7.94,18371.17,0.0,11740.0,23926.33,252984.84,2025-07-27,PAY-202507-0014
332,14,2025-08-01,246800.0,3.51,8121.26,0.0,7437.04,32125.2,230233.1,2025-08-29,PAY-202508-0014
333,14,2025-09-01,246800.0,8.38,19389.23,15663.03,14232.35,22998.86,273085.75,2025-09-30,PAY-202509-0014
334,14,2025-10-01,246800.0,4.61,10666.39,0.0,12932.97,26464.11,243935.25,2025-10-29,PAY-202510-0014
335,14,2025-11-01,246800.0,12.88,29801.1,0.0,12892.63,43597.05,245896.68,2025-11-27,PAY-202511-0014
336,14,2025-12-01,246800.0,7.26,16797.83,0.0,9048.17,34647.76,237998.24,2025-12-29,PAY-202512-0014
337,15,2024-01-01,116700.0,3.87,4234.02,0.0,14468.62,20531.53,114871.11,2024-01-28,PAY-202401-0015
338,15,2024-02-01,116700.0,6.39,6991.06,0.0,9493.54,20516.93,112667.67,2024-02-27,PAY-202402-0015
339,15,2024-03-01,116700.0,10.06,11006.27,0.0,4204.5,17757.38,114153.39,2024-03-28,PAY-202403-0015
340,15,2024-04-01,116700.0,5.18,5667.24,24734.77,8883.41,14112.74,141872.68,2024-05-01,PAY-202404-0015
341,15,2024-05-01,116700.0,3.89,4255.9,0.0,403.74,16867.55,104492.09,2024-05-31,PAY-202405-0015
342,15,2024-06-01,116700.0,9.22,10087.26,0.0,11965.28,18446.38,120306.16,2024-06-26,PAY-202406-0015
343,15,2024-07-01,116700.0,9.22,10087.26,0.0,11934.85,12042.09,126680.02,2024-07-29,PAY-202407-0015
344,15,2024-08-01,116700.0,5.47,5984.52,0.0,4542.49,9668.43,117558.58,2024-08-27,PAY-202408-0015
345,15,2024-09-01,116700.0,5.64,6170.51,0.0,11836.15,6957.13,127749.53,2024-09-30,PAY-202409-0015
346,15,2024-10-01,116700.0,9.16,10021.61,0.0,6012.08,13520.82,119212.87,2024-10-31,PAY-202410-0015
347,15,2024-11-01,116700.0,0.76,831.49,0.0,551.48,20527.02,97555.95,2024-12-01,PAY-202411-0015
348,15,2024-12-01,116700.0,0.96,1050.3,0.0,8053.59,15516.83,110287.06,2024-12-26,PAY-202412-0015
349,15,2025-01-01,116700.0,4.41,4824.82,13688.08,9970.41,8358.52,136824.79,2025-01-30,PAY-202501-0015
350,15,2025-02-01,116700.0,6.93,7581.85,39426.29,10162.08,11897.6,161972.62,2025-02-28,PAY-202502-0015
351,15,2025-03-01,116700.0,9.55,10448.3,0.0,6456.83,5995.02,127610.11,2025-03-28,PAY-202503-0015
352,15,2025-04-01,116700.0,15.38,16826.68,0.0,11202.8,14300.32,130429.16,2025-05-01,PAY-202504-0015
353,15,2025-05-01,116700.0,12.29,13446.03,0.0,6686.68,11768.9,125063.81,2025-05-31,PAY-202505-0015
354,15,2025-06-01,116700.0,7.2,7877.25,0.0,7506.99,11068.5,121015.74,2025-06-26,PAY-202506-0015
355,15,2025-07-01,116700.0,7.9,8643.09,0.0,4431.48,19800.63,109973.94,2025-07-26,PAY-202507-0015
356,15,2025-08-01,116700.0,2.99,3271.25,37923.67,2125.13,10566.69,149453.36,2025-08-29,PAY-202508-0015
357,15,2025-09-01,116700.0,7.91,8654.03,0.0,7816.72,11119.06,122051.69,2025-09-26,PAY-202509-0015
358,15,2025-10-01,116700.0,6.56,7177.05,0.0,10451.45,10673.18,123655.32,2025-10-28,PAY-202510-0015
359,15,2025-11-01,116700.0,9.61,10513.94,29877.26,338.78,11039.84,146390.14,2025-11-26,PAY-202511-0015
360,15,2025-12-01,116700.0,3.86,4223.08,0.0,2465.31,20761.75,102626.64,2025-12-27,PAY-202512-0015
361,16,2024-01-01,111400.0,10.6,11070.38,0.0,8278.65,10363.39,120385.64,2024-01-29,PAY-202401-0016
362,16,2024-02-01,111400.0,15.66,16354.91,0.0,3477.83,11435.9,119796.84,2024-02-27,PAY-202402-0016
363,16,2024-03-01,111400.0,7.46,7791.04,0.0,9859.62,11298.82,117751.84,2024-03-31,PAY-202403-0016
364,16,2024-04-01,111400.0,10.01,10454.19,0.0,2959.87,14146.29,110667.77,2024-04-29,PAY-202404-0016
365,16,2024-05-01,111400.0,11.45,11958.09,12517.86,4175.17,15761.85,124289.27,2024-05-26,PAY-202405-0016
366,16,2024-06-01,111400.0,5.99,6255.81,0.0,11992.54,13345.23,116303.12,2024-06-28,PAY-202406-0016
367,16,2024-07-01,111400.0,9.12,9524.7,0.0,6863.26,9369.4,118418.56,2024-07-29,PAY-202407-0016
368,16,2024-08-01,111400.0,8.06,8417.66,0.0,9586.63,14215.33,115188.96,2024-08-30,PAY-202408-0016
369,16,2024-09-01,111400.0,8.49,8866.74,0.0,1713.48,10667.45,111312.77,2024-09-29,PAY-202409-0016
370,16,2024-10-01,111400.0,4.13,4313.27,0.0,12206.07,15794.12,112125.22,2024-10-28,PAY-202410-0016
371,16,2024-11-01,111400.0,8.12,8480.32,0.0,8852.53,15303.5,113429.35,2024-11-28,PAY-202411-0016
372,16,2024-12-01,111400.0,10.49,10955.49,15688.3,2745.67,15612.35,125177.11,2024-12-30,PAY-202412-0016
373,16,2025-01-01,111400.0,15.26,15937.16,0.0,8946.39,13894.34,122389.21,2025-01-29,PAY-202501-0016
374,16,2025-02-01,111400.0,12.8,13368.0,0.0,9532.52,15612.3,118688.22,2025-03-03,PAY-202502-0016
375,16,2025-03-01,111400.0,18.77,19602.92,0.0,2598.52,7986.55,125614.89,2025-03-28,PAY-202503-0016
376,16,2025-04-01,111400.0,4.16,4344.6,0.0,4718.7,12101.4,108361.9,2025-04-26,PAY-202504-0016
377,16,2025-05-01,111400.0,12.36,12908.47,0.0,14277.63,12588.11,125997.99,2025-05-27,PAY-202505-0016
378,16,2025-06-01,111400.0,8.92,9315.83,0.0,14457.44,12889.75,122283.52,2025-06-29,PAY-202506-0016
379,16,2025-07-01,111400.0,18.95,19790.91,0.0,7375.89,15854.28,122712.52,2025-07-29,PAY-202507-0016
380,16,2025-08-01,111400.0,3.96,4135.73,0.0,1240.06,6016.92,110758.87,2025-08-27,PAY-202508-0016
381,16,2025-09-01,111400.0,3.8,3968.62,0.0,4122.79,13355.65,106135.76,2025-09-27,PAY-202509-0016
382,16,2025-10-01,111400.0,5.0,5221.88,0.0,8484.76,16758.03,108348.61,2025-10-29,PAY-202510-0016
383,16,2025-11-01,111400.0,0.0,0.0,0.0,1698.16,7223.94,105874.22,2025-11-30,PAY-202511-0016
384,16,2025-12-01,111400.0,5.37,5608.29,0.0,5502.93,17483.05,105028.17,2025-12-26,PAY-202512-0016
385,17,2024-01-01,182000.0,4.2,7166.25,0.0,6620.5,14270.7,181516.05,2024-01-29,PAY-202401-0017
386,17,2024-02-01,182000.0,8.75,14929.69,34052.48,11270.18,16143.79,226108.56,2024-02-26,PAY-202402-0017
387,17,2024-03-01,182000.0,9.71,16567.69,0.0,5228.65,28423.8,175372.54,2024-03-29,PAY-202403-0017
388,17,2024-04-01,182000.0,17.38,29654.62,0.0,1760.79,28309.29,185106.12,2024-04-27,PAY-202404-0017
389,17,2024-05-01,182000.0,12.75,21754.69,0.0,8818.86,17395.93,195177.62,2024-05-31,PAY-202405-0017
390,17,2024-06-01,182000.0,5.12,8736.0,0.0,6422.51,23678.14,173480.37,2024-06-27,PAY-202406-0017
391,17,2024-07-01,182000.0,3.51,5988.94,0.0,12081.61,22587.96,177482.59,2024-07-30,PAY-202407-0017
392,17,2024-08-01,182000.0,10.46,17847.38,0.0,8081.53,16757.64,191171.27,2024-08-31,PAY-202408-0017
393,17,2024-09-01,182000.0,1.4,2388.75,0.0,8591.03,31633.72,161346.06,2024-09-30,PAY-202409-0017
394,17,2024-10-01,182000.0,17.16,29279.25,0.0,10189.49,11353.03,210115.71,2024-10-29,PAY-202410-0017
395,17,2024-11-01,182000.0,13.9,23716.88,0.0,14887.29,29614.35,190989.82,2024-11-27,PAY-202411-0017
396,17,2024-12-01,182000.0,5.65,9640.31,0.0,1990.36,12560.12,181070.55,2024-12-28,PAY-202412-0017
397,17,2025-01-01,182000.0,0.0,0.0,0.0,11422.1,25099.71,168322.39,2025-01-29,PAY-202501-0017
398,17,2025-02-01,182000.0,14.77,25201.31,0.0,9486.03,23954.05,192733.29,2025-03-01,PAY-202502-0017
399,17,2025-03-01,182000.0,7.43,12677.44,0.0,9504.42,29923.76,174258.1,2025-03-26,PAY-202503-0017
400,17,2025-04-01,182000.0,14.19,24211.69,0.0,11247.04,25536.69,191922.04,2025-04-28,PAY-202504-0017
401,17,2025-05-01,182000.0,0.03,51.19,0.0,7320.67,22869.07,166502.79,2025-05-31,PAY-202505-0017
402,17,2025-06-01,182000.0,5.0,8531.25,39025.26,9522.61,25597.86,213481.26,2025-06-26,PAY-202506-0017
403,17,2025-07-01,182000.0,8.03,13701.19,0.0,5965.74,32005.92,169661.01,2025-07-27,PAY-202507-0017
404,17,2025-08-01,182000.0,8.23,14042.44,0.0,4842.98,15809.81,185075.61,2025-08-30,PAY-202508-0017
405,17,2025-09-01,182000.0,5.75,9810.94,0.0,8492.13,20583.09,179719.98,2025-09-28,PAY-202509-0017
406,17,2025-10-01,182000.0,11.11,18956.44,0.0,11433.81,10187.01,202203.24,2025-10-31,PAY-202510-0017
407,17,2025-11-01,182000.0,2.66,4538.62,0.0,6893.73,12039.45,181392.9,2025-11-27,PAY-202511-0017
408,17,2025-12-01,182000.0,7.29,12438.56,0.0,10.14,31767.03,162681.67,2025-12-27,PAY-202512-0017
409,18,2024-01-01,149800.0,8.6,12077.62,0.0,13641.11,24668.95,150849.78,2024-01-28,PAY-202401-0018
410,18,2024-02-01,149800.0,10.57,14844.24,0.0,13990.88,12826.25,165808.87,2024-03-02,PAY-202402-0018
411,18,2024-03-01,149800.0,11.56,16234.58,0.0,1236.31,20430.64,146840.25,2024-03-31,PAY-202403-0018
412,18,2024-04-01,149800.0,2.38,3342.41,0.0,5945.12,13439.49,145648.04,2024-05-01,PAY-202404-0018
413,18,2024-05-01,149800.0,0.33,463.44,0.0,6438.46,9266.01,147435.89,2024-05-26,PAY-202405-0018
414,18,2024-06-01,149800.0,14.39,20208.96,21688.23,1990.5,11894.84,181792.85,2024-07-01,PAY-202406-0018
415,18,2024-07-01,149800.0,9.66,13566.26,0.0,120.94,14180.76,149306.44,2024-07-26,PAY-202407-0018
416,18,2024-08-01,149800.0,4.26,5982.64,0.0,6334.71,10063.98,152053.37,2024-08-26,PAY-202408-0018
417,18,2024-09-01,149800.0,15.76,22132.95,0.0,1339.97,23185.2,150087.72,2024-09-26,PAY-202409-0018
418,18,2024-10-01,149800.0,8.58,12049.54,0.0,13214.83,10160.46,164903.91,2024-10-27,PAY-202410-0018
419,18,2024-11-01,149800.0,13.9,19520.81,0.0,10157.06,8822.25,170655.62,2024-11-30,PAY-202411-0018
420,18,2024-12-01,149800.0,8.34,11712.49,27750.71,6601.49,21558.64,174306.05,2024-12-31,PAY-202412-0018
421,18,2025-01-01,149800.0,18.3,25700.06,0.0,13798.41,19487.46,169811.01,2025-01-29,PAY-202501-0018
422,18,2025-02-01,149800.0,16.78,23565.41,0.0,1300.32,9446.46,165219.27,2025-02-26,PAY-202502-0018
423,18,2025-03-01,149800.0,6.76,9493.57,0.0,5760.48,26248.31,138805.74,2025-03-28,PAY-202503-0018
424,18,2025-04-01,149800.0,12.86,18060.26,0.0,3716.8,20043.34,151533.72,2025-04-27,PAY-202504-0018
425,18,2025-05-01,149800.0,11.23,15771.13,0.0,9000.12,19322.27,155248.98,2025-05-31,PAY-202505-0018
426,18,2025-06-01,149800.0,14.84,20840.92,34647.45,13137.41,11490.85,206934.93,2025-06-30,PAY-202506-0018
427,18,2025-07-01,149800.0,3.18,4465.91,0.0,11217.65,13245.39,152238.17,2025-07-26,PAY-202507-0018
428,18,2025-08-01,149800.0,11.43,16052.01,0.0,11906.67,12150.93,165607.75,2025-08-29,PAY-202508-0018
429,18,2025-09-01,149800.0,13.29,18664.14,22485.39,8908.95,17777.85,182080.63,2025-09-26,PAY-202509-0018
430,18,2025-10-01,149800.0,0.0,0.0,0.0,14008.87,10060.23,153748.64,2025-10-30,PAY-202510-0018
431,18,2025-11-01,149800.0,2.08,2921.1,0.0,8195.34,10854.53,150061.91,2025-11-29,PAY-202511-0018
432,18,2025-12-01,149800.0,0.0,0.0,0.0,11555.51,7815.01,153540.5,2025-12-26,PAY-202512-0018
433,19,2024-01-01,93000.0,6.65,5797.97,12551.0,13838.69,16119.54,109068.12,2024-01-29,PAY-202401-0019
434,19,2024-02-01,93000.0,11.59,10105.03,0.0,9428.56,10707.68,101825.91,2024-02-29,PAY-202402-0019
435,19,2024-03-01,93000.0,15.51,13522.78,0.0,6034.16,12394.1,100162.84,2024-03-30,PAY-202403-0019
436,19,2024-04-01,93000.0,8.37,7297.59,0.0,4162.02,8396.77,96062.84,2024-04-30,PAY-202404-0019
437,19,2024-05-01,93000.0,16.14,14072.06,0.0,14614.7,6528.51,115158.25,2024-05-28,PAY-202405-0019
438,19,2024-06-01,93000.0,1.1,959.06,0.0,9514.41,14739.43,88734.04,2024-07-01,PAY-202406-0019
439,19,2024-07-01,93000.0,0.0,0.0,0.0,4652.54,9939.21,87713.33,2024-07-27,PAY-202407-0019
440,19,2024-08-01,93000.0,7.72,6730.88,8017.45,6517.25,10131.27,104134.31,2024-08-30,PAY-202408-0019
441,19,2024-09-01,93000.0,9.92,8649.0,28312.79,9870.79,6773.56,133059.02,2024-09-26,PAY-202409-0019
442,19,2024-10-01,93000.0,7.84,6835.5,0.0,10522.49,6630.74,103727.25,2024-10-28,PAY-202410-0019
443,19,2024-11-01,93000.0,0.0,0.0,0.0,11744.81,13364.06,91380.75,2024-11-27,PAY-202411-0019
444,19,2024-12-01,93000.0,7.55,6582.66,0.0,11246.65,15210.13,95619.18,2024-12-31,PAY-202412-0019
445,19,2025-01-01,93000.0,1.48,1290.38,0.0,11571.45,5004.92,100856.91,2025-01-29,PAY-202501-0019
446,19,2025-02-01,93000.0,11.35,9895.78,0.0,958.08,13261.99,90591.87,2025-03-02,PAY-202502-0019
447,19,2025-03-01,93000.0,9.83,8570.53,0.0,7442.21,10825.35,98187.39,2025-03-26,PAY-202503-0019
448,19,2025-04-01,93000.0,3.3,2877.19,0.0,8503.29,9095.35,95285.13,2025-04-28,PAY-202504-0019
449,19,2025-05-01,93000.0,5.43,4734.28,0.0,13414.03,12800.12,98348.19,2025-05-26,PAY-202505-0019
450,19,2025-06-01,93000.0,2.7,2354.06,0.0,7632.37,5182.42,97804.01,2025-06-26,PAY-202506-0019
451,19,2025-07-01,93000.0,7.69,6704.72,0.0,7076.47,9280.22,97500.97,2025-07-27,PAY-202507-0019
452,19,2025-08-01,93000.0,12.78,11142.56,0.0,14405.13,5077.55,113470.14,2025-08-31,PAY-202508-0019
453,19,2025-09-01,93000.0,3.07,2676.66,0.0,6290.54,8540.59,93426.61,2025-09-29,PAY-202509-0019
454,19,2025-10-01,93000.0,10.52,9172.12,0.0,4799.03,14636.3,92334.85,2025-10-30,PAY-202510-0019
455,19,2025-11-01,93000.0,5.35,4664.53,0.0,7530.61,15554.47,89640.67,2025-11-27,PAY-202511-0019
456,19,2025-12-01,93000.0,4.04,3522.38,0.0,7736.61,5205.28,99053.71,2025-12-29,PAY-202512-0019
457,20,2024-01-01,104700.0,7.46,7322.46,21278.3,4234.6,16734.21,120801.15,2024-01-28,PAY-202401-0020
458,20,2024-02-01,104700.0,2.82,2768.01,20986.12,5533.79,9203.9,124784.02,2024-02-28,PAY-202402-0020
459,20,2024-03-01,104700.0,5.23,5133.57,0.0,3638.76,10247.57,103224.76,2024-03-29,PAY-202403-0020
460,20,2024-04-01,104700.0,2.01,1972.94,0.0,11638.29,15204.56,103106.67,2024-04-30,PAY-202404-0020
461,20,2024-05-01,104700.0,17.82,17491.44,0.0,3676.9,5321.81,120546.53,2024-05-29,PAY-202405-0020
462,20,2024-06-01,104700.0,8.18,8029.18,23954.08,9539.13,14673.7,131548.69,2024-06-26,PAY-202406-0020
463,20,2024-07-01,104700.0,4.5,4417.03,0.0,21.93,14181.56,94957.4,2024-07-31,PAY-202407-0020
464,20,2024-08-01,104700.0,9.07,8902.77,0.0,1559.24,12446.31,102715.7,2024-08-27,PAY-202408-0020
465,20,2024-09-01,104700.0,7.44,7302.83,0.0,14417.78,18472.5,107948.11,2024-09-27,PAY-202409-0020
466,20,2024-10-01,104700.0,6.9,6772.78,0.0,1395.4,17774.47,95093.71,2024-10-30,PAY-202410-0020
467,20,2024-11-01,104700.0,11.07,10865.9,0.0,13433.67,11475.07,117524.5,2024-12-01,PAY-202411-0020
468,20,2024-12-01,104700.0,11.79,11572.62,8345.2,2002.71,16395.51,110225.02,2024-12-26,PAY-202412-0020
469,20,2025-01-01,104700.0,5.35,5251.36,0.0,934.24,14251.52,96634.08,2025-01-27,PAY-202501-0020
470,20,2025-02-01,104700.0,5.12,5025.6,0.0,3914.86,9522.59,104117.87,2025-03-01,PAY-202502-0020
471,20,2025-03-01,104700.0,6.62,6497.94,0.0,11030.29,9564.08,112664.15,2025-03-28,PAY-202503-0020
472,20,2025-04-01,104700.0,0.0,0.0,0.0,14153.32,7087.62,111765.7,2025-04-30,PAY-202504-0020
473,20,2025-05-01,104700.0,0.42,412.26,8698.02,6743.5,9509.31,111044.47,2025-05-26,PAY-202505-0020
474,20,2025-06-01,104700.0,14.83,14556.57,0.0,14469.52,8061.14,125664.95,2025-06-28,PAY-202506-0020
475,20,2025-07-01,104700.0,16.22,15920.94,0.0,12787.23,6465.72,126942.45,2025-07-31,PAY-202507-0020
476,20,2025-08-01,104700.0,6.75,6625.55,0.0,10570.57,13446.55,108449.57,2025-08-27,PAY-202508-0020
477,20,2025-09-01,104700.0,10.88,10679.4,0.0,4916.9,6476.5,113819.8,2025-09-27,PAY-202509-0020
478,20,2025-10-01,104700.0,9.56,9383.74,0.0,5943.67,5901.27,114126.14,2025-10-28,PAY-202510-0020
479,20,2025-11-01,104700.0,23.39,22958.75,0.0,14860.15,5658.06,136860.84,2025-11-29,PAY-202511-0020
480,20,2025-12-01,104700.0,13.6,13349.25,0.0,8339.31,12722.7,113665.86,2025-12-26,PAY-202512-0020
481,21,2024-01-01,41900.0,7.36,2891.1,0.0,12058.45,2856.45,53993.1,2024-01-26,PAY-202401-0021
482,21,2024-02-01,41900.0,3.22,1264.86,32333.6,3334.32,3174.23,75658.55,2024-02-29,PAY-202402-0021
483,21,2024-03-01,41900.0,0.0,0.0,0.0,9454.46,5606.6,45747.86,2024-03-30,PAY-202403-0021
484,21,2024-04-01,41900.0,9.02,3543.17,0.0,13761.43,2503.46,56701.14,2024-04-26,PAY-202404-0021
485,21,2024-05-01,41900.0,4.22,1657.67,0.0,9689.8,6503.25,46744.22,2024-05-26,PAY-202405-0021
486,21,2024-06-01,41900.0,0.89,349.6,0.0,12440.34,3900.95,50788.99,2024-06-26,PAY-202406-0021
487,21,2024-07-01,41900.0,4.77,1873.72,0.0,759.57,7128.75,37404.54,2024-07-29,PAY-202407-0021
488,21,2024-08-01,41900.0,2.59,1017.38,0.0,5924.98,2255.59,46586.77,2024-08-31,PAY-202408-0021
489,21,2024-09-01,41900.0,16.44,6457.84,0.0,5309.15,7042.53,46624.46,2024-09-28,PAY-202409-0021
490,21,2024-10-01,41900.0,12.41,4874.8,0.0,13251.36,2283.74,57742.42,2024-10-30,PAY-202410-0021
491,21,2024-11-01,41900.0,7.96,3126.79,0.0,9709.18,4812.46,49923.51,2024-11-30,PAY-202411-0021
492,21,2024-12-01,41900.0,15.4,6049.31,0.0,1315.82,4181.28,45083.85,2024-12-29,PAY-202412-0021
493,21,2025-01-01,41900.0,8.39,3295.7,0.0,13269.79,4959.11,53506.38,2025-01-31,PAY-202501-0021
494,21,2025-02-01,41900.0,3.69,1449.48,0.0,8154.85,2201.38,49302.95,2025-03-01,PAY-202502-0021
495,21,2025-03-01,41900.0,15.62,6135.73,0.0,5386.68,5060.99,48361.42,2025-03-29,PAY-202503-0021
496,21,2025-04-01,41900.0,10.69,4199.17,0.0,8484.77,3846.78,50737.16,2025-04-28,PAY-202504-0021
497,21,2025-05-01,41900.0,2.81,1103.8,0.0,4783.16,3288.0,44498.96,2025-05-28,PAY-202505-0021
498,21,2025-06-01,41900.0,7.05,2769.33,39703.6,7941.48,6271.99,86042.42,2025-06-27,PAY-202506-0021
499,21,2025-07-01,41900.0,3.62,1421.98,0.0,1502.02,5672.94,39151.06,2025-07-28,PAY-202507-0021
500,21,2025-08-01,41900.0,1.09,428.17,0.0,11868.56,6109.77,48086.96,2025-08-27,PAY-202508-0021
501,21,2025-09-01,41900.0,12.63,4961.22,0.0,14739.97,4210.74,57390.45,2025-09-27,PAY-202509-0021
502,21,2025-10-01,41900.0,17.55,6893.86,0.0,8887.79,6486.43,51195.22,2025-10-31,PAY-202510-0021
503,21,2025-11-01,41900.0,1.01,396.74,0.0,8873.44,5926.71,45243.47,2025-11-28,PAY-202511-0021
504,21,2025-12-01,41900.0,10.81,4246.3,0.0,8454.1,5162.25,49438.15,2025-12-27,PAY-202512-0021
505,22,2024-01-01,80400.0,4.75,3580.31,0.0,12156.02,14162.49,81973.84,2024-01-30,PAY-202401-0022
506,22,2024-02-01,80400.0,5.56,4190.85,0.0,7356.55,4963.37,86984.03,2024-02-27,PAY-202402-0022
507,22,2024-03-01,80400.0,5.04,3798.9,0.0,298.92,9015.94,75481.88,2024-03-28,PAY-202403-0022
508,22,2024-04-01,80400.0,3.68,2773.8,0.0,3021.97,5383.88,80811.89,2024-05-01,PAY-202404-0022
509,22,2024-05-01,80400.0,8.24,6210.9,0.0,12036.37,13094.61,85552.66,2024-05-26,PAY-202405-0022
510,22,2024-06-01,80400.0,3.85,2901.94,25531.32,13758.36,12113.68,110477.94,2024-06-30,PAY-202406-0022
511,22,2024-07-01,80400.0,9.35,7047.56,0.0,14408.38,7924.77,93931.17,2024-07-31,PAY-202407-0022
512,22,2024-08-01,80400.0,7.75,5841.56,0.0,1515.48,7174.05,80582.99,2024-08-27,PAY-202408-0022
513,22,2024-09-01,80400.0,6.81,5133.04,0.0,10985.28,8586.15,87932.17,2024-10-01,PAY-202409-0022
514,22,2024-10-01,80400.0,3.46,2607.97,0.0,9737.7,5840.77,86904.9,2024-10-30,PAY-202410-0022
515,22,2024-11-01,80400.0,5.12,3859.2,0.0,13932.68,12245.64,85946.24,2024-11-27,PAY-202411-0022
516,22,2024-12-01,80400.0,11.78,8879.17,0.0,12216.81,7974.87,93521.11,2024-12-31,PAY-202412-0022
517,22,2025-01-01,80400.0,10.5,7914.38,0.0,1910.23,11637.74,78586.87,2025-01-31,PAY-202501-0022
518,22,2025-02-01,80400.0,3.11,2344.16,0.0,5874.02,14412.25,74205.93,2025-03-02,PAY-202502-0022
519,22,2025-03-01,80400.0,8.5,6406.88,26083.6,13815.57,14132.64,112573.41,2025-03-27,PAY-202503-0022
520,22,2025-04-01,80400.0,11.76,8864.1,0.0,1561.65,9206.13,81619.62,2025-04-28,PAY-202504-0022
521,22,2025-05-01,80400.0,0.0,0.0,0.0,3569.94,14287.83,69682.11,2025-05-27,PAY-202505-0022
522,22,2025-06-01,80400.0,10.72,8080.2,0.0,14446.19,12608.01,90318.38,2025-07-01,PAY-202506-0022
523,22,2025-07-01,80400.0,4.69,3535.09,0.0,13299.8,8688.18,88546.71,2025-07-28,PAY-202507-0022
524,22,2025-08-01,80400.0,10.85,8178.19,0.0,10397.64,7683.23,91292.6,2025-08-26,PAY-202508-0022
525,22,2025-09-01,80400.0,4.18,3150.67,0.0,722.21,8600.28,75672.6,2025-09-29,PAY-202509-0022
526,22,2025-10-01,80400.0,0.0,0.0,0.0,13268.28,9173.69,84494.59,2025-10-29,PAY-202510-0022
527,22,2025-11-01,80400.0,0.0,0.0,0.0,5630.21,12682.69,73347.52,2025-11-30,PAY-202511-0022
528,22,2025-12-01,80400.0,8.24,6210.9,0.0,10307.41,5720.09,91198.22,2025-12-26,PAY-202512-0022
529,23,2024-01-01,142300.0,9.3,12406.78,0.0,501.19,7486.42,147721.55,2024-01-28,PAY-202401-0023
530,23,2024-02-01,142300.0,3.48,4642.54,0.0,1113.01,10261.78,137793.77,2024-02-29,PAY-202402-0023
531,23,2024-03-01,142300.0,11.19,14928.16,0.0,1125.04,24537.99,133815.21,2024-03-26,PAY-202403-0023
532,23,2024-04-01,142300.0,0.0,0.0,0.0,14779.14,23638.79,133440.35,2024-05-01,PAY-202404-0023
533,23,2024-05-01,142300.0,7.67,10232.26,37985.48,2474.96,23574.55,169418.15,2024-05-27,PAY-202405-0023
534,23,2024-06-01,142300.0,1.94,2588.08,16588.31,14615.98,14686.27,161406.1,2024-06-30,PAY-202406-0023
535,23,2024-07-01,142300.0,4.74,6323.46,0.0,10949.61,12022.13,147550.94,2024-07-28,PAY-202407-0023
536,23,2024-08-01,142300.0,8.24,10992.68,0.0,1438.74,14383.3,140348.12,2024-08-30,PAY-202408-0023
537,23,2024-09-01,142300.0,3.7,4936.03,0.0,2303.85,13789.97,135749.91,2024-09-29,PAY-202409-0023
538,23,2024-10-01,142300.0,6.08,8111.1,33836.41,9376.36,16000.6,177623.27,2024-10-26,PAY-202410-0023
539,23,2024-11-01,142300.0,13.03,17382.83,10979.13,4377.17,8630.74,166408.39,2024-11-26,PAY-202411-0023
540,23,2024-12-01,142300.0,5.12,6830.4,0.0,5962.01,16162.8,138929.61,2024-12-31,PAY-202412-0023
541,23,2025-01-01,142300.0,12.18,16248.88,0.0,9628.0,14283.86,153893.02,2025-01-28,PAY-202501-0023
542,23,2025-02-01,142300.0,2.35,3135.05,0.0,5541.02,15361.4,135614.67,2025-02-28,PAY-202502-0023
543,23,2025-03-01,142300.0,10.65,14207.77,0.0,3951.01,22600.12,137858.66,2025-03-30,PAY-202503-0023
544,23,2025-04-01,142300.0,15.21,20291.09,31328.23,10012.03,8700.5,195230.85,2025-04-28,PAY-202504-0023
545,23,2025-05-01,142300.0,0.0,0.0,0.0,6209.8,21108.7,127401.1,2025-05-27,PAY-202505-0023
546,23,2025-06-01,142300.0,4.02,5362.93,0.0,12611.96,22254.68,138020.21,2025-06-29,PAY-202506-0023
547,23,2025-07-01,142300.0,10.89,14527.94,0.0,10306.02,24436.75,142697.21,2025-07-30,PAY-202507-0023
548,23,2025-08-01,142300.0,6.98,9311.76,0.0,7143.93,8575.59,150180.1,2025-08-31,PAY-202508-0023
549,23,2025-09-01,142300.0,9.86,13153.86,24992.7,7752.26,17686.91,170511.91,2025-09-30,PAY-202509-0023
550,23,2025-10-01,142300.0,4.98,6643.63,0.0,14238.82,15421.79,147760.66,2025-10-27,PAY-202510-0023
551,23,2025-11-01,142300.0,8.43,11246.15,0.0,12126.91,9449.31,156223.75,2025-11-29,PAY-202511-0023
552,23,2025-12-01,142300.0,7.22,9631.93,28909.39,3028.79,22331.61,161538.5,2025-12-27,PAY-202512-0023
553,24,2024-01-01,65000.0,13.84,8433.75,0.0,3868.3,10946.3,66355.75,2024-01-26,PAY-202401-0024
554,24,2024-02-01,65000.0,9.27,5648.91,24472.75,8280.81,10488.47,92914.0,2024-03-01,PAY-202402-0024
555,24,2024-03-01,65000.0,9.69,5904.84,0.0,13101.99,9896.35,74110.48,2024-03-30,PAY-202403-0024
556,24,2024-04-01,65000.0,5.94,3619.69,0.0,11725.28,4200.78,76144.19,2024-04-27,PAY-202404-0024
557,24,2024-05-01,65000.0,5.56,3388.12,0.0,8819.01,9658.29,67548.84,2024-05-26,PAY-202405-0024
558,24,2024-06-01,65000.0,5.84,3558.75,0.0,8440.26,4103.37,72895.64,2024-06-28,PAY-202406-0024
559,24,2024-07-01,65000.0,9.97,6075.47,0.0,13202.04,10668.2,73609.31,2024-07-28,PAY-202407-0024
560,24,2024-08-01,65000.0,5.9,3595.31,0.0,7283.77,8395.73,67483.35,2024-08-26,PAY-202408-0024
561,24,2024-09-01,65000.0,9.45,5758.59,0.0,6044.61,8474.17,68329.03,2024-10-01,PAY-202409-0024
562,24,2024-10-01,65000.0,18.38,11200.31,0.0,581.74,10766.9,66015.15,2024-10-28,PAY-202410-0024
563,24,2024-11-01,65000.0,12.36,7531.88,0.0,739.36,7265.59,66005.65,2024-11-28,PAY-202411-0024
564,24,2024-12-01,65000.0,6.37,3881.72,0.0,303.49,10156.91,59028.3,2024-12-28,PAY-202412-0024
565,24,2025-01-01,65000.0,14.01,8537.34,0.0,12642.7,10502.08,75677.96,2025-01-31,PAY-202501-0024
566,24,2025-02-01,65000.0,5.96,3631.88,35411.5,2015.78,11482.15,94577.01,2025-03-01,PAY-202502-0024
567,24,2025-03-01,65000.0,0.0,0.0,0.0,4813.02,9408.36,60404.66,2025-03-30,PAY-202503-0024
568,24,2025-04-01,65000.0,2.96,1803.75,0.0,2819.04,5036.25,64586.54,2025-04-29,PAY-202504-0024
569,24,2025-05-01,65000.0,0.0,0.0,0.0,11392.4,10577.75,65814.65,2025-05-26,PAY-202505-0024
570,24,2025-06-01,65000.0,6.24,3802.5,0.0,2384.59,5878.99,65308.1,2025-06-30,PAY-202506-0024
571,24,2025-07-01,65000.0,8.09,4929.84,0.0,11707.75,7680.22,73957.37,2025-07-30,PAY-202507-0024
572,24,2025-08-01,65000.0,16.38,9981.56,11746.72,12493.95,10322.45,88899.78,2025-08-27,PAY-202508-0024
573,24,2025-09-01,65000.0,9.63,5868.28,6769.57,5405.63,4932.48,78111.0,2025-09-28,PAY-202509-0024
574,24,2025-10-01,65000.0,6.9,4204.69,0.0,7576.9,8619.21,68162.38,2025-10-26,PAY-202510-0024
575,24,2025-11-01,65000.0,12.15,7403.91,0.0,3629.07,7380.25,68652.73,2025-11-29,PAY-202511-0024
576,24,2025-12-01,65000.0,0.0,0.0,0.0,13057.21,8209.14,69848.07,2025-12-28,PAY-202512-0024
577,25,2024-01-01,195600.0,9.18,16833.83,0.0,12564.81,16357.2,208641.44,2024-01-31,PAY-202401-0025
578,25,2024-02-01,195600.0,11.85,21729.94,5960.77,744.77,31490.97,192544.51,2024-02-27,PAY-202402-0025
579,25,2024-03-01,195600.0,0.61,1118.59,0.0,9710.7,27012.43,179416.86,2024-03-28,PAY-202403-0025
580,25,2024-04-01,195600.0,13.72,25159.05,0.0,7699.22,31765.81,196692.46,2024-05-01,PAY-202404-0025
581,25,2024-05-01,195600.0,9.69,17769.04,36903.04,9710.57,25065.84,234916.81,2024-05-26,PAY-202405-0025
582,25,2024-06-01,195600.0,5.92,10855.8,0.0,9125.16,33758.73,181822.23,2024-07-01,PAY-202406-0025
583,25,2024-07-01,195600.0,11.16,20464.65,0.0,9641.1,20556.56,205149.19,2024-07-29,PAY-202407-0025
584,25,2024-08-01,195600.0,19.35,35483.06,0.0,6884.97,15328.62,222639.41,2024-08-28,PAY-202408-0025
585,25,2024-09-01,195600.0,8.91,16338.71,0.0,12364.66,19878.79,204424.58,2024-09-26,PAY-202409-0025
586,25,2024-10-01,195600.0,9.24,16943.85,39980.03,14497.28,31123.71,235897.45,2024-10-30,PAY-202410-0025
587,25,2024-11-01,195600.0,5.7,10452.38,0.0,9135.75,17369.65,197818.48,2024-11-26,PAY-202411-0025
588,25,2024-12-01,195600.0,3.75,6876.56,0.0,5044.25,16810.42,190710.39,2024-12-28,PAY-202412-0025
589,25,2025-01-01,195600.0,12.15,22280.06,0.0,3917.2,27861.69,193935.57,2025-01-31,PAY-202501-0025
590,25,2025-02-01,195600.0,3.72,6821.55,0.0,2248.94,29244.48,175426.01,2025-02-26,PAY-202502-0025
591,25,2025-03-01,195600.0,8.36,15330.15,0.0,12035.46,25037.65,197927.96,2025-03-31,PAY-202503-0025
592,25,2025-04-01,195600.0,5.61,10287.34,0.0,2098.94,10427.28,197559.0,2025-04-29,PAY-202504-0025
593,25,2025-05-01,195600.0,10.39,19052.66,0.0,3891.39,20423.29,198120.76,2025-05-29,PAY-202505-0025
594,25,2025-06-01,195600.0,9.67,17732.36,0.0,8745.36,35074.6,187003.12,2025-06-27,PAY-202506-0025
595,25,2025-07-01,195600.0,13.19,24187.16,0.0,10700.54,27231.7,203256.0,2025-07-31,PAY-202507-0025
596,25,2025-08-01,195600.0,5.45,9993.94,0.0,13597.9,26864.27,192327.57,2025-08-30,PAY-202508-0025
597,25,2025-09-01,195600.0,6.65,12194.44,0.0,2549.8,26501.83,183842.41,2025-09-30,PAY-202509-0025
598,25,2025-10-01,195600.0,3.11,5702.96,0.0,1464.05,13033.36,189733.65,2025-10-28,PAY-202510-0025
599,25,2025-11-01,195600.0,5.78,10599.08,0.0,8385.47,32986.22,181598.33,2025-12-01,PAY-202511-0025
600,25,2025-12-01,195600.0,9.89,18135.79,0.0,9816.52,15431.46,208120.85,2025-12-27,PAY-202512-0025
601,26,2024-01-01,82200.0,11.78,9077.96,0.0,4606.28,12531.53,83352.71,2024-01-28,PAY-202401-0026
602,26,2024-02-01,82200.0,3.39,2612.42,0.0,8783.56,9065.75,84530.23,2024-02-26,PAY-202402-0026
603,26,2024-03-01,82200.0,12.35,9517.22,0.0,12995.9,10346.08,94367.04,2024-03-30,PAY-202403-0026
604,26,2024-04-01,82200.0,14.78,11389.84,100663.31,7507.16,13380.08,188380.23,2024-04-29,PAY-202404-0026
605,26,2024-05-01,82200.0,10.07,7760.19,0.0,6196.61,13415.89,82740.91,2024-05-27,PAY-202405-0026
606,26,2024-06-01,82200.0,17.38,13393.46,0.0,3004.45,8482.62,90115.29,2024-06-30,PAY-202406-0026
607,26,2024-07-01,82200.0,4.13,3182.68,0.0,14799.74,5640.49,94541.93,2024-07-31,PAY-202407-0026
608,26,2024-08-01,82200.0,1.78,1371.71,0.0,1212.17,7664.48,77119.4,2024-08-27,PAY-202408-0026
609,26,2024-09-01,82200.0,0.0,0.0,0.0,870.2,8940.64,74129.56,2024-09-27,PAY-202409-0026
610,26,2024-10-01,82200.0,15.48,11929.27,0.0,2529.09,12279.27,84379.09,2024-10-29,PAY-202410-0026
611,26,2024-11-01,82200.0,11.27,8684.94,0.0,11696.29,5492.83,97088.4,2024-11-29,PAY-202411-0026
612,26,2024-12-01,82200.0,7.72,5949.22,0.0,6050.9,14425.49,79774.63,2024-12-29,PAY-202412-0026
613,26,2025-01-01,82200.0,9.4,7243.88,23682.39,10959.89,14262.43,109823.73,2025-01-28,PAY-202501-0026
614,26,2025-02-01,82200.0,2.37,1826.38,0.0,7965.51,4301.45,87690.44,2025-02-26,PAY-202502-0026
615,26,2025-03-01,82200.0,20.23,15589.74,0.0,3732.35,11521.01,90001.08,2025-03-28,PAY-202503-0026
616,26,2025-04-01,82200.0,8.65,6665.91,0.0,1540.62,9488.65,80917.88,2025-04-28,PAY-202504-0026
617,26,2025-05-01,82200.0,8.55,6588.84,0.0,12357.66,7296.59,93849.91,2025-05-28,PAY-202505-0026
618,26,2025-06-01,82200.0,11.63,8962.37,0.0,7804.33,9710.72,89255.98,2025-06-29,PAY-202506-0026
619,26,2025-07-01,82200.0,10.41,8022.21,0.0,14932.09,7772.44,97381.86,2025-07-29,PAY-202507-0026
620,26,2025-08-01,82200.0,9.12,7028.1,0.0,2826.39,14241.23,77813.26,2025-08-29,PAY-202508-0026
621,26,2025-09-01,82200.0,4.05,3121.03,12851.25,14773.19,6366.78,106578.69,2025-09-26,PAY-202509-0026
622,26,2025-10-01,82200.0,10.36,7983.67,0.0,2534.77,8027.4,84691.04,2025-10-31,PAY-202510-0026
623,26,2025-11-01,82200.0,17.41,13416.58,0.0,5627.89,10952.47,90292.0,2025-11-30,PAY-202511-0026
624,26,2025-12-01,82200.0,14.73,11351.31,0.0,8908.86,4622.5,97837.67,2025-12-26,PAY-202512-0026
625,27,2024-01-01,197500.0,15.97,29569.45,0.0,296.13,27584.32,199781.26,2024-01-29,PAY-202401-0027
626,27,2024-02-01,197500.0,5.44,10072.5,0.0,1853.93,16364.06,193062.37,2024-03-02,PAY-202402-0027
627,27,2024-03-01,197500.0,3.05,5647.27,0.0,10427.88,26058.24,187516.91,2024-03-28,PAY-202403-0027
628,27,2024-04-01,197500.0,7.37,13646.02,0.0,1514.7,23233.94,189426.78,2024-04-30,PAY-202404-0027
629,27,2024-05-01,197500.0,8.28,15330.94,0.0,2057.45,31202.01,183686.38,2024-05-26,PAY-202405-0027
630,27,2024-06-01,197500.0,13.47,24940.55,0.0,9265.47,17133.5,214572.52,2024-06-26,PAY-202406-0027
631,27,2024-07-01,197500.0,0.0,0.0,0.0,9135.03,29849.1,176785.93,2024-07-30,PAY-202407-0027
632,27,2024-08-01,197500.0,15.65,28976.95,0.0,5368.83,20395.49,211450.29,2024-08-27,PAY-202408-0027
633,27,2024-09-01,197500.0,7.21,13349.77,22372.41,3115.41,33832.97,202504.62,2024-09-28,PAY-202409-0027
634,27,2024-10-01,197500.0,5.87,10868.67,0.0,191.24,12160.15,196399.76,2024-10-26,PAY-202410-0027
635,27,2024-11-01,197500.0,2.94,5443.59,0.0,10035.33,13704.28,199274.64,2024-11-26,PAY-202411-0027
636,27,2024-12-01,197500.0,0.0,0.0,0.0,1125.72,28452.82,170172.9,2024-12-28,PAY-202412-0027
637,27,2025-01-01,197500.0,12.12,22440.94,0.0,6851.27,34966.95,191825.26,2025-01-28,PAY-202501-0027
638,27,2025-02-01,197500.0,8.37,15497.58,0.0,1497.13,14360.47,200134.24,2025-02-26,PAY-202502-0027
639,27,2025-03-01,197500.0,1.55,2869.92,0.0,5403.22,27250.98,178522.16,2025-03-29,PAY-202503-0027
640,27,2025-04-01,197500.0,1.52,2814.38,0.0,1424.98,29341.89,172397.47,2025-04-26,PAY-202504-0027
641,27,2025-05-01,197500.0,6.32,11701.88,9843.81,9707.98,18313.37,210440.3,2025-05-29,PAY-202505-0027
642,27,2025-06-01,197500.0,16.35,30273.05,0.0,4024.64,28696.52,203101.17,2025-06-28,PAY-202506-0027
643,27,2025-07-01,197500.0,6.7,12405.47,0.0,2743.04,20164.96,192483.55,2025-07-29,PAY-202507-0027
644,27,2025-08-01,197500.0,0.48,888.75,0.0,5785.73,31715.99,172458.49,2025-08-29,PAY-202508-0027
645,27,2025-09-01,197500.0,6.77,12535.08,0.0,11953.64,12777.73,209210.99,2025-10-01,PAY-202509-0027
646,27,2025-10-01,197500.0,6.64,12294.38,0.0,14723.54,31553.68,192964.24,2025-10-26,PAY-202510-0027
647,27,2025-11-01,197500.0,0.0,0.0,0.0,8861.25,30473.15,175888.1,2025-12-01,PAY-202511-0027
648,27,2025-12-01,197500.0,7.73,14312.58,0.0,9169.85,29880.04,191102.39,2025-12-30,PAY-202512-0027
649,28,2024-01-01,69400.0,6.85,4456.78,28956.24,12578.05,12252.42,103138.65,2024-01-27,PAY-202401-0028
650,28,2024-02-01,69400.0,11.48,7469.18,0.0,7321.84,11477.87,72713.15,2024-02-29,PAY-202402-0028
651,28,2024-03-01,69400.0,17.24,11216.77,14156.45,4713.57,9826.61,89660.18,2024-03-31,PAY-202403-0028
652,28,2024-04-01,69400.0,13.63,8868.02,0.0,11154.36,9999.88,79422.5,2024-04-27,PAY-202404-0028
653,28,2024-05-01,69400.0,6.66,4333.16,0.0,10047.67,6522.15,77258.68,2024-05-30,PAY-202405-0028
654,28,2024-06-01,69400.0,2.47,1607.04,0.0,9273.59,7375.15,72905.48,2024-07-01,PAY-202406-0028
655,28,2024-07-01,69400.0,20.87,13578.54,0.0,5186.24,9571.54,78593.24,2024-07-29,PAY-202407-0028
656,28,2024-08-01,69400.0,8.3,5400.19,0.0,12396.57,11518.18,75678.58,2024-08-30,PAY-202408-0028
657,28,2024-09-01,69400.0,8.07,5250.54,27518.96,2353.91,11128.28,93395.13,2024-09-29,PAY-202409-0028
658,28,2024-10-01,69400.0,7.88,5126.93,0.0,1122.98,7905.65,67744.26,2024-10-27,PAY-202410-0028
659,28,2024-11-01,69400.0,8.99,5849.12,0.0,4172.36,8043.52,71377.96,2024-11-30,PAY-202411-0028
660,28,2024-12-01,69400.0,7.28,4736.55,0.0,6049.15,5590.17,74595.53,2024-12-29,PAY-202412-0028
661,28,2025-01-01,69400.0,5.13,3337.71,0.0,8595.52,4264.12,77069.11,2025-01-29,PAY-202501-0028
662,28,2025-02-01,69400.0,5.27,3428.79,0.0,1780.6,7957.3,66652.09,2025-03-03,PAY-202502-0028
663,28,2025-03-01,69400.0,7.84,5100.9,19120.39,537.48,8423.97,85734.8,2025-03-26,PAY-202503-0028
664,28,2025-04-01,69400.0,5.28,3435.3,0.0,14447.57,9221.87,78061.0,2025-04-30,PAY-202504-0028
665,28,2025-05-01,69400.0,4.44,2888.78,0.0,9818.94,7585.91,74521.81,2025-05-28,PAY-202505-0028
666,28,2025-06-01,69400.0,8.53,5549.83,0.0,814.13,5481.17,70282.79,2025-06-29,PAY-202506-0028
667,28,2025-07-01,69400.0,6.73,4378.71,0.0,11511.25,8882.76,76407.2,2025-07-31,PAY-202507-0028
668,28,2025-08-01,69400.0,15.52,10097.7,0.0,10738.7,4498.72,85737.68,2025-08-31,PAY-202508-0028
669,28,2025-09-01,69400.0,0.0,0.0,0.0,5120.36,10957.21,63563.15,2025-09-28,PAY-202509-0028
670,28,2025-10-01,69400.0,13.46,8757.41,0.0,5608.36,4429.24,79336.53,2025-10-27,PAY-202510-0028
671,28,2025-11-01,69400.0,14.23,9258.39,0.0,12327.58,10168.93,80817.04,2025-11-29,PAY-202511-0028
672,28,2025-12-01,69400.0,0.0,0.0,26379.81,2813.15,11862.41,86730.55,2025-12-29,PAY-202512-0028
673,29,2024-01-01,117700.0,6.29,6940.62,0.0,12368.31,8801.05,128207.88,2024-01-28,PAY-202401-0029
674,29,2024-02-01,117700.0,6.14,6775.11,19506.46,13899.4,18699.07,139181.9,2024-03-01,PAY-202402-0029
675,29,2024-03-01,117700.0,0.96,1059.3,0.0,13376.32,12883.49,119252.13,2024-03-30,PAY-202403-0029
676,29,2024-04-01,117700.0,4.11,4535.13,0.0,2019.54,13517.58,110737.09,2024-04-30,PAY-202404-0029
677,29,2024-05-01,117700.0,2.45,2703.42,0.0,8298.39,12507.43,116194.38,2024-05-30,PAY-202405-0029
678,29,2024-06-01,117700.0,16.76,18493.61,0.0,7624.99,19979.7,123838.9,2024-06-27,PAY-202406-0029
679,29,2024-07-01,117700.0,12.68,13991.59,0.0,2604.75,18359.05,115937.29,2024-07-26,PAY-202407-0029
680,29,2024-08-01,117700.0,14.36,15845.36,0.0,9008.19,19391.13,123162.42,2024-08-30,PAY-202408-0029
681,29,2024-09-01,117700.0,11.61,12810.91,0.0,6279.97,15203.21,121587.67,2024-10-01,PAY-202409-0029
682,29,2024-10-01,117700.0,2.35,2593.08,0.0,4103.94,20628.94,103768.08,2024-10-28,PAY-202410-0029
683,29,2024-11-01,117700.0,5.38,5936.49,0.0,2000.58,12200.42,113436.65,2024-12-01,PAY-202411-0029
684,29,2024-12-01,117700.0,10.45,11530.92,0.0,7684.42,18784.88,118130.46,2024-12-30,PAY-202412-0029
685,29,2025-01-01,117700.0,1.89,2085.5,0.0,10678.12,20199.27,110264.35,2025-01-31,PAY-202501-0029
686,29,2025-02-01,117700.0,11.56,12755.74,0.0,3145.69,16815.8,116785.63,2025-03-03,PAY-202502-0029
687,29,2025-03-01,117700.0,6.8,7503.38,0.0,10085.61,20900.41,114388.58,2025-03-31,PAY-202503-0029
688,29,2025-04-01,117700.0,6.13,6764.07,0.0,2667.19,14185.66,112945.6,2025-05-01,PAY-202504-0029
689,29,2025-05-01,117700.0,11.55,12744.7,0.0,1731.08,11274.59,120901.19,2025-05-29,PAY-202505-0029
690,29,2025-06-01,117700.0,10.22,11277.13,0.0,14140.1,16750.6,126366.63,2025-07-01,PAY-202506-0029
691,29,2025-07-01,117700.0,6.2,6841.31,0.0,12620.84,10259.98,126902.17,2025-07-29,PAY-202507-0029
692,29,2025-08-01,117700.0,13.8,15227.44,0.0,7840.95,6271.69,134496.7,2025-08-27,PAY-202508-0029
693,29,2025-09-01,117700.0,2.59,2857.9,6981.17,4004.67,17904.43,113639.31,2025-09-28,PAY-202509-0029
694,29,2025-10-01,117700.0,11.08,12226.09,0.0,2196.43,6834.16,125288.36,2025-10-28,PAY-202510-0029
695,29,2025-11-01,117700.0,10.97,12104.71,0.0,8117.58,11373.2,126549.09,2025-11-29,PAY-202511-0029
696,29,2025-12-01,117700.0,6.45,7117.17,35381.24,11092.39,19117.94,152172.86,2025-12-31,PAY-202512-0029
697,30,2024-01-01,243800.0,9.63,22010.57,0.0,5833.3,28383.17,243260.7,2024-01-31,PAY-202401-0030
698,30,2024-02-01,243800.0,1.74,3976.99,0.0,9967.4,41554.01,216190.38,2024-02-29,PAY-202402-0030
699,30,2024-03-01,243800.0,12.62,28844.59,0.0,11821.67,33905.1,250561.16,2024-03-30,PAY-202403-0030
700,30,2024-04-01,243800.0,7.08,16182.23,31028.45,3046.31,39727.33,254329.66,2024-04-29,PAY-202404-0030
701,30,2024-05-01,243800.0,5.39,12319.52,0.0,13672.3,34522.51,235269.31,2024-05-31,PAY-202405-0030
702,30,2024-06-01,243800.0,13.25,30284.53,0.0,8825.78,35594.44,247315.87,2024-06-27,PAY-202406-0030
703,30,2024-07-01,243800.0,4.48,10239.6,0.0,14464.35,21513.67,246990.28,2024-07-27,PAY-202407-0030
704,30,2024-08-01,243800.0,0.96,2194.2,0.0,1117.03,42694.69,204416.54,2024-08-31,PAY-202408-0030
705,30,2024-09-01,243800.0,0.22,502.84,0.0,5657.97,25771.13,224189.68,2024-09-30,PAY-202409-0030
706,30,2024-10-01,243800.0,11.03,25210.44,0.0,2413.93,39003.57,232420.8,2024-10-26,PAY-202410-0030
707,30,2024-11-01,243800.0,1.6,3657.0,0.0,10645.34,17096.41,241005.93,2024-11-27,PAY-202411-0030
708,30,2024-12-01,243800.0,16.77,38329.93,0.0,8953.2,36710.41,254372.72,2024-12-31,PAY-202412-0030
709,30,2025-01-01,243800.0,0.0,0.0,0.0,9928.35,27737.52,225990.83,2025-01-30,PAY-202501-0030
710,30,2025-02-01,243800.0,16.48,37667.1,0.0,1093.21,34619.26,247941.05,2025-03-02,PAY-202502-0030
711,30,2025-03-01,243800.0,9.06,20707.76,0.0,2758.04,14350.79,252915.01,2025-03-30,PAY-202503-0030
712,30,2025-04-01,243800.0,7.52,17187.9,0.0,8146.2,24975.9,244158.2,2025-04-28,PAY-202504-0030
713,30,2025-05-01,243800.0,5.28,12068.1,0.0,3200.31,22708.72,236359.69,2025-05-28,PAY-202505-0030
714,30,2025-06-01,243800.0,10.0,22856.25,0.0,14254.62,31785.79,249125.08,2025-06-29,PAY-202506-0030
715,30,2025-07-01,243800.0,7.81,17850.73,0.0,12355.33,43286.04,230720.02,2025-07-26,PAY-202507-0030
716,30,2025-08-01,243800.0,13.52,30901.65,17110.26,3605.22,32545.93,262871.2,2025-08-30,PAY-202508-0030
717,30,2025-09-01,243800.0,8.57,19587.81,0.0,598.16,40260.11,223725.86,2025-09-29,PAY-202509-0030
718,30,2025-10-01,243800.0,8.75,19999.22,0.0,14174.82,24419.95,253554.09,2025-10-30,PAY-202510-0030
719,30,2025-11-01,243800.0,6.18,14125.16,0.0,370.59,28571.61,229724.14,2025-11-28,PAY-202511-0030
720,30,2025-12-01,243800.0,7.72,17645.02,0.0,7631.03,27618.79,241457.26,2025-12-28,PAY-202512-0030
721,31,2024-01-01,59600.0,9.54,5330.47,0.0,2887.69,6961.66,60856.5,2024-01-26,PAY-202401-0031
722,31,2024-02-01,59600.0,0.0,0.0,0.0,14344.14,7148.23,66795.91,2024-02-26,PAY-202402-0031
723,31,2024-03-01,59600.0,1.26,704.02,0.0,3161.72,7857.48,55608.26,2024-03-27,PAY-202403-0031
724,31,2024-04-01,59600.0,11.72,6548.55,0.0,6363.14,3785.22,68726.47,2024-04-30,PAY-202404-0031
725,31,2024-05-01,59600.0,8.85,4944.94,0.0,13179.56,8724.17,69000.33,2024-05-29,PAY-202405-0031
726,31,2024-06-01,59600.0,7.08,3955.95,0.0,14096.27,8766.91,68885.31,2024-06-27,PAY-202406-0031
727,31,2024-07-01,59600.0,8.09,4520.29,30090.39,568.29,3547.53,91231.44,2024-07-27,PAY-202407-0031
728,31,2024-08-01,59600.0,9.74,5442.23,0.0,8371.26,7434.81,65978.68,2024-08-27,PAY-202408-0031
729,31,2024-09-01,59600.0,5.3,2961.38,0.0,6114.49,6475.32,62200.55,2024-09-29,PAY-202409-0031
730,31,2024-10-01,59600.0,4.11,2296.46,0.0,253.36,8196.72,53953.1,2024-10-30,PAY-202410-0031
731,31,2024-11-01,59600.0,8.98,5017.57,30210.0,948.56,8759.63,87016.5,2024-11-26,PAY-202411-0031
732,31,2024-12-01,59600.0,3.11,1737.71,0.0,1088.84,10170.51,52256.04,2024-12-26,PAY-202412-0031
733,31,2025-01-01,59600.0,10.04,5609.85,0.0,10288.18,7679.67,67818.36,2025-01-28,PAY-202501-0031
734,31,2025-02-01,59600.0,0.0,0.0,0.0,6565.14,6041.34,60123.8,2025-03-03,PAY-202502-0031
735,31,2025-03-01,59600.0,13.15,7347.56,10471.32,3297.99,8765.85,71951.02,2025-03-30,PAY-202503-0031
736,31,2025-04-01,59600.0,10.36,5788.65,0.0,9510.69,5289.34,69610.0,2025-05-01,PAY-202504-0031
737,31,2025-05-01,59600.0,9.28,5185.2,0.0,14360.87,3066.39,76079.68,2025-05-30,PAY-202505-0031
738,31,2025-06-01,59600.0,12.91,7213.46,0.0,626.6,7417.42,60022.64,2025-06-29,PAY-202506-0031
739,31,2025-07-01,59600.0,16.33,9124.39,0.0,14204.69,5340.75,77588.33,2025-07-31,PAY-202507-0031
740,31,2025-08-01,59600.0,13.07,7302.86,0.0,10889.06,4620.54,73171.38,2025-08-31,PAY-202508-0031
741,31,2025-09-01,59600.0,0.0,0.0,0.0,2136.83,4405.58,57331.25,2025-09-30,PAY-202509-0031
742,31,2025-10-01,59600.0,1.6,894.0,0.0,2914.89,4385.16,59023.73,2025-10-30,PAY-202510-0031
743,31,2025-11-01,59600.0,4.88,2726.7,0.0,12770.82,10204.0,64893.52,2025-11-30,PAY-202511-0031
744,31,2025-12-01,59600.0,8.13,4542.64,0.0,8244.97,5231.98,67155.63,2025-12-26,PAY-202512-0031
745,32,2024-01-01,108100.0,10.59,10732.3,0.0,2961.26,13564.11,108229.45,2024-01-28,PAY-202401-0032
746,32,2024-02-01,108100.0,4.37,4428.72,0.0,10069.43,8700.89,113897.26,2024-02-28,PAY-202402-0032
747,32,2024-03-01,108100.0,8.93,9050.0,0.0,13501.78,9870.85,120780.93,2024-03-29,PAY-202403-0032
748,32,2024-04-01,108100.0,4.22,4276.71,0.0,9891.33,15150.17,107117.87,2024-04-27,PAY-202404-0032
749,32,2024-05-01,108100.0,4.94,5006.38,0.0,5467.4,9850.43,108723.35,2024-05-29,PAY-202405-0032
750,32,2024-06-01,108100.0,0.97,983.03,0.0,4698.22,16445.88,97335.37,2024-07-01,PAY-202406-0032
751,32,2024-07-01,108100.0,3.38,3425.42,0.0,6541.86,17211.07,100856.21,2024-07-27,PAY-202407-0032
752,32,2024-08-01,108100.0,1.24,1256.66,0.0,4973.44,12149.79,102180.31,2024-08-29,PAY-202408-0032
753,32,2024-09-01,108100.0,3.12,3161.93,0.0,4582.08,13157.64,102686.37,2024-09-27,PAY-202409-0032
754,32,2024-10-01,108100.0,13.27,13448.32,0.0,1229.61,9348.5,113429.43,2024-10-27,PAY-202410-0032
755,32,2024-11-01,108100.0,3.25,3293.67,0.0,2946.48,15713.5,98626.65,2024-12-01,PAY-202411-0032
756,32,2024-12-01,108100.0,21.16,21444.34,7639.0,279.45,12532.38,124930.41,2024-12-26,PAY-202412-0032
757,32,2025-01-01,108100.0,10.47,10610.69,0.0,8683.51,16214.57,111179.63,2025-01-27,PAY-202501-0032
758,32,2025-02-01,108100.0,8.92,9039.86,0.0,8273.91,13042.37,112371.4,2025-03-02,PAY-202502-0032
759,32,2025-03-01,108100.0,3.71,3759.85,0.0,11627.96,10545.85,112941.96,2025-03-27,PAY-202503-0032
760,32,2025-04-01,108100.0,11.5,11654.53,0.0,8844.01,17450.73,111147.81,2025-04-27,PAY-202504-0032
761,32,2025-05-01,108100.0,5.12,5188.8,0.0,7656.18,10981.02,109963.96,2025-05-30,PAY-202505-0032
762,32,2025-06-01,108100.0,8.61,8725.7,13360.83,14460.0,19202.98,125443.55,2025-07-01,PAY-202506-0032
763,32,2025-07-01,108100.0,20.8,21079.5,0.0,7712.05,11675.74,125215.81,2025-07-27,PAY-202507-0032
764,32,2025-08-01,108100.0,7.52,7621.05,0.0,8487.19,17661.96,106546.28,2025-08-27,PAY-202508-0032
765,32,2025-09-01,108100.0,13.75,13934.77,0.0,7252.55,10447.15,118840.17,2025-09-27,PAY-202509-0032
766,32,2025-10-01,108100.0,4.48,4540.2,0.0,3476.25,9120.01,106996.44,2025-10-27,PAY-202510-0032
767,32,2025-11-01,108100.0,7.83,7935.22,12237.09,13615.89,10481.67,131406.53,2025-11-29,PAY-202511-0032
768,32,2025-12-01,108100.0,16.85,17076.42,0.0,13223.28,5965.78,132433.92,2025-12-31,PAY-202512-0032
769,33,2024-01-01,35700.0,4.87,1629.93,0.0,10556.04,4204.69,43681.28,2024-01-28,PAY-202401-0033
770,33,2024-02-01,35700.0,17.06,5709.77,0.0,3949.74,4311.33,41048.18,2024-02-27,PAY-202402-0033
771,33,2024-03-01,35700.0,11.54,3862.29,0.0,5677.78,4512.42,40727.65,2024-03-26,PAY-202403-0033
772,33,2024-04-01,35700.0,5.19,1737.03,0.0,5644.93,5995.51,37086.45,2024-04-30,PAY-202404-0033
773,33,2024-05-01,35700.0,11.16,3735.11,0.0,12258.55,3386.3,48307.36,2024-05-29,PAY-202405-0033
774,33,2024-06-01,35700.0,12.86,4304.08,0.0,98.97,5878.52,34224.53,2024-06-29,PAY-202406-0033
775,33,2024-07-01,35700.0,11.11,3718.38,0.0,1156.32,4771.38,35803.32,2024-07-27,PAY-202407-0033
776,33,2024-08-01,35700.0,0.15,50.2,0.0,2360.36,4578.98,33531.58,2024-08-26,PAY-202408-0033
777,33,2024-09-01,35700.0,4.36,1459.24,0.0,6219.21,3317.57,40060.88,2024-09-26,PAY-202409-0033
778,33,2024-10-01,35700.0,6.76,2262.49,0.0,7182.22,2762.88,42381.83,2024-10-27,PAY-202410-0033
779,33,2024-11-01,35700.0,7.63,2553.67,0.0,6163.49,2915.87,41501.29,2024-11-27,PAY-202411-0033
780,33,2024-12-01,35700.0,11.1,3715.03,0.0,2416.94,4706.7,37125.27,2024-12-26,PAY-202412-0033
781,33,2025-01-01,35700.0,8.89,2975.37,0.0,2202.98,2556.99,38321.36,2025-01-27,PAY-202501-0033
782,33,2025-02-01,35700.0,1.32,441.79,0.0,6081.84,6283.26,35940.37,2025-03-03,PAY-202502-0033
783,33,2025-03-01,35700.0,9.9,3313.41,30184.16,9926.18,3100.51,76023.24,2025-03-26,PAY-202503-0033
784,33,2025-04-01,35700.0,11.05,3698.3,0.0,9097.89,3972.83,44523.36,2025-04-29,PAY-202504-0033
785,33,2025-05-01,35700.0,10.8,3614.63,0.0,12455.45,4573.49,47196.59,2025-05-30,PAY-202505-0033
786,33,2025-06-01,35700.0,13.4,4484.81,0.0,2728.26,4846.43,38066.64,2025-06-28,PAY-202506-0033
787,33,2025-07-01,35700.0,12.17,4073.15,152594.0,10283.87,6065.64,196585.38,2025-07-30,PAY-202507-0033
788,33,2025-08-01,35700.0,10.3,3447.28,0.0,3447.21,3573.93,39020.56,2025-08-26,PAY-202508-0033
789,33,2025-09-01,35700.0,7.65,2560.36,23294.9,13640.09,4961.15,70234.2,2025-09-27,PAY-202509-0033
790,33,2025-10-01,35700.0,0.0,0.0,0.0,2661.33,5969.36,32391.97,2025-10-30,PAY-202510-0033
791,33,2025-11-01,35700.0,10.15,3397.08,32435.39,7549.94,2330.39,76752.02,2025-11-29,PAY-202511-0033
792,33,2025-12-01,35700.0,9.04,3025.57,0.0,13529.77,4287.83,47967.51,2025-12-26,PAY-202512-0033
793,34,2024-01-01,198800.0,9.36,17444.7,0.0,11623.06,26718.74,201149.02,2024-01-30,PAY-202401-0034
794,34,2024-02-01,198800.0,1.62,3019.28,0.0,13122.36,27969.88,186971.76,2024-02-29,PAY-202402-0034
795,34,2024-03-01,198800.0,2.59,4827.11,0.0,12034.5,30345.27,185316.34,2024-03-29,PAY-202403-0034
796,34,2024-04-01,198800.0,13.27,24731.96,0.0,12069.32,33402.7,202198.58,2024-05-01,PAY-202404-0034
797,34,2024-05-01,198800.0,7.8,14537.25,0.0,6382.34,16517.76,203201.83,2024-05-27,PAY-202405-0034
798,34,2024-06-01,198800.0,11.41,21265.39,0.0,1257.26,25402.27,195920.38,2024-06-30,PAY-202406-0034
799,34,2024-07-01,198800.0,8.14,15170.93,0.0,2835.32,28267.24,188539.01,2024-07-26,PAY-202407-0034
800,34,2024-08-01,198800.0,8.15,15189.56,0.0,1767.43,10125.92,205631.07,2024-08-31,PAY-202408-0034
801,34,2024-09-01,198800.0,12.69,23650.99,0.0,12064.31,20506.19,214009.11,2024-09-26,PAY-202409-0034
802,34,2024-10-01,198800.0,5.42,10101.52,0.0,9773.64,16494.88,202180.28,2024-10-30,PAY-202410-0034
803,34,2024-11-01,198800.0,8.48,15804.6,0.0,5484.66,17061.59,203027.67,2024-12-01,PAY-202411-0034
804,34,2024-12-01,198800.0,5.69,10604.74,0.0,3055.4,24208.6,188251.54,2024-12-30,PAY-202412-0034
805,34,2025-01-01,198800.0,5.83,10865.66,0.0,5553.19,24281.13,190937.72,2025-01-28,PAY-202501-0034
806,34,2025-02-01,198800.0,6.45,12021.19,0.0,8664.77,29948.28,189537.68,2025-03-01,PAY-202502-0034
807,34,2025-03-01,198800.0,9.11,16978.76,0.0,12824.98,26978.51,201625.23,2025-03-31,PAY-202503-0034
808,34,2025-04-01,198800.0,5.61,10455.64,0.0,11746.64,34472.29,186529.99,2025-04-26,PAY-202504-0034
809,34,2025-05-01,198800.0,14.28,26614.35,0.0,6008.41,18686.59,212736.17,2025-05-30,PAY-202505-0034
810,34,2025-06-01,198800.0,3.53,6579.04,0.0,10268.47,11285.25,204362.26,2025-06-29,PAY-202506-0034
811,34,2025-07-01,198800.0,7.07,13176.71,0.0,79.36,12294.09,199761.98,2025-07-27,PAY-202507-0034
812,34,2025-08-01,198800.0,5.8,10809.75,0.0,9003.68,12217.91,206395.52,2025-08-28,PAY-202508-0034
813,34,2025-09-01,198800.0,15.23,28384.91,0.0,1200.6,10915.75,217469.76,2025-09-29,PAY-202509-0034
814,34,2025-10-01,198800.0,8.98,16736.48,0.0,6009.67,26898.19,194647.96,2025-10-28,PAY-202510-0034
815,34,2025-11-01,198800.0,13.16,24526.95,0.0,8962.09,34381.08,197907.96,2025-11-27,PAY-202511-0034
816,34,2025-12-01,198800.0,0.57,1062.34,0.0,6584.58,15152.92,191294.0,2025-12-31,PAY-202512-0034
817,35,2024-01-01,99200.0,9.34,8686.2,0.0,7772.3,7471.45,108187.05,2024-01-30,PAY-202401-0035
818,35,2024-02-01,99200.0,12.45,11578.5,0.0,10476.75,12893.49,108361.76,2024-03-02,PAY-202402-0035
819,35,2024-03-01,99200.0,8.41,7821.3,13373.98,4.31,6990.41,113409.18,2024-03-28,PAY-202403-0035
820,35,2024-04-01,99200.0,13.33,12396.9,0.0,5296.91,10055.77,106838.04,2024-04-30,PAY-202404-0035
821,35,2024-05-01,99200.0,5.41,5031.3,0.0,230.5,14033.91,90427.89,2024-05-26,PAY-202405-0035
822,35,2024-06-01,99200.0,15.05,13996.5,0.0,10892.08,12170.33,111918.25,2024-06-30,PAY-202406-0035
823,35,2024-07-01,99200.0,19.49,18125.7,0.0,14449.31,8525.85,123249.16,2024-07-30,PAY-202407-0035
824,35,2024-08-01,99200.0,6.19,5756.7,0.0,6821.39,10169.42,101608.67,2024-08-26,PAY-202408-0035
825,35,2024-09-01,99200.0,5.77,5366.1,0.0,6107.02,6332.97,104340.15,2024-09-26,PAY-202409-0035
826,35,2024-10-01,99200.0,15.27,14201.1,0.0,5099.49,6468.95,112031.64,2024-10-30,PAY-202410-0035
827,35,2024-11-01,99200.0,15.9,14787.0,0.0,13141.7,15446.35,111682.35,2024-11-30,PAY-202411-0035
828,35,2024-12-01,99200.0,5.39,5012.7,0.0,6641.53,9822.83,101031.4,2024-12-29,PAY-202412-0035
829,35,2025-01-01,99200.0,5.9,5487.0,0.0,11362.1,17356.13,98692.97,2025-01-29,PAY-202501-0035
830,35,2025-02-01,99200.0,6.59,6128.7,0.0,13447.86,16076.65,102699.91,2025-03-01,PAY-202502-0035
831,35,2025-03-01,99200.0,1.28,1190.4,7364.4,9504.93,17781.18,99478.55,2025-03-31,PAY-202503-0035
832,35,2025-04-01,99200.0,3.41,3171.3,0.0,12002.42,10278.65,104095.07,2025-04-28,PAY-202504-0035
833,35,2025-05-01,99200.0,2.98,2771.4,0.0,145.85,15691.76,86425.49,2025-05-27,PAY-202505-0035
834,35,2025-06-01,99200.0,4.16,3868.8,0.0,5983.96,14616.37,94436.39,2025-06-28,PAY-202506-0035
835,35,2025-07-01,99200.0,7.83,7281.9,37598.87,7148.33,9519.23,141709.87,2025-07-30,PAY-202507-0035
836,35,2025-08-01,99200.0,9.17,8528.1,0.0,14206.77,13769.35,108165.52,2025-08-27,PAY-202508-0035
837,35,2025-09-01,99200.0,15.75,14647.5,0.0,2995.0,14444.09,102398.41,2025-09-28,PAY-202509-0035
838,35,2025-10-01,99200.0,3.01,2799.3,0.0,3041.5,8180.07,96860.73,2025-10-30,PAY-202510-0035
839,35,2025-11-01,99200.0,12.92,12015.6,0.0,11684.08,6505.95,116393.73,2025-11-26,PAY-202511-0035
840,35,2025-12-01,99200.0,6.93,6444.9,0.0,9951.36,12875.91,102720.35,2025-12-30,PAY-202512-0035
841,36,2024-01-01,67900.0,7.75,4933.36,0.0,12720.16,6671.55,78881.97,2024-01-28,PAY-202401-0036
842,36,2024-02-01,67900.0,11.37,7237.72,0.0,14780.42,11312.82,78605.32,2024-02-28,PAY-202402-0036
843,36,2024-03-01,67900.0,2.39,1521.38,0.0,14765.92,11480.59,72706.71,2024-03-28,PAY-202403-0036
844,36,2024-04-01,67900.0,9.91,6308.33,0.0,11252.54,4527.03,80933.84,2024-04-30,PAY-202404-0036
845,36,2024-05-01,67900.0,8.83,5620.85,0.0,7174.8,8168.36,72527.29,2024-05-30,PAY-202405-0036
846,36,2024-06-01,67900.0,10.46,6658.44,0.0,12906.0,10243.9,77220.54,2024-06-29,PAY-202406-0036
847,36,2024-07-01,67900.0,9.45,6015.52,0.0,10473.67,7456.04,76933.15,2024-07-31,PAY-202407-0036
848,36,2024-08-01,67900.0,20.28,12909.49,28593.61,5691.42,4284.3,110810.22,2024-08-28,PAY-202408-0036
849,36,2024-09-01,67900.0,4.81,3061.87,0.0,3895.51,8237.17,66620.21,2024-09-27,PAY-202409-0036
850,36,2024-10-01,67900.0,5.35,3405.61,0.0,14377.9,6423.51,79260.0,2024-10-27,PAY-202410-0036
851,36,2024-11-01,67900.0,4.88,3106.42,0.0,3157.99,9580.19,64584.22,2024-11-28,PAY-202411-0036
852,36,2024-12-01,67900.0,5.22,3322.86,0.0,6008.89,7373.58,69858.17,2024-12-30,PAY-202412-0036
853,36,2025-01-01,67900.0,4.81,3061.87,0.0,8638.39,5412.56,74187.7,2025-01-26,PAY-202501-0036
854,36,2025-02-01,67900.0,13.95,8880.05,0.0,12061.31,8296.99,80544.37,2025-03-01,PAY-202502-0036
855,36,2025-03-01,67900.0,15.1,9612.09,0.0,12000.56,9914.11,79598.54,2025-03-29,PAY-202503-0036
856,36,2025-04-01,67900.0,5.15,3278.3,0.0,2649.11,7804.95,66022.46,2025-05-01,PAY-202504-0036
857,36,2025-05-01,67900.0,3.84,2444.4,0.0,10808.4,10327.13,70825.67,2025-05-28,PAY-202505-0036
858,36,2025-06-01,67900.0,10.36,6594.79,0.0,12877.53,3816.13,83556.19,2025-06-26,PAY-202506-0036
859,36,2025-07-01,67900.0,5.24,3335.59,0.0,900.55,10578.57,61557.57,2025-07-29,PAY-202507-0036
860,36,2025-08-01,67900.0,11.16,7104.04,0.0,1444.53,9967.52,66481.05,2025-08-28,PAY-202508-0036
861,36,2025-09-01,67900.0,9.01,5735.43,0.0,8405.25,11620.39,70420.29,2025-09-28,PAY-202509-0036
862,36,2025-10-01,67900.0,0.42,267.36,0.0,6176.41,6494.08,67849.69,2025-10-31,PAY-202510-0036
863,36,2025-11-01,67900.0,15.74,10019.49,0.0,2984.37,8478.42,72425.44,2025-12-01,PAY-202511-0036
864,36,2025-12-01,67900.0,16.98,10808.83,0.0,14690.6,5907.24,87492.19,2025-12-28,PAY-202512-0036
865,37,2024-01-01,202400.0,4.94,9373.65,0.0,7312.41,29499.48,189586.58,2024-01-26,PAY-202401-0037
866,37,2024-02-01,202400.0,6.06,11498.85,0.0,4297.85,26741.61,191455.09,2024-02-27,PAY-202402-0037
867,37,2024-03-01,202400.0,9.43,17893.42,0.0,9608.71,34552.45,195349.68,2024-03-29,PAY-202403-0037
868,37,2024-04-01,202400.0,9.67,18348.83,0.0,8574.56,32456.28,196867.11,2024-04-26,PAY-202404-0037
869,37,2024-05-01,202400.0,11.29,21422.77,17026.89,4702.23,27302.08,218249.81,2024-05-31,PAY-202405-0037
870,37,2024-06-01,202400.0,18.05,34249.88,0.0,9669.66,17257.08,229062.46,2024-06-29,PAY-202406-0037
871,37,2024-07-01,202400.0,7.12,13510.2,0.0,14081.55,29798.63,200193.12,2024-07-30,PAY-202407-0037
872,37,2024-08-01,202400.0,4.01,7608.97,0.0,6209.84,14958.41,201260.4,2024-08-26,PAY-202408-0037
873,37,2024-09-01,202400.0,1.1,2087.25,0.0,3519.41,16741.34,191265.32,2024-10-01,PAY-202409-0037
874,37,2024-10-01,202400.0,4.35,8254.12,0.0,1200.97,14511.75,197343.34,2024-10-26,PAY-202410-0037
875,37,2024-11-01,202400.0,7.83,14857.42,37787.78,7097.79,11536.25,250606.74,2024-11-29,PAY-202411-0037
876,37,2024-12-01,202400.0,16.97,32200.57,0.0,14940.21,12854.56,236686.22,2024-12-30,PAY-202412-0037
877,37,2025-01-01,202400.0,5.41,10265.48,0.0,9822.49,33418.52,189069.45,2025-01-28,PAY-202501-0037
878,37,2025-02-01,202400.0,9.12,17305.2,0.0,11063.9,21780.44,208988.66,2025-02-27,PAY-202502-0037
879,37,2025-03-01,202400.0,7.92,15028.2,0.0,12577.77,10871.77,219134.2,2025-03-31,PAY-202503-0037
880,37,2025-04-01,202400.0,13.94,26451.15,0.0,13729.09,32859.91,209720.33,2025-04-29,PAY-202504-0037
881,37,2025-05-01,202400.0,20.63,39145.42,0.0,8108.76,17287.77,232366.41,2025-05-29,PAY-202505-0037
882,37,2025-06-01,202400.0,5.35,10151.62,0.0,14227.29,24309.73,202469.18,2025-06-30,PAY-202506-0037
883,37,2025-07-01,202400.0,5.55,10531.12,0.0,9465.71,26850.52,195546.31,2025-07-30,PAY-202507-0037
884,37,2025-08-01,202400.0,13.22,25084.95,0.0,9596.8,24164.93,212916.82,2025-08-28,PAY-202508-0037
885,37,2025-09-01,202400.0,11.41,21650.47,0.0,3406.93,12476.35,214981.05,2025-09-28,PAY-202509-0037
886,37,2025-10-01,202400.0,17.23,32693.92,0.0,3897.11,18107.61,220883.42,2025-10-26,PAY-202510-0037
887,37,2025-11-01,202400.0,10.92,20720.7,0.0,11374.4,13706.34,220788.76,2025-11-28,PAY-202511-0037
888,37,2025-12-01,202400.0,6.2,11764.5,0.0,124.76,34381.99,179907.27,2025-12-29,PAY-202512-0037
889,38,2024-01-01,140100.0,10.95,14382.14,0.0,11488.04,21538.33,144431.85,2024-01-30,PAY-202401-0038
890,38,2024-02-01,140100.0,13.54,17783.94,0.0,108.27,13810.18,144182.03,2024-02-29,PAY-202402-0038
891,38,2024-03-01,140100.0,12.1,15892.59,0.0,6556.6,11556.36,150992.83,2024-03-31,PAY-202403-0038
892,38,2024-04-01,140100.0,10.54,13843.63,0.0,5845.85,13896.04,145893.44,2024-04-28,PAY-202404-0038
893,38,2024-05-01,140100.0,13.33,17508.12,26886.31,7749.15,21574.65,170668.93,2024-05-30,PAY-202405-0038
894,38,2024-06-01,140100.0,13.85,18191.11,0.0,10269.6,12189.82,156370.89,2024-07-01,PAY-202406-0038
895,38,2024-07-01,140100.0,14.91,19583.35,0.0,4032.33,10429.06,153286.62,2024-07-26,PAY-202407-0038
896,38,2024-08-01,140100.0,11.24,14763.04,0.0,4343.93,18604.73,140602.24,2024-08-30,PAY-202408-0038
897,38,2024-09-01,140100.0,7.16,9404.21,0.0,10507.09,15965.72,144045.58,2024-09-28,PAY-202409-0038
898,38,2024-10-01,140100.0,8.73,11466.31,6737.12,8024.56,10391.48,155936.51,2024-10-26,PAY-202410-0038
899,38,2024-11-01,140100.0,14.03,18427.53,0.0,1875.59,14989.88,145413.24,2024-11-26,PAY-202411-0038
900,38,2024-12-01,140100.0,3.92,5148.68,0.0,2260.26,15994.56,131514.38,2024-12-28,PAY-202412-0038
901,38,2025-01-01,140100.0,9.84,12924.23,0.0,11785.88,16082.28,148727.83,2025-01-28,PAY-202501-0038
902,38,2025-02-01,140100.0,6.03,7920.03,0.0,11871.37,13019.82,146871.58,2025-02-27,PAY-202502-0038
903,38,2025-03-01,140100.0,8.14,10691.38,32147.85,1070.77,15567.78,168442.22,2025-03-27,PAY-202503-0038
904,38,2025-04-01,140100.0,14.39,18900.37,0.0,3751.19,13954.67,148796.89,2025-04-26,PAY-202504-0038
905,38,2025-05-01,140100.0,8.96,11768.4,0.0,11522.19,11539.35,151851.24,2025-05-29,PAY-202505-0038
906,38,2025-06-01,140100.0,8.23,10809.59,0.0,14918.03,10632.66,155194.96,2025-07-01,PAY-202506-0038
907,38,2025-07-01,140100.0,1.2,1576.12,0.0,7817.09,24892.28,124600.93,2025-07-29,PAY-202507-0038
908,38,2025-08-01,140100.0,11.73,15406.62,0.0,14418.21,24056.29,145868.54,2025-08-27,PAY-202508-0038
909,38,2025-09-01,140100.0,11.23,14749.9,0.0,632.79,24078.25,131404.44,2025-09-30,PAY-202509-0038
910,38,2025-10-01,140100.0,18.82,24718.89,0.0,7218.44,12447.28,159590.05,2025-10-28,PAY-202510-0038
911,38,2025-11-01,140100.0,6.46,8484.81,0.0,12954.86,10971.58,150568.09,2025-11-26,PAY-202511-0038
912,38,2025-12-01,140100.0,9.1,11952.28,0.0,6512.42,7279.43,151285.27,2025-12-28,PAY-202512-0038
913,39,2024-01-01,213800.0,9.25,18540.47,0.0,5937.12,17446.42,220831.17,2024-01-26,PAY-202401-0039
914,39,2024-02-01,213800.0,15.89,31849.52,0.0,10361.27,29823.57,226187.22,2024-02-27,PAY-202402-0039
915,39,2024-03-01,213800.0,7.52,15072.9,0.0,1342.2,15073.07,215142.03,2024-03-26,PAY-202403-0039
916,39,2024-04-01,213800.0,9.4,18841.12,0.0,5076.33,37640.5,200076.95,2024-05-01,PAY-202404-0039
917,39,2024-05-01,213800.0,11.04,22128.3,17443.12,2308.78,25597.4,230082.8,2024-05-26,PAY-202405-0039
918,39,2024-06-01,213800.0,8.93,17899.07,0.0,3490.12,37974.69,197214.5,2024-07-01,PAY-202406-0039
919,39,2024-07-01,213800.0,5.77,11565.24,0.0,12082.88,22883.75,214564.37,2024-07-27,PAY-202407-0039
920,39,2024-08-01,213800.0,8.97,17979.24,18221.91,10865.99,17657.85,243209.29,2024-08-26,PAY-202408-0039
921,39,2024-09-01,213800.0,13.37,26798.49,0.0,6562.5,18881.3,228279.69,2024-10-01,PAY-202409-0039
922,39,2024-10-01,213800.0,2.87,5752.56,0.0,8500.53,25799.39,202253.7,2024-10-28,PAY-202410-0039
923,39,2024-11-01,213800.0,8.66,17357.89,0.0,4129.87,33796.53,201491.23,2024-11-30,PAY-202411-0039
924,39,2024-12-01,213800.0,4.5,9019.69,0.0,7967.06,23180.18,207606.57,2024-12-28,PAY-202412-0039
925,39,2025-01-01,213800.0,13.98,28021.16,0.0,6811.18,32255.86,216376.48,2025-01-30,PAY-202501-0039
926,39,2025-02-01,213800.0,0.38,761.66,0.0,2783.01,11210.3,206134.37,2025-02-28,PAY-202502-0039
927,39,2025-03-01,213800.0,5.21,10442.79,0.0,3581.8,30729.57,197095.02,2025-03-31,PAY-202503-0039
928,39,2025-04-01,213800.0,9.89,19823.27,0.0,12285.75,15967.23,229941.79,2025-05-01,PAY-202504-0039
929,39,2025-05-01,213800.0,15.83,31729.26,0.0,8272.02,27728.81,226072.47,2025-05-28,PAY-202505-0039
930,39,2025-06-01,213800.0,7.67,15373.56,0.0,4830.36,13365.35,220638.57,2025-07-01,PAY-202506-0039
931,39,2025-07-01,213800.0,5.22,10462.84,34231.77,1946.61,34967.86,225473.36,2025-07-27,PAY-202507-0039
932,39,2025-08-01,213800.0,17.41,34896.17,11706.58,477.26,28526.85,232353.16,2025-08-29,PAY-202508-0039
933,39,2025-09-01,213800.0,0.76,1523.33,0.0,7887.32,30182.32,193028.33,2025-09-28,PAY-202509-0039
934,39,2025-10-01,213800.0,0.0,0.0,12725.3,10767.68,11053.72,226239.26,2025-10-27,PAY-202510-0039
935,39,2025-11-01,213800.0,10.2,20444.62,0.0,13926.06,33816.77,214353.91,2025-11-29,PAY-202511-0039
936,39,2025-12-01,213800.0,5.49,11004.02,0.0,910.5,26199.6,199514.92,2025-12-29,PAY-202512-0039
937,40,2024-01-01,223800.0,2.89,6063.58,0.0,11913.74,12886.18,228891.14,2024-01-30,PAY-202401-0040
938,40,2024-02-01,223800.0,11.54,24212.36,0.0,609.8,13237.87,235384.29,2024-02-28,PAY-202402-0040
939,40,2024-03-01,223800.0,9.22,19344.71,12556.5,7792.28,14135.04,249358.45,2024-03-27,PAY-202403-0040
940,40,2024-04-01,223800.0,5.18,10868.29,0.0,2841.91,26499.03,211011.17,2024-04-27,PAY-202404-0040
941,40,2024-05-01,223800.0,1.6,3357.0,0.0,14212.55,27436.77,213932.78,2024-05-30,PAY-202405-0040
942,40,2024-06-01,223800.0,12.36,25932.82,0.0,1582.71,29770.14,221545.39,2024-06-28,PAY-202406-0040
943,40,2024-07-01,223800.0,11.25,23603.91,0.0,10538.26,23615.32,234326.85,2024-07-26,PAY-202407-0040
944,40,2024-08-01,223800.0,7.5,15735.94,0.0,2705.95,22872.9,219368.99,2024-08-28,PAY-202408-0040
945,40,2024-09-01,223800.0,17.23,36150.69,0.0,8008.51,28643.95,239315.25,2024-09-28,PAY-202409-0040
946,40,2024-10-01,223800.0,2.65,5560.03,0.0,8251.22,40192.36,197418.89,2024-10-28,PAY-202410-0040
947,40,2024-11-01,223800.0,0.37,776.31,0.0,9498.61,35226.15,198848.77,2024-11-28,PAY-202411-0040
948,40,2024-12-01,223800.0,4.54,9525.49,0.0,8447.17,17414.03,224358.63,2024-12-30,PAY-202412-0040
949,40,2025-01-01,223800.0,7.77,16302.43,0.0,3811.34,39168.3,204745.47,2025-01-29,PAY-202501-0040
950,40,2025-02-01,223800.0,9.22,19344.71,0.0,2.93,12198.48,230949.16,2025-02-28,PAY-202502-0040
951,40,2025-03-01,223800.0,6.79,14246.27,0.0,7764.14,40092.33,205718.08,2025-03-28,PAY-202503-0040
952,40,2025-04-01,223800.0,9.76,20477.7,39453.8,3222.34,20351.84,266602.0,2025-05-01,PAY-202504-0040
953,40,2025-05-01,223800.0,1.74,3650.74,0.0,13786.68,26064.93,215172.49,2025-05-30,PAY-202505-0040
954,40,2025-06-01,223800.0,15.22,31933.46,0.0,2320.72,12287.9,245766.28,2025-06-28,PAY-202506-0040
955,40,2025-07-01,223800.0,7.59,15924.77,0.0,3974.82,37072.76,206626.83,2025-07-27,PAY-202507-0040
956,40,2025-08-01,223800.0,13.59,28513.52,0.0,12166.11,13863.89,250615.74,2025-08-29,PAY-202508-0040
957,40,2025-09-01,223800.0,9.71,20372.79,0.0,3261.56,13436.1,233998.25,2025-09-28,PAY-202509-0040
958,40,2025-10-01,223800.0,10.28,21568.72,0.0,2593.54,35213.07,212749.19,2025-10-31,PAY-202510-0040
959,40,2025-11-01,223800.0,10.85,22764.66,0.0,12292.73,13964.52,244892.87,2025-12-01,PAY-202511-0040
960,40,2025-12-01,223800.0,10.24,21484.8,0.0,10961.84,27956.4,228290.24,2025-12-26,PAY-202512-0040
961,41,2024-01-01,210400.0,11.21,22111.73,0.0,13828.07,19666.23,226673.57,2024-01-29,PAY-202401-0041
962,41,2024-02-01,210400.0,14.65,28897.12,0.0,13017.47,34310.4,218004.19,2024-02-27,PAY-202402-0041
963,41,2024-03-01,210400.0,8.98,17713.05,0.0,12742.17,35920.52,204934.7,2024-03-31,PAY-202403-0041
964,41,2024-04-01,210400.0,11.55,22782.38,0.0,5737.3,18856.44,220063.24,2024-04-26,PAY-202404-0041
965,41,2024-05-01,210400.0,7.55,14892.38,0.0,8473.69,19459.5,214306.57,2024-05-31,PAY-202405-0041
966,41,2024-06-01,210400.0,15.2,29982.0,0.0,757.8,30530.14,210609.66,2024-06-29,PAY-202406-0041
967,41,2024-07-01,210400.0,4.62,9112.95,0.0,11292.6,26254.37,204551.18,2024-07-26,PAY-202407-0041
968,41,2024-08-01,210400.0,17.0,33532.5,0.0,4346.75,21305.51,226973.74,2024-08-27,PAY-202408-0041
969,41,2024-09-01,210400.0,7.8,15385.5,0.0,7137.82,30905.86,202017.46,2024-09-30,PAY-202409-0041
970,41,2024-10-01,210400.0,0.85,1676.62,0.0,1276.18,24245.87,189106.93,2024-10-31,PAY-202410-0041
971,41,2024-11-01,210400.0,8.64,17042.4,0.0,2023.06,25817.87,203647.59,2024-11-29,PAY-202411-0041
972,41,2024-12-01,210400.0,4.59,9053.77,0.0,8569.96,25869.06,202154.67,2024-12-31,PAY-202412-0041
973,41,2025-01-01,210400.0,12.2,24064.5,0.0,3634.73,17802.66,220296.57,2025-01-29,PAY-202501-0041
974,41,2025-02-01,210400.0,4.74,9349.65,0.0,13862.07,12970.59,220641.13,2025-03-03,PAY-202502-0041
975,41,2025-03-01,210400.0,5.77,11381.32,0.0,5479.01,15730.28,211530.05,2025-03-28,PAY-202503-0041
976,41,2025-04-01,210400.0,0.0,0.0,0.0,363.1,18857.41,191905.69,2025-04-28,PAY-202504-0041
977,41,2025-05-01,210400.0,5.74,11322.15,0.0,14852.39,22615.33,213959.21,2025-05-27,PAY-202505-0041
978,41,2025-06-01,210400.0,0.0,0.0,0.0,13863.2,16906.41,207356.79,2025-07-01,PAY-202506-0041
979,41,2025-07-01,210400.0,0.08,157.8,0.0,11366.01,33844.8,188079.01,2025-07-26,PAY-202507-0041
980,41,2025-08-01,210400.0,11.8,23275.5,0.0,3645.72,27505.66,209815.56,2025-08-27,PAY-202508-0041
981,41,2025-09-01,210400.0,11.93,23531.92,0.0,12302.01,10895.63,235338.3,2025-10-01,PAY-202509-0041
982,41,2025-10-01,210400.0,10.13,19981.43,0.0,4576.77,23408.0,211550.2,2025-10-28,PAY-202510-0041
983,41,2025-11-01,210400.0,3.17,6252.82,0.0,8070.08,16094.37,208628.53,2025-11-30,PAY-202511-0041
984,41,2025-12-01,210400.0,7.76,15306.6,0.0,8232.0,27561.44,206377.16,2025-12-27,PAY-202512-0041
985,42,2024-01-01,62600.0,7.98,4683.26,0.0,10023.91,6194.83,71112.34,2024-01-31,PAY-202401-0042
986,42,2024-02-01,62600.0,2.21,1296.99,0.0,3831.85,3619.18,64109.66,2024-02-27,PAY-202402-0042
987,42,2024-03-01,62600.0,15.52,9108.3,0.0,9269.47,3562.01,77415.76,2024-03-31,PAY-202403-0042
988,42,2024-04-01,62600.0,12.39,7271.38,0.0,998.97,8504.11,62366.24,2024-05-01,PAY-202404-0042
989,42,2024-05-01,62600.0,6.9,4049.44,0.0,9901.51,10163.53,66387.42,2024-05-26,PAY-202405-0042
990,42,2024-06-01,62600.0,8.13,4771.29,0.0,13251.03,6275.53,74346.79,2024-06-29,PAY-202406-0042
991,42,2024-07-01,62600.0,9.04,5305.35,0.0,10645.33,10485.71,68064.97,2024-07-29,PAY-202407-0042
992,42,2024-08-01,62600.0,0.0,0.0,0.0,7973.41,4647.06,65926.35,2024-08-30,PAY-202408-0042
993,42,2024-09-01,62600.0,6.76,3967.28,0.0,8410.31,8928.07,66049.52,2024-09-26,PAY-202409-0042
994,42,2024-10-01,62600.0,4.59,2693.76,0.0,7941.23,5844.59,67390.4,2024-10-29,PAY-202410-0042
995,42,2024-11-01,62600.0,2.99,1754.76,0.0,275.58,8698.93,55931.41,2024-11-28,PAY-202411-0042
996,42,2024-12-01,62600.0,6.59,3867.51,0.0,3543.07,11090.95,58919.63,2024-12-30,PAY-202412-0042
997,42,2025-01-01,62600.0,16.99,9971.01,0.0,930.15,5226.99,68274.17,2025-01-29,PAY-202501-0042
998,42,2025-02-01,62600.0,70.55,41404.03,0.0,12222.88,3369.79,112857.12,2025-03-02,PAY-202502-0042
999,42,2025-03-01,62600.0,5.14,3016.54,0.0,3383.74,5911.46,63088.82,2025-03-29,PAY-202503-0042
1000,42,2025-04-01,62600.0,10.86,6373.46,0.0,1316.93,6240.4,64049.99,2025-05-01,PAY-202504-0042
1001,42,2025-05-01,62600.0,15.0,8803.12,0.0,9382.87,4980.81,75805.18,2025-05-27,PAY-202505-0042
1002,42,2025-06-01,62600.0,12.62,7406.36,0.0,6396.97,5672.17,70731.16,2025-06-30,PAY-202506-0042
1003,42,2025-07-01,62600.0,8.3,4871.06,0.0,8133.51,4812.59,70791.98,2025-07-27,PAY-202507-0042
1004,42,2025-08-01,62600.0,4.77,2799.39,0.0,10260.73,4776.4,70883.72,2025-08-27,PAY-202508-0042
1005,42,2025-09-01,62600.0,11.49,6743.19,0.0,10577.05,7392.73,72527.51,2025-09-27,PAY-202509-0042
1006,42,2025-10-01,62600.0,9.97,5851.14,0.0,13635.03,9396.67,72689.5,2025-10-31,PAY-202510-0042
1007,42,2025-11-01,62600.0,12.48,7324.2,0.0,13756.68,5713.78,77967.1,2025-11-30,PAY-202511-0042
1008,42,2025-12-01,62600.0,11.18,6561.26,0.0,10791.61,4628.49,75324.38,2025-12-27,PAY-202512-0042
1009,43,2024-01-01,148400.0,13.25,18434.06,0.0,11481.53,24399.5,153916.09,2024-01-29,PAY-202401-0043
1010,43,2024-02-01,148400.0,5.32,7401.45,0.0,4550.22,21804.3,138547.37,2024-03-02,PAY-202402-0043
1011,43,2024-03-01,148400.0,14.59,20298.34,0.0,4106.94,22450.55,150354.73,2024-03-26,PAY-202403-0043
1012,43,2024-04-01,148400.0,8.99,12507.34,0.0,392.97,26441.06,134859.25,2024-04-30,PAY-202404-0043
1013,43,2024-05-01,148400.0,18.38,25571.17,0.0,8505.65,11874.74,170602.08,2024-05-27,PAY-202405-0043
1014,43,2024-06-01,148400.0,4.55,6330.19,0.0,391.27,8953.24,146168.22,2024-06-29,PAY-202406-0043
1015,43,2024-07-01,148400.0,16.68,23206.05,0.0,12692.07,16463.39,167834.73,2024-07-31,PAY-202407-0043
1016,43,2024-08-01,148400.0,8.99,12507.34,0.0,12781.94,16900.97,156788.31,2024-08-27,PAY-202408-0043
1017,43,2024-09-01,148400.0,4.74,6594.53,0.0,3394.1,15302.5,143086.13,2024-09-26,PAY-202409-0043
1018,43,2024-10-01,148400.0,5.58,7763.18,0.0,14252.97,11713.52,158702.63,2024-10-31,PAY-202410-0043
1019,43,2024-11-01,148400.0,6.4,8904.0,0.0,11366.65,8695.9,159974.75,2024-11-29,PAY-202411-0043
1020,43,2024-12-01,148400.0,10.12,14079.45,0.0,7349.14,13687.89,156140.7,2024-12-29,PAY-202412-0043
1021,43,2025-01-01,148400.0,10.61,14761.16,0.0,6413.34,22394.73,147179.77,2025-01-30,PAY-202501-0043
1022,43,2025-02-01,148400.0,5.13,7137.11,0.0,5705.61,13456.42,147786.3,2025-03-02,PAY-202502-0043
1023,43,2025-03-01,148400.0,7.88,10963.05,0.0,8579.02,17763.59,150178.48,2025-03-31,PAY-202503-0043
1024,43,2025-04-01,148400.0,18.71,26030.29,0.0,11803.8,17464.36,168769.73,2025-04-29,PAY-202504-0043
1025,43,2025-05-01,148400.0,16.64,23150.4,0.0,13166.5,24354.13,160362.77,2025-05-27,PAY-202505-0043
1026,43,2025-06-01,148400.0,10.18,14162.92,0.0,5934.17,21602.9,146894.19,2025-06-30,PAY-202506-0043
1027,43,2025-07-01,148400.0,8.19,11394.34,0.0,11477.4,25990.33,145281.41,2025-07-27,PAY-202507-0043
1028,43,2025-08-01,148400.0,8.6,11964.75,0.0,5970.6,13295.46,153039.89,2025-08-28,PAY-202508-0043
1029,43,2025-09-01,148400.0,11.07,15401.14,0.0,6336.93,19248.59,150889.48,2025-09-26,PAY-202509-0043
1030,43,2025-10-01,148400.0,2.89,4020.71,0.0,13555.13,16363.37,149612.47,2025-10-31,PAY-202510-0043
1031,43,2025-11-01,148400.0,6.71,9335.29,0.0,10839.7,9603.31,158971.68,2025-11-30,PAY-202511-0043
1032,43,2025-12-01,148400.0,0.0,0.0,0.0,10441.71,10030.34,148811.37,2025-12-29,PAY-202512-0043
1033,44,2024-01-01,234700.0,10.0,22003.12,0.0,373.68,25577.25,231499.55,2024-01-31,PAY-202401-0044
1034,44,2024-02-01,234700.0,67.76,149093.18,0.0,13238.23,14486.47,382544.94,2024-02-28,PAY-202402-0044
1035,44,2024-03-01,234700.0,5.58,12277.74,0.0,13607.44,36036.59,224548.59,2024-03-31,PAY-202403-0044
1036,44,2024-04-01,234700.0,15.87,34918.96,0.0,1367.87,33282.68,237704.15,2024-05-01,PAY-202404-0044
1037,44,2024-05-01,234700.0,1.87,4114.58,0.0,7857.26,23453.89,223217.95,2024-05-30,PAY-202405-0044
1038,44,2024-06-01,234700.0,0.68,1496.21,0.0,2398.5,28526.6,210068.11,2024-06-26,PAY-202406-0044
1039,44,2024-07-01,234700.0,9.12,20066.85,0.0,13683.79,28988.71,239461.93,2024-07-31,PAY-202407-0044
1040,44,2024-08-01,234700.0,13.24,29132.14,0.0,2431.86,16147.12,250116.88,2024-08-31,PAY-202408-0044
1041,44,2024-09-01,234700.0,16.42,36129.13,15782.18,10952.43,41055.04,256508.7,2024-09-28,PAY-202409-0044
1042,44,2024-10-01,234700.0,5.71,12563.78,0.0,1763.31,15749.36,233277.73,2024-10-27,PAY-202410-0044
1043,44,2024-11-01,234700.0,13.39,29462.18,31788.85,183.12,26918.12,269216.03,2024-11-29,PAY-202411-0044
1044,44,2024-12-01,234700.0,7.81,17184.44,0.0,86.26,38667.15,213303.55,2024-12-27,PAY-202412-0044
1045,44,2025-01-01,234700.0,7.14,15710.23,0.0,9892.06,25579.01,234723.28,2025-01-29,PAY-202501-0044
1046,44,2025-02-01,234700.0,12.42,27327.88,26003.57,3670.7,28434.94,263267.21,2025-03-02,PAY-202502-0044
1047,44,2025-03-01,234700.0,11.26,24775.52,0.0,12301.82,18070.23,253707.11,2025-03-27,PAY-202503-0044
1048,44,2025-04-01,234700.0,0.12,264.04,0.0,9799.15,12855.4,231907.79,2025-04-26,PAY-202504-0044
1049,44,2025-05-01,234700.0,15.38,33840.81,0.0,12570.22,20840.75,260270.28,2025-05-26,PAY-202505-0044
1050,44,2025-06-01,234700.0,14.9,32784.66,19593.49,2673.73,32241.15,257510.73,2025-06-30,PAY-202506-0044
1051,44,2025-07-01,234700.0,4.87,10715.52,0.0,10497.7,29195.91,226717.31,2025-07-30,PAY-202507-0044
1052,44,2025-08-01,234700.0,9.98,21959.12,0.0,6830.07,29399.84,234089.35,2025-08-26,PAY-202508-0044
1053,44,2025-09-01,234700.0,10.47,23037.27,15475.31,5528.54,23296.82,255444.3,2025-09-26,PAY-202509-0044
1054,44,2025-10-01,234700.0,9.3,20462.91,0.0,12649.64,13715.95,254096.6,2025-10-29,PAY-202510-0044
1055,44,2025-11-01,234700.0,5.25,11551.64,0.0,10419.29,20107.78,236563.15,2025-11-30,PAY-202511-0044
1056,44,2025-12-01,234700.0,4.64,10209.45,0.0,3147.68,18113.35,229943.78,2025-12-26,PAY-202512-0044
1057,45,2024-01-01,120800.0,7.87,8912.77,30540.5,9434.68,21542.82,148145.13,2024-01-29,PAY-202401-0045
1058,45,2024-02-01,120800.0,13.86,15696.45,0.0,9071.67,18417.65,127150.47,2024-03-02,PAY-202402-0045
1059,45,2024-03-01,120800.0,10.72,12140.4,0.0,9132.67,11010.14,131062.93,2024-03-30,PAY-202403-0045
1060,45,2024-04-01,120800.0,6.15,6964.88,0.0,9348.66,20599.26,116514.28,2024-04-30,PAY-202404-0045
1061,45,2024-05-01,120800.0,11.86,13431.45,0.0,7795.59,15962.69,126064.35,2024-05-29,PAY-202405-0045
1062,45,2024-06-01,120800.0,0.0,0.0,0.0,13254.96,9694.66,124360.3,2024-06-28,PAY-202406-0045
1063,45,2024-07-01,120800.0,13.74,15560.55,0.0,23.71,6416.69,129967.57,2024-07-31,PAY-202407-0045
1064,45,2024-08-01,120800.0,0.0,0.0,0.0,11062.03,9295.92,122566.11,2024-08-30,PAY-202408-0045
1065,45,2024-09-01,120800.0,6.19,7010.18,0.0,6210.62,11281.87,122738.93,2024-09-30,PAY-202409-0045
1066,45,2024-10-01,120800.0,2.4,2718.0,0.0,3185.07,16100.27,110602.8,2024-10-31,PAY-202410-0045
1067,45,2024-11-01,120800.0,1.53,1732.73,0.0,11852.93,10873.26,123512.4,2024-11-30,PAY-202411-0045
1068,45,2024-12-01,120800.0,13.8,15628.5,0.0,11505.49,7827.69,140106.3,2024-12-28,PAY-202412-0045
1069,45,2025-01-01,120800.0,5.66,6409.95,0.0,10865.95,15713.56,122362.34,2025-01-26,PAY-202501-0045
1070,45,2025-02-01,120800.0,9.73,11019.23,0.0,2910.23,19134.39,115595.07,2025-03-03,PAY-202502-0045
1071,45,2025-03-01,120800.0,7.77,8799.52,0.0,7117.51,6598.41,130118.62,2025-03-27,PAY-202503-0045
1072,45,2025-04-01,120800.0,10.39,11766.68,0.0,9408.01,20048.88,121925.81,2025-04-30,PAY-202504-0045
1073,45,2025-05-01,120800.0,8.38,9490.35,0.0,6937.05,18825.67,118401.73,2025-05-31,PAY-202505-0045
1074,45,2025-06-01,120800.0,1.59,1800.68,23237.56,8474.14,16690.42,137621.96,2025-06-30,PAY-202506-0045
1075,45,2025-07-01,120800.0,12.98,14699.85,0.0,3123.94,16804.99,121818.8,2025-07-28,PAY-202507-0045
1076,45,2025-08-01,120800.0,5.53,6262.73,10225.67,12611.09,11366.05,138533.44,2025-08-29,PAY-202508-0045
1077,45,2025-09-01,120800.0,0.22,249.15,0.0,12636.09,15006.7,118678.54,2025-09-29,PAY-202509-0045
1078,45,2025-10-01,120800.0,5.86,6636.45,0.0,1752.67,18325.93,110863.19,2025-10-28,PAY-202510-0045
1079,45,2025-11-01,120800.0,15.5,17553.75,0.0,4717.49,6536.69,136534.55,2025-11-29,PAY-202511-0045
1080,45,2025-12-01,120800.0,12.25,13873.12,35696.71,5573.75,19065.8,156877.78,2025-12-28,PAY-202512-0045
1081,46,2024-01-01,146300.0,6.26,8585.98,0.0,4534.77,9449.53,149971.22,2024-01-26,PAY-202401-0046
1082,46,2024-02-01,146300.0,6.25,8572.27,0.0,13700.31,15755.14,152817.44,2024-02-26,PAY-202402-0046
1083,46,2024-03-01,146300.0,6.39,8764.28,0.0,13574.34,10245.41,158393.21,2024-03-28,PAY-202403-0046
1084,46,2024-04-01,146300.0,18.38,25209.32,0.0,10986.62,17273.88,165222.06,2024-04-28,PAY-202404-0046
1085,46,2024-05-01,146300.0,9.91,13592.18,0.0,13076.98,22951.25,150017.91,2024-05-30,PAY-202405-0046
1086,46,2024-06-01,146300.0,10.15,13921.36,0.0,1990.76,21095.61,141116.51,2024-06-29,PAY-202406-0046
1087,46,2024-07-01,146300.0,13.15,18036.05,0.0,12972.15,9518.08,167790.12,2024-07-28,PAY-202407-0046
1088,46,2024-08-01,146300.0,9.19,12604.66,0.0,10305.78,18617.76,150592.68,2024-08-26,PAY-202408-0046
1089,46,2024-09-01,146300.0,6.7,9189.47,0.0,13337.79,9275.91,159551.35,2024-10-01,PAY-202409-0046
1090,46,2024-10-01,146300.0,7.02,9628.37,0.0,337.2,21740.79,134524.78,2024-10-31,PAY-202410-0046
1091,46,2024-11-01,146300.0,7.64,10478.74,0.0,4813.21,10977.03,150614.92,2024-11-28,PAY-202411-0046
1092,46,2024-12-01,146300.0,7.81,10711.9,0.0,11591.81,20079.11,148524.6,2024-12-28,PAY-202412-0046
1093,46,2025-01-01,146300.0,11.64,15964.99,0.0,4104.55,7605.17,158764.37,2025-01-30,PAY-202501-0046
1094,46,2025-02-01,146300.0,8.26,11329.11,0.0,1535.63,17633.35,141531.39,2025-03-02,PAY-202502-0046
1095,46,2025-03-01,146300.0,11.66,15992.42,0.0,2123.35,20711.1,143704.67,2025-03-28,PAY-202503-0046
1096,46,2025-04-01,146300.0,7.6,10423.88,0.0,2569.12,13237.09,146055.91,2025-04-28,PAY-202504-0046
1097,46,2025-05-01,146300.0,8.39,11507.41,0.0,760.89,7866.41,150701.89,2025-05-31,PAY-202505-0046
1098,46,2025-06-01,146300.0,0.0,0.0,18425.99,1291.79,14768.86,151248.92,2025-07-01,PAY-202506-0046
1099,46,2025-07-01,146300.0,12.58,17254.26,0.0,8891.34,23218.2,149227.4,2025-07-31,PAY-202507-0046
1100,46,2025-08-01,146300.0,9.73,13345.3,0.0,5334.36,13635.62,151344.04,2025-08-27,PAY-202508-0046
1101,46,2025-09-01,146300.0,12.99,17816.6,0.0,10063.05,17461.35,156718.3,2025-09-29,PAY-202509-0046
1102,46,2025-10-01,146300.0,0.0,0.0,0.0,1393.74,22574.9,125118.84,2025-10-31,PAY-202510-0046
1103,46,2025-11-01,146300.0,18.44,25291.61,0.0,6833.76,20333.09,158092.28,2025-12-01,PAY-202511-0046
1104,46,2025-12-01,146300.0,7.3,10012.41,0.0,7058.19,25334.52,138036.08,2025-12-27,PAY-202512-0046
1105,47,2024-01-01,107700.0,13.54,13671.17,0.0,9254.13,18165.98,112459.32,2024-01-29,PAY-202401-0047
1106,47,2024-02-01,107700.0,2.8,2827.12,0.0,13758.97,10009.92,114276.17,2024-02-28,PAY-202402-0047
1107,47,2024-03-01,107700.0,11.06,11167.14,0.0,453.96,12040.16,107280.94,2024-03-28,PAY-202403-0047
1108,47,2024-04-01,107700.0,2.73,2756.45,0.0,12686.49,9336.89,113806.05,2024-04-28,PAY-202404-0047
1109,47,2024-05-01,107700.0,4.88,4927.27,0.0,1910.91,6826.15,107712.03,2024-05-31,PAY-202405-0047
1110,47,2024-06-01,107700.0,17.57,17740.21,0.0,4888.05,14477.97,115850.29,2024-06-28,PAY-202406-0047
1111,47,2024-07-01,107700.0,7.05,7118.3,0.0,6012.25,11173.6,109656.95,2024-07-30,PAY-202407-0047
1112,47,2024-08-01,107700.0,9.09,9178.06,0.0,2385.3,12138.73,107124.63,2024-08-26,PAY-202408-0047
1113,47,2024-09-01,107700.0,12.35,12469.64,0.0,12208.74,13659.17,118719.21,2024-09-29,PAY-202409-0047
1114,47,2024-10-01,107700.0,10.48,10581.52,0.0,5133.01,15103.56,108310.97,2024-10-27,PAY-202410-0047
1115,47,2024-11-01,107700.0,8.75,8834.77,0.0,1168.42,18418.02,99285.17,2024-11-30,PAY-202411-0047
1116,47,2024-12-01,107700.0,9.82,9915.13,0.0,1714.84,13730.65,105599.32,2024-12-28,PAY-202412-0047
1117,47,2025-01-01,107700.0,20.02,20213.94,0.0,12330.35,7851.61,132392.68,2025-01-29,PAY-202501-0047
1118,47,2025-02-01,107700.0,7.71,7784.69,8806.06,12211.0,16184.58,120317.17,2025-03-01,PAY-202502-0047
1119,47,2025-03-01,107700.0,9.01,9097.28,0.0,9674.84,6245.81,120226.31,2025-03-27,PAY-202503-0047
1120,47,2025-04-01,107700.0,13.25,13378.36,0.0,13308.92,18031.49,116355.79,2025-05-01,PAY-202504-0047
1121,47,2025-05-01,107700.0,13.53,13661.07,0.0,11356.17,14638.0,118079.24,2025-05-29,PAY-202505-0047
1122,47,2025-06-01,107700.0,13.94,14075.04,0.0,5849.74,13476.62,114148.16,2025-06-27,PAY-202506-0047
1123,47,2025-07-01,107700.0,11.19,11298.4,0.0,13161.38,9581.59,122578.19,2025-07-31,PAY-202507-0047
1124,47,2025-08-01,107700.0,2.28,2302.09,0.0,14150.0,11471.61,112680.48,2025-08-28,PAY-202508-0047
1125,47,2025-09-01,107700.0,16.17,16326.65,0.0,8740.9,13946.48,118821.07,2025-09-30,PAY-202509-0047
1126,47,2025-10-01,107700.0,2.27,2291.99,0.0,1913.34,9503.88,102401.45,2025-10-28,PAY-202510-0047
1127,47,2025-11-01,107700.0,9.51,9602.13,0.0,14518.49,5396.81,126423.81,2025-11-30,PAY-202511-0047
1128,47,2025-12-01,107700.0,4.23,4270.98,0.0,5388.67,17443.33,99916.32,2025-12-26,PAY-202512-0047
1129,48,2024-01-01,82300.0,7.68,5925.6,0.0,10533.33,8333.28,90425.65,2024-01-28,PAY-202401-0048
1130,48,2024-02-01,82300.0,9.64,7437.86,0.0,6090.49,8771.1,87057.25,2024-02-27,PAY-202402-0048
1131,48,2024-03-01,82300.0,9.61,7414.72,0.0,7123.07,6128.84,90708.95,2024-03-29,PAY-202403-0048
1132,48,2024-04-01,82300.0,10.11,7800.5,0.0,5404.32,8579.0,86925.82,2024-04-28,PAY-202404-0048
1133,48,2024-05-01,82300.0,16.07,12399.01,0.0,10050.99,5551.63,99198.37,2024-05-26,PAY-202405-0048
1134,48,2024-06-01,82300.0,10.27,7923.95,0.0,2159.94,13582.42,78801.47,2024-07-01,PAY-202406-0048
1135,48,2024-07-01,82300.0,6.78,5231.19,0.0,14853.26,5020.81,97363.64,2024-07-31,PAY-202407-0048
1136,48,2024-08-01,82300.0,12.82,9891.43,0.0,12902.29,13675.44,91418.28,2024-08-31,PAY-202408-0048
1137,48,2024-09-01,82300.0,13.95,10763.3,0.0,6385.56,6038.65,93410.21,2024-09-30,PAY-202409-0048
1138,48,2024-10-01,82300.0,1.86,1435.11,0.0,12301.07,8231.06,87805.12,2024-10-27,PAY-202410-0048
1139,48,2024-11-01,82300.0,10.99,8479.47,0.0,9068.6,10298.36,89549.71,2024-12-01,PAY-202411-0048
1140,48,2024-12-01,82300.0,11.51,8880.68,0.0,7525.93,8510.55,90196.06,2024-12-30,PAY-202412-0048
1141,48,2025-01-01,82300.0,6.51,5022.87,0.0,501.93,4520.12,83304.68,2025-01-29,PAY-202501-0048
1142,48,2025-02-01,82300.0,14.88,11480.85,0.0,1697.47,9266.92,86211.4,2025-03-03,PAY-202502-0048
1143,48,2025-03-01,82300.0,7.25,5593.83,30556.49,7896.12,13309.19,113037.25,2025-03-28,PAY-202503-0048
1144,48,2025-04-01,82300.0,8.63,6658.58,0.0,1173.52,13636.21,76495.89,2025-04-26,PAY-202504-0048
1145,48,2025-05-01,82300.0,7.13,5501.24,0.0,9459.94,11216.32,86044.86,2025-05-31,PAY-202505-0048
1146,48,2025-06-01,82300.0,8.08,6234.23,27179.07,11971.47,7458.43,120226.34,2025-06-26,PAY-202506-0048
1147,48,2025-07-01,82300.0,2.52,1944.34,0.0,8025.5,4230.37,88039.47,2025-07-29,PAY-202507-0048
1148,48,2025-08-01,82300.0,0.8,617.25,0.0,7038.49,11966.08,77989.66,2025-08-29,PAY-202508-0048
1149,48,2025-09-01,82300.0,15.97,12321.85,0.0,14666.41,7267.12,102021.14,2025-09-27,PAY-202509-0048
1150,48,2025-10-01,82300.0,3.77,2908.79,37300.26,11241.38,11892.87,121857.56,2025-10-30,PAY-202510-0048
1151,48,2025-11-01,82300.0,3.04,2345.55,0.0,9439.5,10300.53,83784.52,2025-11-30,PAY-202511-0048
1152,48,2025-12-01,82300.0,0.0,0.0,39662.77,12133.44,10794.57,123301.64,2025-12-28,PAY-202512-0048
1153,49,2024-01-01,229700.0,4.81,10358.03,0.0,1902.32,13780.18,228180.17,2024-01-28,PAY-202401-0049
1154,49,2024-02-01,229700.0,1.38,2971.74,0.0,9236.97,19703.26,222205.45,2024-02-28,PAY-202402-0049
1155,49,2024-03-01,229700.0,16.21,34907.22,8904.23,2619.21,29155.85,246974.81,2024-03-27,PAY-202403-0049
1156,49,2024-04-01,229700.0,13.05,28102.36,0.0,5546.5,16722.6,246626.26,2024-05-01,PAY-202404-0049
1157,49,2024-05-01,229700.0,4.56,9819.67,0.0,2712.14,27233.36,214998.45,2024-05-26,PAY-202405-0049
1158,49,2024-06-01,229700.0,19.26,41475.21,0.0,1266.02,15816.94,256624.29,2024-06-27,PAY-202406-0049
1159,49,2024-07-01,229700.0,12.91,27800.88,0.0,11291.42,23816.04,244976.26,2024-07-29,PAY-202407-0049
1160,49,2024-08-01,229700.0,6.38,13738.93,0.0,6602.78,30523.62,219518.09,2024-08-27,PAY-202408-0049
1161,49,2024-09-01,229700.0,0.0,0.0,0.0,12627.5,13107.22,229220.28,2024-09-28,PAY-202409-0049
1162,49,2024-10-01,229700.0,19.45,41884.36,0.0,1739.92,16489.72,256834.56,2024-10-29,PAY-202410-0049
1163,49,2024-11-01,229700.0,1.05,2261.11,0.0,7143.99,39800.75,199304.35,2024-11-30,PAY-202411-0049
1164,49,2024-12-01,229700.0,0.0,0.0,0.0,10252.65,23132.89,216819.76,2024-12-28,PAY-202412-0049
1165,49,2025-01-01,229700.0,13.11,28231.57,0.0,13054.17,11839.24,259146.5,2025-01-29,PAY-202501-0049
1166,49,2025-02-01,229700.0,20.2,43499.44,0.0,4735.33,27318.9,250615.87,2025-02-26,PAY-202502-0049
1167,49,2025-03-01,229700.0,14.92,32129.29,23595.27,5307.42,36694.83,254037.15,2025-03-30,PAY-202503-0049
1168,49,2025-04-01,229700.0,10.82,23300.19,0.0,12875.34,21487.46,244388.07,2025-04-28,PAY-202504-0049
1169,49,2025-05-01,229700.0,10.97,23623.21,0.0,3830.16,28929.1,228224.27,2025-05-29,PAY-202505-0049
1170,49,2025-06-01,229700.0,12.27,26422.68,0.0,11236.36,33412.33,233946.71,2025-06-30,PAY-202506-0049
1171,49,2025-07-01,229700.0,11.79,25389.03,0.0,7799.28,31722.34,231165.97,2025-07-27,PAY-202507-0049
1172,49,2025-08-01,229700.0,9.41,20263.85,0.0,158.67,11738.11,238384.41,2025-08-26,PAY-202508-0049
1173,49,2025-09-01,229700.0,8.52,18347.29,8419.46,1558.61,24801.28,233224.08,2025-09-27,PAY-202509-0049
1174,49,2025-10-01,229700.0,7.69,16559.93,0.0,3778.44,12501.52,237536.85,2025-10-30,PAY-202510-0049
1175,49,2025-11-01,229700.0,4.23,9109.04,37847.69,9849.08,36432.65,250073.16,2025-11-30,PAY-202511-0049
1176,49,2025-12-01,229700.0,6.6,14212.69,0.0,10621.13,15067.64,239466.18,2025-12-30,PAY-202512-0049
1177,50,2024-01-01,86200.0,0.0,0.0,0.0,9845.92,14394.25,81651.67,2024-01-30,PAY-202401-0050
1178,50,2024-02-01,86200.0,7.51,6069.02,0.0,2771.53,5552.13,89488.42,2024-02-27,PAY-202402-0050
1179,50,2024-03-01,86200.0,3.06,2472.86,0.0,7004.33,14800.86,80876.33,2024-03-31,PAY-202403-0050
1180,50,2024-04-01,86200.0,2.48,2004.15,0.0,14928.71,12931.44,90201.42,2024-05-01,PAY-202404-0050
1181,50,2024-05-01,86200.0,8.9,7192.31,0.0,11548.21,7934.07,97006.45,2024-05-27,PAY-202405-0050
1182,50,2024-06-01,86200.0,14.96,12089.55,0.0,4159.31,5009.11,97439.75,2024-06-29,PAY-202406-0050
1183,50,2024-07-01,86200.0,12.59,10174.29,0.0,900.88,15018.52,82256.65,2024-07-28,PAY-202407-0050
1184,50,2024-08-01,86200.0,0.15,121.22,0.0,1040.98,15285.4,72076.8,2024-08-27,PAY-202408-0050
1185,50,2024-09-01,86200.0,3.05,2464.78,0.0,2676.63,9823.99,81517.42,2024-09-27,PAY-202409-0050
1186,50,2024-10-01,86200.0,12.7,10263.19,0.0,6468.8,11190.11,91741.88,2024-10-26,PAY-202410-0050
1187,50,2024-11-01,86200.0,3.09,2497.11,0.0,10731.0,5467.44,93960.67,2024-11-26,PAY-202411-0050
1188,50,2024-12-01,86200.0,6.88,5559.9,30464.08,11658.56,4520.28,129362.26,2024-12-29,PAY-202412-0050
1189,50,2025-01-01,86200.0,10.75,8687.34,0.0,9605.03,14764.01,89728.36,2025-01-31,PAY-202501-0050
1190,50,2025-02-01,86200.0,3.16,2553.68,0.0,2274.11,8006.08,83021.71,2025-03-01,PAY-202502-0050
1191,50,2025-03-01,86200.0,8.53,6893.31,0.0,7730.75,14842.64,85981.42,2025-03-29,PAY-202503-0050
1192,50,2025-04-01,86200.0,1.33,1074.81,0.0,6058.69,12465.36,80868.14,2025-04-26,PAY-202504-0050
1193,50,2025-05-01,86200.0,4.99,4032.54,0.0,49.61,15002.26,75279.89,2025-05-29,PAY-202505-0050
1194,50,2025-06-01,86200.0,9.6,7758.0,0.0,8029.56,15421.89,86565.67,2025-06-28,PAY-202506-0050
1195,50,2025-07-01,86200.0,0.04,32.33,0.0,6009.22,11395.25,80846.3,2025-07-31,PAY-202507-0050
1196,50,2025-08-01,86200.0,10.2,8242.88,23711.92,14413.88,5211.6,127357.08,2025-08-29,PAY-202508-0050
1197,50,2025-09-01,86200.0,7.9,6384.19,0.0,4349.38,6586.17,90347.4,2025-09-30,PAY-202509-0050
1198,50,2025-10-01,86200.0,10.76,8695.42,18445.73,2865.05,12108.06,104098.14,2025-10-26,PAY-202510-0050
1199,50,2025-11-01,86200.0,9.12,7370.1,0.0,5388.92,5260.97,93698.05,2025-12-01,PAY-202511-0050
1200,50,2025-12-01,86200.0,66.15,53457.47,0.0,2841.97,4710.04,137789.4,2025-12-26,PAY-202512-0050
1201,51,2024-01-01,63400.0,8.63,5129.46,0.0,8894.18,7202.25,70221.39,2024-01-26,PAY-202401-0051
1202,51,2024-02-01,63400.0,5.85,3477.09,0.0,9651.11,7288.4,69239.8,2024-02-29,PAY-202402-0051
1203,51,2024-03-01,63400.0,8.61,5117.57,0.0,246.27,5966.39,62797.45,2024-03-28,PAY-202403-0051
1204,51,2024-04-01,63400.0,10.72,6371.7,0.0,642.22,4144.1,66269.82,2024-05-01,PAY-202404-0051
1205,51,2024-05-01,63400.0,8.24,4897.65,0.0,6875.56,8758.72,66414.49,2024-05-30,PAY-202405-0051
1206,51,2024-06-01,63400.0,8.2,4873.88,0.0,8690.19,10792.33,66171.74,2024-06-26,PAY-202406-0051
1207,51,2024-07-01,63400.0,4.49,2668.74,0.0,7333.42,3327.12,70075.04,2024-07-30,PAY-202407-0051
1208,51,2024-08-01,63400.0,4.69,2787.62,29545.39,1958.07,4589.68,93101.4,2024-08-26,PAY-202408-0051
1209,51,2024-09-01,63400.0,0.99,588.43,0.0,12311.09,3971.88,72327.64,2024-09-30,PAY-202409-0051
1210,51,2024-10-01,63400.0,16.75,9955.78,0.0,8865.64,9910.31,72311.11,2024-10-26,PAY-202410-0051
1211,51,2024-11-01,63400.0,1.78,1057.99,25824.21,9234.43,3690.15,95826.48,2024-11-27,PAY-202411-0051
1212,51,2024-12-01,63400.0,4.54,2698.46,0.0,12172.82,11265.23,67006.05,2024-12-31,PAY-202412-0051
1213,51,2025-01-01,63400.0,4.41,2621.19,0.0,1812.04,8808.26,59024.97,2025-01-30,PAY-202501-0051
1214,51,2025-02-01,63400.0,12.47,7411.86,0.0,12546.41,9706.74,73651.53,2025-02-26,PAY-202502-0051
1215,51,2025-03-01,63400.0,6.53,3881.27,0.0,5032.56,4165.18,68148.65,2025-03-27,PAY-202503-0051
1216,51,2025-04-01,63400.0,14.24,8463.9,0.0,2520.76,6218.94,68165.72,2025-04-27,PAY-202504-0051
1217,51,2025-05-01,63400.0,4.63,2751.96,0.0,13885.13,3505.44,76531.65,2025-05-26,PAY-202505-0051
1218,51,2025-06-01,63400.0,9.39,5581.18,0.0,9482.92,6270.07,72194.03,2025-06-27,PAY-202506-0051
1219,51,2025-07-01,63400.0,3.82,2270.51,22043.86,95.24,4648.72,83160.89,2025-07-26,PAY-202507-0051
1220,51,2025-08-01,63400.0,18.73,11132.64,0.0,8905.96,5508.52,77930.08,2025-08-31,PAY-202508-0051
1221,51,2025-09-01,63400.0,2.06,1224.41,0.0,11588.44,8876.42,67336.43,2025-09-27,PAY-202509-0051
1222,51,2025-10-01,63400.0,9.55,5676.28,0.0,4064.25,6882.35,66258.18,2025-10-27,PAY-202510-0051
1223,51,2025-11-01,63400.0,11.17,6639.17,0.0,9158.07,3480.07,75717.17,2025-11-27,PAY-202511-0051
1224,51,2025-12-01,63400.0,10.07,5985.36,0.0,9180.75,3895.47,74670.64,2025-12-28,PAY-202512-0051
1225,52,2024-01-01,203700.0,7.07,13501.49,0.0,68.55,16424.96,200845.08,2024-01-26,PAY-202401-0052
1226,52,2024-02-01,203700.0,7.35,14036.2,0.0,14651.87,26574.65,205813.42,2024-03-01,PAY-202402-0052
1227,52,2024-03-01,203700.0,8.22,15697.63,0.0,6963.24,26774.4,199586.47,2024-03-27,PAY-202403-0052
1228,52,2024-04-01,203700.0,7.26,13864.33,0.0,2905.78,31280.11,189190.0,2024-05-01,PAY-202404-0052
1229,52,2024-05-01,203700.0,12.82,24482.19,0.0,13672.27,23359.69,218494.77,2024-05-27,PAY-202405-0052
1230,52,2024-06-01,203700.0,19.05,36379.55,0.0,646.73,27261.56,213464.72,2024-06-28,PAY-202406-0052
1231,52,2024-07-01,203700.0,5.21,9949.47,0.0,3770.73,26518.99,190901.21,2024-07-29,PAY-202407-0052
1232,52,2024-08-01,203700.0,1.15,2196.14,30914.59,13872.92,14842.68,235840.97,2024-08-26,PAY-202408-0052
1233,52,2024-09-01,203700.0,7.56,14437.24,0.0,1740.98,33887.59,185990.63,2024-10-01,PAY-202409-0052
1234,52,2024-10-01,203700.0,20.9,39912.47,0.0,8696.43,21282.29,231026.61,2024-10-31,PAY-202410-0052
1235,52,2024-11-01,203700.0,3.98,7600.56,0.0,4885.27,30813.04,185372.79,2024-11-28,PAY-202411-0052
1236,52,2024-12-01,203700.0,16.2,30936.94,0.0,3556.78,21110.94,217082.78,2024-12-27,PAY-202412-0052
1237,52,2025-01-01,203700.0,16.39,31299.78,0.0,3309.94,22657.29,215652.43,2025-01-29,PAY-202501-0052
1238,52,2025-02-01,203700.0,5.23,9987.67,20255.28,3242.48,26323.41,210862.02,2025-02-27,PAY-202502-0052
1239,52,2025-03-01,203700.0,10.84,20701.01,0.0,2046.07,29246.59,197200.49,2025-03-31,PAY-202503-0052
1240,52,2025-04-01,203700.0,16.14,30822.36,0.0,4045.42,19079.74,219488.04,2025-04-26,PAY-202504-0052
1241,52,2025-05-01,203700.0,6.1,11649.09,0.0,894.78,13799.7,202444.17,2025-05-29,PAY-202505-0052
1242,52,2025-06-01,203700.0,6.98,13329.62,0.0,2568.02,19283.24,200314.4,2025-06-28,PAY-202506-0052
1243,52,2025-07-01,203700.0,5.09,9720.31,0.0,11843.2,27079.86,198183.65,2025-07-30,PAY-202507-0052
1244,52,2025-08-01,203700.0,2.93,5595.38,0.0,8671.82,24822.52,193144.68,2025-08-27,PAY-202508-0052
1245,52,2025-09-01,203700.0,4.75,9071.02,34994.08,7338.2,36551.19,218552.11,2025-09-30,PAY-202509-0052
1246,52,2025-10-01,203700.0,1.88,3590.21,0.0,6941.44,10569.08,203662.57,2025-10-29,PAY-202510-0052
1247,52,2025-11-01,203700.0,8.17,15602.15,0.0,3699.81,18852.12,204149.84,2025-11-30,PAY-202511-0052
1248,52,2025-12-01,203700.0,4.15,7925.2,0.0,13912.2,35242.71,190294.69,2025-12-30,PAY-202512-0052
1249,53,2024-01-01,55800.0,9.17,4797.06,0.0,6266.58,3110.8,63752.84,2024-01-29,PAY-202401-0053
1250,53,2024-02-01,55800.0,0.22,115.09,0.0,7563.24,5878.01,57600.32,2024-02-29,PAY-202402-0053
1251,53,2024-03-01,55800.0,9.65,5048.16,0.0,11970.26,8747.65,64070.77,2024-03-29,PAY-202403-0053
1252,53,2024-04-01,55800.0,12.17,6366.43,0.0,1246.37,8252.83,55159.97,2024-05-01,PAY-202404-0053
1253,53,2024-05-01,55800.0,0.0,0.0,0.0,14249.01,3752.69,66296.32,2024-05-28,PAY-202405-0053
1254,53,2024-06-01,55800.0,9.87,5163.24,0.0,14984.27,2905.56,73041.95,2024-07-01,PAY-202406-0053
1255,53,2024-07-01,55800.0,14.14,7396.99,0.0,10549.57,9013.37,64733.19,2024-07-31,PAY-202407-0053
1256,53,2024-08-01,55800.0,1.95,1020.09,0.0,14646.31,6154.12,65312.28,2024-08-27,PAY-202408-0053
1257,53,2024-09-01,55800.0,16.36,8558.32,0.0,6080.41,8519.64,61919.09,2024-09-28,PAY-202409-0053
1258,53,2024-10-01,55800.0,10.1,5283.56,0.0,10558.53,2799.89,68842.2,2024-10-31,PAY-202410-0053
1259,53,2024-11-01,55800.0,4.47,2338.37,36270.21,4993.59,3027.31,96374.86,2024-11-29,PAY-202411-0053
1260,53,2024-12-01,55800.0,7.72,4038.53,0.0,10470.82,7233.08,63076.27,2024-12-30,PAY-202412-0053
1261,53,2025-01-01,55800.0,10.79,5644.52,0.0,11815.38,3377.28,69882.62,2025-01-28,PAY-202501-0053
1262,53,2025-02-01,55800.0,8.38,4383.79,0.0,822.18,9647.37,51358.6,2025-03-03,PAY-202502-0053
1263,53,2025-03-01,55800.0,10.69,5592.21,0.0,773.44,5567.96,56597.69,2025-03-29,PAY-202503-0053
1264,53,2025-04-01,55800.0,3.4,1778.62,0.0,5483.57,4061.39,59000.8,2025-04-30,PAY-202504-0053
1265,53,2025-05-01,55800.0,8.85,4629.66,0.0,8411.37,8401.52,60439.51,2025-05-27,PAY-202505-0053
1266,53,2025-06-01,55800.0,0.93,486.51,0.0,3579.49,3613.75,56252.25,2025-06-29,PAY-202506-0053
1267,53,2025-07-01,55800.0,7.44,3892.05,0.0,11284.16,9109.19,61867.02,2025-07-31,PAY-202507-0053
1268,53,2025-08-01,55800.0,3.48,1820.47,0.0,11175.25,4425.32,64370.4,2025-08-28,PAY-202508-0053
1269,53,2025-09-01,55800.0,4.32,2259.9,0.0,7553.49,5857.93,59755.46,2025-09-26,PAY-202509-0053
1270,53,2025-10-01,55800.0,14.18,7417.91,17082.93,7293.4,6610.56,80983.68,2025-10-26,PAY-202510-0053
1271,53,2025-11-01,55800.0,13.46,7041.26,0.0,7978.57,8777.3,62042.53,2025-11-28,PAY-202511-0053
1272,53,2025-12-01,55800.0,11.05,5780.53,0.0,5522.19,7674.17,59428.55,2025-12-31,PAY-202512-0053
1273,54,2024-01-01,135400.0,2.54,3224.21,0.0,14113.14,7925.18,144812.17,2024-01-29,PAY-202401-0054
1274,54,2024-02-01,135400.0,6.42,8149.39,18673.89,2682.18,23637.23,141268.23,2024-02-26,PAY-202402-0054
1275,54,2024-03-01,135400.0,14.07,17860.11,14658.0,10456.23,15506.38,162867.96,2024-03-27,PAY-202403-0054
1276,54,2024-04-01,135400.0,8.71,11056.26,0.0,9409.14,11930.37,143935.03,2024-05-01,PAY-202404-0054
1277,54,2024-05-01,135400.0,19.6,24879.75,0.0,1980.41,12872.62,149387.54,2024-05-29,PAY-202405-0054
1278,54,2024-06-01,135400.0,9.97,12655.67,0.0,322.23,10097.85,138280.05,2024-06-26,PAY-202406-0054
1279,54,2024-07-01,135400.0,8.96,11373.6,0.0,3484.92,23446.99,126811.53,2024-07-31,PAY-202407-0054
1280,54,2024-08-01,135400.0,6.45,8187.47,0.0,8680.57,18312.7,133955.34,2024-08-28,PAY-202408-0054
1281,54,2024-09-01,135400.0,8.67,11005.48,0.0,9987.83,16101.99,140291.32,2024-09-30,PAY-202409-0054
1282,54,2024-10-01,135400.0,7.24,9190.27,0.0,4561.24,9092.66,140058.85,2024-10-28,PAY-202410-0054
1283,54,2024-11-01,135400.0,11.54,14648.59,0.0,3900.11,15293.65,138655.05,2024-11-28,PAY-202411-0054
1284,54,2024-12-01,135400.0,12.78,16222.61,0.0,709.78,12985.63,139346.76,2024-12-29,PAY-202412-0054
1285,54,2025-01-01,135400.0,4.07,5166.36,0.0,9279.45,9600.22,140245.59,2025-01-30,PAY-202501-0054
1286,54,2025-02-01,135400.0,1.34,1700.96,0.0,14598.09,21543.92,130155.13,2025-03-03,PAY-202502-0054
1287,54,2025-03-01,135400.0,0.0,0.0,0.0,11916.86,9608.41,137708.45,2025-03-26,PAY-202503-0054
1288,54,2025-04-01,135400.0,87.31,110829.13,16081.9,1897.1,11353.69,252854.44,2025-04-27,PAY-202504-0054
1289,54,2025-05-01,135400.0,2.48,3148.05,0.0,10607.02,18485.07,130670.0,2025-05-28,PAY-202505-0054
1290,54,2025-06-01,135400.0,0.0,0.0,0.0,6726.44,23940.15,118186.29,2025-06-30,PAY-202506-0054
1291,54,2025-07-01,135400.0,9.94,12617.59,0.0,13806.51,13891.11,147932.99,2025-07-29,PAY-202507-0054
1292,54,2025-08-01,135400.0,20.46,25971.41,0.0,14216.84,23101.33,152486.92,2025-08-27,PAY-202508-0054
1293,54,2025-09-01,135400.0,7.97,10116.92,30847.32,14634.02,12601.2,178397.06,2025-10-01,PAY-202509-0054
1294,54,2025-10-01,135400.0,12.19,15473.68,0.0,13439.66,23837.0,140476.34,2025-10-30,PAY-202510-0054
1295,54,2025-11-01,135400.0,8.41,10675.44,0.0,11993.64,19593.83,138475.25,2025-11-29,PAY-202511-0054
1296,54,2025-12-01,135400.0,7.51,9533.01,0.0,1684.73,15201.03,131416.71,2025-12-26,PAY-202512-0054
1297,55,2024-01-01,246600.0,12.6,29129.62,0.0,8264.4,22206.5,261787.52,2024-01-29,PAY-202401-0055
1298,55,2024-02-01,246600.0,6.55,15142.78,0.0,3305.47,23787.32,241260.93,2024-02-28,PAY-202402-0055
1299,55,2024-03-01,246600.0,9.34,21592.91,27445.94,8751.47,19451.49,284938.83,2024-03-28,PAY-202403-0055
1300,55,2024-04-01,246600.0,9.61,22217.12,0.0,1253.84,39561.71,230509.25,2024-05-01,PAY-202404-0055
1301,55,2024-05-01,246600.0,4.66,10773.34,0.0,1310.65,28736.88,229947.11,2024-05-27,PAY-202405-0055
1302,55,2024-06-01,246600.0,12.96,29961.9,0.0,9047.58,28729.46,256880.02,2024-06-26,PAY-202406-0055
1303,55,2024-07-01,246600.0,7.13,16483.67,0.0,5415.97,17072.85,251426.79,2024-07-29,PAY-202407-0055
1304,55,2024-08-01,246600.0,4.22,9756.11,0.0,5592.47,21455.32,240493.26,2024-08-28,PAY-202408-0055
1305,55,2024-09-01,246600.0,10.68,24690.83,0.0,6683.64,30315.6,247658.87,2024-09-27,PAY-202409-0055
1306,55,2024-10-01,246600.0,3.51,8114.68,0.0,6663.31,44150.68,217227.31,2024-10-29,PAY-202410-0055
1307,55,2024-11-01,246600.0,8.14,18818.66,0.0,12085.09,43437.82,234065.93,2024-11-29,PAY-202411-0055
1308,55,2024-12-01,246600.0,7.95,18379.41,0.0,6212.91,39114.83,232077.49,2024-12-30,PAY-202412-0055
1309,55,2025-01-01,246600.0,13.43,31048.48,12272.43,7119.2,40141.14,256898.97,2025-01-28,PAY-202501-0055
1310,55,2025-02-01,246600.0,10.37,23974.14,38603.34,11341.71,15165.47,305353.72,2025-03-01,PAY-202502-0055
1311,55,2025-03-01,246600.0,7.87,18194.46,0.0,4099.93,17936.72,250957.67,2025-03-29,PAY-202503-0055
1312,55,2025-04-01,246600.0,12.09,27950.57,0.0,11328.66,16719.61,269159.62,2025-04-27,PAY-202504-0055
1313,55,2025-05-01,246600.0,14.95,34562.53,0.0,4341.95,28057.19,257447.29,2025-05-28,PAY-202505-0055
1314,55,2025-06-01,246600.0,10.79,24945.13,0.0,4558.72,30259.43,245844.42,2025-06-29,PAY-202506-0055
1315,55,2025-07-01,246600.0,8.05,18610.59,0.0,11868.29,17267.7,259811.18,2025-07-28,PAY-202507-0055
1316,55,2025-08-01,246600.0,1.44,3329.1,0.0,12513.65,27478.72,234964.03,2025-08-31,PAY-202508-0055
1317,55,2025-09-01,246600.0,2.67,6172.71,0.0,4315.34,18080.32,239007.73,2025-10-01,PAY-202509-0055
1318,55,2025-10-01,246600.0,6.47,14957.83,0.0,426.64,36845.34,225139.13,2025-10-29,PAY-202510-0055
1319,55,2025-11-01,246600.0,4.95,11443.78,0.0,1000.87,36231.34,222813.31,2025-11-30,PAY-202511-0055
1320,55,2025-12-01,246600.0,7.07,16344.96,0.0,6541.03,20598.13,248887.86,2025-12-31,PAY-202512-0055
1321,56,2024-01-01,108000.0,8.28,8383.5,0.0,10413.68,7078.95,119718.23,2024-01-30,PAY-202401-0056
1322,56,2024-02-01,108000.0,10.65,10783.12,0.0,263.18,9043.9,110002.4,2024-03-01,PAY-202402-0056
1323,56,2024-03-01,108000.0,7.65,7745.62,16188.84,13174.76,7302.38,137806.84,2024-03-27,PAY-202403-0056
1324,56,2024-04-01,108000.0,10.43,10560.38,17640.72,9543.71,18810.4,126934.41,2024-04-26,PAY-202404-0056
1325,56,2024-05-01,108000.0,8.32,8424.0,0.0,7944.18,18545.89,105822.29,2024-05-30,PAY-202405-0056
1326,56,2024-06-01,108000.0,0.0,0.0,0.0,9420.45,16136.24,101284.21,2024-06-30,PAY-202406-0056
1327,56,2024-07-01,108000.0,3.3,3341.25,0.0,8155.69,17649.1,101847.84,2024-07-31,PAY-202407-0056
1328,56,2024-08-01,108000.0,7.28,7371.0,0.0,4071.88,15199.46,104243.42,2024-08-28,PAY-202408-0056
1329,56,2024-09-01,108000.0,1.95,1974.38,25301.63,12349.72,5581.08,142044.65,2024-09-30,PAY-202409-0056
1330,56,2024-10-01,108000.0,11.0,11137.5,0.0,11682.12,11184.4,119635.22,2024-10-27,PAY-202410-0056
1331,56,2024-11-01,108000.0,15.65,15845.62,10409.42,3316.7,8045.37,129526.37,2024-11-30,PAY-202411-0056
1332,56,2024-12-01,108000.0,14.09,14266.12,0.0,12471.24,12780.17,121957.19,2024-12-30,PAY-202412-0056
1333,56,2025-01-01,108000.0,6.93,7016.62,0.0,10533.97,16668.23,108882.36,2025-01-29,PAY-202501-0056
1334,56,2025-02-01,108000.0,15.45,15643.12,0.0,1146.0,16896.58,107892.54,2025-02-26,PAY-202502-0056
1335,56,2025-03-01,108000.0,8.74,8849.25,0.0,4673.6,10490.46,111032.39,2025-03-29,PAY-202503-0056
1336,56,2025-04-01,108000.0,6.31,6388.88,0.0,8964.73,16120.8,107232.81,2025-04-28,PAY-202504-0056
1337,56,2025-05-01,108000.0,4.93,4991.62,0.0,4570.26,15852.22,101709.66,2025-05-26,PAY-202505-0056
1338,56,2025-06-01,108000.0,6.49,6571.12,0.0,12852.23,7398.73,120024.62,2025-06-27,PAY-202506-0056
1339,56,2025-07-01,108000.0,6.06,6135.75,0.0,3147.62,19174.78,98108.59,2025-07-29,PAY-202507-0056
1340,56,2025-08-01,108000.0,8.85,8960.62,0.0,11760.45,6491.4,122229.67,2025-08-29,PAY-202508-0056
1341,56,2025-09-01,108000.0,8.8,8910.0,0.0,637.75,6913.76,110633.99,2025-10-01,PAY-202509-0056
1342,56,2025-10-01,108000.0,8.02,8120.25,0.0,888.98,7069.67,109939.56,2025-10-28,PAY-202510-0056
1343,56,2025-11-01,108000.0,10.18,10307.25,15557.6,154.09,6754.91,127264.03,2025-11-26,PAY-202511-0056
1344,56,2025-12-01,108000.0,13.95,14124.38,0.0,3081.02,18052.5,107152.9,2025-12-27,PAY-202512-0056
1345,57,2024-01-01,75900.0,12.75,9072.42,0.0,438.89,5231.21,80180.1,2024-01-31,PAY-202401-0057
1346,57,2024-02-01,75900.0,0.58,412.71,0.0,14231.87,7227.1,83317.48,2024-02-27,PAY-202402-0057
1347,57,2024-03-01,75900.0,0.0,0.0,0.0,11712.03,9843.04,77768.99,2024-03-30,PAY-202403-0057
1348,57,2024-04-01,75900.0,12.67,9015.5,0.0,1486.59,9499.45,76902.64,2024-04-26,PAY-202404-0057
1349,57,2024-05-01,75900.0,1.17,832.53,0.0,10737.17,13309.39,74160.31,2024-05-27,PAY-202405-0057
1350,57,2024-06-01,75900.0,6.88,4895.55,0.0,8056.9,13401.31,75451.14,2024-06-26,PAY-202406-0057
1351,57,2024-07-01,75900.0,2.15,1529.86,0.0,13807.16,12194.75,79042.27,2024-07-29,PAY-202407-0057
1352,57,2024-08-01,75900.0,0.0,0.0,0.0,8840.71,8133.18,76607.53,2024-08-26,PAY-202408-0057
1353,57,2024-09-01,75900.0,10.71,7620.83,0.0,5322.34,7540.66,81302.51,2024-09-27,PAY-202409-0057
1354,57,2024-10-01,75900.0,11.8,8396.44,0.0,6113.67,11307.83,79102.28,2024-10-28,PAY-202410-0057
1355,57,2024-11-01,75900.0,5.12,3643.2,0.0,1654.74,5136.05,76061.89,2024-11-28,PAY-202411-0057
1356,57,2024-12-01,75900.0,0.0,0.0,0.0,8356.98,4195.68,80061.3,2024-12-28,PAY-202412-0057
1357,57,2025-01-01,75900.0,5.27,3749.93,0.0,5771.72,8303.68,77117.97,2025-01-31,PAY-202501-0057
1358,57,2025-02-01,75900.0,9.96,7087.16,0.0,14642.69,8175.51,89454.34,2025-03-02,PAY-202502-0057
1359,57,2025-03-01,75900.0,0.61,434.05,0.0,14774.43,8017.7,83090.78,2025-03-26,PAY-202503-0057
1360,57,2025-04-01,75900.0,8.92,6347.14,0.0,12036.55,13060.92,81222.77,2025-04-28,PAY-202504-0057
1361,57,2025-05-01,75900.0,7.92,5635.57,0.0,14980.85,8646.09,87870.33,2025-05-26,PAY-202505-0057
1362,57,2025-06-01,75900.0,10.9,7756.03,0.0,7839.94,10470.21,81025.76,2025-06-26,PAY-202506-0057
1363,57,2025-07-01,75900.0,8.6,6119.44,0.0,6009.36,9622.03,78406.77,2025-07-26,PAY-202507-0057
1364,57,2025-08-01,75900.0,3.13,2227.19,0.0,13386.41,5459.79,86053.81,2025-08-28,PAY-202508-0057
1365,57,2025-09-01,75900.0,13.98,9947.64,0.0,5079.47,9665.48,81261.63,2025-09-29,PAY-202509-0057
1366,57,2025-10-01,75900.0,7.21,5130.37,0.0,12571.64,10950.55,82651.46,2025-10-28,PAY-202510-0057
1367,57,2025-11-01,75900.0,7.86,5592.88,0.0,11489.58,9652.54,83329.92,2025-12-01,PAY-202511-0057
1368,57,2025-12-01,75900.0,3.33,2369.5,0.0,5341.46,10373.1,73237.86,2025-12-29,PAY-202512-0057
1369,58,2024-01-01,94900.0,5.78,5142.39,0.0,7671.22,6563.15,101150.46,2024-01-29,PAY-202401-0058
1370,58,2024-02-01,94900.0,3.58,3185.08,13774.15,7459.11,12497.21,106821.13,2024-02-27,PAY-202402-0058
1371,58,2024-03-01,94900.0,7.14,6352.37,30822.94,12454.69,10890.49,133639.51,2024-03-26,PAY-202403-0058
1372,58,2024-04-01,94900.0,16.56,14733.22,0.0,5739.49,13124.34,102248.37,2024-04-27,PAY-202404-0058
1373,58,2024-05-01,94900.0,1.14,1014.24,0.0,9348.49,14123.24,91139.49,2024-05-31,PAY-202405-0058
1374,58,2024-06-01,94900.0,0.0,0.0,0.0,11513.58,14524.93,91888.65,2024-06-27,PAY-202406-0058
1375,58,2024-07-01,94900.0,15.36,13665.6,0.0,7468.49,10972.65,105061.44,2024-07-30,PAY-202407-0058
1376,58,2024-08-01,94900.0,6.95,6183.33,0.0,12895.08,11488.65,102489.76,2024-08-26,PAY-202408-0058
1377,58,2024-09-01,94900.0,4.65,4137.05,0.0,13201.89,6214.76,106024.18,2024-09-29,PAY-202409-0058
1378,58,2024-10-01,94900.0,13.2,11743.88,0.0,5645.05,10415.78,101873.15,2024-10-26,PAY-202410-0058
1379,58,2024-11-01,94900.0,4.97,4421.75,0.0,9891.17,14360.24,94852.68,2024-12-01,PAY-202411-0058
1380,58,2024-12-01,94900.0,17.13,15240.35,0.0,6460.22,8599.82,108000.75,2024-12-29,PAY-202412-0058
1381,58,2025-01-01,94900.0,11.39,10133.54,0.0,1640.73,13072.78,93601.49,2025-01-31,PAY-202501-0058
1382,58,2025-02-01,94900.0,5.56,4946.66,0.0,8090.89,10541.15,97396.4,2025-03-02,PAY-202502-0058
1383,58,2025-03-01,94900.0,18.79,16717.23,0.0,7600.28,9573.51,109644.0,2025-03-29,PAY-202503-0058
1384,58,2025-04-01,94900.0,4.97,4421.75,0.0,5666.97,13090.83,91897.89,2025-04-28,PAY-202504-0058
1385,58,2025-05-01,94900.0,11.71,10418.24,0.0,422.2,5301.63,100438.81,2025-05-28,PAY-202505-0058
1386,58,2025-06-01,94900.0,9.5,8452.03,0.0,11130.86,5076.86,109406.03,2025-07-01,PAY-202506-0058
1387,58,2025-07-01,94900.0,14.51,12909.37,0.0,1460.25,9003.03,100266.59,2025-07-28,PAY-202507-0058
1388,58,2025-08-01,94900.0,15.81,14065.96,0.0,846.74,7758.05,102054.65,2025-08-27,PAY-202508-0058
1389,58,2025-09-01,94900.0,8.16,7259.85,0.0,8887.98,15976.47,95071.36,2025-09-26,PAY-202509-0058
1390,58,2025-10-01,94900.0,4.23,3763.38,0.0,1717.07,6839.57,93540.88,2025-10-30,PAY-202510-0058
1391,58,2025-11-01,94900.0,10.3,9163.78,0.0,6913.64,15396.38,95581.04,2025-11-30,PAY-202511-0058
1392,58,2025-12-01,94900.0,4.61,4101.46,0.0,6317.59,4996.7,100322.35,2025-12-29,PAY-202512-0058
1393,59,2024-01-01,220200.0,18.07,37303.26,0.0,14786.47,21823.12,250466.61,2024-01-29,PAY-202401-0059
1394,59,2024-02-01,220200.0,8.68,17918.77,0.0,1465.89,24989.75,214594.91,2024-03-02,PAY-202402-0059
1395,59,2024-03-01,220200.0,6.17,12737.19,0.0,5039.51,25402.25,212574.45,2024-03-31,PAY-202403-0059
1396,59,2024-04-01,220200.0,8.92,18414.22,0.0,9222.42,21410.81,226425.83,2024-04-29,PAY-202404-0059
1397,59,2024-05-01,220200.0,1.26,2601.11,0.0,9531.66,38894.79,193437.98,2024-05-26,PAY-202405-0059
1398,59,2024-06-01,220200.0,3.14,6482.14,0.0,8037.51,19235.84,215483.81,2024-06-26,PAY-202406-0059
1399,59,2024-07-01,220200.0,14.0,28901.25,0.0,8602.81,34042.57,223661.49,2024-07-30,PAY-202407-0059
1400,59,2024-08-01,220200.0,4.72,9743.85,0.0,1379.37,35175.69,196147.53,2024-08-26,PAY-202408-0059
1401,59,2024-09-01,220200.0,2.77,5718.32,0.0,4100.47,27224.58,202794.21,2024-09-30,PAY-202409-0059
1402,59,2024-10-01,220200.0,10.68,22047.52,0.0,3146.09,33786.33,211607.28,2024-10-31,PAY-202410-0059
1403,59,2024-11-01,220200.0,13.93,28756.74,0.0,7569.59,19595.2,236931.13,2024-12-01,PAY-202411-0059
1404,59,2024-12-01,220200.0,11.59,23926.11,0.0,3001.15,22526.27,224600.99,2024-12-30,PAY-202412-0059
1405,59,2025-01-01,220200.0,12.98,26795.59,0.0,10073.4,26684.52,230384.47,2025-01-26,PAY-202501-0059
1406,59,2025-02-01,220200.0,4.22,8711.66,0.0,7743.36,16349.86,220305.16,2025-03-01,PAY-202502-0059
1407,59,2025-03-01,220200.0,0.89,1837.29,0.0,14431.76,32256.45,204212.6,2025-03-29,PAY-202503-0059
1408,59,2025-04-01,220200.0,15.51,32018.46,0.0,9568.9,34166.53,227620.83,2025-04-29,PAY-202504-0059
1409,59,2025-05-01,220200.0,6.39,13191.36,0.0,10899.23,12724.17,231566.42,2025-05-27,PAY-202505-0059
1410,59,2025-06-01,220200.0,6.75,13934.53,0.0,2216.16,15317.43,221033.26,2025-07-01,PAY-202506-0059
1411,59,2025-07-01,220200.0,14.64,30222.45,0.0,12661.83,22754.11,240330.17,2025-07-26,PAY-202507-0059
1412,59,2025-08-01,220200.0,10.78,22253.96,0.0,12689.5,18651.27,236492.19,2025-08-28,PAY-202508-0059
1413,59,2025-09-01,220200.0,10.28,21221.77,0.0,3846.7,28220.87,217047.6,2025-09-29,PAY-202509-0059
1414,59,2025-10-01,220200.0,18.83,38872.18,0.0,2249.43,11803.06,249518.55,2025-10-28,PAY-202510-0059
1415,59,2025-11-01,220200.0,4.78,9867.71,0.0,8397.38,23494.74,214970.35,2025-12-01,PAY-202511-0059
1416,59,2025-12-01,220200.0,12.64,26093.7,0.0,3029.86,18816.65,230506.91,2025-12-26,PAY-202512-0059
1417,60,2024-01-01,249800.0,8.29,19414.14,0.0,12053.07,33879.67,247387.54,2024-01-27,PAY-202401-0060
1418,60,2024-02-01,249800.0,9.34,21873.11,0.0,633.49,35951.62,236354.98,2024-02-26,PAY-202402-0060
1419,60,2024-03-01,249800.0,15.64,36626.93,36377.69,4708.57,22166.58,305346.61,2024-03-26,PAY-202403-0060
1420,60,2024-04-01,249800.0,10.54,24683.36,0.0,6105.1,24292.16,256296.3,2024-05-01,PAY-202404-0060
1421,60,2024-05-01,249800.0,10.69,25034.64,0.0,5953.43,39762.01,241026.06,2024-05-27,PAY-202405-0060
1422,60,2024-06-01,249800.0,13.36,31287.45,0.0,8564.6,28735.07,260916.98,2024-06-26,PAY-202406-0060
1423,60,2024-07-01,249800.0,6.18,14472.79,0.0,12434.72,43329.73,233377.78,2024-07-30,PAY-202407-0060
1424,60,2024-08-01,249800.0,3.8,8899.12,0.0,13268.47,20221.31,251746.28,2024-08-26,PAY-202408-0060
1425,60,2024-09-01,249800.0,2.78,6510.41,0.0,4701.15,39519.22,221492.34,2024-10-01,PAY-202409-0060
1426,60,2024-10-01,249800.0,0.0,0.0,0.0,11225.61,20151.85,240873.76,2024-10-29,PAY-202410-0060
1427,60,2024-11-01,249800.0,18.28,42809.48,0.0,1602.21,19442.96,274768.73,2024-11-28,PAY-202411-0060
1428,60,2024-12-01,249800.0,2.48,5807.85,0.0,3814.59,31632.8,227789.64,2024-12-29,PAY-202412-0060
1429,60,2025-01-01,249800.0,6.89,16135.52,0.0,10494.27,16158.31,260271.48,2025-01-30,PAY-202501-0060
1430,60,2025-02-01,249800.0,6.62,15503.21,0.0,10241.08,43772.7,231771.59,2025-02-27,PAY-202502-0060
1431,60,2025-03-01,249800.0,9.54,22341.49,0.0,10735.07,39163.02,243713.54,2025-03-26,PAY-202503-0060
1432,60,2025-04-01,249800.0,12.08,28289.85,0.0,13578.44,13620.4,278047.89,2025-05-01,PAY-202504-0060
1433,60,2025-05-01,249800.0,12.3,28805.06,0.0,14112.72,34919.22,257798.56,2025-05-31,PAY-202505-0060
1434,60,2025-06-01,249800.0,5.08,11896.73,0.0,8290.92,22533.19,247454.46,2025-07-01,PAY-202506-0060
1435,60,2025-07-01,249800.0,7.16,16767.83,0.0,12183.75,16453.57,262298.01,2025-07-27,PAY-202507-0060
1436,60,2025-08-01,249800.0,9.41,22037.04,0.0,5827.07,42034.49,235629.62,2025-08-29,PAY-202508-0060
1437,60,2025-09-01,249800.0,6.76,15831.07,0.0,13768.9,22261.04,257138.93,2025-09-27,PAY-202509-0060
1438,60,2025-10-01,249800.0,16.04,37563.67,0.0,12891.25,17693.22,282561.7,2025-10-29,PAY-202510-0060
1439,60,2025-11-01,249800.0,10.45,24472.59,0.0,13192.01,37389.14,250075.46,2025-11-29,PAY-202511-0060
1440,60,2025-12-01,249800.0,11.67,27329.68,0.0,4110.55,15090.99,266149.24,2025-12-29,PAY-202512-0060
1441,61,2024-01-01,234200.0,11.31,24832.52,0.0,6194.42,37320.06,227906.88,2024-01-31,PAY-202401-0061
1442,61,2024-02-01,234200.0,13.87,30453.32,0.0,13778.19,14766.64,263664.87,2024-02-27,PAY-202402-0061
1443,61,2024-03-01,234200.0,8.91,19563.02,0.0,7595.02,22422.62,238935.42,2024-03-30,PAY-202403-0061
1444,61,2024-04-01,234200.0,1.52,3337.35,0.0,8215.92,21658.79,224094.48,2024-05-01,PAY-202404-0061
1445,61,2024-05-01,234200.0,10.0,21956.25,6823.46,9623.89,30895.74,241707.86,2024-05-31,PAY-202405-0061
1446,61,2024-06-01,234200.0,4.74,10407.26,0.0,6009.93,30839.11,219778.08,2024-06-28,PAY-202406-0061
1447,61,2024-07-01,234200.0,5.36,11768.55,0.0,1662.42,19309.43,228321.54,2024-07-31,PAY-202407-0061
1448,61,2024-08-01,234200.0,10.93,23998.18,0.0,12459.32,34945.25,235712.25,2024-08-30,PAY-202408-0061
1449,61,2024-09-01,234200.0,14.19,31155.92,0.0,11889.63,21434.43,255811.12,2024-09-29,PAY-202409-0061
1450,61,2024-10-01,234200.0,8.11,17806.52,0.0,2002.65,16991.74,237017.43,2024-10-30,PAY-202410-0061
1451,61,2024-11-01,234200.0,9.54,20946.26,0.0,11992.93,17758.52,249380.67,2024-11-29,PAY-202411-0061
1452,61,2024-12-01,234200.0,16.51,36249.77,0.0,5902.41,23197.89,253154.29,2024-12-30,PAY-202412-0061
1453,61,2025-01-01,234200.0,9.2,20199.75,0.0,14221.64,39815.08,228806.31,2025-01-31,PAY-202501-0061
1454,61,2025-02-01,234200.0,21.01,46130.08,0.0,3430.61,14418.98,269341.71,2025-03-01,PAY-202502-0061
1455,61,2025-03-01,234200.0,10.83,23778.62,0.0,10518.92,16847.94,251649.6,2025-03-29,PAY-202503-0061
1456,61,2025-04-01,234200.0,0.0,0.0,0.0,9005.89,16254.1,226951.79,2025-04-28,PAY-202504-0061
1457,61,2025-05-01,234200.0,11.77,25842.51,0.0,8508.64,12139.74,256411.41,2025-05-30,PAY-202505-0061
1458,61,2025-06-01,234200.0,9.91,21758.64,0.0,13799.84,25523.59,244234.89,2025-07-01,PAY-202506-0061
1459,61,2025-07-01,234200.0,14.45,31726.78,0.0,3367.26,17894.96,251399.08,2025-07-28,PAY-202507-0061
1460,61,2025-08-01,234200.0,11.37,24964.26,0.0,7412.52,15674.05,250902.73,2025-08-27,PAY-202508-0061
1461,61,2025-09-01,234200.0,7.31,16050.02,0.0,14928.11,20325.22,244852.91,2025-10-01,PAY-202509-0061
1462,61,2025-10-01,234200.0,1.88,4127.77,0.0,2705.55,35837.34,205195.98,2025-10-26,PAY-202510-0061
1463,61,2025-11-01,234200.0,6.95,15259.59,0.0,3926.99,30515.89,222870.69,2025-11-27,PAY-202511-0061
1464,61,2025-12-01,234200.0,3.75,8233.59,0.0,10264.01,25659.26,227038.34,2025-12-26,PAY-202512-0061
1465,62,2024-01-01,139400.0,5.1,6665.06,0.0,13071.65,24628.06,134508.65,2024-01-29,PAY-202401-0062
1466,62,2024-02-01,139400.0,10.94,14297.21,0.0,10700.04,19808.59,144588.66,2024-03-02,PAY-202402-0062
1467,62,2024-03-01,139400.0,16.35,21367.41,0.0,1095.83,17063.95,144799.29,2024-03-26,PAY-202403-0062
1468,62,2024-04-01,139400.0,9.97,13029.54,0.0,3522.62,23428.88,132523.28,2024-04-30,PAY-202404-0062
1469,62,2024-05-01,139400.0,2.02,2639.89,0.0,14508.15,17811.16,138736.88,2024-05-31,PAY-202405-0062
1470,62,2024-06-01,139400.0,10.22,13356.26,0.0,80.41,16113.31,136723.36,2024-06-29,PAY-202406-0062
1471,62,2024-07-01,139400.0,13.98,18270.11,0.0,5920.45,13691.47,149899.09,2024-07-30,PAY-202407-0062
1472,62,2024-08-01,139400.0,4.95,6469.03,11278.03,2548.0,15901.24,143793.82,2024-08-28,PAY-202408-0062
1473,62,2024-09-01,139400.0,7.33,9579.39,0.0,1978.79,12720.43,138237.75,2024-09-30,PAY-202409-0062
1474,62,2024-10-01,139400.0,8.07,10546.48,0.0,3906.09,12647.07,141205.5,2024-10-27,PAY-202410-0062
1475,62,2024-11-01,139400.0,4.08,5332.05,0.0,14600.57,12062.29,147270.33,2024-11-28,PAY-202411-0062
1476,62,2024-12-01,139400.0,11.24,14689.27,0.0,4243.88,22861.84,135471.31,2024-12-30,PAY-202412-0062
1477,62,2025-01-01,139400.0,7.4,9670.88,0.0,13900.75,16338.58,146633.05,2025-01-29,PAY-202501-0062
1478,62,2025-02-01,139400.0,10.1,13199.44,0.0,4733.14,24993.51,132339.07,2025-02-27,PAY-202502-0062
1479,62,2025-03-01,139400.0,3.56,4652.48,0.0,13842.79,18507.41,139387.86,2025-03-29,PAY-202503-0062
1480,62,2025-04-01,139400.0,5.81,7592.94,10201.73,3447.91,7619.9,153022.68,2025-04-28,PAY-202504-0062
1481,62,2025-05-01,139400.0,11.61,15172.82,0.0,7006.99,9072.59,152507.22,2025-05-29,PAY-202505-0062
1482,62,2025-06-01,139400.0,6.14,8024.21,17478.2,10635.44,15762.79,159775.06,2025-06-29,PAY-202506-0062
1483,62,2025-07-01,139400.0,16.63,21733.33,30191.74,2220.81,13305.53,180240.35,2025-07-27,PAY-202507-0062
1484,62,2025-08-01,139400.0,6.0,7841.25,0.0,2709.82,10019.84,139931.23,2025-08-30,PAY-202508-0062
1485,62,2025-09-01,139400.0,9.12,11918.7,0.0,8448.71,18987.38,140780.03,2025-09-27,PAY-202509-0062
1486,62,2025-10-01,139400.0,12.66,16545.04,0.0,14574.41,16502.45,154017.0,2025-10-30,PAY-202510-0062
1487,62,2025-11-01,139400.0,0.91,1189.26,0.0,13806.2,11430.87,142964.59,2025-11-29,PAY-202511-0062
1488,62,2025-12-01,139400.0,0.0,0.0,0.0,13310.52,7440.49,145270.03,2025-12-31,PAY-202512-0062
1489,63,2024-01-01,70400.0,0.37,244.2,0.0,1829.86,6938.81,65535.25,2024-01-26,PAY-202401-0063
1490,63,2024-02-01,70400.0,14.31,9444.6,0.0,2306.63,4261.89,77889.34,2024-03-02,PAY-202402-0063
1491,63,2024-03-01,70400.0,5.24,3458.4,0.0,6810.83,12262.0,68407.23,2024-03-30,PAY-202403-0063
1492,63,2024-04-01,70400.0,20.79,13721.4,0.0,4941.4,3921.29,85141.51,2024-04-30,PAY-202404-0063
1493,63,2024-05-01,70400.0,5.18,3418.8,0.0,4873.73,10215.1,68477.43,2024-05-31,PAY-202405-0063
1494,63,2024-06-01,70400.0,8.92,5887.2,0.0,11955.5,4703.54,83539.16,2024-06-26,PAY-202406-0063
1495,63,2024-07-01,70400.0,15.71,10368.6,0.0,4244.31,10824.64,74188.27,2024-07-31,PAY-202407-0063
1496,63,2024-08-01,70400.0,18.03,11899.8,38316.51,5720.86,7170.35,119166.82,2024-08-27,PAY-202408-0063
1497,63,2024-09-01,70400.0,18.31,12084.6,0.0,11563.16,7170.89,86876.87,2024-09-26,PAY-202409-0063
1498,63,2024-10-01,70400.0,14.04,9266.4,0.0,2444.11,10653.92,71456.59,2024-10-28,PAY-202410-0063
1499,63,2024-11-01,70400.0,13.12,8659.2,0.0,14316.49,4930.64,88445.05,2024-11-28,PAY-202411-0063
1500,63,2024-12-01,70400.0,10.96,7233.6,0.0,6485.38,10899.74,73219.24,2024-12-28,PAY-202412-0063
1501,63,2025-01-01,70400.0,11.89,7847.4,0.0,9052.7,6805.97,80494.13,2025-01-26,PAY-202501-0063
1502,63,2025-02-01,70400.0,5.24,3458.4,0.0,7689.8,8001.03,73547.17,2025-03-01,PAY-202502-0063
1503,63,2025-03-01,70400.0,3.91,2580.6,0.0,8445.86,7391.94,74034.52,2025-03-29,PAY-202503-0063
1504,63,2025-04-01,70400.0,7.98,5266.8,0.0,9208.02,7492.94,77381.88,2025-04-29,PAY-202504-0063
1505,63,2025-05-01,70400.0,7.15,4719.0,22966.95,14599.08,9710.78,102974.25,2025-05-31,PAY-202505-0063
1506,63,2025-06-01,70400.0,5.73,3781.8,0.0,2326.05,8053.19,68454.66,2025-07-01,PAY-202506-0063
1507,63,2025-07-01,70400.0,11.48,7576.8,0.0,1259.55,7805.14,71431.21,2025-07-26,PAY-202507-0063
1508,63,2025-08-01,70400.0,12.78,8434.8,0.0,7164.17,4880.05,81118.92,2025-08-27,PAY-202508-0063
1509,63,2025-09-01,70400.0,8.44,5570.4,0.0,4506.13,5795.68,74680.85,2025-09-29,PAY-202509-0063
1510,63,2025-10-01,70400.0,15.39,10157.4,0.0,715.92,4220.43,77052.89,2025-10-26,PAY-202510-0063
1511,63,2025-11-01,70400.0,2.29,1511.4,0.0,7659.77,7299.95,72271.22,2025-11-29,PAY-202511-0063
1512,63,2025-12-01,70400.0,7.03,4639.8,0.0,8527.17,5838.94,77728.03,2025-12-28,PAY-202512-0063
1513,64,2024-01-01,203600.0,4.42,8436.67,0.0,11529.7,10610.6,212955.77,2024-01-31,PAY-202401-0064
1514,64,2024-02-01,203600.0,0.0,0.0,0.0,2693.28,15002.68,191290.6,2024-02-29,PAY-202402-0064
1515,64,2024-03-01,203600.0,7.59,14487.41,19568.8,10565.68,18489.53,229732.36,2024-03-31,PAY-202403-0064
1516,64,2024-04-01,203600.0,7.39,14105.66,0.0,10053.9,26691.01,201068.55,2024-04-28,PAY-202404-0064
1517,64,2024-05-01,203600.0,15.57,29719.24,0.0,13771.68,31619.24,215471.68,2024-05-27,PAY-202405-0064
1518,64,2024-06-01,203600.0,11.15,21282.56,0.0,11205.44,26168.07,209919.93,2024-07-01,PAY-202406-0064
1519,64,2024-07-01,203600.0,2.88,5497.2,23703.16,87.71,13268.24,219619.83,2024-07-27,PAY-202407-0064
1520,64,2024-08-01,203600.0,17.27,32964.11,0.0,6902.45,20901.96,222564.6,2024-08-31,PAY-202408-0064
1521,64,2024-09-01,203600.0,14.11,26932.46,0.0,9028.31,23062.57,216498.2,2024-09-30,PAY-202409-0064
1522,64,2024-10-01,203600.0,10.91,20824.46,0.0,9251.17,28460.45,205215.18,2024-10-31,PAY-202410-0064
1523,64,2024-11-01,203600.0,6.87,13113.11,0.0,12069.61,12499.53,216283.19,2024-11-27,PAY-202411-0064
1524,64,2024-12-01,203600.0,3.2,6108.0,8916.94,238.28,35867.73,182995.49,2024-12-26,PAY-202412-0064
1525,64,2025-01-01,203600.0,6.14,11719.72,0.0,9729.35,27377.31,197671.76,2025-01-29,PAY-202501-0064
1526,64,2025-02-01,203600.0,13.44,25653.6,0.0,12872.84,24435.2,217691.24,2025-02-26,PAY-202502-0064
1527,64,2025-03-01,203600.0,17.42,33250.43,0.0,6951.38,22725.54,221076.27,2025-03-26,PAY-202503-0064
1528,64,2025-04-01,203600.0,15.72,30005.55,36584.54,11081.72,21965.3,259306.51,2025-04-29,PAY-202504-0064
1529,64,2025-05-01,203600.0,5.56,10612.65,0.0,12896.95,25669.77,201439.83,2025-05-27,PAY-202505-0064
1530,64,2025-06-01,203600.0,2.4,4581.0,0.0,12441.76,20548.4,200074.36,2025-06-28,PAY-202506-0064
1531,64,2025-07-01,203600.0,8.7,16606.12,27064.35,10696.39,36105.06,221861.8,2025-07-29,PAY-202507-0064
1532,64,2025-08-01,203600.0,0.0,0.0,0.0,8937.59,24851.33,187686.26,2025-08-28,PAY-202508-0064
1533,64,2025-09-01,203600.0,9.62,18362.17,18988.81,7700.34,29359.09,219292.23,2025-10-01,PAY-202509-0064
1534,64,2025-10-01,203600.0,7.26,13857.52,0.0,13014.51,16318.08,214153.95,2025-10-26,PAY-202510-0064
1535,64,2025-11-01,203600.0,5.67,10822.61,0.0,6330.07,18539.92,202212.76,2025-11-26,PAY-202511-0064
1536,64,2025-12-01,203600.0,0.03,57.26,0.0,9724.5,33713.77,179667.99,2025-12-26,PAY-202512-0064
1537,65,2024-01-01,240800.0,10.57,23861.78,0.0,14084.47,22895.1,255851.15,2024-01-31,PAY-202401-0065
1538,65,2024-02-01,240800.0,5.34,12055.05,0.0,2420.0,34773.25,220501.8,2024-02-29,PAY-202402-0065
1539,65,2024-03-01,240800.0,2.15,4853.62,0.0,3481.55,18917.56,230217.61,2024-03-31,PAY-202403-0065
1540,65,2024-04-01,240800.0,0.0,0.0,0.0,9031.5,38412.59,211418.91,2024-05-01,PAY-202404-0065
1541,65,2024-05-01,240800.0,7.86,17743.95,0.0,13247.6,34672.64,237118.91,2024-05-29,PAY-202405-0065
1542,65,2024-06-01,240800.0,16.86,38061.45,0.0,12496.21,33110.95,258246.71,2024-07-01,PAY-202406-0065
1543,65,2024-07-01,240800.0,16.31,36819.82,0.0,7084.87,42434.36,242270.33,2024-07-27,PAY-202407-0065
1544,65,2024-08-01,240800.0,5.71,12890.33,0.0,4236.86,35494.66,222432.53,2024-08-31,PAY-202408-0065
1545,65,2024-09-01,240800.0,4.99,11264.93,0.0,2599.37,16933.26,237731.04,2024-09-29,PAY-202409-0065
1546,65,2024-10-01,240800.0,10.34,23342.55,19559.45,14906.51,21545.52,277062.99,2024-10-27,PAY-202410-0065
1547,65,2024-11-01,240800.0,3.01,6795.07,0.0,14988.92,23271.46,239312.53,2024-11-28,PAY-202411-0065
1548,65,2024-12-01,240800.0,9.51,21468.83,0.0,2379.08,37958.11,226689.8,2024-12-30,PAY-202412-0065
1549,65,2025-01-01,240800.0,11.83,26706.22,7228.3,6459.31,31372.19,249821.64,2025-01-26,PAY-202501-0065
1550,65,2025-02-01,240800.0,14.13,31898.48,0.0,7295.48,43145.62,236848.34,2025-02-28,PAY-202502-0065
1551,65,2025-03-01,240800.0,7.5,16931.25,0.0,11551.42,29477.03,239805.64,2025-03-27,PAY-202503-0065
1552,65,2025-04-01,240800.0,6.98,15757.35,0.0,13105.44,30956.68,238706.11,2025-04-26,PAY-202504-0065
1553,65,2025-05-01,240800.0,3.61,8149.57,0.0,13899.48,25745.73,237103.32,2025-05-29,PAY-202505-0065
1554,65,2025-06-01,240800.0,3.87,8736.52,0.0,11336.47,42550.75,218322.24,2025-06-30,PAY-202506-0065
1555,65,2025-07-01,240800.0,6.87,15509.02,0.0,12875.81,15228.88,253955.95,2025-07-30,PAY-202507-0065
1556,65,2025-08-01,240800.0,9.84,22213.8,8689.39,9448.89,39301.7,241850.38,2025-08-28,PAY-202508-0065
1557,65,2025-09-01,240800.0,12.57,28376.78,0.0,4381.84,25861.28,247697.34,2025-09-30,PAY-202509-0065
1558,65,2025-10-01,240800.0,3.98,8984.85,0.0,13057.39,16870.07,245972.17,2025-10-28,PAY-202510-0065
1559,65,2025-11-01,240800.0,15.46,34900.95,0.0,2066.59,38604.42,239163.12,2025-11-29,PAY-202511-0065
1560,65,2025-12-01,240800.0,6.64,14989.8,0.0,11538.29,12246.22,255081.87,2025-12-29,PAY-202512-0065
1561,66,2024-01-01,139600.0,7.89,10326.04,0.0,7575.34,8526.82,148974.56,2024-01-28,PAY-202401-0066
1562,66,2024-02-01,139600.0,4.26,5575.27,0.0,6225.13,18403.08,132997.32,2024-02-27,PAY-202402-0066
1563,66,2024-03-01,139600.0,0.0,0.0,0.0,11302.61,14633.41,136269.2,2024-03-27,PAY-202403-0066
1564,66,2024-04-01,139600.0,12.42,16254.67,0.0,6432.34,23640.23,138646.78,2024-04-29,PAY-202404-0066
1565,66,2024-05-01,139600.0,11.68,15286.2,0.0,7742.33,19360.54,143267.99,2024-05-26,PAY-202405-0066
1566,66,2024-06-01,139600.0,6.59,8624.66,0.0,11552.28,20003.47,139773.47,2024-06-30,PAY-202406-0066
1567,66,2024-07-01,139600.0,8.33,10901.89,0.0,1271.67,12693.07,139080.49,2024-07-27,PAY-202407-0066
1568,66,2024-08-01,139600.0,10.58,13846.58,0.0,5898.99,7653.18,151692.39,2024-08-31,PAY-202408-0066
1569,66,2024-09-01,139600.0,0.19,248.66,0.0,8618.36,24723.9,123743.12,2024-10-01,PAY-202409-0066
1570,66,2024-10-01,139600.0,5.35,7001.81,0.0,13137.2,24631.85,135107.16,2024-10-29,PAY-202410-0066
1571,66,2024-11-01,139600.0,11.97,15665.74,0.0,10213.06,17026.92,148451.88,2024-11-28,PAY-202411-0066
1572,66,2024-12-01,139600.0,1.73,2264.14,0.0,4705.43,13225.77,133343.8,2024-12-28,PAY-202412-0066
1573,66,2025-01-01,139600.0,9.47,12393.86,0.0,9156.02,9645.25,151504.63,2025-01-29,PAY-202501-0066
1574,66,2025-02-01,139600.0,1.22,1596.67,0.0,3077.0,16860.23,127413.44,2025-03-02,PAY-202502-0066
1575,66,2025-03-01,139600.0,10.33,13519.39,0.0,10462.06,23089.52,140491.93,2025-03-31,PAY-202503-0066
1576,66,2025-04-01,139600.0,7.82,10234.43,0.0,2959.44,12452.19,140341.68,2025-04-26,PAY-202504-0066
1577,66,2025-05-01,139600.0,0.0,0.0,0.0,5849.9,20026.24,125423.66,2025-05-27,PAY-202505-0066
1578,66,2025-06-01,139600.0,13.82,18086.92,0.0,8111.85,10858.85,154939.92,2025-06-30,PAY-202506-0066
1579,66,2025-07-01,139600.0,4.33,5666.89,0.0,7820.04,20718.88,132368.05,2025-07-27,PAY-202507-0066
1580,66,2025-08-01,139600.0,3.95,5169.56,36161.18,8098.99,11674.71,177355.02,2025-08-28,PAY-202508-0066
1581,66,2025-09-01,139600.0,9.0,11778.75,0.0,14804.32,8984.3,157198.77,2025-09-26,PAY-202509-0066
1582,66,2025-10-01,139600.0,13.74,17982.22,0.0,3896.35,16190.1,145288.47,2025-10-26,PAY-202510-0066
1583,66,2025-11-01,139600.0,2.92,3821.55,27783.68,1871.25,12387.4,160689.08,2025-12-01,PAY-202511-0066
1584,66,2025-12-01,139600.0,8.31,10875.71,16864.31,3541.46,20514.02,150367.46,2025-12-30,PAY-202512-0066
1585,67,2024-01-01,47600.0,10.14,4524.98,0.0,13415.08,6264.48,59275.58,2024-01-30,PAY-202401-0067
1586,67,2024-02-01,47600.0,11.47,5118.49,0.0,3507.57,4231.46,51994.6,2024-03-02,PAY-202402-0067
1587,67,2024-03-01,47600.0,8.88,3962.7,0.0,10722.82,6541.02,55744.5,2024-03-31,PAY-202403-0067
1588,67,2024-04-01,47600.0,6.16,2748.9,0.0,11062.68,3031.14,58380.44,2024-04-30,PAY-202404-0067
1589,67,2024-05-01,47600.0,3.86,1722.52,0.0,12342.64,4615.52,57049.64,2024-05-26,PAY-202405-0067
1590,67,2024-06-01,47600.0,8.43,3761.89,0.0,6385.38,4929.78,52817.49,2024-06-26,PAY-202406-0067
1591,67,2024-07-01,47600.0,2.64,1178.1,36097.83,7143.8,5140.86,86878.87,2024-07-28,PAY-202407-0067
1592,67,2024-08-01,47600.0,0.0,0.0,0.0,6041.31,5838.9,47802.41,2024-08-29,PAY-202408-0067
1593,67,2024-09-01,47600.0,10.18,4542.82,0.0,8764.56,6318.42,54588.96,2024-09-29,PAY-202409-0067
1594,67,2024-10-01,47600.0,12.52,5587.05,0.0,14217.3,6907.86,60496.49,2024-10-29,PAY-202410-0067
1595,67,2024-11-01,47600.0,0.0,0.0,0.0,2165.19,3166.64,46598.55,2024-12-01,PAY-202411-0067
1596,67,2024-12-01,47600.0,2.95,1316.44,0.0,14520.48,5555.59,57881.33,2024-12-30,PAY-202412-0067
1597,67,2025-01-01,47600.0,11.1,4953.38,12442.49,7100.33,6999.32,65096.88,2025-01-30,PAY-202501-0067
1598,67,2025-02-01,47600.0,18.29,8161.91,0.0,14277.33,6102.7,63936.54,2025-03-01,PAY-202502-0067
1599,67,2025-03-01,47600.0,8.1,3614.62,17935.51,4343.86,5614.95,67879.04,2025-03-26,PAY-202503-0067
1600,67,2025-04-01,47600.0,4.36,1945.65,0.0,14865.3,4256.57,60154.38,2025-04-29,PAY-202504-0067
1601,67,2025-05-01,47600.0,7.09,3163.91,10000.43,11756.89,4989.83,67531.4,2025-05-28,PAY-202505-0067
1602,67,2025-06-01,47600.0,14.87,6635.74,0.0,3233.72,7448.75,50020.71,2025-06-29,PAY-202506-0067
1603,67,2025-07-01,47600.0,4.77,2128.61,24163.81,1013.47,2656.5,72249.39,2025-07-29,PAY-202507-0067
1604,67,2025-08-01,47600.0,4.0,1785.0,0.0,8486.46,7950.98,49920.48,2025-08-29,PAY-202508-0067
1605,67,2025-09-01,47600.0,5.59,2494.54,0.0,10800.5,6128.13,54766.91,2025-09-27,PAY-202509-0067
1606,67,2025-10-01,47600.0,3.23,1441.39,0.0,6914.04,5164.16,50791.27,2025-10-29,PAY-202510-0067
1607,67,2025-11-01,47600.0,8.61,3842.21,0.0,10917.96,2932.68,59427.49,2025-11-30,PAY-202511-0067
1608,67,2025-12-01,47600.0,16.12,7193.55,0.0,6144.42,3820.7,57117.27,2025-12-29,PAY-202512-0067
1609,68,2024-01-01,102400.0,9.62,9235.2,0.0,687.3,14044.95,98277.55,2024-01-29,PAY-202401-0068
1610,68,2024-02-01,102400.0,6.74,6470.4,0.0,9688.75,16647.57,101911.58,2024-03-02,PAY-202402-0068
1611,68,2024-03-01,102400.0,6.54,6278.4,27053.82,11573.93,9231.39,138074.76,2024-03-31,PAY-202403-0068
1612,68,2024-04-01,102400.0,0.18,172.8,0.0,8390.29,7681.58,103281.51,2024-04-30,PAY-202404-0068
1613,68,2024-05-01,102400.0,12.42,11923.2,0.0,11364.23,17863.48,107823.95,2024-05-30,PAY-202405-0068
1614,68,2024-06-01,102400.0,7.61,7305.6,0.0,7137.54,17059.06,99784.08,2024-06-26,PAY-202406-0068
1615,68,2024-07-01,102400.0,7.1,6816.0,0.0,7977.89,17931.16,99262.73,2024-07-28,PAY-202407-0068
1616,68,2024-08-01,102400.0,23.97,23011.2,0.0,3679.3,14513.18,114577.32,2024-08-30,PAY-202408-0068
1617,68,2024-09-01,102400.0,9.49,9110.4,0.0,12103.82,13198.45,110415.77,2024-09-29,PAY-202409-0068
1618,68,2024-10-01,102400.0,4.24,4070.4,0.0,7372.1,17551.4,96291.1,2024-10-28,PAY-202410-0068
1619,68,2024-11-01,102400.0,5.87,5635.2,0.0,6224.05,16563.64,97695.61,2024-11-28,PAY-202411-0068
1620,68,2024-12-01,102400.0,13.74,13190.4,0.0,1365.38,18162.91,98792.87,2024-12-30,PAY-202412-0068
1621,68,2025-01-01,102400.0,8.57,8227.2,0.0,2160.51,8521.94,104265.77,2025-01-26,PAY-202501-0068
1622,68,2025-02-01,102400.0,0.81,777.6,0.0,14282.47,14153.64,103306.43,2025-02-26,PAY-202502-0068
1623,68,2025-03-01,102400.0,12.6,12096.0,0.0,4879.36,5481.7,113893.66,2025-03-26,PAY-202503-0068
1624,68,2025-04-01,102400.0,4.66,4473.6,0.0,1481.16,7016.43,101338.33,2025-04-28,PAY-202504-0068
1625,68,2025-05-01,102400.0,17.37,16675.2,0.0,14123.66,17094.16,116104.7,2025-05-26,PAY-202505-0068
1626,68,2025-06-01,102400.0,13.4,12864.0,0.0,11282.01,12921.22,113624.79,2025-06-29,PAY-202506-0068
1627,68,2025-07-01,102400.0,5.76,5529.6,0.0,7566.32,17757.84,97738.08,2025-07-28,PAY-202507-0068
1628,68,2025-08-01,102400.0,14.41,13833.6,21268.82,6106.15,11565.29,132043.28,2025-08-29,PAY-202508-0068
1629,68,2025-09-01,102400.0,8.34,8006.4,0.0,13706.03,5367.91,118744.52,2025-09-30,PAY-202509-0068
1630,68,2025-10-01,102400.0,12.26,11769.6,0.0,10126.46,8398.96,115897.1,2025-10-30,PAY-202510-0068
1631,68,2025-11-01,102400.0,10.42,10003.2,0.0,1883.57,12684.49,101602.28,2025-11-29,PAY-202511-0068
1632,68,2025-12-01,102400.0,3.77,3619.2,27252.96,3051.85,18004.84,118319.17,2025-12-28,PAY-202512-0068
1633,69,2024-01-01,232700.0,4.78,10427.87,0.0,2522.82,19051.38,226599.31,2024-01-29,PAY-202401-0069
1634,69,2024-02-01,232700.0,13.15,28687.55,0.0,8327.28,12899.25,256815.58,2024-02-29,PAY-202402-0069
1635,69,2024-03-01,232700.0,6.33,13809.29,0.0,9310.95,31390.68,224429.56,2024-03-27,PAY-202403-0069
1636,69,2024-04-01,232700.0,5.98,13045.74,37672.74,7232.79,29721.1,260930.17,2024-05-01,PAY-202404-0069
1637,69,2024-05-01,232700.0,3.22,7024.63,0.0,5271.27,30759.89,214236.01,2024-05-30,PAY-202405-0069
1638,69,2024-06-01,232700.0,10.12,22077.41,0.0,4219.67,16518.0,242479.08,2024-06-30,PAY-202406-0069
1639,69,2024-07-01,232700.0,18.31,39944.41,0.0,4509.58,23593.37,253560.62,2024-07-26,PAY-202407-0069
1640,69,2024-08-01,232700.0,2.66,5802.96,0.0,10876.11,41850.34,207528.73,2024-08-29,PAY-202408-0069
1641,69,2024-09-01,232700.0,8.12,17714.29,0.0,7572.3,35898.01,222088.58,2024-10-01,PAY-202409-0069
1642,69,2024-10-01,232700.0,15.06,32854.33,0.0,9527.55,41270.1,233811.78,2024-10-31,PAY-202410-0069
1643,69,2024-11-01,232700.0,7.6,16579.88,0.0,3688.92,41372.4,211596.4,2024-11-28,PAY-202411-0069
1644,69,2024-12-01,232700.0,10.26,22382.83,0.0,14384.89,21571.16,247896.56,2024-12-31,PAY-202412-0069
1645,69,2025-01-01,232700.0,2.69,5868.4,0.0,13833.87,30051.41,222350.86,2025-01-26,PAY-202501-0069
1646,69,2025-02-01,232700.0,10.14,22121.04,0.0,10090.6,24133.59,240778.05,2025-03-03,PAY-202502-0069
1647,69,2025-03-01,232700.0,7.06,15401.83,0.0,11436.98,27914.01,231624.8,2025-03-31,PAY-202503-0069
1648,69,2025-04-01,232700.0,12.93,28207.6,0.0,8079.74,38636.2,230351.14,2025-05-01,PAY-202504-0069
1649,69,2025-05-01,232700.0,13.94,30410.98,0.0,1851.23,41040.15,223922.06,2025-05-29,PAY-202505-0069
1650,69,2025-06-01,232700.0,20.95,45703.73,0.0,5369.49,16995.07,266778.15,2025-07-01,PAY-202506-0069
1651,69,2025-07-01,232700.0,10.9,23779.03,0.0,1871.46,22842.41,235508.08,2025-07-27,PAY-202507-0069
1652,69,2025-08-01,232700.0,9.63,21008.45,0.0,3322.81,12233.42,244797.84,2025-08-28,PAY-202508-0069
1653,69,2025-09-01,232700.0,8.97,19568.62,0.0,10637.97,17428.42,245478.17,2025-09-30,PAY-202509-0069
1654,69,2025-10-01,232700.0,6.23,13591.13,0.0,12126.22,18324.94,240092.41,2025-10-29,PAY-202510-0069
1655,69,2025-11-01,232700.0,9.69,21139.34,0.0,551.94,26543.84,227847.44,2025-12-01,PAY-202511-0069
1656,69,2025-12-01,232700.0,6.52,14223.79,0.0,3136.29,17566.82,232493.26,2025-12-31,PAY-202512-0069
1657,70,2024-01-01,144200.0,8.84,11950.57,0.0,13048.74,17878.39,151320.92,2024-01-29,PAY-202401-0070
1658,70,2024-02-01,144200.0,14.59,19723.86,0.0,2906.55,21059.82,145770.59,2024-03-02,PAY-202402-0070
1659,70,2024-03-01,144200.0,2.97,4015.07,0.0,8477.1,8435.25,148256.92,2024-03-27,PAY-202403-0070
1660,70,2024-04-01,144200.0,13.7,18520.69,0.0,1911.46,24710.58,139921.57,2024-04-27,PAY-202404-0070
1661,70,2024-05-01,144200.0,14.59,19723.86,0.0,10933.48,12352.55,162504.79,2024-05-31,PAY-202405-0070
1662,70,2024-06-01,144200.0,7.41,10017.39,38943.38,10166.02,18728.6,184598.19,2024-07-01,PAY-202406-0070
1663,70,2024-07-01,144200.0,0.0,0.0,0.0,6808.89,24791.69,126217.2,2024-07-31,PAY-202407-0070
1664,70,2024-08-01,144200.0,4.96,6705.3,0.0,9750.45,23216.46,137439.29,2024-08-28,PAY-202408-0070
1665,70,2024-09-01,144200.0,14.48,19575.15,0.0,14926.6,12347.07,166354.68,2024-10-01,PAY-202409-0070
1666,70,2024-10-01,144200.0,7.89,10666.29,0.0,7433.62,16906.5,145393.41,2024-10-26,PAY-202410-0070
1667,70,2024-11-01,144200.0,3.0,4055.62,0.0,3368.22,12420.13,139203.71,2024-11-29,PAY-202411-0070
1668,70,2024-12-01,144200.0,5.48,7408.28,0.0,4743.63,14555.79,141796.12,2024-12-28,PAY-202412-0070
1669,70,2025-01-01,144200.0,12.2,16492.88,25013.69,380.58,21034.13,165053.02,2025-01-31,PAY-202501-0070
1670,70,2025-02-01,144200.0,10.73,14505.62,0.0,1116.61,11896.2,147926.03,2025-02-27,PAY-202502-0070
1671,70,2025-03-01,144200.0,6.81,9206.27,0.0,942.66,18931.77,135417.16,2025-03-26,PAY-202503-0070
1672,70,2025-04-01,144200.0,6.17,8341.07,0.0,12120.89,18317.58,146344.38,2025-05-01,PAY-202504-0070
1673,70,2025-05-01,144200.0,6.04,8165.32,0.0,12607.61,11843.14,153129.79,2025-05-29,PAY-202505-0070
1674,70,2025-06-01,144200.0,3.39,4582.86,0.0,5112.03,8230.4,145664.49,2025-06-28,PAY-202506-0070
1675,70,2025-07-01,144200.0,16.08,21738.15,0.0,3551.15,8576.79,160912.51,2025-07-30,PAY-202507-0070
1676,70,2025-08-01,144200.0,6.39,8638.48,0.0,11461.48,18932.79,145367.17,2025-08-30,PAY-202508-0070
1677,70,2025-09-01,144200.0,14.09,19047.92,0.0,14617.88,24394.73,153471.07,2025-09-29,PAY-202509-0070
1678,70,2025-10-01,144200.0,15.61,21102.77,0.0,12715.38,8429.02,169589.13,2025-10-27,PAY-202510-0070
1679,70,2025-11-01,144200.0,12.99,17560.86,33083.55,821.83,18658.91,177007.33,2025-11-29,PAY-202511-0070
1680,70,2025-12-01,144200.0,5.84,7894.95,28714.76,8388.87,12738.51,176460.07,2025-12-29,PAY-202512-0070
1681,71,2024-01-01,49600.0,10.02,4659.3,0.0,9259.53,5130.82,58388.01,2024-01-30,PAY-202401-0071
1682,71,2024-02-01,49600.0,7.88,3664.2,0.0,9360.12,5403.6,57220.72,2024-02-29,PAY-202402-0071
1683,71,2024-03-01,49600.0,3.48,1618.2,0.0,13199.07,6472.8,57944.47,2024-03-28,PAY-202403-0071
1684,71,2024-04-01,49600.0,9.62,4473.3,0.0,10136.64,2647.47,61562.47,2024-04-30,PAY-202404-0071
1685,71,2024-05-01,49600.0,2.1,976.5,0.0,2887.22,3142.14,50321.58,2024-05-30,PAY-202405-0071
1686,71,2024-06-01,49600.0,13.94,6482.1,0.0,8893.3,7901.35,57074.05,2024-06-30,PAY-202406-0071
1687,71,2024-07-01,49600.0,5.68,2641.2,0.0,7633.47,4771.56,55103.11,2024-07-29,PAY-202407-0071
1688,71,2024-08-01,49600.0,9.01,4189.65,0.0,6669.36,4047.85,56411.16,2024-08-26,PAY-202408-0071
1689,71,2024-09-01,49600.0,9.42,4380.3,15908.34,6537.72,8668.41,67757.95,2024-09-28,PAY-202409-0071
1690,71,2024-10-01,49600.0,6.71,3120.15,0.0,13278.33,7480.4,58518.08,2024-10-27,PAY-202410-0071
1691,71,2024-11-01,49600.0,10.93,5082.45,0.0,9049.94,4356.78,59375.61,2024-11-26,PAY-202411-0071
1692,71,2024-12-01,49600.0,5.63,2617.95,0.0,9865.15,3412.38,58670.72,2024-12-27,PAY-202412-0071
1693,71,2025-01-01,49600.0,12.36,5747.4,0.0,12527.62,8016.91,59858.11,2025-01-29,PAY-202501-0071
1694,71,2025-02-01,49600.0,1.27,590.55,0.0,14647.66,6610.3,58227.91,2025-02-27,PAY-202502-0071
1695,71,2025-03-01,49600.0,8.63,4012.95,0.0,5123.28,6786.36,51949.87,2025-03-31,PAY-202503-0071
1696,71,2025-04-01,49600.0,17.69,8225.85,0.0,7011.04,6944.68,57892.21,2025-04-30,PAY-202504-0071
1697,71,2025-05-01,49600.0,3.0,1395.0,0.0,5034.91,4412.02,51617.89,2025-05-28,PAY-202505-0071
1698,71,2025-06-01,49600.0,4.61,2143.65,0.0,6814.53,7568.71,50989.47,2025-06-26,PAY-202506-0071
1699,71,2025-07-01,49600.0,10.57,4915.05,0.0,13799.3,6598.77,61715.58,2025-07-31,PAY-202507-0071
1700,71,2025-08-01,49600.0,8.9,4138.5,0.0,9358.8,4021.19,59076.11,2025-08-31,PAY-202508-0071
1701,71,2025-09-01,49600.0,9.75,4533.75,0.0,12219.79,7685.29,58668.25,2025-09-29,PAY-202509-0071
1702,71,2025-10-01,49600.0,10.45,4859.25,0.0,2763.67,8862.73,48360.19,2025-10-28,PAY-202510-0071
1703,71,2025-11-01,49600.0,11.17,5194.05,17526.03,8320.37,3398.21,77242.24,2025-11-29,PAY-202511-0071
1704,71,2025-12-01,49600.0,13.55,6300.75,0.0,8785.3,7416.16,57269.89,2025-12-26,PAY-202512-0071
1705,72,2024-01-01,237400.0,10.05,22367.53,0.0,2986.84,20637.92,242116.45,2024-01-27,PAY-202401-0072
1706,72,2024-02-01,237400.0,6.79,15111.99,0.0,10782.55,22357.45,240937.09,2024-03-01,PAY-202402-0072
1707,72,2024-03-01,237400.0,11.36,25283.1,0.0,2939.81,17304.1,248318.81,2024-03-28,PAY-202403-0072
1708,72,2024-04-01,237400.0,17.5,38948.44,0.0,314.91,32777.54,243885.81,2024-04-29,PAY-202404-0072
1709,72,2024-05-01,237400.0,7.34,16336.09,0.0,13275.17,22313.18,244698.08,2024-05-27,PAY-202405-0072
1710,72,2024-06-01,237400.0,3.13,6966.21,0.0,3602.25,36852.41,211116.05,2024-07-01,PAY-202406-0072
1711,72,2024-07-01,237400.0,13.54,30134.96,0.0,7903.9,36529.44,238909.42,2024-07-30,PAY-202407-0072
1712,72,2024-08-01,237400.0,7.4,16469.62,0.0,13175.82,13887.68,253157.76,2024-08-27,PAY-202408-0072
1713,72,2024-09-01,237400.0,0.0,0.0,0.0,1961.92,17722.7,221639.22,2024-09-30,PAY-202409-0072
1714,72,2024-10-01,237400.0,12.24,27241.65,0.0,5613.83,30373.29,239882.19,2024-10-31,PAY-202410-0072
1715,72,2024-11-01,237400.0,5.32,11840.33,0.0,692.93,30881.86,219051.4,2024-11-27,PAY-202411-0072
1716,72,2024-12-01,237400.0,7.55,16803.47,0.0,4412.74,16455.07,242161.14,2024-12-27,PAY-202412-0072
1717,72,2025-01-01,237400.0,9.66,21499.54,32846.42,13092.77,38149.07,266689.66,2025-01-30,PAY-202501-0072
1718,72,2025-02-01,237400.0,8.95,19919.34,0.0,3138.56,14382.4,246075.5,2025-03-01,PAY-202502-0072
1719,72,2025-03-01,237400.0,11.55,25705.97,0.0,9223.3,17037.33,255291.94,2025-03-29,PAY-202503-0072
1720,72,2025-04-01,237400.0,5.82,12953.14,0.0,9676.07,27583.65,232445.56,2025-04-29,PAY-202504-0072
1721,72,2025-05-01,237400.0,10.57,23524.86,0.0,2684.98,33858.77,229751.07,2025-05-30,PAY-202505-0072
1722,72,2025-06-01,237400.0,6.7,14911.69,0.0,10734.75,27140.27,235906.17,2025-06-28,PAY-202506-0072
1723,72,2025-07-01,237400.0,11.69,26017.56,0.0,9571.58,36270.25,236718.89,2025-07-31,PAY-202507-0072
1724,72,2025-08-01,237400.0,11.08,24659.92,12683.42,3045.01,38509.1,239279.25,2025-08-29,PAY-202508-0072
1725,72,2025-09-01,237400.0,3.32,7389.07,0.0,6375.34,23507.53,227656.88,2025-09-27,PAY-202509-0072
1726,72,2025-10-01,237400.0,13.43,29890.14,0.0,5611.61,28861.14,244040.61,2025-10-27,PAY-202510-0072
1727,72,2025-11-01,237400.0,5.32,11840.33,0.0,4425.72,27881.85,225784.2,2025-11-27,PAY-202511-0072
1728,72,2025-12-01,237400.0,12.04,26796.52,0.0,6978.8,31039.19,240136.13,2025-12-29,PAY-202512-0072
1729,73,2024-01-01,43500.0,9.84,4012.88,0.0,6487.58,4253.28,49747.18,2024-01-29,PAY-202401-0073
1730,73,2024-02-01,43500.0,17.19,7010.3,0.0,5735.56,3190.44,53055.42,2024-02-27,PAY-202402-0073
1731,73,2024-03-01,43500.0,6.88,2805.75,0.0,1138.33,7272.85,40171.23,2024-03-28,PAY-202403-0073
1732,73,2024-04-01,43500.0,6.25,2548.83,0.0,7691.86,5814.87,47925.82,2024-04-28,PAY-202404-0073
1733,73,2024-05-01,43500.0,7.9,3221.72,0.0,1476.14,2578.48,45619.38,2024-05-26,PAY-202405-0073
1734,73,2024-06-01,43500.0,6.48,2642.62,0.0,5006.37,5992.73,45156.26,2024-06-28,PAY-202406-0073
1735,73,2024-07-01,43500.0,12.0,4893.75,0.0,12233.47,6040.41,54586.81,2024-07-28,PAY-202407-0073
1736,73,2024-08-01,43500.0,0.0,0.0,0.0,9060.51,2954.63,49605.88,2024-08-31,PAY-202408-0073
1737,73,2024-09-01,43500.0,2.73,1113.33,0.0,13685.74,2223.26,56075.81,2024-09-28,PAY-202409-0073
1738,73,2024-10-01,43500.0,2.66,1084.78,0.0,5199.49,7812.14,41972.13,2024-10-29,PAY-202410-0073
1739,73,2024-11-01,43500.0,12.75,5199.61,0.0,11367.09,2242.24,57824.46,2024-12-01,PAY-202411-0073
1740,73,2024-12-01,43500.0,16.55,6749.3,0.0,11417.41,3019.18,58647.53,2024-12-29,PAY-202412-0073
1741,73,2025-01-01,43500.0,7.48,3050.44,0.0,10850.04,3361.84,54038.64,2025-01-27,PAY-202501-0073
1742,73,2025-02-01,43500.0,7.16,2919.94,0.0,11789.62,6459.35,51750.21,2025-03-03,PAY-202502-0073
1743,73,2025-03-01,43500.0,8.35,3405.23,0.0,5109.89,2660.63,49354.49,2025-03-27,PAY-202503-0073
1744,73,2025-04-01,43500.0,13.81,5631.89,0.0,14128.95,4537.02,58723.82,2025-04-29,PAY-202504-0073
1745,73,2025-05-01,43500.0,3.36,1370.25,0.0,8376.7,4293.93,48953.02,2025-05-30,PAY-202505-0073
1746,73,2025-06-01,43500.0,9.19,3747.8,0.0,4583.58,6347.29,45484.09,2025-06-29,PAY-202506-0073
1747,73,2025-07-01,43500.0,12.88,5252.62,0.0,12514.48,4096.69,57170.41,2025-07-29,PAY-202507-0073
1748,73,2025-08-01,43500.0,10.51,4286.11,0.0,11289.39,6488.87,52586.63,2025-08-31,PAY-202508-0073
1749,73,2025-09-01,43500.0,8.95,3649.92,0.0,4891.19,2306.42,49734.69,2025-09-26,PAY-202509-0073
1750,73,2025-10-01,43500.0,13.01,5305.64,0.0,2305.37,7562.17,43548.84,2025-10-28,PAY-202510-0073
1751,73,2025-11-01,43500.0,0.0,0.0,0.0,11987.19,7342.27,48144.92,2025-11-30,PAY-202511-0073
1752,73,2025-12-01,43500.0,11.39,4644.98,0.0,14702.58,3329.78,59517.78,2025-12-29,PAY-202512-0073
1753,74,2024-01-01,156500.0,4.73,6939.8,18525.18,7121.66,14515.28,174571.36,2024-01-29,PAY-202401-0074
1754,74,2024-02-01,156500.0,0.0,0.0,0.0,4569.68,11312.61,149757.07,2024-03-02,PAY-202402-0074
1755,74,2024-03-01,156500.0,10.56,15493.5,0.0,480.89,21843.2,150631.19,2024-03-29,PAY-202403-0074
1756,74,2024-04-01,156500.0,14.87,21817.08,11964.96,13670.18,15676.02,188276.2,2024-04-27,PAY-202404-0074
1757,74,2024-05-01,156500.0,7.31,10725.14,0.0,9893.55,9248.73,167869.96,2024-05-26,PAY-202405-0074
1758,74,2024-06-01,156500.0,12.76,18721.31,0.0,165.71,14473.18,160913.84,2024-06-29,PAY-202406-0074
1759,74,2024-07-01,156500.0,16.06,23563.03,0.0,14843.93,10452.31,184454.65,2024-07-29,PAY-202407-0074
1760,74,2024-08-01,156500.0,14.57,21376.92,0.0,1031.44,27256.44,151651.92,2024-08-27,PAY-202408-0074
1761,74,2024-09-01,156500.0,16.2,23768.44,0.0,3085.16,16618.12,166735.48,2024-10-01,PAY-202409-0074
1762,74,2024-10-01,156500.0,11.71,17180.77,0.0,2381.72,19525.23,156537.26,2024-10-28,PAY-202410-0074
1763,74,2024-11-01,156500.0,8.38,12295.03,0.0,7537.13,21757.99,154574.17,2024-11-28,PAY-202411-0074
1764,74,2024-12-01,156500.0,0.0,0.0,0.0,14866.28,16893.41,154472.87,2024-12-29,PAY-202412-0074
1765,74,2025-01-01,156500.0,6.77,9932.86,0.0,3702.6,14516.3,155619.16,2025-01-30,PAY-202501-0074
1766,74,2025-02-01,156500.0,3.78,5545.97,0.0,6903.07,19546.42,149402.62,2025-03-03,PAY-202502-0074
1767,74,2025-03-01,156500.0,18.85,27656.48,27620.47,13783.44,14880.28,210680.11,2025-03-31,PAY-202503-0074
1768,74,2025-04-01,156500.0,7.12,10446.38,0.0,5866.36,24577.68,148235.06,2025-04-27,PAY-202504-0074
1769,74,2025-05-01,156500.0,8.62,12647.16,0.0,2693.67,20392.85,151447.98,2025-05-29,PAY-202505-0074
1770,74,2025-06-01,156500.0,10.76,15786.94,0.0,13662.5,11557.17,174392.27,2025-06-30,PAY-202506-0074
1771,74,2025-07-01,156500.0,8.22,12060.28,29452.57,654.97,25841.35,172826.47,2025-07-27,PAY-202507-0074
1772,74,2025-08-01,156500.0,16.48,24179.25,0.0,9421.25,13763.49,176337.01,2025-08-26,PAY-202508-0074
1773,74,2025-09-01,156500.0,4.89,7174.55,0.0,10836.14,12245.05,162265.64,2025-09-29,PAY-202509-0074
1774,74,2025-10-01,156500.0,8.97,13160.67,0.0,11427.91,10291.44,170797.14,2025-10-28,PAY-202510-0074
1775,74,2025-11-01,156500.0,4.29,6294.23,8682.86,11498.09,14457.74,168517.44,2025-11-29,PAY-202511-0074
1776,74,2025-12-01,156500.0,1.4,2054.06,0.0,3110.58,8733.1,152931.54,2025-12-26,PAY-202512-0074
1777,75,2024-01-01,189000.0,4.94,8753.06,29307.0,11246.04,18814.99,219491.11,2024-01-31,PAY-202401-0075
1778,75,2024-02-01,189000.0,7.81,13838.34,0.0,2916.05,10378.12,195376.27,2024-02-28,PAY-202402-0075
1779,75,2024-03-01,189000.0,5.85,10365.47,37099.79,4906.66,27844.97,213526.95,2024-03-29,PAY-202403-0075
1780,75,2024-04-01,189000.0,4.54,8044.31,0.0,1238.23,25593.05,172689.49,2024-05-01,PAY-202404-0075
1781,75,2024-05-01,189000.0,0.97,1718.72,0.0,2103.84,29607.88,163214.68,2024-05-27,PAY-202405-0075
1782,75,2024-06-01,189000.0,7.58,13430.81,0.0,270.99,11919.66,190782.14,2024-06-28,PAY-202406-0075
1783,75,2024-07-01,189000.0,0.48,850.5,0.0,11121.7,13588.9,187383.3,2024-07-31,PAY-202407-0075
1784,75,2024-08-01,189000.0,11.8,20908.12,0.0,10160.75,13221.41,206847.46,2024-08-28,PAY-202408-0075
1785,75,2024-09-01,189000.0,8.41,14901.47,0.0,10716.18,31383.34,183234.31,2024-09-30,PAY-202409-0075
1786,75,2024-10-01,189000.0,0.71,1258.03,0.0,10451.14,30002.83,170706.34,2024-10-30,PAY-202410-0075
1787,75,2024-11-01,189000.0,6.45,11428.59,0.0,10746.16,31489.53,179685.22,2024-11-29,PAY-202411-0075
1788,75,2024-12-01,189000.0,4.24,7512.75,0.0,6659.8,24147.91,179024.64,2024-12-26,PAY-202412-0075
1789,75,2025-01-01,189000.0,9.6,17010.0,0.0,11506.71,32271.12,185245.59,2025-01-28,PAY-202501-0075
1790,75,2025-02-01,189000.0,14.7,26046.56,0.0,2999.79,9844.06,208202.29,2025-02-26,PAY-202502-0075
1791,75,2025-03-01,189000.0,0.0,0.0,0.0,5056.75,14171.17,179885.58,2025-03-31,PAY-202503-0075
1792,75,2025-04-01,189000.0,8.58,15202.69,38556.08,1449.05,29975.41,214232.41,2025-05-01,PAY-202504-0075
1793,75,2025-05-01,189000.0,7.2,12757.5,0.0,2505.71,19663.26,184599.95,2025-05-26,PAY-202505-0075
1794,75,2025-06-01,189000.0,11.36,20128.5,0.0,4840.19,24850.14,189118.55,2025-06-30,PAY-202506-0075
1795,75,2025-07-01,189000.0,9.07,16070.91,0.0,8125.54,32519.34,180677.11,2025-07-26,PAY-202507-0075
1796,75,2025-08-01,189000.0,4.24,7512.75,0.0,1588.28,17395.15,180705.88,2025-08-26,PAY-202508-0075
1797,75,2025-09-01,189000.0,6.4,11340.0,0.0,4743.6,19012.32,186071.28,2025-09-29,PAY-202509-0075
1798,75,2025-10-01,189000.0,4.02,7122.94,0.0,9869.43,16291.7,189700.67,2025-10-30,PAY-202510-0075
1799,75,2025-11-01,189000.0,13.38,23707.69,0.0,1009.97,14820.04,198897.62,2025-11-28,PAY-202511-0075
1800,75,2025-12-01,189000.0,8.11,14369.91,0.0,7493.64,33785.95,177077.6,2025-12-31,PAY-202512-0075
1801,76,2024-01-01,179400.0,17.51,29449.63,0.0,14857.97,28804.55,194903.05,2024-01-27,PAY-202401-0076
1802,76,2024-02-01,179400.0,7.7,12950.44,0.0,1421.17,16534.59,177237.02,2024-03-02,PAY-202402-0076
1803,76,2024-03-01,179400.0,4.46,7501.16,0.0,10168.51,31647.54,165422.13,2024-03-31,PAY-202403-0076
1804,76,2024-04-01,179400.0,0.43,723.21,0.0,2629.97,26734.75,156018.43,2024-05-01,PAY-202404-0076
1805,76,2024-05-01,179400.0,0.0,0.0,0.0,12773.31,20214.24,171959.07,2024-05-28,PAY-202405-0076
1806,76,2024-06-01,179400.0,0.08,134.55,36923.61,6733.67,20888.15,202303.68,2024-07-01,PAY-202406-0076
1807,76,2024-07-01,179400.0,9.34,15708.71,0.0,8812.03,32021.02,171899.72,2024-07-27,PAY-202407-0076
1808,76,2024-08-01,179400.0,10.54,17726.96,31562.94,1860.84,14483.24,216067.5,2024-08-29,PAY-202408-0076
1809,76,2024-09-01,179400.0,0.09,151.37,0.0,9296.49,10367.52,178480.34,2024-09-28,PAY-202409-0076
1810,76,2024-10-01,179400.0,12.48,20989.8,0.0,3030.18,17733.19,185686.79,2024-10-31,PAY-202410-0076
1811,76,2024-11-01,179400.0,5.58,9384.86,37319.32,8971.13,31029.73,204045.58,2024-12-01,PAY-202411-0076
1812,76,2024-12-01,179400.0,8.73,14682.77,0.0,2014.01,16375.64,179721.14,2024-12-26,PAY-202412-0076
1813,76,2025-01-01,179400.0,16.06,27010.91,0.0,14663.51,24083.74,196990.68,2025-01-28,PAY-202501-0076
1814,76,2025-02-01,179400.0,12.48,20989.8,0.0,3435.15,26062.07,177762.88,2025-02-28,PAY-202502-0076
1815,76,2025-03-01,179400.0,6.66,11201.29,0.0,8089.68,30114.47,168576.5,2025-03-31,PAY-202503-0076
1816,76,2025-04-01,179400.0,3.54,5953.84,0.0,12021.78,25208.6,172167.02,2025-04-27,PAY-202504-0076
1817,76,2025-05-01,179400.0,0.0,0.0,0.0,5722.29,16471.22,168651.07,2025-05-29,PAY-202505-0076
1818,76,2025-06-01,179400.0,4.4,7400.25,0.0,969.25,20436.08,167333.42,2025-06-27,PAY-202506-0076
1819,76,2025-07-01,179400.0,6.94,11672.21,39720.44,14074.12,11898.33,232968.44,2025-07-27,PAY-202507-0076
1820,76,2025-08-01,179400.0,3.06,5146.54,0.0,12468.31,30701.74,166313.11,2025-08-27,PAY-202508-0076
1821,76,2025-09-01,179400.0,7.34,12344.96,0.0,6393.6,19863.11,178275.45,2025-09-27,PAY-202509-0076
1822,76,2025-10-01,179400.0,8.38,14094.11,0.0,3673.87,13084.83,184083.15,2025-10-27,PAY-202510-0076
1823,76,2025-11-01,179400.0,6.88,11571.3,0.0,8646.33,31539.3,168078.33,2025-11-27,PAY-202511-0076
1824,76,2025-12-01,179400.0,4.75,7988.91,0.0,11719.33,10836.13,188272.11,2025-12-28,PAY-202512-0076
1825,77,2024-01-01,196700.0,8.84,16301.51,0.0,2516.49,21121.43,194396.57,2024-01-30,PAY-202401-0077
1826,77,2024-02-01,196700.0,10.21,18827.88,0.0,6501.46,13820.97,208208.37,2024-02-29,PAY-202402-0077
1827,77,2024-03-01,196700.0,2.55,4702.36,18349.68,12810.63,29239.77,203322.9,2024-03-28,PAY-202403-0077
1828,77,2024-04-01,196700.0,15.05,27753.14,0.0,2291.98,28416.12,198329.0,2024-04-28,PAY-202404-0077
1829,77,2024-05-01,196700.0,7.51,13848.91,0.0,4587.71,17077.37,198059.25,2024-05-30,PAY-202405-0077
1830,77,2024-06-01,196700.0,8.09,14918.47,0.0,1079.09,13329.44,199368.12,2024-06-29,PAY-202406-0077
1831,77,2024-07-01,196700.0,11.54,21280.48,0.0,13741.98,9941.9,221780.56,2024-07-30,PAY-202407-0077
1832,77,2024-08-01,196700.0,9.17,16910.05,0.0,5613.87,20179.88,199044.04,2024-08-29,PAY-202408-0077
1833,77,2024-09-01,196700.0,12.77,23548.68,0.0,14557.39,19376.69,215429.38,2024-09-29,PAY-202409-0077
1834,77,2024-10-01,196700.0,9.44,17407.95,0.0,14812.83,11656.53,217264.25,2024-10-26,PAY-202410-0077
1835,77,2024-11-01,196700.0,4.94,9109.67,0.0,1867.16,33670.48,174006.35,2024-11-27,PAY-202411-0077
1836,77,2024-12-01,196700.0,9.81,18090.25,0.0,6544.47,16362.21,204972.51,2024-12-31,PAY-202412-0077
1837,77,2025-01-01,196700.0,2.28,4204.46,0.0,10636.93,26072.07,185469.32,2025-01-28,PAY-202501-0077
1838,77,2025-02-01,196700.0,8.54,15748.29,0.0,9763.6,33527.01,188684.88,2025-03-03,PAY-202502-0077
1839,77,2025-03-01,196700.0,7.83,14439.01,0.0,7165.88,33397.87,184907.02,2025-03-28,PAY-202503-0077
1840,77,2025-04-01,196700.0,74.06,136571.27,0.0,10146.38,27670.04,315747.61,2025-05-01,PAY-202504-0077
1841,77,2025-05-01,196700.0,7.36,13572.3,0.0,9081.53,33980.81,185373.02,2025-05-27,PAY-202505-0077
1842,77,2025-06-01,196700.0,0.0,0.0,0.0,9032.24,34172.92,171559.32,2025-06-27,PAY-202506-0077
1843,77,2025-07-01,196700.0,5.26,9699.77,31984.03,9665.96,33280.61,214769.15,2025-07-29,PAY-202507-0077
1844,77,2025-08-01,196700.0,8.46,15600.77,0.0,14612.18,11889.59,215023.36,2025-08-27,PAY-202508-0077
1845,77,2025-09-01,196700.0,8.8,16227.75,0.0,2487.35,20750.53,194664.57,2025-10-01,PAY-202509-0077
1846,77,2025-10-01,196700.0,2.86,5274.02,0.0,14515.25,26673.15,189816.12,2025-10-29,PAY-202510-0077
1847,77,2025-11-01,196700.0,14.33,26425.42,0.0,11009.0,29076.21,205058.21,2025-12-01,PAY-202511-0077
1848,77,2025-12-01,196700.0,3.67,6767.71,0.0,1639.11,24477.25,180629.57,2025-12-28,PAY-202512-0077
1849,78,2024-01-01,249700.0,12.85,30081.05,0.0,4035.32,19286.41,264529.96,2024-01-31,PAY-202401-0078
1850,78,2024-02-01,249700.0,10.14,23737.11,0.0,4621.51,44524.83,233533.79,2024-02-29,PAY-202402-0078
1851,78,2024-03-01,249700.0,4.77,11166.27,7444.45,10444.75,29525.79,249229.68,2024-03-31,PAY-202403-0078
1852,78,2024-04-01,249700.0,16.88,39515.02,0.0,6464.24,18211.16,277468.1,2024-04-27,PAY-202404-0078
1853,78,2024-05-01,249700.0,2.03,4752.1,0.0,2970.31,18392.39,239030.02,2024-05-26,PAY-202405-0078
1854,78,2024-06-01,249700.0,12.6,29495.81,0.0,12215.56,18511.0,272900.37,2024-06-26,PAY-202406-0078
1855,78,2024-07-01,249700.0,13.0,30432.19,0.0,12137.68,18713.77,273556.1,2024-07-29,PAY-202407-0078
1856,78,2024-08-01,249700.0,4.65,10885.36,0.0,13694.57,16029.59,258250.34,2024-08-31,PAY-202408-0078
1857,78,2024-09-01,249700.0,14.96,35020.43,0.0,4396.88,24746.45,264370.86,2024-09-28,PAY-202409-0078
1858,78,2024-10-01,249700.0,6.75,15801.33,6038.33,3521.7,28234.89,246826.47,2024-10-26,PAY-202410-0078
1859,78,2024-11-01,249700.0,9.44,22098.45,14312.83,14328.21,34082.03,266357.46,2024-11-26,PAY-202411-0078
1860,78,2024-12-01,249700.0,9.3,21770.72,23281.71,108.93,32058.49,262802.87,2024-12-28,PAY-202412-0078
1861,78,2025-01-01,249700.0,7.33,17159.07,0.0,7098.48,23425.33,250532.22,2025-01-29,PAY-202501-0078
1862,78,2025-02-01,249700.0,12.05,28208.3,0.0,10227.9,23621.64,264514.56,2025-02-28,PAY-202502-0078
1863,78,2025-03-01,249700.0,11.97,28021.02,0.0,14114.87,34074.11,257761.78,2025-03-29,PAY-202503-0078
1864,78,2025-04-01,249700.0,0.0,0.0,0.0,14629.58,40825.97,223503.61,2025-04-26,PAY-202504-0078
1865,78,2025-05-01,249700.0,14.52,33990.41,35468.95,6027.13,39603.61,285582.88,2025-05-27,PAY-202505-0078
1866,78,2025-06-01,249700.0,0.0,0.0,9301.31,7959.44,43357.42,223603.33,2025-06-27,PAY-202506-0078
1867,78,2025-07-01,249700.0,13.16,30806.74,0.0,9275.28,33872.78,255909.24,2025-07-29,PAY-202507-0078
1868,78,2025-08-01,249700.0,13.63,31906.98,0.0,9903.43,12586.57,278923.84,2025-08-31,PAY-202508-0078
1869,78,2025-09-01,249700.0,2.55,5969.39,0.0,12189.29,13024.84,254833.84,2025-09-28,PAY-202509-0078
1870,78,2025-10-01,249700.0,5.95,13928.58,0.0,14543.96,36370.23,241802.31,2025-10-31,PAY-202510-0078
1871,78,2025-11-01,249700.0,2.47,5782.12,0.0,9101.45,25474.76,239108.81,2025-11-30,PAY-202511-0078
1872,78,2025-12-01,249700.0,6.93,16222.7,0.0,5225.01,42968.63,228179.08,2025-12-29,PAY-202512-0078
1873,79,2024-01-01,143800.0,6.46,8708.89,0.0,12856.5,24111.86,141253.53,2024-01-31,PAY-202401-0079
1874,79,2024-02-01,143800.0,11.9,16042.69,0.0,9107.61,20499.04,148451.26,2024-03-01,PAY-202402-0079
1875,79,2024-03-01,143800.0,14.55,19615.22,0.0,11772.93,20587.35,154600.8,2024-03-26,PAY-202403-0079
1876,79,2024-04-01,143800.0,14.98,20194.91,0.0,11952.31,12823.41,163123.81,2024-05-01,PAY-202404-0079
1877,79,2024-05-01,143800.0,5.19,6996.77,0.0,14808.29,15916.42,149688.64,2024-05-29,PAY-202405-0079
1878,79,2024-06-01,143800.0,6.95,9369.47,0.0,7232.53,17297.25,143104.75,2024-06-27,PAY-202406-0079
1879,79,2024-07-01,143800.0,0.0,0.0,0.0,11298.79,19523.27,135575.52,2024-07-26,PAY-202407-0079
1880,79,2024-08-01,143800.0,3.97,5352.06,39767.65,438.33,24556.79,164801.25,2024-08-28,PAY-202408-0079
1881,79,2024-09-01,143800.0,12.82,17282.96,0.0,11494.63,11309.71,161267.88,2024-09-28,PAY-202409-0079
1882,79,2024-10-01,143800.0,16.08,21677.85,0.0,14272.56,19726.22,160024.19,2024-10-31,PAY-202410-0079
1883,79,2024-11-01,143800.0,1.83,2467.07,0.0,8018.15,20750.9,133534.32,2024-11-26,PAY-202411-0079
1884,79,2024-12-01,143800.0,5.04,6794.55,0.0,4992.02,11373.83,144212.74,2024-12-30,PAY-202412-0079
1885,79,2025-01-01,143800.0,7.87,10609.74,0.0,9010.19,19228.68,144191.25,2025-01-29,PAY-202501-0079
1886,79,2025-02-01,143800.0,9.4,12672.38,0.0,11144.52,20743.68,146873.22,2025-03-03,PAY-202502-0079
1887,79,2025-03-01,143800.0,3.95,5325.09,0.0,8428.5,23194.7,134358.89,2025-03-27,PAY-202503-0079
1888,79,2025-04-01,143800.0,10.12,13643.02,0.0,1735.35,8829.1,150349.27,2025-04-26,PAY-202504-0079
1889,79,2025-05-01,143800.0,5.63,7589.94,0.0,8883.01,10707.4,149565.55,2025-05-26,PAY-202505-0079
1890,79,2025-06-01,143800.0,7.93,10690.63,0.0,1911.26,13048.18,143353.71,2025-06-29,PAY-202506-0079
1891,79,2025-07-01,143800.0,10.73,14465.38,0.0,25.18,8346.88,149943.68,2025-07-30,PAY-202507-0079
1892,79,2025-08-01,143800.0,8.03,10825.44,0.0,5822.18,15110.62,145337.0,2025-08-28,PAY-202508-0079
1893,79,2025-09-01,143800.0,5.82,7846.09,0.0,14008.88,9551.19,156103.78,2025-10-01,PAY-202509-0079
1894,79,2025-10-01,143800.0,7.45,10043.53,0.0,3332.12,14579.97,142595.68,2025-10-30,PAY-202510-0079
1895,79,2025-11-01,143800.0,7.56,10191.82,0.0,4738.89,22447.07,136283.64,2025-11-28,PAY-202511-0079
1896,79,2025-12-01,143800.0,6.15,8290.97,0.0,7497.49,15710.44,143878.02,2025-12-30,PAY-202512-0079
1897,80,2024-01-01,224000.0,6.71,14091.0,0.0,11205.9,35926.59,213370.31,2024-01-31,PAY-202401-0080
1898,80,2024-02-01,224000.0,15.99,33579.0,16204.88,7535.67,31252.03,250067.52,2024-02-28,PAY-202402-0080
1899,80,2024-03-01,224000.0,10.8,22680.0,0.0,10597.83,25127.59,232150.24,2024-03-27,PAY-202403-0080
1900,80,2024-04-01,224000.0,6.52,13692.0,0.0,10562.11,22169.76,226084.35,2024-04-28,PAY-202404-0080
1901,80,2024-05-01,224000.0,11.48,24108.0,0.0,10751.49,35895.8,222963.69,2024-05-27,PAY-202405-0080
1902,80,2024-06-01,224000.0,6.33,13293.0,0.0,788.49,36401.38,201680.11,2024-06-27,PAY-202406-0080
1903,80,2024-07-01,224000.0,13.87,29127.0,0.0,10910.93,19909.84,244128.09,2024-07-31,PAY-202407-0080
1904,80,2024-08-01,224000.0,9.85,20685.0,0.0,2387.9,11828.0,235244.9,2024-08-29,PAY-202408-0080
1905,80,2024-09-01,224000.0,7.46,15666.0,0.0,10168.48,40037.95,209796.53,2024-09-29,PAY-202409-0080
1906,80,2024-10-01,224000.0,10.24,21504.0,0.0,7917.67,19442.12,233979.55,2024-10-31,PAY-202410-0080
1907,80,2024-11-01,224000.0,0.15,315.0,0.0,10516.63,27158.05,207673.58,2024-11-26,PAY-202411-0080
1908,80,2024-12-01,224000.0,2.37,4977.0,0.0,11284.0,28100.77,212160.23,2024-12-26,PAY-202412-0080
1909,80,2025-01-01,224000.0,2.03,4263.0,0.0,10643.81,24523.35,214383.46,2025-01-27,PAY-202501-0080
1910,80,2025-02-01,224000.0,8.71,18291.0,0.0,6628.26,25248.7,223670.56,2025-02-27,PAY-202502-0080
1911,80,2025-03-01,224000.0,16.66,34986.0,0.0,12065.38,16897.48,254153.9,2025-03-31,PAY-202503-0080
1912,80,2025-04-01,224000.0,19.16,40236.0,30408.51,8635.23,30952.61,272327.13,2025-04-27,PAY-202504-0080
1913,80,2025-05-01,224000.0,11.19,23499.0,0.0,14740.51,30985.45,231254.06,2025-05-27,PAY-202505-0080
1914,80,2025-06-01,224000.0,10.5,22050.0,0.0,1440.72,39567.5,207923.22,2025-06-27,PAY-202506-0080
1915,80,2025-07-01,224000.0,0.0,0.0,0.0,1760.2,26209.47,199550.73,2025-07-28,PAY-202507-0080
1916,80,2025-08-01,224000.0,5.29,11109.0,0.0,14545.9,29457.44,220197.46,2025-08-29,PAY-202508-0080
1917,80,2025-09-01,224000.0,4.06,8526.0,0.0,1782.04,22750.3,211557.74,2025-09-28,PAY-202509-0080
1918,80,2025-10-01,224000.0,4.9,10290.0,0.0,14318.33,30209.45,218398.88,2025-10-29,PAY-202510-0080
1919,80,2025-11-01,224000.0,7.16,15036.0,0.0,14867.46,30731.83,223171.63,2025-11-26,PAY-202511-0080
1920,80,2025-12-01,224000.0,5.64,11844.0,0.0,12973.44,30137.05,218680.39,2025-12-28,PAY-202512-0080
1921,81,2024-01-01,214300.0,0.0,0.0,0.0,6676.77,11038.23,209938.54,2024-01-26,PAY-202401-0081
1922,81,2024-02-01,214300.0,11.74,23586.39,22122.65,10031.88,24916.08,245124.84,2024-02-26,PAY-202402-0081
1923,81,2024-03-01,214300.0,2.64,5303.93,0.0,14810.24,24073.34,210340.83,2024-03-31,PAY-202403-0081
1924,81,2024-04-01,214300.0,9.2,18483.38,0.0,11915.16,15760.17,228938.37,2024-04-29,PAY-202404-0081
1925,81,2024-05-01,214300.0,18.37,36906.48,0.0,10541.05,19027.1,242720.43,2024-05-27,PAY-202405-0081
1926,81,2024-06-01,214300.0,3.4,6830.81,7222.44,13633.21,32869.17,209117.29,2024-06-27,PAY-202406-0081
1927,81,2024-07-01,214300.0,0.0,0.0,0.0,10511.13,21685.78,203125.35,2024-07-30,PAY-202407-0081
1928,81,2024-08-01,214300.0,6.57,13199.54,0.0,7951.31,12496.07,222954.78,2024-08-30,PAY-202408-0081
1929,81,2024-09-01,214300.0,13.5,27122.34,0.0,12282.41,28870.73,224834.02,2024-09-27,PAY-202409-0081
1930,81,2024-10-01,214300.0,17.79,35741.22,0.0,13464.03,15748.12,247757.13,2024-10-30,PAY-202410-0081
1931,81,2024-11-01,214300.0,1.85,3716.77,0.0,79.86,23174.46,194922.17,2024-11-28,PAY-202411-0081
1932,81,2024-12-01,214300.0,10.48,21054.98,0.0,1932.24,16460.36,220826.86,2024-12-27,PAY-202412-0081
1933,81,2025-01-01,214300.0,5.67,11391.38,13986.62,11296.03,13072.16,237901.87,2025-01-26,PAY-202501-0081
1934,81,2025-02-01,214300.0,7.47,15007.7,0.0,5453.39,25882.2,208878.89,2025-03-01,PAY-202502-0081
1935,81,2025-03-01,214300.0,21.22,42632.31,0.0,9872.39,17633.42,249171.28,2025-03-26,PAY-202503-0081
1936,81,2025-04-01,214300.0,0.49,984.44,0.0,7791.65,32523.08,190553.01,2025-05-01,PAY-202504-0081
1937,81,2025-05-01,214300.0,9.27,18624.01,0.0,2097.83,24378.25,210643.59,2025-05-28,PAY-202505-0081
1938,81,2025-06-01,214300.0,10.34,20773.71,0.0,14790.29,20524.63,229339.37,2025-06-30,PAY-202506-0081
1939,81,2025-07-01,214300.0,13.43,26981.71,0.0,10318.95,29174.85,222425.81,2025-07-26,PAY-202507-0081
1940,81,2025-08-01,214300.0,8.49,17056.94,0.0,2821.1,19064.6,215113.44,2025-08-27,PAY-202508-0081
1941,81,2025-09-01,214300.0,9.54,19166.46,0.0,9032.17,16733.66,225764.97,2025-09-28,PAY-202509-0081
1942,81,2025-10-01,214300.0,6.04,12134.74,0.0,10936.57,22471.92,214899.39,2025-10-30,PAY-202510-0081
1943,81,2025-11-01,214300.0,9.35,18784.73,0.0,5726.73,35890.06,202921.4,2025-11-29,PAY-202511-0081
1944,81,2025-12-01,214300.0,6.28,12616.91,0.0,14171.11,29562.33,211525.69,2025-12-31,PAY-202512-0081
1945,82,2024-01-01,247300.0,11.11,25757.84,0.0,3056.44,32604.99,243509.29,2024-01-28,PAY-202401-0082
1946,82,2024-02-01,247300.0,6.15,14258.39,0.0,10452.04,18557.78,253452.65,2024-02-28,PAY-202402-0082
1947,82,2024-03-01,247300.0,9.89,22929.35,0.0,9716.57,28806.88,251139.04,2024-03-27,PAY-202403-0082
1948,82,2024-04-01,247300.0,7.85,18199.73,0.0,2302.37,44271.24,223530.86,2024-04-29,PAY-202404-0082
1949,82,2024-05-01,247300.0,13.63,31600.3,0.0,14460.27,20321.8,273038.77,2024-05-28,PAY-202405-0082
1950,82,2024-06-01,247300.0,7.74,17944.71,0.0,1649.85,29994.51,236900.05,2024-06-26,PAY-202406-0082
1951,82,2024-07-01,247300.0,0.0,0.0,0.0,1334.61,41596.33,207038.28,2024-07-28,PAY-202407-0082
1952,82,2024-08-01,247300.0,14.31,33176.84,0.0,11971.46,21162.47,271285.83,2024-08-26,PAY-202408-0082
1953,82,2024-09-01,247300.0,3.47,8044.98,0.0,14531.6,24537.65,245338.93,2024-09-26,PAY-202409-0082
1954,82,2024-10-01,247300.0,4.73,10966.21,0.0,1852.55,29290.67,230828.09,2024-10-28,PAY-202410-0082
1955,82,2024-11-01,247300.0,5.02,11638.56,0.0,12101.97,15436.53,255604.0,2024-11-28,PAY-202411-0082
1956,82,2024-12-01,247300.0,14.87,34475.17,0.0,12980.98,30096.53,264659.62,2024-12-30,PAY-202412-0082
1957,82,2025-01-01,247300.0,0.0,0.0,6678.71,4769.95,36536.96,222211.7,2025-01-27,PAY-202501-0082
1958,82,2025-02-01,247300.0,23.69,54923.78,0.0,11119.46,43485.24,269858.0,2025-03-02,PAY-202502-0082
1959,82,2025-03-01,247300.0,13.28,30788.85,0.0,13230.32,25309.84,266009.33,2025-03-30,PAY-202503-0082
1960,82,2025-04-01,247300.0,9.12,21144.15,0.0,142.46,28875.61,239711.0,2025-04-27,PAY-202504-0082
1961,82,2025-05-01,247300.0,7.73,17921.52,0.0,2140.05,30611.51,236750.06,2025-05-28,PAY-202505-0082
1962,82,2025-06-01,247300.0,9.43,21862.87,30389.67,14617.5,35110.5,279059.54,2025-06-27,PAY-202506-0082
1963,82,2025-07-01,247300.0,10.61,24598.62,0.0,6273.66,27082.38,251089.9,2025-07-29,PAY-202507-0082
1964,82,2025-08-01,247300.0,11.23,26036.05,0.0,11977.03,28511.17,256801.91,2025-08-28,PAY-202508-0082
1965,82,2025-09-01,247300.0,10.78,24992.76,0.0,7808.92,35462.99,244638.69,2025-09-27,PAY-202509-0082
1966,82,2025-10-01,247300.0,8.45,19590.8,0.0,12868.82,42824.72,236934.9,2025-10-29,PAY-202510-0082
1967,82,2025-11-01,247300.0,7.01,16252.25,0.0,12678.68,32769.22,243461.71,2025-11-26,PAY-202511-0082
1968,82,2025-12-01,247300.0,7.24,16785.49,0.0,14173.0,17673.22,260585.27,2025-12-26,PAY-202512-0082
1969,83,2024-01-01,210700.0,7.03,13886.45,15004.78,13943.84,32676.43,220858.64,2024-01-26,PAY-202401-0083
1970,83,2024-02-01,210700.0,13.67,27002.52,0.0,6359.75,24468.32,219593.95,2024-03-02,PAY-202402-0083
1971,83,2024-03-01,210700.0,10.97,21669.18,0.0,7467.08,29301.17,210535.09,2024-03-31,PAY-202403-0083
1972,83,2024-04-01,210700.0,0.0,0.0,0.0,10468.23,21641.27,199526.96,2024-04-30,PAY-202404-0083
1973,83,2024-05-01,210700.0,11.28,22281.52,0.0,12470.96,10734.69,234717.79,2024-05-29,PAY-202405-0083
1974,83,2024-06-01,210700.0,8.97,17718.55,0.0,11245.02,17224.6,222438.97,2024-07-01,PAY-202406-0083
1975,83,2024-07-01,210700.0,7.91,15624.72,0.0,13806.88,37903.21,202228.39,2024-07-30,PAY-202407-0083
1976,83,2024-08-01,210700.0,6.06,11970.39,0.0,635.34,22824.03,200481.7,2024-08-27,PAY-202408-0083
1977,83,2024-09-01,210700.0,13.62,26903.76,0.0,13228.96,24874.64,225958.08,2024-09-27,PAY-202409-0083
1978,83,2024-10-01,210700.0,12.74,25165.48,0.0,5505.76,14186.74,227184.5,2024-10-28,PAY-202410-0083
1979,83,2024-11-01,210700.0,4.14,8177.79,0.0,6340.83,20918.78,204299.84,2024-11-28,PAY-202411-0083
1980,83,2024-12-01,210700.0,10.04,19832.14,0.0,5069.38,29135.22,206466.3,2024-12-30,PAY-202412-0083
1981,83,2025-01-01,210700.0,3.14,6202.48,0.0,12867.09,18480.16,211289.41,2025-01-29,PAY-202501-0083
1982,83,2025-02-01,210700.0,1.1,2172.84,0.0,3195.99,30750.26,185318.57,2025-03-02,PAY-202502-0083
1983,83,2025-03-01,210700.0,4.87,9619.77,0.0,13845.85,35984.22,198181.4,2025-03-31,PAY-202503-0083
1984,83,2025-04-01,210700.0,12.31,24316.1,0.0,13401.27,36156.94,212260.43,2025-04-30,PAY-202504-0083
1985,83,2025-05-01,210700.0,12.77,25224.74,0.0,862.45,10696.36,226090.83,2025-05-29,PAY-202505-0083
1986,83,2025-06-01,210700.0,10.57,20879.05,0.0,5308.39,10676.18,226211.26,2025-07-01,PAY-202506-0083
1987,83,2025-07-01,210700.0,11.63,22972.88,0.0,5317.98,13310.74,225680.12,2025-07-29,PAY-202507-0083
1988,83,2025-08-01,210700.0,10.58,20898.81,0.0,7936.45,35146.09,204389.17,2025-08-29,PAY-202508-0083
1989,83,2025-09-01,210700.0,4.79,9461.75,0.0,7311.18,14797.87,212675.06,2025-10-01,PAY-202509-0083
1990,83,2025-10-01,210700.0,10.16,20069.17,0.0,7060.48,20787.71,217041.94,2025-10-28,PAY-202510-0083
1991,83,2025-11-01,210700.0,12.0,23703.75,0.0,2732.73,32764.0,204372.48,2025-11-26,PAY-202511-0083
1992,83,2025-12-01,210700.0,11.77,23249.43,0.0,9844.19,22569.42,221224.2,2025-12-27,PAY-202512-0083
1993,84,2024-01-01,63900.0,13.94,8350.93,0.0,6509.4,6179.18,72581.15,2024-01-31,PAY-202401-0084
1994,84,2024-02-01,63900.0,11.54,6913.18,0.0,2843.51,3529.41,70127.28,2024-02-29,PAY-202402-0084
1995,84,2024-03-01,63900.0,9.76,5846.85,0.0,4968.2,3457.56,71257.49,2024-03-31,PAY-202403-0084
1996,84,2024-04-01,63900.0,13.35,7997.48,0.0,7189.42,8721.17,70365.73,2024-04-28,PAY-202404-0084
1997,84,2024-05-01,63900.0,7.87,4714.62,22117.37,7433.51,8858.18,89307.32,2024-05-27,PAY-202405-0084
1998,84,2024-06-01,63900.0,3.59,2150.63,0.0,11465.89,10519.83,66996.69,2024-06-30,PAY-202406-0084
1999,84,2024-07-01,63900.0,7.18,4301.27,0.0,11128.4,10053.59,69276.08,2024-07-27,PAY-202407-0084
2000,84,2024-08-01,63900.0,4.28,2563.99,8775.79,317.28,4487.09,71069.97,2024-08-30,PAY-202408-0084
2001,84,2024-09-01,63900.0,4.62,2767.67,28955.32,780.6,10088.45,86315.14,2024-09-29,PAY-202409-0084
2002,84,2024-10-01,63900.0,7.28,4361.18,0.0,11061.47,6802.97,72519.68,2024-10-28,PAY-202410-0084
2003,84,2024-11-01,63900.0,4.04,2420.21,0.0,1239.22,6758.3,60801.13,2024-11-30,PAY-202411-0084
2004,84,2024-12-01,63900.0,6.46,3869.94,0.0,7668.6,5267.32,70171.22,2024-12-26,PAY-202412-0084
2005,84,2025-01-01,63900.0,0.0,0.0,0.0,14913.86,5249.77,73564.09,2025-01-29,PAY-202501-0084
2006,84,2025-02-01,63900.0,9.07,5433.5,0.0,10596.91,9923.28,70007.13,2025-03-03,PAY-202502-0084
2007,84,2025-03-01,63900.0,8.01,4798.49,0.0,9166.51,4762.27,73102.73,2025-03-30,PAY-202503-0084
2008,84,2025-04-01,63900.0,3.91,2342.33,0.0,2230.89,4195.67,64277.55,2025-04-29,PAY-202504-0084
2009,84,2025-05-01,63900.0,11.3,6769.41,39663.96,13936.47,6736.3,117533.54,2025-05-30,PAY-202505-0084
2010,84,2025-06-01,63900.0,12.69,7602.1,0.0,12965.25,6354.59,78112.76,2025-06-30,PAY-202506-0084
2011,84,2025-07-01,63900.0,0.0,0.0,0.0,9499.65,5117.47,68282.18,2025-07-28,PAY-202507-0084
2012,84,2025-08-01,63900.0,4.19,2510.07,0.0,920.25,6742.69,60587.63,2025-08-26,PAY-202508-0084
2013,84,2025-09-01,63900.0,4.15,2486.11,0.0,4038.69,5525.58,64899.22,2025-09-28,PAY-202509-0084
2014,84,2025-10-01,63900.0,3.3,1976.91,0.0,3704.53,10630.65,58950.79,2025-10-27,PAY-202510-0084
2015,84,2025-11-01,63900.0,12.15,7278.61,6824.57,11171.32,4955.9,84218.6,2025-11-29,PAY-202511-0084
2016,84,2025-12-01,63900.0,7.03,4211.41,0.0,9097.83,6774.55,70434.69,2025-12-28,PAY-202512-0084
2017,85,2024-01-01,68400.0,6.68,4283.55,0.0,5453.72,6126.34,72010.93,2024-01-26,PAY-202401-0085
2018,85,2024-02-01,68400.0,0.0,0.0,0.0,10244.42,10270.96,68373.46,2024-02-27,PAY-202402-0085
2019,85,2024-03-01,68400.0,11.18,7169.18,0.0,11119.38,6633.44,80055.12,2024-03-30,PAY-202403-0085
2020,85,2024-04-01,68400.0,1.8,1154.25,0.0,5573.88,9202.01,65926.12,2024-04-27,PAY-202404-0085
2021,85,2024-05-01,68400.0,8.3,5322.38,0.0,1308.47,4365.8,70665.05,2024-05-31,PAY-202405-0085
2022,85,2024-06-01,68400.0,9.39,6021.34,0.0,1805.32,8635.7,67590.96,2024-07-01,PAY-202406-0085
2023,85,2024-07-01,68400.0,14.8,9490.5,0.0,2893.91,7383.79,73400.62,2024-07-26,PAY-202407-0085
2024,85,2024-08-01,68400.0,1.46,936.23,24130.27,5143.47,9869.82,88740.15,2024-08-27,PAY-202408-0085
2025,85,2024-09-01,68400.0,80.87,51857.89,0.0,2305.09,4556.68,118006.3,2024-09-29,PAY-202409-0085
2026,85,2024-10-01,68400.0,8.92,5719.95,0.0,3787.88,11218.95,66688.88,2024-10-30,PAY-202410-0085
2027,85,2024-11-01,68400.0,17.0,10901.25,0.0,13423.7,7407.9,85317.05,2024-12-01,PAY-202411-0085
2028,85,2024-12-01,68400.0,14.19,9099.34,20264.4,7242.31,8077.3,96928.75,2024-12-30,PAY-202412-0085
2029,85,2025-01-01,68400.0,9.05,5803.31,0.0,2504.03,5857.73,70849.61,2025-01-27,PAY-202501-0085
2030,85,2025-02-01,68400.0,5.54,3552.53,0.0,14337.04,3960.57,82329.0,2025-03-03,PAY-202502-0085
2031,85,2025-03-01,68400.0,12.04,7720.65,0.0,12218.0,7821.77,80516.88,2025-03-30,PAY-202503-0085
2032,85,2025-04-01,68400.0,3.13,2007.11,0.0,14573.08,4891.79,80088.4,2025-04-30,PAY-202504-0085
2033,85,2025-05-01,68400.0,10.38,6656.18,0.0,11690.58,6984.35,79762.41,2025-05-28,PAY-202505-0085
2034,85,2025-06-01,68400.0,10.53,6752.36,0.0,54.01,8505.32,66701.05,2025-06-30,PAY-202506-0085
2035,85,2025-07-01,68400.0,13.3,8528.62,0.0,13187.33,10450.43,79665.52,2025-07-29,PAY-202507-0085
2036,85,2025-08-01,68400.0,21.8,13979.25,0.0,10808.69,5721.56,87466.38,2025-08-27,PAY-202508-0085
2037,85,2025-09-01,68400.0,9.96,6386.85,0.0,4027.72,4479.07,74335.5,2025-09-27,PAY-202509-0085
2038,85,2025-10-01,68400.0,5.46,3501.22,13337.59,586.36,4737.26,81087.91,2025-10-28,PAY-202510-0085
2039,85,2025-11-01,68400.0,7.87,5046.64,0.0,4056.52,10450.2,67052.96,2025-12-01,PAY-202511-0085
2040,85,2025-12-01,68400.0,0.0,0.0,0.0,14843.04,5287.07,77955.97,2025-12-26,PAY-202512-0085
2041,86,2024-01-01,108700.0,4.53,4616.35,17161.17,9077.39,10650.9,128904.01,2024-01-26,PAY-202401-0086
2042,86,2024-02-01,108700.0,5.95,6063.42,0.0,13259.8,9166.12,118857.1,2024-02-27,PAY-202402-0086
2043,86,2024-03-01,108700.0,5.38,5482.56,0.0,9172.23,10022.42,113332.37,2024-03-26,PAY-202403-0086
2044,86,2024-04-01,108700.0,8.76,8926.99,0.0,156.12,10458.33,107324.78,2024-05-01,PAY-202404-0086
2045,86,2024-05-01,108700.0,3.89,3964.15,0.0,2651.03,19164.75,96150.43,2024-05-30,PAY-202405-0086
2046,86,2024-06-01,108700.0,13.61,13869.44,0.0,13019.73,18704.25,116884.92,2024-06-30,PAY-202406-0086
2047,86,2024-07-01,108700.0,8.0,8152.5,31101.94,5729.71,14674.2,139009.95,2024-07-31,PAY-202407-0086
2048,86,2024-08-01,108700.0,7.95,8101.55,0.0,8263.17,16977.87,108086.85,2024-08-27,PAY-202408-0086
2049,86,2024-09-01,108700.0,6.36,6481.24,0.0,3058.78,14334.71,103905.31,2024-09-29,PAY-202409-0086
2050,86,2024-10-01,108700.0,8.78,8947.37,0.0,3475.85,15698.15,105425.07,2024-10-28,PAY-202410-0086
2051,86,2024-11-01,108700.0,12.13,12361.23,0.0,7185.1,12443.43,115802.9,2024-11-29,PAY-202411-0086
2052,86,2024-12-01,108700.0,3.66,3729.77,0.0,12935.28,8103.78,117261.27,2024-12-29,PAY-202412-0086
2053,86,2025-01-01,108700.0,4.71,4799.78,0.0,2706.1,9420.57,106785.31,2025-01-28,PAY-202501-0086
2054,86,2025-02-01,108700.0,6.48,6603.53,0.0,2666.01,11005.4,106964.14,2025-03-02,PAY-202502-0086
2055,86,2025-03-01,108700.0,1.27,1294.21,0.0,2152.84,11460.39,100686.66,2025-03-29,PAY-202503-0086
2056,86,2025-04-01,108700.0,3.9,3974.34,0.0,14555.78,6851.4,120378.72,2025-04-30,PAY-202504-0086
2057,86,2025-05-01,108700.0,5.62,5727.13,0.0,11256.66,5601.58,120082.21,2025-05-26,PAY-202505-0086
2058,86,2025-06-01,108700.0,12.37,12605.8,0.0,310.74,17115.15,104501.39,2025-07-01,PAY-202506-0086
2059,86,2025-07-01,108700.0,9.31,9487.47,0.0,1982.69,16317.53,103852.63,2025-07-28,PAY-202507-0086
2060,86,2025-08-01,108700.0,8.97,9140.99,0.0,9410.77,5625.72,121626.04,2025-08-26,PAY-202508-0086
2061,86,2025-09-01,108700.0,12.25,12483.52,0.0,1595.08,15837.27,106941.33,2025-09-28,PAY-202509-0086
2062,86,2025-10-01,108700.0,7.31,7449.35,0.0,1274.48,7402.46,110021.37,2025-10-30,PAY-202510-0086
2063,86,2025-11-01,108700.0,9.95,10139.67,0.0,12231.97,9778.66,121292.98,2025-11-29,PAY-202511-0086
2064,86,2025-12-01,108700.0,7.48,7622.59,0.0,838.13,15214.23,101946.49,2025-12-31,PAY-202512-0086
2065,87,2024-01-01,89000.0,9.33,7784.72,0.0,318.12,4965.16,92137.68,2024-01-30,PAY-202401-0087
2066,87,2024-02-01,89000.0,5.09,4246.97,0.0,7673.14,14128.11,86792.0,2024-02-27,PAY-202402-0087
2067,87,2024-03-01,89000.0,0.0,0.0,12850.95,3400.13,8908.88,96342.2,2024-03-28,PAY-202403-0087
2068,87,2024-04-01,89000.0,7.33,6115.97,0.0,3388.27,14619.92,83884.32,2024-04-29,PAY-202404-0087
2069,87,2024-05-01,89000.0,15.11,12607.41,0.0,10722.77,14881.68,97448.5,2024-05-29,PAY-202405-0087
2070,87,2024-06-01,89000.0,12.63,10538.16,0.0,1652.03,5627.09,95563.1,2024-06-28,PAY-202406-0087
2071,87,2024-07-01,89000.0,12.83,10705.03,0.0,9235.45,5819.32,103121.16,2024-07-26,PAY-202407-0087
2072,87,2024-08-01,89000.0,14.18,11831.44,0.0,9067.6,6510.24,103388.8,2024-08-30,PAY-202408-0087
2073,87,2024-09-01,89000.0,8.44,7042.12,0.0,2720.48,9370.08,89392.52,2024-10-01,PAY-202409-0087
2074,87,2024-10-01,89000.0,8.99,7501.03,0.0,9371.37,7770.65,98101.75,2024-10-26,PAY-202410-0087
2075,87,2024-11-01,89000.0,4.91,4096.78,0.0,7488.76,8720.63,91864.91,2024-11-28,PAY-202411-0087
2076,87,2024-12-01,89000.0,6.42,5356.69,0.0,10669.6,5333.6,99692.69,2024-12-26,PAY-202412-0087
2077,87,2025-01-01,89000.0,11.08,9244.88,0.0,14670.74,13448.96,99466.66,2025-01-27,PAY-202501-0087
2078,87,2025-02-01,89000.0,14.02,11697.94,0.0,5858.99,12795.94,93760.99,2025-03-01,PAY-202502-0087
2079,87,2025-03-01,89000.0,7.3,6090.94,0.0,1697.46,9395.63,87392.77,2025-03-31,PAY-202503-0087
2080,87,2025-04-01,89000.0,5.75,4797.66,0.0,1356.71,15959.51,79194.86,2025-04-27,PAY-202504-0087
2081,87,2025-05-01,89000.0,8.0,6675.0,0.0,5289.13,10167.97,90796.16,2025-05-29,PAY-202505-0087
2082,87,2025-06-01,89000.0,11.01,9186.47,0.0,6209.17,13630.81,90764.83,2025-06-28,PAY-202506-0087
2083,87,2025-07-01,89000.0,0.78,650.81,0.0,14160.45,15112.97,88698.29,2025-07-29,PAY-202507-0087
2084,87,2025-08-01,89000.0,0.0,0.0,0.0,7456.53,10625.73,85830.8,2025-08-30,PAY-202508-0087
2085,87,2025-09-01,89000.0,5.25,4380.47,0.0,3451.72,5417.46,91414.73,2025-10-01,PAY-202509-0087
2086,87,2025-10-01,89000.0,1.9,1585.31,0.0,8668.15,12473.78,86779.68,2025-10-31,PAY-202510-0087
2087,87,2025-11-01,89000.0,5.46,4555.69,0.0,1308.75,8634.98,86229.46,2025-11-27,PAY-202511-0087
2088,87,2025-12-01,89000.0,7.26,6057.56,0.0,257.32,10910.39,84404.49,2025-12-27,PAY-202512-0087
2089,88,2024-01-01,126100.0,5.73,6773.93,0.0,893.66,12031.85,121735.74,2024-01-27,PAY-202401-0088
2090,88,2024-02-01,126100.0,15.26,18040.18,0.0,2162.1,20293.35,126008.93,2024-02-29,PAY-202402-0088
2091,88,2024-03-01,126100.0,9.63,11384.47,0.0,12417.33,7220.81,142680.99,2024-03-27,PAY-202403-0088
2092,88,2024-04-01,126100.0,9.5,11230.78,29352.33,2146.15,18322.41,150506.85,2024-05-01,PAY-202404-0088
2093,88,2024-05-01,126100.0,11.11,13134.1,0.0,5575.26,17803.08,127006.28,2024-05-31,PAY-202405-0088
2094,88,2024-06-01,126100.0,2.31,2730.85,0.0,7152.4,16041.22,119942.03,2024-06-27,PAY-202406-0088
2095,88,2024-07-01,126100.0,13.2,15604.88,17783.55,1184.9,7568.33,153105.0,2024-07-30,PAY-202407-0088
2096,88,2024-08-01,126100.0,7.62,9008.27,0.0,6247.42,18852.49,122503.2,2024-08-29,PAY-202408-0088
2097,88,2024-09-01,126100.0,11.35,13417.83,0.0,11221.61,17756.56,132982.88,2024-09-28,PAY-202409-0088
2098,88,2024-10-01,126100.0,2.64,3120.98,0.0,10838.36,13583.06,126476.28,2024-10-31,PAY-202410-0088
2099,88,2024-11-01,126100.0,0.23,271.9,0.0,4301.54,8860.46,121812.98,2024-12-01,PAY-202411-0088
2100,88,2024-12-01,126100.0,12.09,14292.65,31289.65,7549.43,6483.15,172748.58,2024-12-29,PAY-202412-0088
2101,88,2025-01-01,126100.0,9.88,11680.01,0.0,13139.65,15389.28,135530.38,2025-01-28,PAY-202501-0088
2102,88,2025-02-01,126100.0,3.49,4125.83,0.0,7528.09,17933.42,119820.5,2025-03-01,PAY-202502-0088
2103,88,2025-03-01,126100.0,3.65,4314.98,0.0,4077.41,7812.12,126680.27,2025-03-29,PAY-202503-0088
2104,88,2025-04-01,126100.0,13.63,16113.22,0.0,1877.0,9778.09,134312.13,2025-04-30,PAY-202504-0088
2105,88,2025-05-01,126100.0,2.05,2423.48,18730.18,12337.57,22304.36,137286.87,2025-05-30,PAY-202505-0088
2106,88,2025-06-01,126100.0,16.21,19163.26,0.0,12248.38,13984.07,143527.57,2025-06-28,PAY-202506-0088
2107,88,2025-07-01,126100.0,3.5,4137.66,0.0,6076.5,12542.05,123772.11,2025-07-26,PAY-202507-0088
2108,88,2025-08-01,126100.0,11.19,13228.68,0.0,9699.71,9497.22,139531.17,2025-08-26,PAY-202508-0088
2109,88,2025-09-01,126100.0,6.36,7518.71,17694.56,11681.96,11804.39,151190.84,2025-09-27,PAY-202509-0088
2110,88,2025-10-01,126100.0,11.02,13027.71,0.0,8123.52,7375.78,139875.45,2025-10-30,PAY-202510-0088
2111,88,2025-11-01,126100.0,5.28,6241.95,36839.05,2816.16,9611.89,162385.27,2025-11-26,PAY-202511-0088
2112,88,2025-12-01,126100.0,7.19,8499.93,0.0,1275.59,15651.02,120224.5,2025-12-26,PAY-202512-0088
2113,89,2024-01-01,200800.0,8.2,15436.5,0.0,11853.39,11232.45,216857.44,2024-01-28,PAY-202401-0089
2114,89,2024-02-01,200800.0,2.99,5628.68,15801.17,14708.12,29661.84,207276.13,2024-02-29,PAY-202402-0089
2115,89,2024-03-01,200800.0,11.7,22025.25,0.0,4717.09,20237.3,207305.04,2024-03-28,PAY-202403-0089
2116,89,2024-04-01,200800.0,5.43,10221.98,0.0,10539.85,12582.0,208979.83,2024-04-29,PAY-202404-0089
2117,89,2024-05-01,200800.0,6.86,12913.95,0.0,7553.68,23148.83,198118.8,2024-05-27,PAY-202405-0089
2118,89,2024-06-01,200800.0,3.03,5703.97,32862.43,7154.3,32719.48,213801.22,2024-06-26,PAY-202406-0089
2119,89,2024-07-01,200800.0,0.0,0.0,0.0,2273.07,22128.92,180944.15,2024-07-31,PAY-202407-0089
2120,89,2024-08-01,200800.0,7.04,13252.8,30146.19,13266.03,31118.35,226346.67,2024-08-31,PAY-202408-0089
2121,89,2024-09-01,200800.0,20.06,37762.95,0.0,10778.32,35972.15,213369.12,2024-09-30,PAY-202409-0089
2122,89,2024-10-01,200800.0,11.92,22439.4,0.0,10930.81,27044.01,207126.2,2024-10-28,PAY-202410-0089
2123,89,2024-11-01,200800.0,7.9,14871.75,0.0,1967.96,17632.13,200007.58,2024-11-30,PAY-202411-0089
2124,89,2024-12-01,200800.0,6.69,12593.93,0.0,6463.52,33290.31,186567.14,2024-12-31,PAY-202412-0089
2125,89,2025-01-01,200800.0,8.11,15267.07,0.0,3132.31,25973.55,193225.83,2025-01-26,PAY-202501-0089
2126,89,2025-02-01,200800.0,10.74,20218.05,0.0,8503.51,35997.94,193523.62,2025-02-26,PAY-202502-0089
2127,89,2025-03-01,200800.0,2.1,3953.25,0.0,2139.34,32762.42,174130.17,2025-03-30,PAY-202503-0089
2128,89,2025-04-01,200800.0,13.57,25545.53,0.0,11960.75,33406.6,204899.68,2025-04-29,PAY-202504-0089
2129,89,2025-05-01,200800.0,11.58,21799.35,15980.15,14010.84,14255.08,238335.26,2025-05-28,PAY-202505-0089
2130,89,2025-06-01,200800.0,11.59,21818.17,0.0,5300.53,11896.88,216021.82,2025-07-01,PAY-202506-0089
2131,89,2025-07-01,200800.0,10.19,19182.67,0.0,3869.16,22394.0,201457.83,2025-07-28,PAY-202507-0089
2132,89,2025-08-01,200800.0,8.1,15248.25,0.0,6630.68,34164.29,188514.64,2025-08-26,PAY-202508-0089
2133,89,2025-09-01,200800.0,11.36,21385.2,0.0,7323.88,19528.08,209981.0,2025-09-28,PAY-202509-0089
2134,89,2025-10-01,200800.0,10.96,20632.2,0.0,12855.01,33981.03,200306.18,2025-10-27,PAY-202510-0089
2135,89,2025-11-01,200800.0,6.23,11727.98,0.0,7687.19,26345.39,193869.78,2025-11-28,PAY-202511-0089
2136,89,2025-12-01,200800.0,5.13,9657.23,0.0,10233.01,23247.12,197443.12,2025-12-28,PAY-202512-0089
2137,90,2024-01-01,130000.0,8.51,10371.56,0.0,14868.72,7221.22,148019.06,2024-01-31,PAY-202401-0090
2138,90,2024-02-01,130000.0,15.75,19195.31,32670.67,10496.18,15977.53,176384.63,2024-02-27,PAY-202402-0090
2139,90,2024-03-01,130000.0,1.8,2193.75,0.0,4359.91,9173.68,127379.98,2024-03-29,PAY-202403-0090
2140,90,2024-04-01,130000.0,0.66,804.38,0.0,3345.77,21273.29,112876.86,2024-05-01,PAY-202404-0090
2141,90,2024-05-01,130000.0,8.82,10749.38,21305.72,9637.27,21712.14,149980.23,2024-05-29,PAY-202405-0090
2142,90,2024-06-01,130000.0,8.25,10054.69,11309.57,1625.22,22716.36,130273.12,2024-06-29,PAY-202406-0090
2143,90,2024-07-01,130000.0,8.87,10810.31,0.0,2992.06,12055.38,131746.99,2024-07-28,PAY-202407-0090
2144,90,2024-08-01,130000.0,9.22,11236.88,0.0,9065.54,10093.53,140208.89,2024-08-31,PAY-202408-0090
2145,90,2024-09-01,130000.0,6.88,8385.0,0.0,4175.63,7146.97,135413.66,2024-09-27,PAY-202409-0090
2146,90,2024-10-01,130000.0,15.45,18829.69,0.0,2182.71,10107.65,140904.75,2024-10-30,PAY-202410-0090
2147,90,2024-11-01,130000.0,0.0,0.0,26037.71,5704.27,22326.17,139415.81,2024-11-28,PAY-202411-0090
2148,90,2024-12-01,130000.0,3.86,4704.38,0.0,14678.41,10106.81,139275.98,2024-12-27,PAY-202412-0090
2149,90,2025-01-01,130000.0,7.48,9116.25,0.0,14289.68,18054.05,135351.88,2025-01-28,PAY-202501-0090
2150,90,2025-02-01,130000.0,0.0,0.0,0.0,2641.58,8895.37,123746.21,2025-02-28,PAY-202502-0090
2151,90,2025-03-01,130000.0,7.12,8677.5,0.0,4475.05,18536.29,124616.26,2025-03-29,PAY-202503-0090
2152,90,2025-04-01,130000.0,16.31,19877.81,0.0,10044.67,10884.66,149037.82,2025-04-26,PAY-202504-0090
2153,90,2025-05-01,130000.0,8.1,9871.88,36557.46,5130.29,19228.68,162330.95,2025-05-27,PAY-202505-0090
2154,90,2025-06-01,130000.0,9.15,11151.56,0.0,14129.12,14639.47,140641.21,2025-06-30,PAY-202506-0090
2155,90,2025-07-01,130000.0,1.7,2071.88,0.0,2410.34,18274.06,116208.16,2025-07-28,PAY-202507-0090
2156,90,2025-08-01,130000.0,4.92,5996.25,0.0,8554.75,20408.97,124142.03,2025-08-30,PAY-202508-0090
2157,90,2025-09-01,130000.0,6.12,7458.75,0.0,8956.93,7814.97,138600.71,2025-10-01,PAY-202509-0090
2158,90,2025-10-01,130000.0,6.41,7812.19,0.0,2169.26,17722.66,122258.79,2025-10-31,PAY-202510-0090
2159,90,2025-11-01,130000.0,14.41,17562.19,0.0,11050.79,11849.11,146763.87,2025-11-27,PAY-202511-0090
2160,90,2025-12-01,130000.0,10.79,13150.31,0.0,14007.29,14940.63,142216.97,2025-12-28,PAY-202512-0090
2161,91,2024-01-01,59100.0,2.44,1351.91,38949.16,6095.8,6955.47,98541.4,2024-01-26,PAY-202401-0091
2162,91,2024-02-01,59100.0,9.23,5114.0,0.0,14149.86,9541.38,68822.48,2024-03-02,PAY-202402-0091
2163,91,2024-03-01,59100.0,10.49,5812.12,0.0,14541.86,3703.68,75750.3,2024-03-27,PAY-202403-0091
2164,91,2024-04-01,59100.0,13.7,7590.66,0.0,2814.85,8305.8,61199.71,2024-04-27,PAY-202404-0091
2165,91,2024-05-01,59100.0,15.9,8809.59,0.0,3242.06,4566.61,66585.04,2024-05-27,PAY-202405-0091
2166,91,2024-06-01,59100.0,2.92,1617.86,0.0,8652.55,3065.41,66305.0,2024-06-28,PAY-202406-0091
2167,91,2024-07-01,59100.0,3.95,2188.55,36382.92,7531.28,9621.99,95580.76,2024-07-31,PAY-202407-0091
2168,91,2024-08-01,59100.0,1.71,947.45,0.0,14985.72,6136.17,68897.0,2024-08-28,PAY-202408-0091
2169,91,2024-09-01,59100.0,6.83,3784.25,0.0,8137.01,6974.51,64046.75,2024-09-28,PAY-202409-0091
2170,91,2024-10-01,59100.0,10.33,5723.47,11153.48,6425.75,4314.09,78088.61,2024-10-30,PAY-202410-0091
2171,91,2024-11-01,59100.0,12.94,7169.57,0.0,6538.14,5144.87,67662.84,2024-12-01,PAY-202411-0091
2172,91,2024-12-01,59100.0,7.62,4221.96,0.0,6562.41,5131.2,64753.17,2024-12-30,PAY-202412-0091
2173,91,2025-01-01,59100.0,6.4,3546.0,0.0,13588.24,3717.35,72516.89,2025-01-26,PAY-202501-0091
2174,91,2025-02-01,59100.0,8.76,4853.59,0.0,1557.18,7946.07,57564.7,2025-03-02,PAY-202502-0091
2175,91,2025-03-01,59100.0,3.82,2116.52,0.0,1555.13,8716.82,54054.83,2025-03-30,PAY-202503-0091
2176,91,2025-04-01,59100.0,18.45,10222.45,0.0,1495.53,6367.05,64450.93,2025-04-30,PAY-202504-0091
2177,91,2025-05-01,59100.0,0.0,0.0,0.0,10015.65,9498.65,59617.0,2025-05-27,PAY-202505-0091
2178,91,2025-06-01,59100.0,8.92,4942.24,0.0,6819.45,5882.84,64978.85,2025-06-27,PAY-202506-0091
2179,91,2025-07-01,59100.0,18.12,10039.61,0.0,14258.27,5648.76,77749.12,2025-07-29,PAY-202507-0091
2180,91,2025-08-01,59100.0,8.03,4449.12,0.0,12306.27,8362.56,67492.83,2025-08-31,PAY-202508-0091
2181,91,2025-09-01,59100.0,7.05,3906.14,0.0,14094.25,8964.61,68135.78,2025-09-30,PAY-202509-0091
2182,91,2025-10-01,59100.0,6.21,3440.73,0.0,13194.11,4987.15,70747.69,2025-10-29,PAY-202510-0091
2183,91,2025-11-01,59100.0,7.1,3933.84,0.0,62.36,9939.3,53156.9,2025-11-26,PAY-202511-0091
2184,91,2025-12-01,59100.0,14.86,8233.37,10368.14,5616.09,9229.76,74087.84,2025-12-31,PAY-202512-0091
2185,92,2024-01-01,214400.0,0.0,0.0,0.0,5026.35,37453.72,181972.63,2024-01-29,PAY-202401-0092
2186,92,2024-02-01,214400.0,15.67,31496.7,0.0,14602.35,16089.83,244409.22,2024-03-02,PAY-202402-0092
2187,92,2024-03-01,214400.0,0.88,1768.8,0.0,773.71,36695.04,180247.47,2024-03-29,PAY-202403-0092
2188,92,2024-04-01,214400.0,6.67,13406.7,0.0,9544.1,37960.86,199389.94,2024-04-27,PAY-202404-0092
2189,92,2024-05-01,214400.0,5.85,11758.5,0.0,4771.87,15136.14,215794.23,2024-05-27,PAY-202405-0092
2190,92,2024-06-01,214400.0,10.94,21989.4,33041.02,7563.86,28319.53,248674.75,2024-06-29,PAY-202406-0092
2191,92,2024-07-01,214400.0,0.01,20.1,0.0,9409.78,17973.13,205856.75,2024-07-30,PAY-202407-0092
2192,92,2024-08-01,214400.0,10.31,20723.1,0.0,4836.07,13319.19,226639.98,2024-08-26,PAY-202408-0092
2193,92,2024-09-01,214400.0,18.12,36421.2,0.0,9433.41,27256.13,232998.48,2024-09-26,PAY-202409-0092
2194,92,2024-10-01,214400.0,1.18,2371.8,0.0,8155.09,37822.73,187104.16,2024-10-30,PAY-202410-0092
2195,92,2024-11-01,214400.0,8.95,17989.5,0.0,11135.09,14358.63,229165.96,2024-11-29,PAY-202411-0092
2196,92,2024-12-01,214400.0,4.69,9426.9,0.0,11663.85,15919.67,219571.08,2024-12-31,PAY-202412-0092
2197,92,2025-01-01,214400.0,10.13,20361.3,0.0,4453.84,25643.15,213571.99,2025-01-27,PAY-202501-0092
2198,92,2025-02-01,214400.0,8.1,16281.0,0.0,12106.46,21258.6,221528.86,2025-02-28,PAY-202502-0092
2199,92,2025-03-01,214400.0,4.79,9627.9,0.0,4124.47,36779.65,191372.72,2025-03-31,PAY-202503-0092
2200,92,2025-04-01,214400.0,10.44,20984.4,39467.92,13004.09,13811.88,274044.53,2025-04-30,PAY-202504-0092
2201,92,2025-05-01,214400.0,17.02,34210.2,0.0,2127.53,18022.32,232715.41,2025-05-27,PAY-202505-0092
2202,92,2025-06-01,214400.0,7.05,14170.5,22298.58,5420.96,34085.54,222204.5,2025-06-29,PAY-202506-0092
2203,92,2025-07-01,214400.0,11.6,23316.0,32840.45,6206.18,24280.21,252482.42,2025-07-31,PAY-202507-0092
2204,92,2025-08-01,214400.0,1.53,3075.3,29056.77,5628.82,19460.24,232700.65,2025-08-29,PAY-202508-0092
2205,92,2025-09-01,214400.0,3.22,6472.2,0.0,2697.1,11002.63,212566.67,2025-09-27,PAY-202509-0092
2206,92,2025-10-01,214400.0,10.36,20823.6,0.0,9468.2,34545.23,210146.57,2025-10-26,PAY-202510-0092
2207,92,2025-11-01,214400.0,15.42,30994.2,0.0,14906.09,24207.57,236092.72,2025-11-30,PAY-202511-0092
2208,92,2025-12-01,214400.0,9.78,19657.8,0.0,75.22,25262.18,208870.84,2025-12-28,PAY-202512-0092
2209,93,2024-01-01,62400.0,6.43,3761.55,0.0,2892.68,3359.75,65694.48,2024-01-26,PAY-202401-0093
2210,93,2024-02-01,62400.0,8.0,4680.0,0.0,11414.41,4874.68,73619.73,2024-02-28,PAY-202402-0093
2211,93,2024-03-01,62400.0,1.75,1023.75,12593.52,4913.1,4902.7,76027.67,2024-03-31,PAY-202403-0093
2212,93,2024-04-01,62400.0,11.02,6446.7,0.0,1898.7,5339.98,65405.42,2024-04-27,PAY-202404-0093
2213,93,2024-05-01,62400.0,12.41,7259.85,0.0,5228.3,7593.74,67294.41,2024-05-28,PAY-202405-0093
2214,93,2024-06-01,62400.0,5.74,3357.9,0.0,12135.18,6657.33,71235.75,2024-06-29,PAY-202406-0093
2215,93,2024-07-01,62400.0,5.65,3305.25,0.0,3751.4,4725.17,64731.48,2024-07-31,PAY-202407-0093
2216,93,2024-08-01,62400.0,75.57,44208.45,0.0,5892.39,7854.55,104646.29,2024-08-30,PAY-202408-0093
2217,93,2024-09-01,62400.0,5.82,3404.7,0.0,11911.49,10856.92,66859.27,2024-09-29,PAY-202409-0093
2218,93,2024-10-01,62400.0,7.67,4486.95,0.0,6692.37,7957.43,65621.89,2024-10-28,PAY-202410-0093
2219,93,2024-11-01,62400.0,18.5,10822.5,0.0,9343.66,8046.38,74519.78,2024-11-29,PAY-202411-0093
2220,93,2024-12-01,62400.0,6.76,3954.6,0.0,5293.73,10403.72,61244.61,2024-12-26,PAY-202412-0093
2221,93,2025-01-01,62400.0,6.21,3632.85,0.0,13341.75,10892.09,68482.51,2025-01-28,PAY-202501-0093
2222,93,2025-02-01,62400.0,4.76,2784.6,0.0,4402.1,9826.08,59760.62,2025-03-03,PAY-202502-0093
2223,93,2025-03-01,62400.0,11.72,6856.2,0.0,7957.47,6351.06,70862.61,2025-03-26,PAY-202503-0093
2224,93,2025-04-01,62400.0,7.09,4147.65,0.0,4840.22,9535.75,61852.12,2025-04-28,PAY-202504-0093
2225,93,2025-05-01,62400.0,4.75,2778.75,0.0,3227.76,6134.91,62271.6,2025-05-27,PAY-202505-0093
2226,93,2025-06-01,62400.0,14.61,8546.85,0.0,1834.55,5704.4,67077.0,2025-06-26,PAY-202506-0093
2227,93,2025-07-01,62400.0,70.25,41096.25,0.0,3206.59,7723.31,98979.53,2025-07-28,PAY-202507-0093
2228,93,2025-08-01,62400.0,5.0,2925.0,0.0,8424.61,6247.91,67501.7,2025-08-30,PAY-202508-0093
2229,93,2025-09-01,62400.0,0.0,0.0,0.0,3261.95,7670.5,57991.45,2025-10-01,PAY-202509-0093
2230,93,2025-10-01,62400.0,13.04,7628.4,0.0,13250.4,10095.61,73183.19,2025-10-26,PAY-202510-0093
2231,93,2025-11-01,62400.0,4.58,2679.3,0.0,9694.05,8653.45,66119.9,2025-11-29,PAY-202511-0093
2232,93,2025-12-01,62400.0,11.95,6990.75,0.0,4801.82,4719.06,69473.51,2025-12-29,PAY-202512-0093
2233,94,2024-01-01,206200.0,0.0,0.0,0.0,14853.9,21601.69,199452.21,2024-01-26,PAY-202401-0094
2234,94,2024-02-01,206200.0,12.46,24086.74,0.0,9021.46,26156.93,213151.27,2024-02-27,PAY-202402-0094
2235,94,2024-03-01,206200.0,1.94,3750.26,0.0,4275.55,27564.13,186661.68,2024-03-30,PAY-202403-0094
2236,94,2024-04-01,206200.0,11.65,22520.91,0.0,13674.65,17932.71,224462.85,2024-04-29,PAY-202404-0094
2237,94,2024-05-01,206200.0,8.07,15600.32,23671.35,7912.71,19354.07,234030.31,2024-05-26,PAY-202405-0094
2238,94,2024-06-01,206200.0,3.23,6243.99,8329.19,12037.7,29697.54,203113.34,2024-06-28,PAY-202406-0094
2239,94,2024-07-01,206200.0,5.96,11521.42,0.0,5187.37,12448.24,210460.55,2024-07-28,PAY-202407-0094
2240,94,2024-08-01,206200.0,11.43,22095.62,0.0,706.09,18310.08,210691.63,2024-08-29,PAY-202408-0094
2241,94,2024-09-01,206200.0,8.53,16489.56,0.0,9616.46,34716.11,197589.91,2024-09-28,PAY-202409-0094
2242,94,2024-10-01,206200.0,10.92,21109.72,0.0,1541.15,16314.93,212535.94,2024-10-26,PAY-202410-0094
2243,94,2024-11-01,206200.0,17.88,34564.28,0.0,14903.11,33400.39,222267.0,2024-12-01,PAY-202411-0094
2244,94,2024-12-01,206200.0,0.18,347.96,0.0,2552.87,15434.23,193666.6,2024-12-28,PAY-202412-0094
2245,94,2025-01-01,206200.0,16.09,31103.98,0.0,8063.38,10442.46,234924.9,2025-01-31,PAY-202501-0094
2246,94,2025-02-01,206200.0,8.52,16470.22,0.0,3895.32,31351.21,195214.33,2025-02-26,PAY-202502-0094
2247,94,2025-03-01,206200.0,3.51,6785.27,15650.15,3955.91,28750.43,203840.9,2025-03-29,PAY-202503-0094
2248,94,2025-04-01,206200.0,1.35,2609.72,0.0,2555.08,14002.88,197361.92,2025-04-29,PAY-202504-0094
2249,94,2025-05-01,206200.0,7.05,13628.53,16176.64,2220.02,25968.2,212256.99,2025-05-29,PAY-202505-0094
2250,94,2025-06-01,206200.0,12.61,24376.71,0.0,10023.53,24296.4,216303.84,2025-06-27,PAY-202506-0094
2251,94,2025-07-01,206200.0,7.36,14227.8,0.0,9919.03,36482.02,193864.81,2025-07-28,PAY-202507-0094
2252,94,2025-08-01,206200.0,15.56,30079.42,0.0,7240.59,12770.77,230749.24,2025-08-28,PAY-202508-0094
2253,94,2025-09-01,206200.0,0.74,1430.51,0.0,5295.15,32707.54,180218.12,2025-09-27,PAY-202509-0094
2254,94,2025-10-01,206200.0,7.94,15349.01,0.0,11029.02,15829.12,216748.91,2025-10-26,PAY-202510-0094
2255,94,2025-11-01,206200.0,1.74,3363.64,22311.2,3187.13,28283.39,206778.58,2025-11-29,PAY-202511-0094
2256,94,2025-12-01,206200.0,9.82,18983.29,0.0,2818.76,13112.16,214889.89,2025-12-27,PAY-202512-0094
2257,95,2024-01-01,80200.0,12.43,9345.81,0.0,11424.04,9368.21,91601.64,2024-01-28,PAY-202401-0095
2258,95,2024-02-01,80200.0,5.9,4436.06,0.0,4677.38,8743.63,80569.81,2024-02-27,PAY-202402-0095
2259,95,2024-03-01,80200.0,0.0,0.0,0.0,1584.91,5366.01,76418.9,2024-03-28,PAY-202403-0095
2260,95,2024-04-01,80200.0,8.99,6759.36,0.0,6786.48,10479.1,83266.74,2024-04-27,PAY-202404-0095
2261,95,2024-05-01,80200.0,10.18,7654.09,0.0,2819.3,6906.74,83766.65,2024-05-27,PAY-202405-0095
2262,95,2024-06-01,80200.0,10.02,7533.79,0.0,14272.42,10028.33,91977.88,2024-06-26,PAY-202406-0095
2263,95,2024-07-01,80200.0,14.18,10661.59,0.0,13142.94,11777.64,92226.89,2024-07-27,PAY-202407-0095
2264,95,2024-08-01,80200.0,2.64,1984.95,21129.64,4001.35,8975.28,98340.66,2024-08-30,PAY-202408-0095
2265,95,2024-09-01,80200.0,11.4,8571.38,0.0,3983.68,13674.15,79080.91,2024-09-26,PAY-202409-0095
2266,95,2024-10-01,80200.0,13.96,10496.18,0.0,3180.99,8148.37,85728.8,2024-10-29,PAY-202410-0095
2267,95,2024-11-01,80200.0,0.0,0.0,0.0,797.36,6852.01,74145.35,2024-11-26,PAY-202411-0095
2268,95,2024-12-01,80200.0,9.6,7218.0,18388.29,13920.3,6031.93,113694.66,2024-12-27,PAY-202412-0095
2269,95,2025-01-01,80200.0,5.48,4120.28,0.0,8910.74,9531.22,83699.8,2025-01-29,PAY-202501-0095
2270,95,2025-02-01,80200.0,7.59,5706.73,0.0,1637.77,4529.96,83014.54,2025-02-27,PAY-202502-0095
2271,95,2025-03-01,80200.0,9.74,7323.26,0.0,3293.7,4564.01,86252.95,2025-03-26,PAY-202503-0095
2272,95,2025-04-01,80200.0,5.56,4180.42,0.0,3581.51,9558.01,78403.92,2025-04-28,PAY-202504-0095
2273,95,2025-05-01,80200.0,4.62,3473.66,0.0,9303.31,11473.17,81503.8,2025-05-29,PAY-202505-0095
2274,95,2025-06-01,80200.0,8.17,6142.82,0.0,3298.32,12601.74,77039.4,2025-07-01,PAY-202506-0095
2275,95,2025-07-01,80200.0,2.56,1924.8,0.0,3085.58,12202.0,73008.38,2025-07-28,PAY-202507-0095
2276,95,2025-08-01,80200.0,2.57,1932.32,0.0,10587.8,7012.47,85707.65,2025-08-26,PAY-202508-0095
2277,95,2025-09-01,80200.0,11.4,8571.38,22613.41,10507.07,8980.68,112911.18,2025-09-28,PAY-202509-0095
2278,95,2025-10-01,80200.0,2.26,1699.24,0.0,10319.04,5784.84,86433.44,2025-10-31,PAY-202510-0095
2279,95,2025-11-01,80200.0,11.33,8518.74,11557.05,13498.04,5488.76,108285.07,2025-11-26,PAY-202511-0095
2280,95,2025-12-01,80200.0,10.31,7751.83,0.0,6418.84,4227.14,90143.53,2025-12-28,PAY-202512-0095
2281,96,2024-01-01,155400.0,0.0,0.0,0.0,2560.88,23128.79,134832.09,2024-01-26,PAY-202401-0096
2282,96,2024-02-01,155400.0,4.61,6716.19,0.0,14543.12,19550.98,157108.33,2024-02-29,PAY-202402-0096
2283,96,2024-03-01,155400.0,13.97,20352.54,0.0,7088.52,8682.66,174158.4,2024-03-26,PAY-202403-0096
2284,96,2024-04-01,155400.0,3.09,4501.74,0.0,14856.2,24645.92,150112.02,2024-04-30,PAY-202404-0096
2285,96,2024-05-01,155400.0,5.68,8275.05,0.0,11324.89,23431.73,151568.21,2024-05-26,PAY-202405-0096
2286,96,2024-06-01,155400.0,10.31,15020.38,0.0,11042.8,16913.76,164549.42,2024-07-01,PAY-202406-0096
2287,96,2024-07-01,155400.0,11.92,17365.95,0.0,8185.73,21172.18,159779.5,2024-07-28,PAY-202407-0096
2288,96,2024-08-01,155400.0,6.74,9819.34,0.0,203.42,14893.76,150529.0,2024-08-31,PAY-202408-0096
2289,96,2024-09-01,155400.0,5.01,7298.94,0.0,7767.47,21182.86,149283.55,2024-09-30,PAY-202409-0096
2290,96,2024-10-01,155400.0,15.11,22013.38,0.0,4049.06,18261.08,163201.36,2024-10-31,PAY-202410-0096
2291,96,2024-11-01,155400.0,16.69,24315.24,39252.31,12843.98,21090.53,210721.0,2024-11-27,PAY-202411-0096
2292,96,2024-12-01,155400.0,12.89,18779.12,0.0,463.57,19438.36,155204.33,2024-12-31,PAY-202412-0096
2293,96,2025-01-01,155400.0,8.43,12281.46,0.0,5391.3,22807.66,150265.1,2025-01-27,PAY-202501-0096
2294,96,2025-02-01,155400.0,3.96,5769.23,0.0,5666.67,9950.44,156885.46,2025-02-28,PAY-202502-0096
2295,96,2025-03-01,155400.0,3.85,5608.97,0.0,10182.02,25936.07,145254.92,2025-03-29,PAY-202503-0096
2296,96,2025-04-01,155400.0,10.61,15457.44,0.0,13141.39,11304.39,172694.44,2025-05-01,PAY-202504-0096
2297,96,2025-05-01,155400.0,10.09,14699.87,0.0,4967.94,19671.96,155395.85,2025-05-28,PAY-202505-0096
2298,96,2025-06-01,155400.0,15.01,21867.69,0.0,616.5,18276.61,159607.58,2025-06-28,PAY-202506-0096
2299,96,2025-07-01,155400.0,11.25,16389.84,0.0,1844.42,23837.32,149796.94,2025-07-30,PAY-202507-0096
2300,96,2025-08-01,155400.0,0.48,699.3,0.0,11885.11,13596.43,154387.98,2025-08-26,PAY-202508-0096
2301,96,2025-09-01,155400.0,13.26,19318.16,0.0,10282.9,17190.55,167810.51,2025-09-27,PAY-202509-0096
2302,96,2025-10-01,155400.0,3.01,4385.19,0.0,4346.73,19045.56,145086.36,2025-10-27,PAY-202510-0096
2303,96,2025-11-01,155400.0,6.08,8857.8,0.0,4323.9,23927.26,144654.44,2025-11-26,PAY-202511-0096
2304,96,2025-12-01,155400.0,9.25,13476.09,0.0,3259.88,24446.16,147689.81,2025-12-26,PAY-202512-0096
2305,97,2024-01-01,196100.0,17.98,33055.11,15703.75,6454.84,26636.84,224676.86,2024-01-26,PAY-202401-0097
2306,97,2024-02-01,196100.0,23.55,43295.2,9820.16,13180.83,29823.72,232572.47,2024-03-01,PAY-202402-0097
2307,97,2024-03-01,196100.0,11.03,20277.97,0.0,11533.28,13757.36,214153.89,2024-03-26,PAY-202403-0097
2308,97,2024-04-01,196100.0,7.08,13016.14,0.0,2139.66,28492.72,182763.08,2024-04-29,PAY-202404-0097
2309,97,2024-05-01,196100.0,10.67,19616.13,0.0,1210.77,15384.34,201542.56,2024-05-29,PAY-202405-0097
2310,97,2024-06-01,196100.0,12.44,22870.16,0.0,3730.93,27102.01,195599.08,2024-06-29,PAY-202406-0097
2311,97,2024-07-01,196100.0,6.4,11766.0,0.0,14503.6,12306.85,210062.75,2024-07-28,PAY-202407-0097
2312,97,2024-08-01,196100.0,16.98,31216.67,0.0,8955.58,14222.99,222049.26,2024-08-29,PAY-202408-0097
2313,97,2024-09-01,196100.0,9.15,16821.7,0.0,4837.2,24544.22,193214.68,2024-10-01,PAY-202409-0097
2314,97,2024-10-01,196100.0,10.49,19285.21,0.0,3750.31,20418.05,198717.47,2024-10-27,PAY-202410-0097
2315,97,2024-11-01,196100.0,11.33,20829.5,0.0,1283.97,24250.99,193962.48,2024-12-01,PAY-202411-0097
2316,97,2024-12-01,196100.0,10.11,18586.6,0.0,2750.58,29750.87,187686.31,2024-12-29,PAY-202412-0097
2317,97,2025-01-01,196100.0,12.19,22410.55,23430.0,10412.0,22648.76,229703.79,2025-01-31,PAY-202501-0097
2318,97,2025-02-01,196100.0,4.91,9026.73,0.0,7025.68,20707.57,191444.84,2025-03-01,PAY-202502-0097
2319,97,2025-03-01,196100.0,5.21,9578.26,0.0,6919.26,33068.85,179528.67,2025-03-26,PAY-202503-0097
2320,97,2025-04-01,196100.0,2.5,4596.09,0.0,6313.78,29074.05,177935.82,2025-04-30,PAY-202504-0097
2321,97,2025-05-01,196100.0,10.2,18752.06,0.0,11799.48,24599.16,202052.38,2025-05-28,PAY-202505-0097
2322,97,2025-06-01,196100.0,11.89,21859.02,0.0,8149.04,24223.19,201884.87,2025-06-28,PAY-202506-0097
2323,97,2025-07-01,196100.0,10.29,18917.52,34578.76,1889.04,26887.33,224597.99,2025-07-29,PAY-202507-0097
2324,97,2025-08-01,196100.0,16.37,30095.22,0.0,13123.66,21537.41,217781.47,2025-08-26,PAY-202508-0097
2325,97,2025-09-01,196100.0,7.97,14652.35,14456.12,14792.6,12534.0,227467.07,2025-09-30,PAY-202509-0097
2326,97,2025-10-01,196100.0,11.34,20847.88,15170.19,7222.02,18251.02,221089.07,2025-10-26,PAY-202510-0097
2327,97,2025-11-01,196100.0,2.54,4669.63,0.0,8769.26,22827.36,186711.53,2025-12-01,PAY-202511-0097
2328,97,2025-12-01,196100.0,6.06,11140.93,12177.26,2162.28,28680.63,192899.84,2025-12-29,PAY-202512-0097
2329,98,2024-01-01,209300.0,11.48,22525.91,0.0,13425.79,27869.73,217381.97,2024-01-27,PAY-202401-0098
2330,98,2024-02-01,209300.0,12.25,24036.8,0.0,4663.36,37379.02,200621.14,2024-02-26,PAY-202402-0098
2331,98,2024-03-01,209300.0,6.53,12813.08,0.0,9354.96,15925.84,215542.2,2024-03-26,PAY-202403-0098
2332,98,2024-04-01,209300.0,7.64,14991.11,26132.67,1815.52,13100.56,239138.74,2024-04-27,PAY-202404-0098
2333,98,2024-05-01,209300.0,0.41,804.5,5862.97,7587.07,21095.93,202458.61,2024-05-26,PAY-202405-0098
2334,98,2024-06-01,209300.0,6.21,12185.18,0.0,7255.79,15472.65,213268.32,2024-06-27,PAY-202406-0098
2335,98,2024-07-01,209300.0,12.45,24429.23,0.0,8200.79,32822.27,209107.75,2024-07-31,PAY-202407-0098
2336,98,2024-08-01,209300.0,10.88,21348.6,0.0,9872.39,13817.05,226703.94,2024-08-27,PAY-202408-0098
2337,98,2024-09-01,209300.0,10.5,20602.97,0.0,2772.12,32736.93,199938.16,2024-10-01,PAY-202409-0098
2338,98,2024-10-01,209300.0,8.25,16188.05,0.0,7672.72,29501.2,203659.57,2024-10-27,PAY-202410-0098
2339,98,2024-11-01,209300.0,8.04,15775.99,0.0,4350.54,28627.97,200798.56,2024-11-30,PAY-202411-0098
2340,98,2024-12-01,209300.0,4.7,9222.28,0.0,10015.49,21108.87,207428.9,2024-12-31,PAY-202412-0098
2341,98,2025-01-01,209300.0,11.49,22545.53,0.0,6959.46,32599.35,206205.64,2025-01-27,PAY-202501-0098
2342,98,2025-02-01,209300.0,10.1,19818.09,20997.88,8463.14,10764.83,247814.28,2025-02-28,PAY-202502-0098
2343,98,2025-03-01,209300.0,10.46,20524.48,27764.78,9857.87,22558.84,244888.29,2025-03-28,PAY-202503-0098
2344,98,2025-04-01,209300.0,5.37,10536.95,0.0,7018.61,30138.88,196716.68,2025-04-28,PAY-202504-0098
2345,98,2025-05-01,209300.0,0.0,0.0,10541.01,7509.58,33892.55,193458.04,2025-05-27,PAY-202505-0098
2346,98,2025-06-01,209300.0,13.49,26469.91,0.0,10593.37,21093.5,225269.78,2025-06-26,PAY-202506-0098
2347,98,2025-07-01,209300.0,5.61,11007.87,0.0,2271.04,28312.29,194266.62,2025-07-30,PAY-202507-0098
2348,98,2025-08-01,209300.0,3.69,7240.47,0.0,10727.73,31870.24,195397.96,2025-08-28,PAY-202508-0098
2349,98,2025-09-01,209300.0,11.47,22506.29,0.0,9876.66,35591.88,206091.07,2025-09-26,PAY-202509-0098
2350,98,2025-10-01,209300.0,6.04,11851.61,0.0,9677.01,20709.81,210118.81,2025-10-29,PAY-202510-0098
2351,98,2025-11-01,209300.0,13.3,26097.09,0.0,2705.62,29742.58,208360.13,2025-11-30,PAY-202511-0098
2352,98,2025-12-01,209300.0,11.09,21760.66,0.0,7881.51,13986.44,224955.73,2025-12-28,PAY-202512-0098
2353,99,2024-01-01,233800.0,11.42,25031.21,0.0,8710.87,29455.09,238086.99,2024-01-29,PAY-202401-0099
2354,99,2024-02-01,233800.0,1.17,2564.49,6033.26,10993.16,18732.42,234658.49,2024-03-02,PAY-202402-0099
2355,99,2024-03-01,233800.0,14.06,30817.76,37698.19,7146.2,34786.68,274675.47,2024-03-31,PAY-202403-0099
2356,99,2024-04-01,233800.0,9.31,20406.36,0.0,1581.48,38459.68,217328.16,2024-05-01,PAY-202404-0099
2357,99,2024-05-01,233800.0,6.15,13480.03,0.0,11337.21,24457.19,234160.05,2024-05-26,PAY-202405-0099
2358,99,2024-06-01,233800.0,8.72,19113.15,13766.93,561.27,34483.52,232757.83,2024-06-29,PAY-202406-0099
2359,99,2024-07-01,233800.0,0.0,0.0,0.0,9098.0,37241.61,205656.39,2024-07-27,PAY-202407-0099
2360,99,2024-08-01,233800.0,10.04,22006.42,0.0,10480.89,23167.65,243119.66,2024-08-31,PAY-202408-0099
2361,99,2024-09-01,233800.0,2.85,6246.84,0.0,2996.02,19364.33,223678.53,2024-09-29,PAY-202409-0099
2362,99,2024-10-01,233800.0,1.24,2717.93,0.0,3382.45,34247.03,205653.35,2024-10-29,PAY-202410-0099
2363,99,2024-11-01,233800.0,0.39,854.83,0.0,12130.08,17534.64,229250.27,2024-11-30,PAY-202411-0099
2364,99,2024-12-01,233800.0,13.56,29721.83,38594.13,1443.09,12700.27,290858.78,2024-12-27,PAY-202412-0099
2365,99,2025-01-01,233800.0,4.85,10630.59,0.0,5393.42,24091.58,225732.43,2025-01-30,PAY-202501-0099
2366,99,2025-02-01,233800.0,15.67,34346.68,0.0,5110.67,32429.69,240827.66,2025-03-03,PAY-202502-0099
2367,99,2025-03-01,233800.0,5.32,11660.78,0.0,7442.63,36990.05,215913.36,2025-03-30,PAY-202503-0099
2368,99,2025-04-01,233800.0,0.0,0.0,0.0,7512.75,22525.01,218787.74,2025-04-30,PAY-202504-0099
2369,99,2025-05-01,233800.0,2.42,5304.34,0.0,12023.94,25029.26,226099.02,2025-05-31,PAY-202505-0099
2370,99,2025-06-01,233800.0,14.18,31080.79,0.0,1063.01,14065.1,251878.7,2025-06-30,PAY-202506-0099
2371,99,2025-07-01,233800.0,7.22,15825.34,0.0,1768.91,18698.05,232696.2,2025-07-30,PAY-202507-0099
2372,99,2025-08-01,233800.0,5.26,11529.26,0.0,338.14,36653.44,209013.96,2025-08-28,PAY-202508-0099
2373,99,2025-09-01,233800.0,8.8,19288.5,0.0,3770.73,33065.29,223793.94,2025-09-26,PAY-202509-0099
2374,99,2025-10-01,233800.0,10.51,23036.61,0.0,2367.95,20445.57,238758.99,2025-10-30,PAY-202510-0099
2375,99,2025-11-01,233800.0,13.59,29787.58,0.0,12797.93,40011.4,236374.11,2025-11-30,PAY-202511-0099
2376,99,2025-12-01,233800.0,15.24,33404.18,0.0,9279.67,28283.35,248200.5,2025-12-26,PAY-202512-0099
2377,100,2024-01-01,220800.0,6.2,12834.0,0.0,14053.9,39311.54,208376.36,2024-01-31,PAY-202401-0100
2378,100,2024-02-01,220800.0,1.37,2835.9,16831.58,3913.22,20642.67,223738.03,2024-02-26,PAY-202402-0100
2379,100,2024-03-01,220800.0,5.93,12275.1,0.0,8206.31,32105.08,209176.33,2024-03-31,PAY-202403-0100
2380,100,2024-04-01,220800.0,9.3,19251.0,0.0,934.93,25207.01,215778.92,2024-04-30,PAY-202404-0100
2381,100,2024-05-01,220800.0,3.18,6582.6,0.0,10546.36,33015.04,204913.92,2024-05-26,PAY-202405-0100
2382,100,2024-06-01,220800.0,3.21,6644.7,0.0,1061.45,22987.76,205518.39,2024-07-01,PAY-202406-0100
2383,100,2024-07-01,220800.0,9.72,20120.4,0.0,1208.9,26868.11,215261.19,2024-07-27,PAY-202407-0100
2384,100,2024-08-01,220800.0,7.76,16063.2,0.0,626.11,12061.86,225427.45,2024-08-30,PAY-202408-0100
2385,100,2024-09-01,220800.0,8.16,16891.2,0.0,5253.87,24748.82,218196.25,2024-09-27,PAY-202409-0100
2386,100,2024-10-01,220800.0,4.21,8714.7,6937.48,11604.2,34329.37,213727.01,2024-10-30,PAY-202410-0100
2387,100,2024-11-01,220800.0,6.85,14179.5,0.0,5690.83,30661.91,210008.42,2024-11-26,PAY-202411-0100
2388,100,2024-12-01,220800.0,3.38,6996.6,0.0,782.11,33018.12,195560.59,2024-12-31,PAY-202412-0100
2389,100,2025-01-01,220800.0,12.45,25771.5,0.0,10520.07,26814.14,230277.43,2025-01-26,PAY-202501-0100
2390,100,2025-02-01,220800.0,13.18,27282.6,0.0,13457.2,39242.67,222297.13,2025-02-28,PAY-202502-0100
2391,100,2025-03-01,220800.0,0.0,0.0,0.0,5146.88,37392.24,188554.64,2025-03-27,PAY-202503-0100
2392,100,2025-04-01,220800.0,3.35,6934.5,0.0,8829.26,17559.42,219004.34,2025-05-01,PAY-202504-0100
2393,100,2025-05-01,220800.0,0.52,1076.4,0.0,12116.03,26431.59,207560.84,2025-05-26,PAY-202505-0100
2394,100,2025-06-01,220800.0,4.75,9832.5,0.0,223.48,31701.91,199154.07,2025-06-26,PAY-202506-0100
2395,100,2025-07-01,220800.0,7.58,15690.6,9435.06,2708.9,12294.92,236339.64,2025-07-28,PAY-202507-0100
2396,100,2025-08-01,220800.0,0.75,1552.5,0.0,13356.37,39689.14,196019.73,2025-08-27,PAY-202508-0100
2397,100,2025-09-01,220800.0,3.39,7017.3,0.0,7180.52,14552.69,220445.13,2025-09-26,PAY-202509-0100
2398,100,2025-10-01,220800.0,2.98,6168.6,37842.95,3087.91,31283.64,236615.82,2025-10-28,PAY-202510-0100
2399,100,2025-11-01,220800.0,9.04,18712.8,0.0,12881.4,23771.42,228622.78,2025-11-28,PAY-202511-0100
2400,100,2025-12-01,220800.0,8.35,17284.5,0.0,11703.13,19441.18,230346.45,2025-12-31,PAY-202512-0100
2401,101,2024-01-01,204300.0,4.39,8408.22,0.0,13394.68,18683.57,207419.33,2024-01-30,PAY-202401-0101
2402,101,2024-02-01,204300.0,8.88,17007.98,0.0,809.96,34129.4,187988.54,2024-03-02,PAY-202402-0101
2403,101,2024-03-01,204300.0,5.27,10093.7,0.0,7293.12,12298.45,209388.37,2024-03-27,PAY-202403-0101
2404,101,2024-04-01,204300.0,6.64,12717.67,0.0,7814.92,18313.88,206518.71,2024-04-30,PAY-202404-0101
2405,101,2024-05-01,204300.0,16.37,31353.67,0.0,5585.85,31897.23,209342.29,2024-05-27,PAY-202405-0101
2406,101,2024-06-01,204300.0,14.7,28155.09,13228.68,6604.16,30511.17,221776.76,2024-06-26,PAY-202406-0101
2407,101,2024-07-01,204300.0,1.5,2872.97,34271.38,4054.48,25838.07,219660.76,2024-07-28,PAY-202407-0101
2408,101,2024-08-01,204300.0,12.15,23271.05,0.0,1267.4,17627.42,211211.03,2024-08-30,PAY-202408-0101
2409,101,2024-09-01,204300.0,12.06,23098.67,0.0,282.73,20376.16,207305.24,2024-09-29,PAY-202409-0101
2410,101,2024-10-01,204300.0,2.26,4328.61,12200.55,2766.4,21664.19,201931.37,2024-10-26,PAY-202410-0101
2411,101,2024-11-01,204300.0,12.09,23156.13,0.0,469.59,30479.42,197446.3,2024-11-26,PAY-202411-0101
2412,101,2024-12-01,204300.0,15.69,30051.25,0.0,11317.17,19144.62,226523.8,2024-12-28,PAY-202412-0101
2413,101,2025-01-01,204300.0,2.39,4577.6,0.0,8864.38,30326.86,187415.12,2025-01-28,PAY-202501-0101
2414,101,2025-02-01,204300.0,3.41,6531.22,0.0,9322.96,33208.25,186945.93,2025-03-03,PAY-202502-0101
2415,101,2025-03-01,204300.0,13.09,25071.44,0.0,11286.01,31658.65,208998.8,2025-03-30,PAY-202503-0101
2416,101,2025-04-01,204300.0,9.36,17927.33,0.0,10819.46,28221.19,204825.6,2025-04-30,PAY-202504-0101
2417,101,2025-05-01,204300.0,10.76,20608.76,0.0,8589.04,25308.56,208189.24,2025-05-30,PAY-202505-0101
2418,101,2025-06-01,204300.0,9.7,18578.53,0.0,14404.58,22626.88,214656.23,2025-06-27,PAY-202506-0101
2419,101,2025-07-01,204300.0,9.95,19057.36,100292.47,227.75,31451.28,292426.3,2025-07-28,PAY-202507-0101
2420,101,2025-08-01,204300.0,1.37,2623.98,13747.64,8142.07,19179.52,209634.17,2025-08-29,PAY-202508-0101
2421,101,2025-09-01,204300.0,13.24,25358.74,14599.45,4031.21,16868.38,231421.02,2025-10-01,PAY-202509-0101
2422,101,2025-10-01,204300.0,13.85,26527.08,0.0,9119.99,13516.45,226430.62,2025-10-30,PAY-202510-0101
2423,101,2025-11-01,204300.0,6.85,13119.89,0.0,12540.0,32726.21,197233.68,2025-11-29,PAY-202511-0101
2424,101,2025-12-01,204300.0,7.78,14901.13,0.0,6598.64,22603.17,203196.6,2025-12-28,PAY-202512-0101
2425,102,2024-01-01,219600.0,0.34,699.98,0.0,12664.88,17198.97,215765.89,2024-01-26,PAY-202401-0102
2426,102,2024-02-01,219600.0,10.57,21760.99,0.0,1193.2,36588.82,205965.37,2024-03-01,PAY-202402-0102
2427,102,2024-03-01,219600.0,10.86,22358.02,0.0,960.65,16113.04,226805.63,2024-03-28,PAY-202403-0102
2428,102,2024-04-01,219600.0,7.69,15831.79,0.0,7423.93,17472.36,225383.36,2024-04-27,PAY-202404-0102
2429,102,2024-05-01,219600.0,13.62,28040.17,0.0,9269.24,12395.4,244514.01,2024-05-26,PAY-202405-0102
2430,102,2024-06-01,219600.0,6.33,13031.89,0.0,2763.83,25445.82,209949.9,2024-06-29,PAY-202406-0102
2431,102,2024-07-01,219600.0,10.82,22275.67,0.0,629.33,31459.13,211045.87,2024-07-26,PAY-202407-0102
2432,102,2024-08-01,219600.0,2.9,5970.38,0.0,14879.57,38822.36,201627.59,2024-08-26,PAY-202408-0102
2433,102,2024-09-01,219600.0,7.88,16222.95,0.0,12862.35,21067.01,227618.29,2024-10-01,PAY-202409-0102
2434,102,2024-10-01,219600.0,7.13,14678.89,13214.39,1637.45,25452.06,223678.67,2024-10-26,PAY-202410-0102
2435,102,2024-11-01,219600.0,9.13,18796.39,0.0,3554.68,20280.63,221670.44,2024-11-28,PAY-202411-0102
2436,102,2024-12-01,219600.0,6.15,12661.31,0.0,10215.24,13018.13,229458.42,2024-12-29,PAY-202412-0102
2437,102,2025-01-01,219600.0,7.34,15111.23,0.0,2146.19,20302.08,216555.34,2025-01-28,PAY-202501-0102
2438,102,2025-02-01,219600.0,12.13,24972.64,0.0,6122.06,29592.67,221102.03,2025-03-01,PAY-202502-0102
2439,102,2025-03-01,219600.0,5.82,11981.93,0.0,4410.95,11869.48,224123.4,2025-03-28,PAY-202503-0102
2440,102,2025-04-01,219600.0,77.61,159779.59,37560.8,13678.09,11708.98,418909.5,2025-04-30,PAY-202504-0102
2441,102,2025-05-01,219600.0,16.75,34484.06,0.0,4696.59,31413.74,227366.91,2025-05-31,PAY-202505-0102
2442,102,2025-06-01,219600.0,14.91,30695.96,0.0,8722.3,20802.02,238216.24,2025-06-27,PAY-202506-0102
2443,102,2025-07-01,219600.0,1.54,3170.47,0.0,8740.29,29737.73,201773.03,2025-07-27,PAY-202507-0102
2444,102,2025-08-01,219600.0,11.45,23572.69,0.0,14967.31,13219.45,244920.55,2025-08-26,PAY-202508-0102
2445,102,2025-09-01,219600.0,5.49,11302.54,0.0,14884.79,27121.11,218666.22,2025-09-30,PAY-202509-0102
2446,102,2025-10-01,219600.0,9.32,19187.55,0.0,11009.27,26366.44,223430.38,2025-10-26,PAY-202510-0102
2447,102,2025-11-01,219600.0,9.47,19496.36,0.0,7916.35,12448.27,234564.44,2025-11-29,PAY-202511-0102
2448,102,2025-12-01,219600.0,6.83,14061.26,0.0,7805.04,20027.98,221438.32,2025-12-27,PAY-202512-0102
2449,103,2024-01-01,134000.0,4.08,5125.5,0.0,4395.98,10950.99,132570.49,2024-01-27,PAY-202401-0103
2450,103,2024-02-01,134000.0,4.55,5715.94,0.0,14662.12,10722.12,143655.94,2024-02-28,PAY-202402-0103
2451,103,2024-03-01,134000.0,3.42,4296.38,0.0,1731.25,10899.03,129128.6,2024-03-31,PAY-202403-0103
2452,103,2024-04-01,134000.0,3.84,4824.0,0.0,6148.89,8088.2,136884.69,2024-04-30,PAY-202404-0103
2453,103,2024-05-01,134000.0,7.66,9622.88,0.0,13719.53,18081.01,139261.4,2024-05-30,PAY-202405-0103
2454,103,2024-06-01,134000.0,4.42,5552.62,0.0,11794.56,10702.48,140644.7,2024-06-27,PAY-202406-0103
2455,103,2024-07-01,134000.0,11.41,14333.81,0.0,3674.16,22539.41,129468.56,2024-07-31,PAY-202407-0103
2456,103,2024-08-01,134000.0,15.44,19396.5,0.0,2072.1,11234.06,144234.54,2024-08-28,PAY-202408-0103
2457,103,2024-09-01,134000.0,5.1,6406.88,0.0,1769.46,13816.12,128360.22,2024-09-30,PAY-202409-0103
2458,103,2024-10-01,134000.0,9.2,11557.5,0.0,8640.18,17720.41,136477.27,2024-10-27,PAY-202410-0103
2459,103,2024-11-01,134000.0,10.5,13190.62,0.0,13146.09,6970.22,153366.49,2024-11-26,PAY-202411-0103
2460,103,2024-12-01,134000.0,10.36,13014.75,0.0,11482.64,19092.27,139405.12,2024-12-29,PAY-202412-0103
2461,103,2025-01-01,134000.0,8.38,10527.38,0.0,1895.97,7293.6,139129.75,2025-01-29,PAY-202501-0103
2462,103,2025-02-01,134000.0,11.71,14710.69,10842.75,1095.22,15669.51,144979.15,2025-03-02,PAY-202502-0103
2463,103,2025-03-01,134000.0,10.41,13077.56,0.0,13563.91,12873.09,147768.38,2025-03-29,PAY-202503-0103
2464,103,2025-04-01,134000.0,1.81,2273.81,0.0,3621.52,11810.89,128084.44,2025-04-28,PAY-202504-0103
2465,103,2025-05-01,134000.0,12.35,15514.69,0.0,13475.31,17003.55,145986.45,2025-05-30,PAY-202505-0103
2466,103,2025-06-01,134000.0,12.44,15627.75,30276.29,1106.29,22739.01,158271.32,2025-06-29,PAY-202506-0103
2467,103,2025-07-01,134000.0,4.18,5251.12,0.0,9462.48,19602.95,129110.65,2025-07-29,PAY-202507-0103
2468,103,2025-08-01,134000.0,8.19,10288.69,0.0,7156.59,9044.83,142400.45,2025-08-27,PAY-202508-0103
2469,103,2025-09-01,134000.0,11.42,14346.38,0.0,8843.37,20986.25,136203.5,2025-09-30,PAY-202509-0103
2470,103,2025-10-01,134000.0,6.95,8730.94,36345.97,8903.3,13143.2,174837.01,2025-10-31,PAY-202510-0103
2471,103,2025-11-01,134000.0,13.36,16783.5,0.0,4806.55,9778.5,145811.55,2025-12-01,PAY-202511-0103
2472,103,2025-12-01,134000.0,19.82,24898.88,0.0,14171.52,8387.97,164682.43,2025-12-28,PAY-202512-0103
2473,104,2024-01-01,176900.0,4.07,6749.84,0.0,724.32,20750.03,163624.13,2024-01-30,PAY-202401-0104
2474,104,2024-02-01,176900.0,1.09,1807.7,0.0,12660.98,18657.58,172711.1,2024-02-28,PAY-202402-0104
2475,104,2024-03-01,176900.0,9.52,15788.32,0.0,11359.5,30772.95,173274.87,2024-03-26,PAY-202403-0104
2476,104,2024-04-01,176900.0,11.61,19254.46,0.0,11019.39,31593.76,175580.09,2024-04-27,PAY-202404-0104
2477,104,2024-05-01,176900.0,6.85,11360.3,0.0,4173.84,29072.79,163361.35,2024-05-28,PAY-202405-0104
2478,104,2024-06-01,176900.0,15.27,25324.34,14967.68,1778.27,15142.69,203827.6,2024-06-29,PAY-202406-0104
2479,104,2024-07-01,176900.0,1.31,2172.55,0.0,2539.81,30443.89,151168.47,2024-07-28,PAY-202407-0104
2480,104,2024-08-01,176900.0,11.46,19005.69,0.0,11302.03,30106.09,177101.63,2024-08-31,PAY-202408-0104
2481,104,2024-09-01,176900.0,4.97,8242.43,0.0,1439.64,21543.1,165038.97,2024-09-30,PAY-202409-0104
2482,104,2024-10-01,176900.0,16.6,27530.06,0.0,410.25,29600.74,175239.57,2024-10-30,PAY-202410-0104
2483,104,2024-11-01,176900.0,17.96,29785.54,0.0,2926.99,20075.95,189536.58,2024-11-26,PAY-202411-0104
2484,104,2024-12-01,176900.0,4.17,6915.68,0.0,4227.56,30643.39,157399.85,2024-12-29,PAY-202412-0104
2485,104,2025-01-01,176900.0,5.25,8706.8,0.0,7813.41,27956.38,165463.83,2025-01-28,PAY-202501-0104
2486,104,2025-02-01,176900.0,12.3,20398.78,0.0,10743.76,29983.47,178059.07,2025-02-26,PAY-202502-0104
2487,104,2025-03-01,176900.0,6.06,10050.13,0.0,6483.99,14894.51,178539.61,2025-03-27,PAY-202503-0104
2488,104,2025-04-01,176900.0,7.77,12886.06,0.0,10974.51,11523.29,189237.28,2025-04-28,PAY-202504-0104
2489,104,2025-05-01,176900.0,8.13,13483.1,0.0,11164.16,13960.49,187586.77,2025-05-26,PAY-202505-0104
2490,104,2025-06-01,176900.0,0.0,0.0,0.0,7605.9,15194.66,169311.24,2025-07-01,PAY-202506-0104
2491,104,2025-07-01,176900.0,7.93,13151.41,0.0,10081.22,10548.81,189583.82,2025-07-31,PAY-202507-0104
2492,104,2025-08-01,176900.0,4.55,7545.89,0.0,13870.95,18811.39,179505.45,2025-08-31,PAY-202508-0104
2493,104,2025-09-01,176900.0,5.53,9171.16,0.0,4762.91,28195.39,162638.68,2025-10-01,PAY-202509-0104
2494,104,2025-10-01,176900.0,15.22,25241.42,0.0,9391.21,30673.35,180859.28,2025-10-31,PAY-202510-0104
2495,104,2025-11-01,176900.0,1.72,2852.51,9790.61,5643.14,30534.9,164651.36,2025-12-01,PAY-202511-0104
2496,104,2025-12-01,176900.0,12.07,20017.34,0.0,7051.73,19987.21,183981.86,2025-12-27,PAY-202512-0104
2497,105,2024-01-01,49900.0,6.61,3092.24,0.0,4239.0,3783.14,53448.1,2024-01-26,PAY-202401-0105
2498,105,2024-02-01,49900.0,6.6,3087.56,0.0,12857.35,7356.66,58488.25,2024-02-26,PAY-202402-0105
2499,105,2024-03-01,49900.0,11.95,5590.36,0.0,7360.37,6459.97,56390.76,2024-03-31,PAY-202403-0105
2500,105,2024-04-01,49900.0,9.7,4537.78,0.0,6272.39,4201.56,56508.61,2024-04-29,PAY-202404-0105
2501,105,2024-05-01,49900.0,10.85,5075.77,0.0,3520.74,4757.04,53739.47,2024-05-30,PAY-202405-0105
2502,105,2024-06-01,49900.0,12.84,6006.71,0.0,2700.97,4441.75,54165.93,2024-06-27,PAY-202406-0105
2503,105,2024-07-01,49900.0,6.34,2965.93,0.0,10019.64,5675.07,57210.5,2024-07-31,PAY-202407-0105
2504,105,2024-08-01,49900.0,4.94,2310.99,0.0,5356.92,5614.98,51952.93,2024-08-26,PAY-202408-0105
2505,105,2024-09-01,49900.0,2.57,1202.28,0.0,14443.78,8312.66,57233.4,2024-09-28,PAY-202409-0105
2506,105,2024-10-01,49900.0,3.87,1810.43,0.0,6707.59,4099.86,54318.16,2024-10-29,PAY-202410-0105
2507,105,2024-11-01,49900.0,22.75,10642.73,21265.76,4783.59,3231.51,83360.57,2024-12-01,PAY-202411-0105
2508,105,2024-12-01,49900.0,14.22,6652.29,0.0,1920.87,8217.65,50255.51,2024-12-29,PAY-202412-0105
2509,105,2025-01-01,49900.0,1.24,580.09,0.0,10308.33,2682.88,58105.54,2025-01-28,PAY-202501-0105
2510,105,2025-02-01,49900.0,1.39,650.26,0.0,13347.16,7573.2,56324.22,2025-02-26,PAY-202502-0105
2511,105,2025-03-01,49900.0,10.41,4869.93,0.0,4847.88,6873.65,52744.16,2025-03-29,PAY-202503-0105
2512,105,2025-04-01,49900.0,10.74,5024.31,0.0,6629.27,5081.23,56472.35,2025-04-26,PAY-202504-0105
2513,105,2025-05-01,49900.0,10.74,5024.31,0.0,10922.8,4699.55,61147.56,2025-05-26,PAY-202505-0105
2514,105,2025-06-01,49900.0,6.73,3148.38,0.0,6147.17,6208.84,52986.71,2025-06-27,PAY-202506-0105
2515,105,2025-07-01,49900.0,7.37,3447.78,0.0,11693.28,3210.62,61830.44,2025-07-30,PAY-202507-0105
2516,105,2025-08-01,49900.0,9.64,4509.71,0.0,1938.23,5996.47,50351.47,2025-08-31,PAY-202508-0105
2517,105,2025-09-01,49900.0,8.43,3943.66,18271.58,11706.5,4657.04,79164.7,2025-09-28,PAY-202509-0105
2518,105,2025-10-01,49900.0,0.0,0.0,0.0,8293.41,6743.54,51449.87,2025-10-30,PAY-202510-0105
2519,105,2025-11-01,49900.0,6.85,3204.52,0.0,8032.09,8886.1,52250.51,2025-11-30,PAY-202511-0105
2520,105,2025-12-01,49900.0,3.74,1749.62,0.0,10767.31,4377.45,58039.48,2025-12-27,PAY-202512-0105
2521,106,2024-01-01,144500.0,8.88,12029.63,0.0,4972.53,11275.33,150226.83,2024-01-31,PAY-202401-0106
2522,106,2024-02-01,144500.0,22.93,31062.98,0.0,204.61,23107.38,152660.21,2024-03-01,PAY-202402-0106
2523,106,2024-03-01,144500.0,9.84,13330.12,18927.81,7273.5,10173.22,173858.21,2024-03-28,PAY-202403-0106
2524,106,2024-04-01,144500.0,6.43,8710.64,27104.44,10321.05,7859.52,182776.61,2024-05-01,PAY-202404-0106
2525,106,2024-05-01,144500.0,12.61,17082.61,0.0,11760.8,19534.36,153809.05,2024-05-27,PAY-202405-0106
2526,106,2024-06-01,144500.0,10.41,14102.3,0.0,13149.32,23417.36,148334.26,2024-06-26,PAY-202406-0106
2527,106,2024-07-01,144500.0,10.1,13682.34,30273.95,11435.79,15027.91,184864.17,2024-07-26,PAY-202407-0106
2528,106,2024-08-01,144500.0,11.03,14942.2,0.0,8125.47,24487.94,143079.73,2024-08-26,PAY-202408-0106
2529,106,2024-09-01,144500.0,18.28,24763.69,0.0,11889.3,10874.63,170278.36,2024-09-30,PAY-202409-0106
2530,106,2024-10-01,144500.0,2.35,3183.52,0.0,11771.58,15211.49,144243.61,2024-10-31,PAY-202410-0106
2531,106,2024-11-01,144500.0,10.37,14048.11,14591.74,3040.0,12189.31,163990.54,2024-12-01,PAY-202411-0106
2532,106,2024-12-01,144500.0,97.53,132122.67,0.0,5648.71,15293.81,266977.57,2024-12-27,PAY-202412-0106
2533,106,2025-01-01,144500.0,10.78,14603.53,0.0,8414.94,16304.72,151213.75,2025-01-31,PAY-202501-0106
2534,106,2025-02-01,144500.0,74.86,101411.91,0.0,3669.21,7548.34,242032.78,2025-03-01,PAY-202502-0106
2535,106,2025-03-01,144500.0,5.91,8006.2,0.0,14271.86,21552.33,145225.73,2025-03-31,PAY-202503-0106
2536,106,2025-04-01,144500.0,6.52,8832.56,12842.13,14627.86,14689.19,166113.36,2025-04-27,PAY-202504-0106
2537,106,2025-05-01,144500.0,12.88,17448.38,0.0,7152.09,9271.6,159828.87,2025-05-28,PAY-202505-0106
2538,106,2025-06-01,144500.0,12.59,17055.52,0.0,12145.21,25555.73,148145.0,2025-06-26,PAY-202506-0106
2539,106,2025-07-01,144500.0,1.77,2397.8,0.0,3115.23,24922.22,125090.81,2025-07-30,PAY-202507-0106
2540,106,2025-08-01,144500.0,8.27,11203.27,0.0,2119.96,18805.74,139017.49,2025-08-29,PAY-202508-0106
2541,106,2025-09-01,144500.0,76.04,103010.44,0.0,12594.75,21512.53,238592.66,2025-09-26,PAY-202509-0106
2542,106,2025-10-01,144500.0,1.71,2316.52,0.0,3780.36,13075.68,137521.2,2025-10-28,PAY-202510-0106
2543,106,2025-11-01,144500.0,6.91,9360.89,0.0,547.65,20167.82,134240.72,2025-11-30,PAY-202511-0106
2544,106,2025-12-01,144500.0,6.46,8751.28,0.0,83.58,20194.11,133140.75,2025-12-30,PAY-202512-0106
2545,107,2024-01-01,40900.0,20.13,7718.6,0.0,8183.83,3709.31,53093.12,2024-01-31,PAY-202401-0107
2546,107,2024-02-01,40900.0,10.16,3895.72,0.0,6920.58,4613.09,47103.21,2024-03-01,PAY-202402-0107
2547,107,2024-03-01,40900.0,1.11,425.62,0.0,14891.33,2477.99,53738.96,2024-03-26,PAY-202403-0107
2548,107,2024-04-01,40900.0,5.18,1986.21,0.0,1162.57,2721.76,41327.02,2024-04-26,PAY-202404-0107
2549,107,2024-05-01,40900.0,13.11,5026.87,0.0,11222.23,2928.67,54220.43,2024-05-29,PAY-202405-0107
2550,107,2024-06-01,40900.0,18.44,7070.59,0.0,1704.97,6753.22,42922.34,2024-06-29,PAY-202406-0107
2551,107,2024-07-01,40900.0,0.07,26.84,95136.29,12047.3,4635.41,143475.02,2024-07-31,PAY-202407-0107
2552,107,2024-08-01,40900.0,0.0,0.0,0.0,6272.21,2094.23,45077.98,2024-08-26,PAY-202408-0107
2553,107,2024-09-01,40900.0,17.35,6652.64,0.0,4413.35,6947.12,45018.87,2024-10-01,PAY-202409-0107
2554,107,2024-10-01,40900.0,9.95,3815.2,0.0,4835.79,6774.71,42776.28,2024-10-30,PAY-202410-0107
2555,107,2024-11-01,40900.0,3.66,1403.38,0.0,2122.76,4827.13,39599.01,2024-11-27,PAY-202411-0107
2556,107,2024-12-01,40900.0,10.67,4091.28,0.0,14279.93,4018.95,55252.26,2024-12-30,PAY-202412-0107
2557,107,2025-01-01,40900.0,0.0,0.0,0.0,6943.2,7022.79,40820.41,2025-01-31,PAY-202501-0107
2558,107,2025-02-01,40900.0,8.02,3075.17,0.0,12785.94,2764.6,53996.51,2025-03-02,PAY-202502-0107
2559,107,2025-03-01,40900.0,9.64,3696.34,0.0,7108.06,3734.15,47970.25,2025-03-27,PAY-202503-0107
2560,107,2025-04-01,40900.0,12.62,4838.98,0.0,1005.72,7239.58,39505.12,2025-04-28,PAY-202504-0107
2561,107,2025-05-01,40900.0,2.93,1123.47,0.0,2989.01,2543.99,42468.49,2025-05-29,PAY-202505-0107
2562,107,2025-06-01,40900.0,8.43,3232.38,0.0,916.62,4537.05,40511.95,2025-06-27,PAY-202506-0107
2563,107,2025-07-01,40900.0,3.37,1292.18,27272.02,13250.15,3879.14,78835.21,2025-07-26,PAY-202507-0107
2564,107,2025-08-01,40900.0,9.28,3558.3,0.0,4118.71,6408.95,42168.06,2025-08-29,PAY-202508-0107
2565,107,2025-09-01,40900.0,3.52,1349.7,0.0,4586.25,5365.47,41470.48,2025-09-29,PAY-202509-0107
2566,107,2025-10-01,40900.0,5.96,2285.29,0.0,8416.68,5456.38,46145.59,2025-10-27,PAY-202510-0107
2567,107,2025-11-01,40900.0,3.02,1157.98,10334.76,10959.87,3533.68,59818.93,2025-11-28,PAY-202511-0107
2568,107,2025-12-01,40900.0,11.26,4317.51,0.0,1900.56,4822.16,42295.91,2025-12-31,PAY-202512-0107
2569,108,2024-01-01,246500.0,12.29,28401.42,0.0,4952.4,37063.06,242790.76,2024-01-30,PAY-202401-0108
2570,108,2024-02-01,246500.0,6.83,15783.7,0.0,14499.88,35950.67,240832.91,2024-03-01,PAY-202402-0108
2571,108,2024-03-01,246500.0,8.19,18926.58,0.0,7101.1,17711.74,254815.94,2024-03-27,PAY-202403-0108
2572,108,2024-04-01,246500.0,0.76,1756.31,0.0,1370.07,38068.47,211557.91,2024-04-27,PAY-202404-0108
2573,108,2024-05-01,246500.0,6.5,15021.09,0.0,7131.96,12332.91,256320.14,2024-05-26,PAY-202405-0108
2574,108,2024-06-01,246500.0,7.75,17909.77,0.0,782.84,28722.6,236470.01,2024-06-29,PAY-202406-0108
2575,108,2024-07-01,246500.0,21.1,48760.78,0.0,7075.34,22020.48,280315.64,2024-07-26,PAY-202407-0108
2576,108,2024-08-01,246500.0,2.44,5638.69,0.0,5898.7,37125.25,220912.14,2024-08-31,PAY-202408-0108
2577,108,2024-09-01,246500.0,15.32,35403.56,0.0,4676.43,29052.03,257527.96,2024-09-30,PAY-202409-0108
2578,108,2024-10-01,246500.0,12.98,29995.97,26188.33,3208.49,17648.2,288244.59,2024-10-31,PAY-202410-0108
2579,108,2024-11-01,246500.0,9.4,21722.81,0.0,10670.22,39238.83,239654.2,2024-11-30,PAY-202411-0108
2580,108,2024-12-01,246500.0,16.79,38800.64,0.0,10426.5,20353.52,275373.62,2024-12-26,PAY-202412-0108
2581,108,2025-01-01,246500.0,9.86,22785.84,0.0,6531.2,23482.44,252334.6,2025-01-26,PAY-202501-0108
2582,108,2025-02-01,246500.0,9.95,22993.83,0.0,12830.58,37023.52,245300.89,2025-02-28,PAY-202502-0108
2583,108,2025-03-01,246500.0,7.73,17863.55,0.0,3206.7,30263.6,237306.65,2025-03-27,PAY-202503-0108
2584,108,2025-04-01,246500.0,14.12,32630.44,0.0,2685.08,36282.76,245532.76,2025-04-26,PAY-202504-0108
2585,108,2025-05-01,246500.0,13.48,31151.44,0.0,5414.87,18570.21,264496.1,2025-05-30,PAY-202505-0108
2586,108,2025-06-01,246500.0,4.87,11254.27,0.0,1411.63,24145.36,235020.54,2025-06-28,PAY-202506-0108
2587,108,2025-07-01,246500.0,1.4,3235.31,0.0,194.92,21074.18,228856.05,2025-07-31,PAY-202507-0108
2588,108,2025-08-01,246500.0,6.99,16153.45,0.0,7181.02,13732.33,256102.14,2025-08-31,PAY-202508-0108
2589,108,2025-09-01,246500.0,4.0,9243.75,0.0,4112.61,14158.84,245697.52,2025-09-30,PAY-202509-0108
2590,108,2025-10-01,246500.0,7.68,17748.0,0.0,12947.78,42049.14,235146.64,2025-10-30,PAY-202510-0108
2591,108,2025-11-01,246500.0,14.19,32792.2,0.0,7354.51,27496.65,259150.06,2025-12-01,PAY-202511-0108
2592,108,2025-12-01,246500.0,5.71,13195.45,0.0,12111.46,13548.91,258258.0,2025-12-26,PAY-202512-0108
2593,109,2024-01-01,109300.0,7.79,7982.32,0.0,10699.66,15491.43,112490.55,2024-01-27,PAY-202401-0109
2594,109,2024-02-01,109300.0,8.29,8494.66,0.0,1974.72,11426.71,108342.67,2024-02-26,PAY-202402-0109
2595,109,2024-03-01,109300.0,12.24,12542.18,27311.74,934.88,6850.03,143238.77,2024-03-30,PAY-202403-0109
2596,109,2024-04-01,109300.0,0.0,0.0,0.0,12788.64,14773.39,107315.25,2024-05-01,PAY-202404-0109
2597,109,2024-05-01,109300.0,4.97,5092.7,34304.57,12723.45,9961.87,151458.85,2024-05-31,PAY-202405-0109
2598,109,2024-06-01,109300.0,9.06,9283.67,0.0,14794.05,15725.82,117651.9,2024-06-28,PAY-202406-0109
2599,109,2024-07-01,109300.0,14.0,14345.62,0.0,14108.18,11193.69,126560.11,2024-07-31,PAY-202407-0109
2600,109,2024-08-01,109300.0,5.54,5676.77,0.0,974.32,17188.1,98762.99,2024-08-30,PAY-202408-0109
2601,109,2024-09-01,109300.0,0.0,0.0,0.0,3999.54,7917.26,105382.28,2024-09-26,PAY-202409-0109
2602,109,2024-10-01,109300.0,11.1,11374.03,0.0,2980.25,12647.16,111007.12,2024-10-27,PAY-202410-0109
2603,109,2024-11-01,109300.0,4.82,4938.99,0.0,12631.86,18836.95,108033.9,2024-11-28,PAY-202411-0109
2604,109,2024-12-01,109300.0,2.05,2100.61,0.0,5260.27,10316.7,106344.18,2024-12-30,PAY-202412-0109
2605,109,2025-01-01,109300.0,4.88,5000.47,0.0,1291.43,18683.25,96908.65,2025-01-26,PAY-202501-0109
2606,109,2025-02-01,109300.0,7.08,7254.79,8169.66,10943.26,8103.03,127564.68,2025-03-02,PAY-202502-0109
2607,109,2025-03-01,109300.0,4.98,5102.94,0.0,301.61,7871.09,106833.46,2025-03-26,PAY-202503-0109
2608,109,2025-04-01,109300.0,0.0,0.0,0.0,5617.94,6619.84,108298.1,2025-05-01,PAY-202504-0109
2609,109,2025-05-01,109300.0,12.49,12798.35,0.0,4616.73,15139.77,111575.31,2025-05-27,PAY-202505-0109
2610,109,2025-06-01,109300.0,14.37,14724.76,0.0,11071.66,9876.71,125219.71,2025-06-29,PAY-202506-0109
2611,109,2025-07-01,109300.0,11.26,11537.98,0.0,2670.06,7460.31,116047.73,2025-07-28,PAY-202507-0109
2612,109,2025-08-01,109300.0,2.31,2367.03,0.0,12529.13,9341.21,114854.95,2025-08-27,PAY-202508-0109
2613,109,2025-09-01,109300.0,6.99,7162.57,0.0,4423.99,15376.6,105509.96,2025-09-28,PAY-202509-0109
2614,109,2025-10-01,109300.0,7.97,8166.76,17430.36,5454.2,16439.61,123911.71,2025-10-30,PAY-202510-0109
2615,109,2025-11-01,109300.0,10.99,11261.32,0.0,9465.4,17283.06,112743.66,2025-11-26,PAY-202511-0109
2616,109,2025-12-01,109300.0,11.34,11619.96,0.0,8778.34,7677.4,122020.9,2025-12-30,PAY-202512-0109
2617,110,2024-01-01,246600.0,4.33,10010.42,0.0,10532.81,23451.61,243691.62,2024-01-31,PAY-202401-0110
2618,110,2024-02-01,246600.0,8.41,19442.87,0.0,3111.7,34759.5,234395.07,2024-03-01,PAY-202402-0110
2619,110,2024-03-01,246600.0,10.29,23789.19,0.0,11146.98,20952.0,260584.17,2024-03-30,PAY-202403-0110
2620,110,2024-04-01,246600.0,15.28,35325.45,0.0,3873.21,27323.15,258475.51,2024-04-26,PAY-202404-0110
2621,110,2024-05-01,246600.0,11.52,26632.8,0.0,7755.45,32562.24,248426.01,2024-05-29,PAY-202405-0110
2622,110,2024-06-01,246600.0,11.95,27626.91,0.0,8802.31,24264.64,258764.58,2024-06-29,PAY-202406-0110
2623,110,2024-07-01,246600.0,8.42,19465.99,0.0,13519.12,22664.6,256920.51,2024-07-26,PAY-202407-0110
2624,110,2024-08-01,246600.0,15.05,34793.72,0.0,13039.94,12583.2,281850.46,2024-08-29,PAY-202408-0110
2625,110,2024-09-01,246600.0,10.05,23234.34,0.0,5050.08,41277.73,233606.69,2024-09-27,PAY-202409-0110
2626,110,2024-10-01,246600.0,3.69,8530.82,0.0,4594.13,27296.0,232428.95,2024-10-27,PAY-202410-0110
2627,110,2024-11-01,246600.0,15.02,34724.36,0.0,6585.13,32097.36,255812.13,2024-11-30,PAY-202411-0110
2628,110,2024-12-01,246600.0,11.49,26563.44,0.0,6524.53,25131.83,254556.14,2024-12-27,PAY-202412-0110
2629,110,2025-01-01,246600.0,5.78,13362.64,0.0,5598.22,23161.7,242399.16,2025-01-31,PAY-202501-0110
2630,110,2025-02-01,246600.0,5.6,12946.5,0.0,601.93,42111.55,218036.88,2025-02-27,PAY-202502-0110
2631,110,2025-03-01,246600.0,9.48,21916.58,0.0,13512.98,28582.15,253447.41,2025-03-29,PAY-202503-0110
2632,110,2025-04-01,246600.0,10.32,23858.55,0.0,4040.41,30843.11,243655.85,2025-04-30,PAY-202504-0110
2633,110,2025-05-01,246600.0,8.99,20783.76,22927.15,13835.3,40752.47,263393.74,2025-05-31,PAY-202505-0110
2634,110,2025-06-01,246600.0,9.56,22101.53,0.0,2976.93,43504.09,228174.37,2025-06-27,PAY-202506-0110
2635,110,2025-07-01,246600.0,16.5,38145.94,0.0,4997.21,43102.9,246640.25,2025-07-26,PAY-202507-0110
2636,110,2025-08-01,246600.0,13.36,30886.65,0.0,11487.35,38024.15,250949.85,2025-08-29,PAY-202508-0110
2637,110,2025-09-01,246600.0,8.95,20691.28,0.0,6908.82,33443.67,240756.43,2025-09-27,PAY-202509-0110
2638,110,2025-10-01,246600.0,12.71,29383.93,0.0,4519.24,14906.67,265596.5,2025-10-27,PAY-202510-0110
2639,110,2025-11-01,246600.0,2.84,6565.72,0.0,6548.23,35544.3,224169.65,2025-11-27,PAY-202511-0110
2640,110,2025-12-01,246600.0,9.99,23095.63,0.0,12685.03,24327.96,258052.7,2025-12-29,PAY-202512-0110
2641,111,2024-01-01,75900.0,17.05,12132.14,0.0,1498.7,9220.16,80310.68,2024-01-29,PAY-202401-0111
2642,111,2024-02-01,75900.0,6.91,4916.9,0.0,13692.5,10390.47,84118.93,2024-02-29,PAY-202402-0111
2643,111,2024-03-01,75900.0,3.76,2675.47,0.0,11445.84,4740.5,85280.81,2024-03-27,PAY-202403-0111
2644,111,2024-04-01,75900.0,4.74,3372.81,0.0,14028.94,7740.65,85561.1,2024-04-28,PAY-202404-0111
2645,111,2024-05-01,75900.0,2.55,1814.48,0.0,12296.87,11001.58,79009.77,2024-05-29,PAY-202405-0111
2646,111,2024-06-01,75900.0,4.08,2903.18,0.0,8011.73,7217.54,79597.37,2024-07-01,PAY-202406-0111
2647,111,2024-07-01,75900.0,6.15,4376.11,0.0,8796.43,5982.46,83090.08,2024-07-30,PAY-202407-0111
2648,111,2024-08-01,75900.0,0.97,690.22,0.0,3527.36,7369.62,72747.96,2024-08-30,PAY-202408-0111
2649,111,2024-09-01,75900.0,8.08,5749.43,0.0,9158.5,11211.87,79596.06,2024-09-26,PAY-202409-0111
2650,111,2024-10-01,75900.0,12.51,8901.65,0.0,2071.2,5649.71,81223.14,2024-10-27,PAY-202410-0111
2651,111,2024-11-01,75900.0,3.46,2462.01,0.0,1392.76,7584.58,72170.19,2024-11-27,PAY-202411-0111
2652,111,2024-12-01,75900.0,15.6,11100.38,0.0,4274.46,7611.71,83663.13,2024-12-29,PAY-202412-0111
2653,111,2025-01-01,75900.0,10.55,7506.98,38547.95,6326.05,5408.68,122872.3,2025-01-31,PAY-202501-0111
2654,111,2025-02-01,75900.0,13.15,9357.05,0.0,1596.46,11750.06,75103.45,2025-02-28,PAY-202502-0111
2655,111,2025-03-01,75900.0,4.71,3351.46,0.0,1521.08,12304.96,68467.58,2025-03-26,PAY-202503-0111
2656,111,2025-04-01,75900.0,12.27,8730.87,0.0,1931.09,8797.28,77764.68,2025-05-01,PAY-202504-0111
2657,111,2025-05-01,75900.0,2.54,1807.37,0.0,7292.09,13266.54,71732.92,2025-05-29,PAY-202505-0111
2658,111,2025-06-01,75900.0,12.45,8858.95,0.0,817.67,7988.29,77588.33,2025-07-01,PAY-202506-0111
2659,111,2025-07-01,75900.0,8.86,6304.44,0.0,9054.54,11712.46,79546.52,2025-07-29,PAY-202507-0111
2660,111,2025-08-01,75900.0,10.77,7663.53,0.0,11715.05,10820.54,84458.04,2025-08-30,PAY-202508-0111
2661,111,2025-09-01,75900.0,2.12,1508.51,0.0,1675.08,5559.61,73523.98,2025-09-29,PAY-202509-0111
2662,111,2025-10-01,75900.0,3.52,2504.7,0.0,5752.08,10452.45,73704.33,2025-10-27,PAY-202510-0111
2663,111,2025-11-01,75900.0,10.99,7820.07,38187.04,10613.47,6339.07,126181.51,2025-11-30,PAY-202511-0111
2664,111,2025-12-01,75900.0,3.26,2319.69,0.0,10914.43,8284.38,80849.74,2025-12-26,PAY-202512-0111
2665,112,2024-01-01,234000.0,10.32,22639.5,0.0,597.67,38101.42,219135.75,2024-01-29,PAY-202401-0112
2666,112,2024-02-01,234000.0,1.16,2544.75,0.0,13337.49,32579.91,217302.33,2024-02-28,PAY-202402-0112
2667,112,2024-03-01,234000.0,12.24,26851.5,0.0,10124.94,35027.08,235949.36,2024-03-26,PAY-202403-0112
2668,112,2024-04-01,234000.0,1.84,4036.5,0.0,2680.92,22556.45,218160.97,2024-04-26,PAY-202404-0112
2669,112,2024-05-01,234000.0,10.76,23604.75,0.0,4465.25,12783.41,249286.59,2024-05-26,PAY-202405-0112
2670,112,2024-06-01,234000.0,11.13,24416.44,0.0,549.19,34170.65,224794.98,2024-06-27,PAY-202406-0112
2671,112,2024-07-01,234000.0,4.52,9915.75,0.0,8024.78,15534.58,236405.95,2024-07-27,PAY-202407-0112
2672,112,2024-08-01,234000.0,10.91,23933.81,0.0,6466.51,20056.26,244344.06,2024-08-29,PAY-202408-0112
2673,112,2024-09-01,234000.0,9.3,20401.88,0.0,3661.51,36813.88,221249.51,2024-10-01,PAY-202409-0112
2674,112,2024-10-01,234000.0,5.31,11648.81,0.0,8536.02,12936.3,241248.53,2024-10-28,PAY-202410-0112
2675,112,2024-11-01,234000.0,2.96,6493.5,0.0,2201.26,41415.57,201279.19,2024-12-01,PAY-202411-0112
2676,112,2024-12-01,234000.0,0.0,0.0,0.0,1516.84,27294.27,208222.57,2024-12-31,PAY-202412-0112
2677,112,2025-01-01,234000.0,9.75,21389.06,37460.42,11239.0,24553.36,279535.12,2025-01-26,PAY-202501-0112
2678,112,2025-02-01,234000.0,0.18,394.88,0.0,11201.51,33650.89,211945.5,2025-03-03,PAY-202502-0112
2679,112,2025-03-01,234000.0,8.48,18603.0,0.0,12552.8,24885.1,240270.7,2025-03-26,PAY-202503-0112
2680,112,2025-04-01,234000.0,6.68,14654.25,0.0,8563.43,41965.42,215252.26,2025-04-30,PAY-202504-0112
2681,112,2025-05-01,234000.0,11.4,25008.75,0.0,12813.65,19114.95,252707.45,2025-05-26,PAY-202505-0112
2682,112,2025-06-01,234000.0,6.49,14237.44,0.0,7093.78,34841.07,220490.15,2025-06-29,PAY-202506-0112
2683,112,2025-07-01,234000.0,6.35,13930.31,0.0,10332.95,17349.4,240913.86,2025-07-30,PAY-202507-0112
2684,112,2025-08-01,234000.0,11.66,25579.12,0.0,9069.34,39374.49,229273.97,2025-08-31,PAY-202508-0112
2685,112,2025-09-01,234000.0,9.68,21235.5,0.0,75.77,18001.09,237310.18,2025-09-29,PAY-202509-0112
2686,112,2025-10-01,234000.0,9.58,21016.12,0.0,4121.53,25767.46,233370.19,2025-10-31,PAY-202510-0112
2687,112,2025-11-01,234000.0,10.35,22705.31,0.0,3319.86,12249.78,247775.39,2025-11-28,PAY-202511-0112
2688,112,2025-12-01,234000.0,0.32,702.0,0.0,9170.79,33850.75,210022.04,2025-12-30,PAY-202512-0112
2689,113,2024-01-01,50000.0,11.78,5521.88,0.0,8818.71,6626.02,57714.57,2024-01-28,PAY-202401-0113
2690,113,2024-02-01,50000.0,11.06,5184.38,0.0,7134.04,6124.77,56193.65,2024-02-28,PAY-202402-0113
2691,113,2024-03-01,50000.0,2.92,1368.75,0.0,5195.49,5388.49,51175.75,2024-03-29,PAY-202403-0113
2692,113,2024-04-01,50000.0,6.78,3178.12,0.0,7484.62,5959.56,54703.18,2024-04-27,PAY-202404-0113
2693,113,2024-05-01,50000.0,7.8,3656.25,0.0,3835.39,2709.73,54781.91,2024-05-30,PAY-202405-0113
2694,113,2024-06-01,50000.0,7.33,3435.94,0.0,9470.76,6148.62,56758.08,2024-06-28,PAY-202406-0113
2695,113,2024-07-01,50000.0,9.67,4532.81,31180.38,7943.88,4476.21,89180.86,2024-07-28,PAY-202407-0113
2696,113,2024-08-01,50000.0,15.16,7106.25,0.0,7010.7,3513.35,60603.6,2024-08-30,PAY-202408-0113
2697,113,2024-09-01,50000.0,13.41,6285.94,0.0,5274.4,5304.95,56255.39,2024-09-26,PAY-202409-0113
2698,113,2024-10-01,50000.0,1.44,675.0,0.0,4258.32,7336.34,47596.98,2024-10-27,PAY-202410-0113
2699,113,2024-11-01,50000.0,11.11,5207.81,0.0,8063.89,4959.79,58311.91,2024-11-26,PAY-202411-0113
2700,113,2024-12-01,50000.0,14.64,6862.5,12640.69,14881.96,6209.84,78175.31,2024-12-27,PAY-202412-0113
2701,113,2025-01-01,50000.0,9.93,4654.69,0.0,11503.12,8898.49,57259.32,2025-01-29,PAY-202501-0113
2702,113,2025-02-01,50000.0,13.45,6304.69,0.0,5280.37,3915.39,57669.67,2025-03-02,PAY-202502-0113
2703,113,2025-03-01,50000.0,18.06,8465.62,0.0,11557.5,6596.79,63426.33,2025-03-31,PAY-202503-0113
2704,113,2025-04-01,50000.0,13.12,6150.0,0.0,14403.59,7451.4,63102.19,2025-04-28,PAY-202504-0113
2705,113,2025-05-01,50000.0,9.25,4335.94,0.0,7987.63,3963.14,58360.43,2025-05-29,PAY-202505-0113
2706,113,2025-06-01,50000.0,13.23,6201.56,0.0,6958.71,7869.9,55290.37,2025-06-29,PAY-202506-0113
2707,113,2025-07-01,50000.0,8.72,4087.5,0.0,13100.13,5100.35,62087.28,2025-07-26,PAY-202507-0113
2708,113,2025-08-01,50000.0,8.12,3806.25,0.0,5010.82,5516.14,53300.93,2025-08-27,PAY-202508-0113
2709,113,2025-09-01,50000.0,6.24,2925.0,0.0,1474.85,6271.03,48128.82,2025-09-29,PAY-202509-0113
2710,113,2025-10-01,50000.0,15.82,7415.62,0.0,6154.41,6636.71,56933.32,2025-10-30,PAY-202510-0113
2711,113,2025-11-01,50000.0,3.91,1832.81,0.0,9145.59,5771.85,55206.55,2025-11-26,PAY-202511-0113
2712,113,2025-12-01,50000.0,15.66,7340.62,0.0,10982.22,8645.68,59677.16,2025-12-28,PAY-202512-0113
2713,114,2024-01-01,177600.0,10.5,17482.5,0.0,2496.88,23321.43,174257.95,2024-01-31,PAY-202401-0114
2714,114,2024-02-01,177600.0,1.0,1665.0,17960.36,11144.48,29278.54,179091.3,2024-03-02,PAY-202402-0114
2715,114,2024-03-01,177600.0,9.84,16383.6,0.0,7670.03,13336.71,188316.92,2024-03-27,PAY-202403-0114
2716,114,2024-04-01,177600.0,0.0,0.0,0.0,10845.9,14405.31,174040.59,2024-04-29,PAY-202404-0114
2717,114,2024-05-01,177600.0,11.13,18531.45,0.0,13820.79,16331.06,193621.18,2024-05-28,PAY-202405-0114
2718,114,2024-06-01,177600.0,12.43,20695.95,6081.14,8664.03,19481.85,193559.27,2024-07-01,PAY-202406-0114
2719,114,2024-07-01,177600.0,5.04,8391.6,0.0,14845.7,27275.45,173561.85,2024-07-29,PAY-202407-0114
2720,114,2024-08-01,177600.0,8.62,14352.3,0.0,1667.36,22825.31,170794.35,2024-08-28,PAY-202408-0114
2721,114,2024-09-01,177600.0,17.77,29587.05,0.0,13633.18,14533.41,206286.82,2024-10-01,PAY-202409-0114
2722,114,2024-10-01,177600.0,5.47,9107.55,0.0,103.25,9626.26,177184.54,2024-10-31,PAY-202410-0114
2723,114,2024-11-01,177600.0,2.71,4512.15,0.0,7796.51,19736.19,170172.47,2024-11-29,PAY-202411-0114
2724,114,2024-12-01,177600.0,15.41,25657.65,19598.14,3900.44,25410.47,201345.76,2024-12-26,PAY-202412-0114
2725,114,2025-01-01,177600.0,17.81,29653.65,0.0,9104.65,31718.85,184639.45,2025-01-31,PAY-202501-0114
2726,114,2025-02-01,177600.0,8.02,13353.3,21828.26,10890.48,15643.93,208028.11,2025-03-01,PAY-202502-0114
2727,114,2025-03-01,177600.0,13.06,21744.9,0.0,10877.26,9801.36,200420.8,2025-03-29,PAY-202503-0114
2728,114,2025-04-01,177600.0,14.71,24492.15,0.0,7673.4,23878.65,185886.9,2025-04-29,PAY-202504-0114
2729,114,2025-05-01,177600.0,4.29,7142.85,0.0,1554.35,28437.16,157860.04,2025-05-30,PAY-202505-0114
2730,114,2025-06-01,177600.0,5.57,9274.05,0.0,1676.76,12780.8,175770.01,2025-06-29,PAY-202506-0114
2731,114,2025-07-01,177600.0,14.15,23559.75,0.0,2129.25,14491.97,188797.03,2025-07-29,PAY-202507-0114
2732,114,2025-08-01,177600.0,16.43,27355.95,0.0,1456.89,23703.32,182709.52,2025-08-26,PAY-202508-0114
2733,114,2025-09-01,177600.0,10.81,17998.65,0.0,10636.24,26253.78,179981.11,2025-09-28,PAY-202509-0114
2734,114,2025-10-01,177600.0,3.6,5994.0,0.0,10337.91,16514.31,177417.6,2025-10-29,PAY-202510-0114
2735,114,2025-11-01,177600.0,17.94,29870.1,0.0,8523.47,22604.16,193389.41,2025-11-27,PAY-202511-0114
2736,114,2025-12-01,177600.0,5.35,8907.75,0.0,4326.46,13982.95,176851.26,2025-12-28,PAY-202512-0114
2737,115,2024-01-01,178400.0,6.32,10570.2,0.0,10707.05,16032.12,183645.13,2024-01-31,PAY-202401-0115
2738,115,2024-02-01,178400.0,9.71,16239.98,0.0,9508.42,19942.81,184205.59,2024-02-29,PAY-202402-0115
2739,115,2024-03-01,178400.0,15.77,26375.33,0.0,2316.62,27594.17,179497.78,2024-03-27,PAY-202403-0115
2740,115,2024-04-01,178400.0,12.27,20521.58,0.0,4384.99,17830.99,185475.58,2024-05-01,PAY-202404-0115
2741,115,2024-05-01,178400.0,10.07,16842.08,0.0,12763.79,22446.28,185559.59,2024-05-27,PAY-202405-0115
2742,115,2024-06-01,178400.0,10.32,17260.2,0.0,3891.32,25644.66,173906.86,2024-07-01,PAY-202406-0115
2743,115,2024-07-01,178400.0,8.22,13747.95,0.0,7752.27,19981.99,179918.23,2024-07-27,PAY-202407-0115
2744,115,2024-08-01,178400.0,10.79,18046.27,0.0,9657.77,22536.84,183567.2,2024-08-30,PAY-202408-0115
2745,115,2024-09-01,178400.0,0.0,0.0,0.0,5615.44,28990.56,155024.88,2024-09-29,PAY-202409-0115
2746,115,2024-10-01,178400.0,6.52,10904.7,0.0,13061.73,20099.76,182266.67,2024-10-29,PAY-202410-0115
2747,115,2024-11-01,178400.0,9.21,15403.73,0.0,213.49,30881.62,163135.6,2024-11-28,PAY-202411-0115
2748,115,2024-12-01,178400.0,2.24,3746.4,0.0,3096.44,12400.85,172841.99,2024-12-30,PAY-202412-0115
2749,115,2025-01-01,178400.0,70.46,117844.35,0.0,11839.11,23994.72,284088.74,2025-01-28,PAY-202501-0115
2750,115,2025-02-01,178400.0,6.98,11674.05,0.0,8541.12,23731.26,174883.91,2025-02-26,PAY-202502-0115
2751,115,2025-03-01,178400.0,16.78,28064.55,0.0,12686.19,27081.36,192069.38,2025-03-30,PAY-202503-0115
2752,115,2025-04-01,178400.0,15.87,26542.57,0.0,11120.67,17351.69,198711.55,2025-04-26,PAY-202504-0115
2753,115,2025-05-01,178400.0,5.67,9483.08,0.0,1482.6,16562.11,172803.57,2025-05-26,PAY-202505-0115
2754,115,2025-06-01,178400.0,7.25,12125.62,0.0,14424.84,28554.48,176395.98,2025-06-30,PAY-202506-0115
2755,115,2025-07-01,178400.0,7.63,12761.17,0.0,14556.56,10218.17,195499.56,2025-07-30,PAY-202507-0115
2756,115,2025-08-01,178400.0,5.74,9600.15,0.0,3670.38,27410.28,164260.25,2025-08-27,PAY-202508-0115
2757,115,2025-09-01,178400.0,8.98,15019.05,0.0,9762.11,14604.06,188577.1,2025-10-01,PAY-202509-0115
2758,115,2025-10-01,178400.0,4.21,7041.23,0.0,2661.46,31633.72,156468.97,2025-10-28,PAY-202510-0115
2759,115,2025-11-01,178400.0,2.35,3930.38,0.0,1370.39,13326.81,170373.96,2025-11-26,PAY-202511-0115
2760,115,2025-12-01,178400.0,11.11,18581.47,0.0,1988.23,15941.63,183028.07,2025-12-27,PAY-202512-0115
2761,116,2024-01-01,154200.0,11.15,16118.72,0.0,8785.16,19362.15,159741.73,2024-01-29,PAY-202401-0116
2762,116,2024-02-01,154200.0,3.98,5753.59,35857.42,766.24,23546.66,173030.59,2024-02-26,PAY-202402-0116
2763,116,2024-03-01,154200.0,12.48,18041.4,0.0,1746.1,9381.56,164605.94,2024-03-27,PAY-202403-0116
2764,116,2024-04-01,154200.0,4.84,6996.82,25628.16,8974.41,13723.02,182076.37,2024-04-26,PAY-202404-0116
2765,116,2024-05-01,154200.0,9.27,13400.94,0.0,12917.09,9945.61,170572.42,2024-05-29,PAY-202405-0116
2766,116,2024-06-01,154200.0,12.1,17492.06,0.0,2921.98,23862.38,150751.66,2024-06-30,PAY-202406-0116
2767,116,2024-07-01,154200.0,7.83,11319.24,0.0,14883.57,12756.54,167646.27,2024-07-29,PAY-202407-0116
2768,116,2024-08-01,154200.0,10.27,14846.57,0.0,7389.08,11248.76,165186.89,2024-08-30,PAY-202408-0116
2769,116,2024-09-01,154200.0,5.42,7835.29,0.0,4256.34,20645.28,145646.35,2024-09-28,PAY-202409-0116
2770,116,2024-10-01,154200.0,7.02,10148.29,0.0,3735.33,13228.43,154855.19,2024-10-30,PAY-202410-0116
2771,116,2024-11-01,154200.0,6.97,10076.01,0.0,9388.83,9944.53,163720.31,2024-11-27,PAY-202411-0116
2772,116,2024-12-01,154200.0,4.27,6172.82,0.0,4788.11,27241.91,137919.02,2024-12-29,PAY-202412-0116
2773,116,2025-01-01,154200.0,7.12,10292.85,0.0,2681.93,22953.74,144221.04,2025-01-31,PAY-202501-0116
2774,116,2025-02-01,154200.0,0.26,375.86,0.0,13879.43,16594.35,151860.94,2025-03-03,PAY-202502-0116
2775,116,2025-03-01,154200.0,5.54,8008.76,0.0,12338.37,11590.82,162956.31,2025-03-26,PAY-202503-0116
2776,116,2025-04-01,154200.0,6.58,9512.21,0.0,3198.25,17768.68,149141.78,2025-04-28,PAY-202504-0116
2777,116,2025-05-01,154200.0,6.72,9714.6,0.0,7078.13,21436.42,149556.31,2025-05-30,PAY-202505-0116
2778,116,2025-06-01,154200.0,6.79,9815.79,0.0,10078.31,14200.2,159893.9,2025-06-27,PAY-202506-0116
2779,116,2025-07-01,154200.0,7.69,11116.86,0.0,11787.17,24796.35,152307.68,2025-07-30,PAY-202507-0116
2780,116,2025-08-01,154200.0,10.4,15034.5,0.0,4885.22,18063.08,156056.64,2025-08-29,PAY-202508-0116
2781,116,2025-09-01,154200.0,12.37,17882.38,0.0,11831.23,23340.97,160572.64,2025-09-28,PAY-202509-0116
2782,116,2025-10-01,154200.0,4.75,6866.72,0.0,3942.83,26439.58,138569.97,2025-10-28,PAY-202510-0116
2783,116,2025-11-01,154200.0,1.98,2862.34,0.0,4593.49,22277.62,139378.21,2025-12-01,PAY-202511-0116
2784,116,2025-12-01,154200.0,2.79,4033.29,0.0,4620.25,19001.64,143851.9,2025-12-29,PAY-202512-0116
2785,117,2024-01-01,116500.0,5.56,6072.56,37899.56,829.61,12016.09,149285.64,2024-01-31,PAY-202401-0117
2786,117,2024-02-01,116500.0,6.24,6815.25,0.0,14624.79,17441.95,120498.09,2024-02-26,PAY-202402-0117
2787,117,2024-03-01,116500.0,4.15,4532.58,0.0,3033.2,15851.82,108213.96,2024-03-28,PAY-202403-0117
2788,117,2024-04-01,116500.0,1.52,1660.12,0.0,5602.13,10699.35,113062.9,2024-04-29,PAY-202404-0117
2789,117,2024-05-01,116500.0,5.72,6247.31,0.0,8399.58,8845.7,122301.19,2024-05-27,PAY-202405-0117
2790,117,2024-06-01,116500.0,8.91,9731.39,0.0,6601.55,9974.17,122858.77,2024-06-26,PAY-202406-0117
2791,117,2024-07-01,116500.0,10.98,11992.22,0.0,4882.25,13089.79,120284.68,2024-07-31,PAY-202407-0117
2792,117,2024-08-01,116500.0,5.21,5690.3,0.0,14280.68,20162.89,116308.09,2024-08-31,PAY-202408-0117
2793,117,2024-09-01,116500.0,5.94,6487.59,0.0,14395.98,16524.77,120858.8,2024-09-27,PAY-202409-0117
2794,117,2024-10-01,116500.0,3.37,3680.67,0.0,9100.57,11504.66,117776.58,2024-10-26,PAY-202410-0117
2795,117,2024-11-01,116500.0,7.84,8562.75,16994.22,8068.44,12460.39,137665.02,2024-11-28,PAY-202411-0117
2796,117,2024-12-01,116500.0,3.76,4106.62,9699.97,11247.39,10740.24,130813.74,2024-12-31,PAY-202412-0117
2797,117,2025-01-01,116500.0,10.87,11872.08,0.0,2276.59,8103.1,122545.57,2025-01-28,PAY-202501-0117
2798,117,2025-02-01,116500.0,0.0,0.0,0.0,8427.55,12462.47,112465.08,2025-02-28,PAY-202502-0117
2799,117,2025-03-01,116500.0,6.2,6771.56,0.0,11441.81,9773.59,124939.78,2025-03-30,PAY-202503-0117
2800,117,2025-04-01,116500.0,9.51,10386.7,0.0,10343.55,7952.38,129277.87,2025-04-26,PAY-202504-0117
2801,117,2025-05-01,116500.0,8.92,9742.31,0.0,10488.77,17018.04,119713.04,2025-05-28,PAY-202505-0117
2802,117,2025-06-01,116500.0,21.47,23449.27,0.0,6687.61,19222.04,127414.84,2025-06-27,PAY-202506-0117
2803,117,2025-07-01,116500.0,9.75,10648.83,0.0,3415.23,11310.58,119253.48,2025-07-27,PAY-202507-0117
2804,117,2025-08-01,116500.0,2.98,3254.72,0.0,10560.9,9692.39,120623.23,2025-08-31,PAY-202508-0117
2805,117,2025-09-01,116500.0,7.52,8213.25,0.0,2104.05,15551.73,111265.57,2025-09-29,PAY-202509-0117
2806,117,2025-10-01,116500.0,0.0,0.0,0.0,7295.36,6552.43,117242.93,2025-10-30,PAY-202510-0117
2807,117,2025-11-01,116500.0,7.6,8300.62,39637.51,5602.12,14392.75,155647.5,2025-11-26,PAY-202511-0117
2808,117,2025-12-01,116500.0,3.83,4183.08,0.0,13096.21,10778.48,123000.81,2025-12-30,PAY-202512-0117
2809,118,2024-01-01,99700.0,12.58,11758.37,0.0,8622.23,13207.12,106873.48,2024-01-31,PAY-202401-0118
2810,118,2024-02-01,99700.0,5.25,4907.11,8225.02,8374.36,6440.97,114765.52,2024-02-27,PAY-202402-0118
2811,118,2024-03-01,99700.0,7.42,6935.38,0.0,12694.49,6122.07,113207.8,2024-03-29,PAY-202403-0118
2812,118,2024-04-01,99700.0,4.82,4505.19,0.0,14894.25,14730.47,104368.97,2024-05-01,PAY-202404-0118
2813,118,2024-05-01,99700.0,16.69,15599.93,0.0,4152.97,10834.15,108618.75,2024-05-31,PAY-202405-0118
2814,118,2024-06-01,99700.0,6.39,5972.65,0.0,4956.44,7339.67,103289.42,2024-06-30,PAY-202406-0118
2815,118,2024-07-01,99700.0,17.16,16039.24,0.0,7915.71,13961.61,109693.34,2024-07-29,PAY-202407-0118
2816,118,2024-08-01,99700.0,12.07,11281.68,0.0,6021.99,8793.12,108210.55,2024-08-30,PAY-202408-0118
2817,118,2024-09-01,99700.0,10.41,9730.1,0.0,283.07,7904.21,101808.96,2024-09-29,PAY-202409-0118
2818,118,2024-10-01,99700.0,9.84,9197.33,0.0,12833.62,12559.1,109171.85,2024-10-28,PAY-202410-0118
2819,118,2024-11-01,99700.0,9.97,9318.83,0.0,9804.19,7581.5,111241.52,2024-11-30,PAY-202411-0118
2820,118,2024-12-01,99700.0,0.0,0.0,0.0,13398.65,14250.88,98847.77,2024-12-30,PAY-202412-0118
2821,118,2025-01-01,99700.0,6.61,6178.28,0.0,11594.88,7656.83,109816.33,2025-01-27,PAY-202501-0118
2822,118,2025-02-01,99700.0,12.23,11431.23,23669.77,14167.42,5496.34,143472.08,2025-02-27,PAY-202502-0118
2823,118,2025-03-01,99700.0,7.76,7253.18,0.0,14319.91,9229.22,112043.87,2025-03-28,PAY-202503-0118
2824,118,2025-04-01,99700.0,0.97,906.65,0.0,9872.51,7599.25,102879.91,2025-04-27,PAY-202504-0118
2825,118,2025-05-01,99700.0,7.74,7234.48,0.0,4066.17,17120.41,93880.24,2025-05-27,PAY-202505-0118
2826,118,2025-06-01,99700.0,16.52,15441.04,0.0,409.45,16360.06,99190.43,2025-06-29,PAY-202506-0118
2827,118,2025-07-01,99700.0,14.23,13300.6,0.0,14220.21,5314.52,121906.29,2025-07-31,PAY-202507-0118
2828,118,2025-08-01,99700.0,7.69,7187.75,0.0,3128.77,5622.87,104393.65,2025-08-29,PAY-202508-0118
2829,118,2025-09-01,99700.0,12.76,11926.61,0.0,3084.48,9916.72,104794.37,2025-09-26,PAY-202509-0118
2830,118,2025-10-01,99700.0,6.17,5767.02,11128.39,13699.25,14375.48,115919.18,2025-10-26,PAY-202510-0118
2831,118,2025-11-01,99700.0,0.0,0.0,0.0,3144.57,17177.36,85667.21,2025-12-01,PAY-202511-0118
2832,118,2025-12-01,99700.0,3.38,3159.24,0.0,11245.24,9092.08,105012.4,2025-12-27,PAY-202512-0118
2833,119,2024-01-01,80200.0,15.81,11887.14,0.0,1361.86,9295.05,84153.95,2024-01-29,PAY-202401-0119
2834,119,2024-02-01,80200.0,6.63,4984.93,0.0,1679.89,8774.2,78090.62,2024-02-26,PAY-202402-0119
2835,119,2024-03-01,80200.0,6.78,5097.71,0.0,6300.21,14035.32,77562.6,2024-03-26,PAY-202403-0119
2836,119,2024-04-01,80200.0,6.5,4887.19,191917.49,14185.98,12731.71,278458.95,2024-04-29,PAY-202404-0119
2837,119,2024-05-01,80200.0,17.52,13172.85,0.0,9780.03,6401.3,96751.58,2024-05-31,PAY-202405-0119
2838,119,2024-06-01,80200.0,16.13,12127.74,27525.37,5845.29,8924.41,116773.99,2024-06-28,PAY-202406-0119
2839,119,2024-07-01,80200.0,19.09,14353.29,0.0,13459.97,4483.02,103530.24,2024-07-27,PAY-202407-0119
2840,119,2024-08-01,80200.0,7.2,5413.5,0.0,139.11,9417.15,76335.46,2024-08-27,PAY-202408-0119
2841,119,2024-09-01,80200.0,9.48,7127.78,0.0,11434.32,4647.88,94114.22,2024-09-27,PAY-202409-0119
2842,119,2024-10-01,80200.0,0.42,315.79,0.0,9914.28,7885.39,82544.68,2024-10-29,PAY-202410-0119
2843,119,2024-11-01,80200.0,15.38,11563.84,0.0,6288.59,5830.77,92221.66,2024-11-30,PAY-202411-0119
2844,119,2024-12-01,80200.0,2.16,1624.05,0.0,11129.5,12458.39,80495.16,2024-12-27,PAY-202412-0119
2845,119,2025-01-01,80200.0,9.08,6827.02,0.0,13874.32,12210.64,88690.7,2025-01-26,PAY-202501-0119
2846,119,2025-02-01,80200.0,2.51,1887.21,0.0,4590.97,10529.51,76148.67,2025-02-28,PAY-202502-0119
2847,119,2025-03-01,80200.0,5.06,3804.49,0.0,427.17,4279.3,80152.36,2025-03-26,PAY-202503-0119
2848,119,2025-04-01,80200.0,3.81,2864.64,0.0,513.34,13101.77,70476.21,2025-04-29,PAY-202504-0119
2849,119,2025-05-01,80200.0,4.96,3729.3,18196.29,8977.61,9485.78,101617.42,2025-05-27,PAY-202505-0119
2850,119,2025-06-01,80200.0,5.3,3984.94,17203.32,3340.5,8387.7,96341.06,2025-06-26,PAY-202506-0119
2851,119,2025-07-01,80200.0,5.26,3954.86,21649.13,14750.53,12936.12,107618.4,2025-07-30,PAY-202507-0119
2852,119,2025-08-01,80200.0,12.17,9150.32,0.0,12853.74,12449.07,89754.99,2025-08-26,PAY-202508-0119
2853,119,2025-09-01,80200.0,2.48,1864.65,0.0,7042.3,13423.46,75683.49,2025-09-27,PAY-202509-0119
2854,119,2025-10-01,80200.0,9.1,6842.06,0.0,8099.79,13986.7,81155.15,2025-10-31,PAY-202510-0119
2855,119,2025-11-01,80200.0,14.09,10593.92,0.0,7166.85,11816.14,86144.63,2025-11-30,PAY-202511-0119
2856,119,2025-12-01,80200.0,5.43,4082.68,0.0,3289.67,5363.37,82208.98,2025-12-27,PAY-202512-0119
2857,120,2024-01-01,104300.0,4.41,4312.15,0.0,1232.83,6500.25,103344.73,2024-01-29,PAY-202401-0120
2858,120,2024-02-01,104300.0,6.85,6698.02,0.0,9225.22,8601.75,111621.49,2024-02-28,PAY-202402-0120
2859,120,2024-03-01,104300.0,13.9,13591.59,0.0,9890.54,9670.84,118111.29,2024-03-29,PAY-202403-0120
2860,120,2024-04-01,104300.0,8.97,8770.98,0.0,7798.75,13040.81,107828.92,2024-04-28,PAY-202404-0120
2861,120,2024-05-01,104300.0,5.34,5221.52,0.0,1975.61,10937.18,100559.95,2024-05-31,PAY-202405-0120
2862,120,2024-06-01,104300.0,10.42,10188.81,0.0,11046.15,16750.3,108784.66,2024-07-01,PAY-202406-0120
2863,120,2024-07-01,104300.0,2.49,2434.75,0.0,5775.45,5866.08,106644.12,2024-07-27,PAY-202407-0120
2864,120,2024-08-01,104300.0,11.41,11156.84,0.0,214.83,13819.96,101851.71,2024-08-27,PAY-202408-0120
2865,120,2024-09-01,104300.0,10.04,9817.24,0.0,4837.99,12971.92,105983.31,2024-09-29,PAY-202409-0120
2866,120,2024-10-01,104300.0,6.46,6316.67,0.0,2816.22,17004.9,96427.99,2024-10-30,PAY-202410-0120
2867,120,2024-11-01,104300.0,3.81,3725.47,0.0,14890.48,11359.85,111556.1,2024-11-28,PAY-202411-0120
2868,120,2024-12-01,104300.0,3.57,3490.79,0.0,1767.29,9002.1,100555.98,2024-12-30,PAY-202412-0120
2869,120,2025-01-01,104300.0,10.67,10433.26,0.0,5058.82,17316.77,102475.31,2025-01-28,PAY-202501-0120
2870,120,2025-02-01,104300.0,14.14,13826.27,0.0,13079.57,15682.65,115523.19,2025-03-01,PAY-202502-0120
2871,120,2025-03-01,104300.0,4.81,4703.28,0.0,10020.19,9857.26,109166.21,2025-03-30,PAY-202503-0120
2872,120,2025-04-01,104300.0,10.29,10061.69,0.0,11729.31,10998.11,115092.89,2025-04-26,PAY-202504-0120
2873,120,2025-05-01,104300.0,0.0,0.0,0.0,1893.42,8294.59,97898.83,2025-05-29,PAY-202505-0120
2874,120,2025-06-01,104300.0,5.08,4967.29,0.0,1804.17,14878.44,96193.02,2025-06-27,PAY-202506-0120
2875,120,2025-07-01,104300.0,7.84,7666.05,0.0,4605.46,11128.95,105442.56,2025-07-26,PAY-202507-0120
2876,120,2025-08-01,104300.0,3.45,3373.45,0.0,14575.2,7691.04,114557.61,2025-08-30,PAY-202508-0120
2877,120,2025-09-01,104300.0,3.32,3246.34,0.0,12600.19,8223.16,111923.37,2025-09-26,PAY-202509-0120
2878,120,2025-10-01,104300.0,4.66,4556.61,0.0,11168.94,12341.27,107684.28,2025-10-27,PAY-202510-0120
2879,120,2025-11-01,104300.0,9.46,9250.11,0.0,7958.42,5852.21,115656.32,2025-11-30,PAY-202511-0120
2880,120,2025-12-01,104300.0,7.06,6903.36,0.0,3456.35,18057.59,96602.12,2025-12-30,PAY-202512-0120
2881,121,2024-01-01,144900.0,0.0,0.0,0.0,2381.25,20061.64,127219.61,2024-01-31,PAY-202401-0121
2882,121,2024-02-01,144900.0,0.0,0.0,0.0,9272.76,23129.09,131043.67,2024-03-02,PAY-202402-0121
2883,121,2024-03-01,144900.0,4.97,6751.43,0.0,14132.88,18729.27,147055.04,2024-03-27,PAY-202403-0121
2884,121,2024-04-01,144900.0,10.29,13978.32,0.0,14385.85,25119.41,148144.76,2024-04-28,PAY-202404-0121
2885,121,2024-05-01,144900.0,0.0,0.0,0.0,7826.23,15180.35,137545.88,2024-05-29,PAY-202405-0121
2886,121,2024-06-01,144900.0,5.5,7471.41,0.0,2041.8,24916.81,129496.4,2024-06-26,PAY-202406-0121
2887,121,2024-07-01,144900.0,5.37,7294.81,29791.94,10021.8,11177.31,180831.24,2024-07-31,PAY-202407-0121
2888,121,2024-08-01,144900.0,14.94,20295.06,0.0,14389.14,8360.57,171223.63,2024-08-29,PAY-202408-0121
2889,121,2024-09-01,144900.0,6.07,8245.72,0.0,7213.98,10263.68,150096.02,2024-09-27,PAY-202409-0121
2890,121,2024-10-01,144900.0,9.91,13462.12,0.0,2391.65,15137.88,145615.89,2024-10-30,PAY-202410-0121
2891,121,2024-11-01,144900.0,8.71,11831.99,0.0,12514.94,8573.6,160673.33,2024-11-28,PAY-202411-0121
2892,121,2024-12-01,144900.0,0.0,0.0,0.0,6021.61,20920.27,130001.34,2024-12-30,PAY-202412-0121
2893,121,2025-01-01,144900.0,11.84,16083.9,0.0,2277.69,15596.97,147664.62,2025-01-31,PAY-202501-0121
2894,121,2025-02-01,144900.0,9.08,12334.61,0.0,4912.04,19239.58,142907.07,2025-03-02,PAY-202502-0121
2895,121,2025-03-01,144900.0,10.54,14317.93,0.0,1539.18,19084.92,141672.19,2025-03-29,PAY-202503-0121
2896,121,2025-04-01,144900.0,27.63,37533.63,0.0,6574.08,22733.54,166274.17,2025-04-30,PAY-202504-0121
2897,121,2025-05-01,144900.0,0.0,0.0,0.0,6815.51,8571.18,143144.33,2025-05-31,PAY-202505-0121
2898,121,2025-06-01,144900.0,16.62,22577.23,0.0,4081.54,25855.19,145703.58,2025-06-29,PAY-202506-0121
2899,121,2025-07-01,144900.0,6.56,8911.35,0.0,3831.79,19053.88,138589.26,2025-07-29,PAY-202507-0121
2900,121,2025-08-01,144900.0,70.36,95579.66,0.0,13143.63,20269.6,233353.69,2025-08-29,PAY-202508-0121
2901,121,2025-09-01,144900.0,7.77,10555.06,0.0,3369.5,9186.16,149638.4,2025-10-01,PAY-202509-0121
2902,121,2025-10-01,144900.0,5.88,7987.61,0.0,8985.7,14074.34,147798.97,2025-10-31,PAY-202510-0121
2903,121,2025-11-01,144900.0,5.15,6995.95,0.0,10523.99,15391.58,147028.36,2025-11-26,PAY-202511-0121
2904,121,2025-12-01,144900.0,9.65,13108.92,0.0,12977.51,12523.19,158463.24,2025-12-31,PAY-202512-0121
2905,122,2024-01-01,96000.0,0.41,369.0,0.0,13570.97,12790.51,97149.46,2024-01-28,PAY-202401-0122
2906,122,2024-02-01,96000.0,11.75,10575.0,0.0,12544.44,17068.92,102050.52,2024-02-26,PAY-202402-0122
2907,122,2024-03-01,96000.0,5.92,5328.0,29958.35,7283.23,12110.59,126458.99,2024-03-27,PAY-202403-0122
2908,122,2024-04-01,96000.0,2.35,2115.0,0.0,9984.43,6097.49,102001.94,2024-05-01,PAY-202404-0122
2909,122,2024-05-01,96000.0,5.75,5175.0,0.0,9099.61,11858.94,98415.67,2024-05-30,PAY-202405-0122
2910,122,2024-06-01,96000.0,14.29,12861.0,0.0,13878.65,9574.69,113164.96,2024-06-30,PAY-202406-0122
2911,122,2024-07-01,96000.0,5.32,4788.0,34337.2,9640.17,6030.24,138735.13,2024-07-26,PAY-202407-0122
2912,122,2024-08-01,96000.0,9.79,8811.0,31741.07,5410.51,13194.17,128768.41,2024-08-30,PAY-202408-0122
2913,122,2024-09-01,96000.0,4.35,3915.0,0.0,5906.18,14088.99,91732.19,2024-09-28,PAY-202409-0122
2914,122,2024-10-01,96000.0,11.79,10611.0,0.0,6603.68,10550.07,102664.61,2024-10-30,PAY-202410-0122
2915,122,2024-11-01,96000.0,11.43,10287.0,18954.25,12078.31,14089.94,123229.62,2024-11-29,PAY-202411-0122
2916,122,2024-12-01,96000.0,17.24,15516.0,0.0,384.61,11875.29,100025.32,2024-12-26,PAY-202412-0122
2917,122,2025-01-01,96000.0,7.12,6408.0,0.0,4934.43,8447.62,98894.81,2025-01-29,PAY-202501-0122
2918,122,2025-02-01,96000.0,11.34,10206.0,0.0,10935.86,15400.89,101740.97,2025-02-28,PAY-202502-0122
2919,122,2025-03-01,96000.0,8.49,7641.0,0.0,10245.18,9197.68,104688.5,2025-03-27,PAY-202503-0122
2920,122,2025-04-01,96000.0,14.48,13032.0,0.0,11755.65,8849.91,111937.74,2025-05-01,PAY-202504-0122
2921,122,2025-05-01,96000.0,4.41,3969.0,0.0,3947.61,14704.64,89211.97,2025-05-27,PAY-202505-0122
2922,122,2025-06-01,96000.0,11.73,10557.0,0.0,12952.24,12890.62,106618.62,2025-07-01,PAY-202506-0122
2923,122,2025-07-01,96000.0,7.03,6327.0,0.0,5228.09,14977.06,92578.03,2025-07-29,PAY-202507-0122
2924,122,2025-08-01,96000.0,7.68,6912.0,0.0,5006.45,12492.71,95425.74,2025-08-31,PAY-202508-0122
2925,122,2025-09-01,96000.0,8.46,7614.0,0.0,14488.55,8750.35,109352.2,2025-09-28,PAY-202509-0122
2926,122,2025-10-01,96000.0,9.26,8334.0,30267.92,9591.78,8705.3,135488.4,2025-10-29,PAY-202510-0122
2927,122,2025-11-01,96000.0,7.42,6678.0,0.0,11348.47,7322.82,106703.65,2025-12-01,PAY-202511-0122
2928,122,2025-12-01,96000.0,9.07,8163.0,0.0,5055.02,10263.36,98954.66,2025-12-28,PAY-202512-0122
2929,123,2024-01-01,211000.0,15.89,31432.41,0.0,14389.63,19403.3,237418.74,2024-01-26,PAY-202401-0123
2930,123,2024-02-01,211000.0,12.93,25577.16,0.0,4657.91,24432.85,216802.22,2024-03-02,PAY-202402-0123
2931,123,2024-03-01,211000.0,12.35,24429.84,0.0,11351.56,25314.32,221467.08,2024-03-29,PAY-202403-0123
2932,123,2024-04-01,211000.0,5.72,11314.88,0.0,1139.03,13110.97,210342.94,2024-05-01,PAY-202404-0123
2933,123,2024-05-01,211000.0,3.55,7022.34,0.0,13154.0,21649.2,209527.14,2024-05-28,PAY-202405-0123
2934,123,2024-06-01,211000.0,12.78,25280.44,0.0,5102.46,20254.72,221128.18,2024-06-27,PAY-202406-0123
2935,123,2024-07-01,211000.0,12.38,24489.19,0.0,1554.39,36775.14,200268.44,2024-07-28,PAY-202407-0123
2936,123,2024-08-01,211000.0,15.36,30384.0,0.0,14561.18,19432.83,236512.35,2024-08-27,PAY-202408-0123
2937,123,2024-09-01,211000.0,4.98,9851.06,0.0,611.59,25581.29,195881.36,2024-10-01,PAY-202409-0123
2938,123,2024-10-01,211000.0,6.85,13550.16,0.0,395.39,16707.17,208238.38,2024-10-31,PAY-202410-0123
2939,123,2024-11-01,211000.0,0.0,0.0,0.0,3680.28,16744.59,197935.69,2024-12-01,PAY-202411-0123
2940,123,2024-12-01,211000.0,59.92,118529.25,0.0,2180.65,18691.04,313018.86,2024-12-26,PAY-202412-0123
2941,123,2025-01-01,211000.0,12.98,25676.06,0.0,7249.1,22590.4,221334.76,2025-01-30,PAY-202501-0123
2942,123,2025-02-01,211000.0,5.67,11215.97,0.0,8521.29,21860.04,208877.22,2025-03-02,PAY-202502-0123
2943,123,2025-03-01,211000.0,11.2,22155.0,0.0,9408.83,34924.41,207639.42,2025-03-29,PAY-202503-0123
2944,123,2025-04-01,211000.0,7.05,13945.78,0.0,10601.19,37483.96,198063.01,2025-04-28,PAY-202504-0123
2945,123,2025-05-01,211000.0,9.62,19029.56,0.0,5467.72,35936.62,199560.66,2025-05-27,PAY-202505-0123
2946,123,2025-06-01,211000.0,2.26,4470.56,0.0,5356.11,36830.44,183996.23,2025-06-27,PAY-202506-0123
2947,123,2025-07-01,211000.0,8.43,16675.59,0.0,12411.72,29817.79,210269.52,2025-07-30,PAY-202507-0123
2948,123,2025-08-01,211000.0,0.0,0.0,0.0,1449.32,35716.46,176732.86,2025-08-30,PAY-202508-0123
2949,123,2025-09-01,211000.0,7.07,13985.34,0.0,8030.4,13424.87,219590.87,2025-09-30,PAY-202509-0123
2950,123,2025-10-01,211000.0,0.0,0.0,0.0,5225.14,29809.82,186415.32,2025-10-30,PAY-202510-0123
2951,123,2025-11-01,211000.0,14.03,27753.09,0.0,3359.46,17932.33,224180.22,2025-11-26,PAY-202511-0123
2952,123,2025-12-01,211000.0,11.89,23519.91,0.0,6568.06,26762.86,214325.11,2025-12-26,PAY-202512-0123
2953,124,2024-01-01,83300.0,10.33,8067.08,0.0,2570.12,10228.79,83708.41,2024-01-30,PAY-202401-0124
2954,124,2024-02-01,83300.0,15.61,12190.43,0.0,13437.62,9326.39,99601.66,2024-03-02,PAY-202402-0124
2955,124,2024-03-01,83300.0,3.26,2545.86,0.0,10230.11,4873.35,91202.62,2024-03-31,PAY-202403-0124
2956,124,2024-04-01,83300.0,16.74,13072.89,0.0,3780.18,13873.51,86279.56,2024-04-26,PAY-202404-0124
2957,124,2024-05-01,83300.0,12.66,9886.67,0.0,7362.15,11790.97,88757.85,2024-05-27,PAY-202405-0124
2958,124,2024-06-01,83300.0,6.82,5325.99,0.0,3228.06,9060.92,82793.13,2024-06-30,PAY-202406-0124
2959,124,2024-07-01,83300.0,13.68,10683.23,0.0,4569.92,6683.44,91869.71,2024-07-30,PAY-202407-0124
2960,124,2024-08-01,83300.0,2.47,1928.92,0.0,2163.5,10008.46,77383.96,2024-08-31,PAY-202408-0124
2961,124,2024-09-01,83300.0,3.88,3030.04,0.0,12941.01,14678.75,84592.3,2024-09-26,PAY-202409-0124
2962,124,2024-10-01,83300.0,4.96,3873.45,0.0,5375.24,5461.05,87087.64,2024-10-26,PAY-202410-0124
2963,124,2024-11-01,83300.0,5.36,4185.82,0.0,7946.58,12074.29,83358.11,2024-12-01,PAY-202411-0124
2964,124,2024-12-01,83300.0,2.72,2124.15,0.0,14696.73,12543.77,87577.11,2024-12-27,PAY-202412-0124
2965,124,2025-01-01,83300.0,14.12,11026.84,0.0,442.31,14223.26,80545.89,2025-01-31,PAY-202501-0124
2966,124,2025-02-01,83300.0,6.71,5240.09,8118.7,14192.21,10380.88,100470.12,2025-03-03,PAY-202502-0124
2967,124,2025-03-01,83300.0,9.76,7621.95,0.0,6113.61,11706.48,85329.08,2025-03-27,PAY-202503-0124
2968,124,2025-04-01,83300.0,5.15,4021.83,0.0,2744.84,7534.93,82531.74,2025-04-27,PAY-202504-0124
2969,124,2025-05-01,83300.0,0.0,0.0,0.0,13185.97,9576.05,86909.92,2025-05-27,PAY-202505-0124
2970,124,2025-06-01,83300.0,9.35,7301.77,0.0,3009.11,7968.15,85642.73,2025-07-01,PAY-202506-0124
2971,124,2025-07-01,83300.0,0.0,0.0,0.0,5095.8,12306.41,76089.39,2025-07-30,PAY-202507-0124
2972,124,2025-08-01,83300.0,7.66,5981.98,0.0,13189.52,4824.5,97647.0,2025-08-30,PAY-202508-0124
2973,124,2025-09-01,83300.0,1.16,905.89,18060.14,2527.7,14599.82,90193.91,2025-09-30,PAY-202509-0124
2974,124,2025-10-01,83300.0,17.94,14010.02,16440.09,4593.96,12828.61,105515.46,2025-10-30,PAY-202510-0124
2975,124,2025-11-01,83300.0,12.56,9808.58,0.0,12890.38,14514.4,91484.56,2025-11-27,PAY-202511-0124
2976,124,2025-12-01,83300.0,8.53,6661.4,0.0,7473.02,9960.83,87473.59,2025-12-28,PAY-202512-0124
2977,125,2024-01-01,87600.0,14.32,11760.3,28911.34,2320.07,8641.03,121950.68,2024-01-27,PAY-202401-0125
2978,125,2024-02-01,87600.0,3.77,3096.11,0.0,10595.51,14397.7,86893.92,2024-02-27,PAY-202402-0125
2979,125,2024-03-01,87600.0,10.72,8803.8,0.0,12215.42,9448.87,99170.35,2024-03-30,PAY-202403-0125
2980,125,2024-04-01,87600.0,9.0,7391.25,23815.64,14370.47,15092.74,118084.62,2024-04-28,PAY-202404-0125
2981,125,2024-05-01,87600.0,9.32,7654.05,0.0,1616.62,12158.37,84712.3,2024-05-30,PAY-202405-0125
2982,125,2024-06-01,87600.0,14.36,11793.15,0.0,13503.46,10047.25,102849.36,2024-06-30,PAY-202406-0125
2983,125,2024-07-01,87600.0,11.66,9575.77,0.0,9197.87,8222.27,98151.37,2024-07-29,PAY-202407-0125
2984,125,2024-08-01,87600.0,9.44,7752.6,0.0,8219.71,8808.18,94764.13,2024-08-29,PAY-202408-0125
2985,125,2024-09-01,87600.0,0.0,0.0,0.0,10030.58,5125.5,92505.08,2024-09-27,PAY-202409-0125
2986,125,2024-10-01,87600.0,3.2,2628.0,0.0,3591.77,13690.66,80129.11,2024-10-27,PAY-202410-0125
2987,125,2024-11-01,87600.0,7.39,6069.04,0.0,623.86,5047.61,89245.29,2024-11-29,PAY-202411-0125
2988,125,2024-12-01,87600.0,8.47,6955.99,0.0,13645.02,12438.58,95762.43,2024-12-30,PAY-202412-0125
2989,125,2025-01-01,87600.0,2.35,1929.94,23194.53,9952.69,8030.46,114646.7,2025-01-30,PAY-202501-0125
2990,125,2025-02-01,87600.0,20.06,16474.27,0.0,10533.09,10320.81,104286.55,2025-03-02,PAY-202502-0125
2991,125,2025-03-01,87600.0,15.58,12795.08,0.0,4238.42,5922.8,98710.7,2025-03-27,PAY-202503-0125
2992,125,2025-04-01,87600.0,11.01,9041.96,0.0,9395.09,8983.46,97053.59,2025-04-29,PAY-202504-0125
2993,125,2025-05-01,87600.0,8.36,6865.65,5834.2,1564.78,10771.55,91093.08,2025-05-30,PAY-202505-0125
2994,125,2025-06-01,87600.0,6.94,5699.48,0.0,7464.22,13335.07,87428.63,2025-06-28,PAY-202506-0125
2995,125,2025-07-01,87600.0,3.24,2660.85,0.0,10483.52,10387.74,90356.63,2025-07-26,PAY-202507-0125
2996,125,2025-08-01,87600.0,8.39,6890.29,0.0,1337.81,14539.15,81288.95,2025-08-31,PAY-202508-0125
2997,125,2025-09-01,87600.0,9.29,7629.41,0.0,8141.81,11678.94,91692.28,2025-10-01,PAY-202509-0125
2998,125,2025-10-01,87600.0,1.79,1470.04,5978.71,14501.52,8763.26,100787.01,2025-10-28,PAY-202510-0125
2999,125,2025-11-01,87600.0,9.67,7941.49,0.0,786.53,13779.59,82548.43,2025-11-29,PAY-202511-0125
3000,125,2025-12-01,87600.0,7.22,5929.43,0.0,7859.77,6410.37,94978.83,2025-12-28,PAY-202512-0125
3001,126,2024-01-01,50700.0,0.0,0.0,0.0,670.81,3948.72,47422.09,2024-01-29,PAY-202401-0126
3002,126,2024-02-01,50700.0,3.7,1758.66,0.0,13385.34,7230.5,58613.5,2024-02-26,PAY-202402-0126
3003,126,2024-03-01,50700.0,5.93,2818.6,0.0,7429.13,6299.42,54648.31,2024-03-30,PAY-202403-0126
3004,126,2024-04-01,50700.0,17.44,8289.45,37273.02,3090.45,7078.77,92274.15,2024-04-28,PAY-202404-0126
3005,126,2024-05-01,50700.0,10.78,5123.87,13413.56,12204.57,8014.12,73427.88,2024-05-27,PAY-202405-0126
3006,126,2024-06-01,50700.0,1.32,627.41,0.0,12398.58,4985.43,58740.56,2024-06-29,PAY-202406-0126
3007,126,2024-07-01,50700.0,10.43,4957.51,9958.43,3692.6,6941.3,62367.24,2024-07-29,PAY-202407-0126
3008,126,2024-08-01,50700.0,0.26,123.58,0.0,10652.59,8480.66,52995.51,2024-08-28,PAY-202408-0126
3009,126,2024-09-01,50700.0,13.41,6373.94,0.0,13180.22,7390.15,62864.01,2024-09-28,PAY-202409-0126
3010,126,2024-10-01,50700.0,5.64,2680.76,0.0,153.41,7963.05,45571.12,2024-10-29,PAY-202410-0126
3011,126,2024-11-01,50700.0,7.53,3579.1,0.0,13516.14,7918.03,59877.21,2024-11-29,PAY-202411-0126
3012,126,2024-12-01,50700.0,14.63,6953.82,0.0,156.45,7099.42,50710.85,2024-12-26,PAY-202412-0126
3013,126,2025-01-01,50700.0,1.56,741.49,0.0,6736.92,6904.59,51273.82,2025-01-27,PAY-202501-0126
3014,126,2025-02-01,50700.0,1.01,480.07,9003.31,2383.86,7749.73,54817.51,2025-02-26,PAY-202502-0126
3015,126,2025-03-01,50700.0,5.08,2414.59,0.0,4910.68,8753.63,49271.64,2025-03-28,PAY-202503-0126
3016,126,2025-04-01,50700.0,13.19,6269.37,0.0,10725.35,7115.87,60578.85,2025-04-28,PAY-202504-0126
3017,126,2025-05-01,50700.0,0.4,190.12,0.0,4270.57,6292.58,48868.11,2025-05-26,PAY-202505-0126
3018,126,2025-06-01,50700.0,0.0,0.0,0.0,5923.59,8371.99,48251.6,2025-06-27,PAY-202506-0126
3019,126,2025-07-01,50700.0,5.74,2728.29,0.0,8321.25,5817.1,55932.44,2025-07-27,PAY-202507-0126
3020,126,2025-08-01,50700.0,10.76,5114.36,0.0,535.43,5690.9,50658.89,2025-08-26,PAY-202508-0126
3021,126,2025-09-01,50700.0,14.0,6654.38,0.0,12496.42,3750.9,66099.9,2025-10-01,PAY-202509-0126
3022,126,2025-10-01,50700.0,5.68,2699.78,0.0,3626.28,6590.58,50435.48,2025-10-29,PAY-202510-0126
3023,126,2025-11-01,50700.0,5.94,2823.36,0.0,6630.36,7604.31,52549.41,2025-12-01,PAY-202511-0126
3024,126,2025-12-01,50700.0,13.77,6545.05,0.0,11501.85,3780.5,64966.4,2025-12-27,PAY-202512-0126
3025,127,2024-01-01,184700.0,0.0,0.0,0.0,656.37,9576.22,175780.15,2024-01-27,PAY-202401-0127
3026,127,2024-02-01,184700.0,6.06,10493.27,0.0,14256.22,31369.29,178080.2,2024-02-28,PAY-202402-0127
3027,127,2024-03-01,184700.0,8.95,15497.48,0.0,13523.44,10589.9,203131.02,2024-03-29,PAY-202403-0127
3028,127,2024-04-01,184700.0,10.25,17748.52,0.0,4377.08,10763.29,196062.31,2024-04-27,PAY-202404-0127
3029,127,2024-05-01,184700.0,5.45,9437.02,0.0,5038.33,26551.28,172624.07,2024-05-26,PAY-202405-0127
3030,127,2024-06-01,184700.0,8.17,14146.87,0.0,1040.74,15136.33,184751.28,2024-06-30,PAY-202406-0127
3031,127,2024-07-01,184700.0,0.0,0.0,0.0,2416.47,22371.98,164744.49,2024-07-28,PAY-202407-0127
3032,127,2024-08-01,184700.0,4.71,8155.66,28966.7,6148.86,22063.45,205907.77,2024-08-30,PAY-202408-0127
3033,127,2024-09-01,184700.0,10.27,17783.15,0.0,10861.19,16958.29,196386.05,2024-09-26,PAY-202409-0127
3034,127,2024-10-01,184700.0,3.09,5350.53,0.0,1556.89,14845.46,176761.96,2024-10-29,PAY-202410-0127
3035,127,2024-11-01,184700.0,8.29,14354.65,7044.61,5812.91,22848.15,189064.02,2024-11-27,PAY-202411-0127
3036,127,2024-12-01,184700.0,10.23,17713.88,0.0,527.93,22334.98,180606.83,2024-12-26,PAY-202412-0127
3037,127,2025-01-01,184700.0,6.29,10891.53,0.0,13662.17,31738.37,177515.33,2025-01-31,PAY-202501-0127
3038,127,2025-02-01,184700.0,8.85,15324.33,0.0,10284.15,18521.67,191786.81,2025-03-03,PAY-202502-0127
3039,127,2025-03-01,184700.0,3.19,5523.68,0.0,7358.44,15238.77,182343.35,2025-03-31,PAY-202503-0127
3040,127,2025-04-01,184700.0,6.97,12068.99,0.0,13791.4,12911.99,197648.4,2025-04-30,PAY-202504-0127
3041,127,2025-05-01,184700.0,11.05,19133.77,0.0,3357.6,16122.88,191068.49,2025-05-31,PAY-202505-0127
3042,127,2025-06-01,184700.0,8.78,15203.12,0.0,14510.55,33225.36,181188.31,2025-06-27,PAY-202506-0127
3043,127,2025-07-01,184700.0,5.07,8779.02,0.0,314.06,28574.67,165218.41,2025-07-27,PAY-202507-0127
3044,127,2025-08-01,184700.0,9.12,15791.85,19363.0,13197.08,29684.78,203367.15,2025-08-29,PAY-202508-0127
3045,127,2025-09-01,184700.0,11.57,20034.18,0.0,9397.5,14231.71,199899.97,2025-09-29,PAY-202509-0127
3046,127,2025-10-01,184700.0,0.0,0.0,0.0,6265.88,26845.85,164120.03,2025-10-29,PAY-202510-0127
3047,127,2025-11-01,184700.0,13.8,23895.56,0.0,6952.76,17345.95,198202.37,2025-12-01,PAY-202511-0127
3048,127,2025-12-01,184700.0,6.32,10943.48,0.0,10849.62,14179.23,192313.87,2025-12-27,PAY-202512-0127
3049,128,2024-01-01,176100.0,10.13,16724.0,0.0,8525.8,30507.68,170842.12,2024-01-31,PAY-202401-0128
3050,128,2024-02-01,176100.0,13.99,23096.62,0.0,9283.14,29416.81,179062.95,2024-03-01,PAY-202402-0128
3051,128,2024-03-01,176100.0,1.14,1882.07,0.0,11881.17,17385.68,172477.56,2024-03-28,PAY-202403-0128
3052,128,2024-04-01,176100.0,4.45,7346.67,0.0,2119.97,11292.33,174274.31,2024-05-01,PAY-202404-0128
3053,128,2024-05-01,176100.0,6.56,10830.15,0.0,13570.14,30684.59,169815.7,2024-05-30,PAY-202405-0128
3054,128,2024-06-01,176100.0,4.08,6735.82,0.0,2991.15,16535.58,169291.39,2024-06-27,PAY-202406-0128
3055,128,2024-07-01,176100.0,16.67,27521.13,0.0,14056.83,18689.83,198988.13,2024-07-29,PAY-202407-0128
3056,128,2024-08-01,176100.0,3.72,6141.49,12225.86,8510.89,12750.4,190227.84,2024-08-31,PAY-202408-0128
3057,128,2024-09-01,176100.0,5.22,8617.89,0.0,11538.6,23484.86,172771.63,2024-09-30,PAY-202409-0128
3058,128,2024-10-01,176100.0,9.02,14891.46,0.0,2967.15,18220.66,175737.95,2024-10-29,PAY-202410-0128
3059,128,2024-11-01,176100.0,1.99,3285.37,0.0,11076.99,26263.67,164198.69,2024-11-29,PAY-202411-0128
3060,128,2024-12-01,176100.0,6.02,9938.64,0.0,13995.3,22822.95,177210.99,2024-12-31,PAY-202412-0128
3061,128,2025-01-01,176100.0,9.59,15832.49,0.0,529.52,11027.1,181434.91,2025-01-26,PAY-202501-0128
3062,128,2025-02-01,176100.0,6.34,10466.94,5303.4,12933.74,10012.67,194791.41,2025-02-26,PAY-202502-0128
3063,128,2025-03-01,176100.0,7.53,12431.56,0.0,13527.06,13452.44,188606.18,2025-03-27,PAY-202503-0128
3064,128,2025-04-01,176100.0,5.35,8832.52,0.0,4613.43,10316.47,179229.48,2025-04-30,PAY-202504-0128
3065,128,2025-05-01,176100.0,0.43,709.9,0.0,8751.73,27766.23,157795.4,2025-05-29,PAY-202505-0128
3066,128,2025-06-01,176100.0,9.61,15865.51,0.0,2628.27,15747.08,178846.7,2025-06-30,PAY-202506-0128
3067,128,2025-07-01,176100.0,16.77,27686.22,0.0,13208.42,12542.44,204452.2,2025-07-26,PAY-202507-0128
3068,128,2025-08-01,176100.0,8.09,13356.08,0.0,9274.33,12428.51,186301.9,2025-08-30,PAY-202508-0128
3069,128,2025-09-01,176100.0,9.13,15073.06,0.0,10497.94,15243.3,186427.7,2025-09-27,PAY-202509-0128
3070,128,2025-10-01,176100.0,11.46,18919.74,0.0,9958.04,12162.17,192815.61,2025-10-29,PAY-202510-0128
3071,128,2025-11-01,176100.0,1.65,2724.05,6378.24,13203.48,19629.11,178776.66,2025-11-29,PAY-202511-0128
3072,128,2025-12-01,176100.0,16.51,27256.98,0.0,299.31,24558.17,179098.12,2025-12-28,PAY-202512-0128
3073,129,2024-01-01,82100.0,9.01,6934.88,0.0,8773.37,6045.71,91762.54,2024-01-26,PAY-202401-0129
3074,129,2024-02-01,82100.0,16.16,12438.15,0.0,14199.06,10154.28,98582.93,2024-02-28,PAY-202402-0129
3075,129,2024-03-01,82100.0,4.33,3332.75,0.0,13297.36,4840.26,93889.85,2024-03-27,PAY-202403-0129
3076,129,2024-04-01,82100.0,17.09,13153.96,0.0,10160.6,13889.62,91524.94,2024-04-26,PAY-202404-0129
3077,129,2024-05-01,82100.0,11.88,9143.89,0.0,11864.51,11244.21,91864.19,2024-05-31,PAY-202405-0129
3078,129,2024-06-01,82100.0,10.77,8289.53,0.0,10671.12,14231.13,86829.52,2024-06-26,PAY-202406-0129
3079,129,2024-07-01,82100.0,9.17,7058.03,0.0,14753.56,9385.47,94526.12,2024-07-30,PAY-202407-0129
3080,129,2024-08-01,82100.0,6.76,5203.09,0.0,6266.08,5909.38,87659.79,2024-08-28,PAY-202408-0129
3081,129,2024-09-01,82100.0,14.0,10775.62,0.0,4203.69,9659.57,87419.74,2024-09-26,PAY-202409-0129
3082,129,2024-10-01,82100.0,8.7,6696.28,0.0,13587.25,4660.11,97723.42,2024-10-27,PAY-202410-0129
3083,129,2024-11-01,82100.0,0.0,0.0,0.0,3946.7,14736.95,71309.75,2024-11-28,PAY-202411-0129
3084,129,2024-12-01,82100.0,2.41,1854.95,31249.92,11396.48,8994.17,117607.18,2024-12-26,PAY-202412-0129
3085,129,2025-01-01,82100.0,7.07,5441.69,0.0,470.61,13412.28,74600.02,2025-01-30,PAY-202501-0129
3086,129,2025-02-01,82100.0,9.55,7350.52,25077.84,4540.66,6235.78,112833.24,2025-03-01,PAY-202502-0129
3087,129,2025-03-01,82100.0,7.72,5941.99,0.0,539.75,11276.23,77305.51,2025-03-31,PAY-202503-0129
3088,129,2025-04-01,82100.0,14.09,10844.9,0.0,5501.91,9575.81,88871.0,2025-04-29,PAY-202504-0129
3089,129,2025-05-01,82100.0,0.0,0.0,0.0,5131.93,14168.64,73063.29,2025-05-31,PAY-202505-0129
3090,129,2025-06-01,82100.0,8.72,6711.68,0.0,2893.55,7110.96,84594.27,2025-06-26,PAY-202506-0129
3091,129,2025-07-01,82100.0,0.0,0.0,0.0,13781.64,5010.02,90871.62,2025-07-31,PAY-202507-0129
3092,129,2025-08-01,82100.0,11.8,9082.31,0.0,12922.19,13666.08,90438.42,2025-08-26,PAY-202508-0129
3093,129,2025-09-01,82100.0,7.53,5795.75,0.0,12093.4,5247.54,94741.61,2025-09-26,PAY-202509-0129
3094,129,2025-10-01,82100.0,10.1,7773.84,0.0,974.39,10208.98,80639.25,2025-10-27,PAY-202510-0129
3095,129,2025-11-01,82100.0,3.68,2832.45,0.0,12955.36,4207.94,93679.87,2025-11-26,PAY-202511-0129
3096,129,2025-12-01,82100.0,14.4,11083.5,0.0,5117.02,13805.81,84494.71,2025-12-26,PAY-202512-0129
3097,130,2024-01-01,154800.0,13.21,19171.01,0.0,9391.9,25275.03,158087.88,2024-01-29,PAY-202401-0130
3098,130,2024-02-01,154800.0,10.92,15847.65,0.0,4963.51,21121.21,154489.95,2024-03-01,PAY-202402-0130
3099,130,2024-03-01,154800.0,85.49,124067.36,0.0,10562.21,11755.17,277674.4,2024-03-31,PAY-202403-0130
3100,130,2024-04-01,154800.0,10.9,15818.62,0.0,2783.62,22194.15,151208.09,2024-04-26,PAY-202404-0130
3101,130,2024-05-01,154800.0,4.47,6487.09,32705.75,3496.14,8746.17,188742.81,2024-05-26,PAY-202405-0130
3102,130,2024-06-01,154800.0,12.28,17821.35,0.0,9381.78,11616.66,170386.47,2024-06-27,PAY-202406-0130
3103,130,2024-07-01,154800.0,16.25,23582.81,0.0,7429.51,21953.06,163859.26,2024-07-29,PAY-202407-0130
3104,130,2024-08-01,154800.0,13.35,19374.19,0.0,10142.39,25147.43,159169.15,2024-08-26,PAY-202408-0130
3105,130,2024-09-01,154800.0,4.35,6312.94,0.0,7613.77,9341.03,159385.68,2024-09-27,PAY-202409-0130
3106,130,2024-10-01,154800.0,9.81,14236.76,0.0,13172.65,19320.04,162889.37,2024-10-27,PAY-202410-0130
3107,130,2024-11-01,154800.0,1.53,2220.41,0.0,10543.02,9264.99,158298.44,2024-11-27,PAY-202411-0130
3108,130,2024-12-01,154800.0,10.86,15760.57,0.0,11344.29,12322.55,169582.31,2024-12-29,PAY-202412-0130
3109,130,2025-01-01,154800.0,10.25,14875.31,0.0,8884.62,19845.67,158714.26,2025-01-30,PAY-202501-0130
3110,130,2025-02-01,154800.0,0.0,0.0,0.0,3273.87,12790.11,145283.76,2025-02-28,PAY-202502-0130
3111,130,2025-03-01,154800.0,2.19,3178.24,0.0,7958.26,20918.04,145018.46,2025-03-31,PAY-202503-0130
3112,130,2025-04-01,154800.0,6.58,9549.23,0.0,11314.46,9041.08,166622.61,2025-04-26,PAY-202504-0130
3113,130,2025-05-01,154800.0,6.5,9433.12,0.0,13540.4,8955.57,168817.95,2025-05-29,PAY-202505-0130
3114,130,2025-06-01,154800.0,1.95,2829.94,31755.18,10741.65,7981.47,192145.3,2025-07-01,PAY-202506-0130
3115,130,2025-07-01,154800.0,9.94,14425.42,0.0,4775.97,23263.37,150738.02,2025-07-28,PAY-202507-0130
3116,130,2025-08-01,154800.0,9.26,13438.57,0.0,9082.6,27044.87,150276.3,2025-08-30,PAY-202508-0130
3117,130,2025-09-01,154800.0,7.03,10202.29,0.0,12595.88,16811.64,160786.53,2025-10-01,PAY-202509-0130
3118,130,2025-10-01,154800.0,4.22,6124.27,0.0,5556.65,13782.17,152698.75,2025-10-29,PAY-202510-0130
3119,130,2025-11-01,154800.0,13.24,19214.55,0.0,14986.46,11569.3,177431.71,2025-11-30,PAY-202511-0130
3120,130,2025-12-01,154800.0,16.28,23626.35,0.0,10362.97,15985.45,172803.87,2025-12-29,PAY-202512-0130
3121,131,2024-01-01,207300.0,5.58,10844.38,0.0,11943.77,35837.55,194250.6,2024-01-29,PAY-202401-0131
3122,131,2024-02-01,207300.0,4.94,9600.58,0.0,13486.34,22550.7,207836.22,2024-02-27,PAY-202402-0131
3123,131,2024-03-01,207300.0,10.46,20328.36,0.0,5783.46,35956.69,197455.13,2024-03-27,PAY-202403-0131
3124,131,2024-04-01,207300.0,6.21,12068.75,0.0,5721.86,33817.38,191273.23,2024-04-27,PAY-202404-0131
3125,131,2024-05-01,207300.0,7.3,14187.09,0.0,209.25,31691.77,190004.57,2024-05-31,PAY-202405-0131
3126,131,2024-06-01,207300.0,77.17,149975.07,0.0,2265.58,35859.91,323680.74,2024-06-27,PAY-202406-0131
3127,131,2024-07-01,207300.0,0.0,0.0,18695.21,2248.5,19455.31,208788.4,2024-07-26,PAY-202407-0131
3128,131,2024-08-01,207300.0,14.59,28354.75,0.0,2374.75,32726.69,205302.81,2024-08-30,PAY-202408-0131
3129,131,2024-09-01,207300.0,8.36,16247.14,0.0,2849.19,26718.33,199678.0,2024-09-29,PAY-202409-0131
3130,131,2024-10-01,207300.0,5.94,11544.02,0.0,14209.96,14672.01,218381.97,2024-10-31,PAY-202410-0131
3131,131,2024-11-01,207300.0,7.55,14672.95,38650.38,1003.59,19077.14,242549.78,2024-11-29,PAY-202411-0131
3132,131,2024-12-01,207300.0,7.81,15178.25,0.0,2122.17,24345.14,200255.28,2024-12-29,PAY-202412-0131
3133,131,2025-01-01,207300.0,0.0,0.0,0.0,6245.18,10714.46,202830.72,2025-01-28,PAY-202501-0131
3134,131,2025-02-01,207300.0,15.47,30064.98,0.0,5078.71,18735.68,223708.01,2025-03-02,PAY-202502-0131
3135,131,2025-03-01,207300.0,8.21,15955.62,0.0,1827.71,13852.96,211230.37,2025-03-28,PAY-202503-0131
3136,131,2025-04-01,207300.0,10.22,19861.93,0.0,5600.32,28919.78,203842.47,2025-04-27,PAY-202504-0131
3137,131,2025-05-01,207300.0,12.76,24798.26,0.0,14556.46,12066.16,234588.56,2025-05-29,PAY-202505-0131
3138,131,2025-06-01,207300.0,2.89,5616.53,0.0,3691.65,35820.4,180787.78,2025-07-01,PAY-202506-0131
3139,131,2025-07-01,207300.0,10.37,20153.45,0.0,13078.11,18787.56,221744.0,2025-07-29,PAY-202507-0131
3140,131,2025-08-01,207300.0,6.66,12943.29,0.0,8324.94,25920.5,202647.73,2025-08-28,PAY-202508-0131
3141,131,2025-09-01,207300.0,12.23,23768.24,0.0,13527.84,36383.56,208212.52,2025-10-01,PAY-202509-0131
3142,131,2025-10-01,207300.0,0.0,0.0,0.0,13670.71,29447.72,191522.99,2025-10-30,PAY-202510-0131
3143,131,2025-11-01,207300.0,7.5,14575.78,0.0,12294.85,23531.96,210638.67,2025-11-29,PAY-202511-0131
3144,131,2025-12-01,207300.0,4.99,9697.75,0.0,4701.9,34099.74,187599.91,2025-12-29,PAY-202512-0131
3145,132,2024-01-01,163000.0,10.16,15525.75,0.0,9354.1,9872.91,178006.94,2024-01-29,PAY-202401-0132
3146,132,2024-02-01,163000.0,10.35,15816.09,0.0,13506.46,28219.99,164102.56,2024-03-02,PAY-202402-0132
3147,132,2024-03-01,163000.0,4.46,6815.44,0.0,6742.27,24623.81,151933.9,2024-03-28,PAY-202403-0132
3148,132,2024-04-01,163000.0,4.44,6784.88,0.0,5456.74,24630.72,150610.9,2024-04-29,PAY-202404-0132
3149,132,2024-05-01,163000.0,7.45,11384.53,0.0,9496.05,15083.67,168796.91,2024-05-30,PAY-202405-0132
3150,132,2024-06-01,163000.0,3.52,5379.0,0.0,2191.8,13929.73,156641.07,2024-06-28,PAY-202406-0132
3151,132,2024-07-01,163000.0,12.21,18658.41,0.0,4712.52,26865.29,159505.64,2024-07-27,PAY-202407-0132
3152,132,2024-08-01,163000.0,6.15,9397.97,0.0,9687.62,28444.21,153641.38,2024-08-30,PAY-202408-0132
3153,132,2024-09-01,163000.0,0.0,0.0,0.0,4434.29,9433.33,158000.96,2024-09-27,PAY-202409-0132
3154,132,2024-10-01,163000.0,6.13,9367.41,0.0,7561.94,13409.92,166519.43,2024-10-29,PAY-202410-0132
3155,132,2024-11-01,163000.0,2.81,4294.03,0.0,12278.8,8381.27,171191.56,2024-11-28,PAY-202411-0132
3156,132,2024-12-01,163000.0,0.0,0.0,0.0,4441.55,8760.72,158680.83,2024-12-31,PAY-202412-0132
3157,132,2025-01-01,163000.0,1.81,2765.91,0.0,1180.65,18002.07,148944.49,2025-01-27,PAY-202501-0132
3158,132,2025-02-01,163000.0,8.55,13065.47,0.0,5730.29,11476.37,170319.39,2025-03-01,PAY-202502-0132
3159,132,2025-03-01,163000.0,14.64,22371.75,0.0,1616.17,13946.57,173041.35,2025-03-28,PAY-202503-0132
3160,132,2025-04-01,163000.0,9.57,14624.16,0.0,9098.14,14184.12,172538.18,2025-04-30,PAY-202504-0132
3161,132,2025-05-01,163000.0,4.97,7594.78,0.0,14341.58,10775.76,174160.6,2025-05-28,PAY-202505-0132
3162,132,2025-06-01,163000.0,10.28,15709.12,0.0,5532.33,14830.54,169410.91,2025-07-01,PAY-202506-0132
3163,132,2025-07-01,163000.0,5.7,8710.31,0.0,381.98,17351.96,154740.33,2025-07-28,PAY-202507-0132
3164,132,2025-08-01,163000.0,4.53,6922.41,0.0,4899.16,25866.39,148955.18,2025-08-26,PAY-202508-0132
3165,132,2025-09-01,163000.0,2.23,3407.72,0.0,4860.21,24180.05,147087.88,2025-09-26,PAY-202509-0132
3166,132,2025-10-01,163000.0,0.0,0.0,0.0,837.89,23348.96,140488.93,2025-10-27,PAY-202510-0132
3167,132,2025-11-01,163000.0,6.05,9245.16,0.0,13904.23,11114.72,175034.67,2025-11-26,PAY-202511-0132
3168,132,2025-12-01,163000.0,8.79,13432.22,0.0,14101.84,13129.94,177404.12,2025-12-28,PAY-202512-0132
3169,133,2024-01-01,189600.0,7.52,13366.8,0.0,5072.37,19650.79,188388.38,2024-01-26,PAY-202401-0133
3170,133,2024-02-01,189600.0,5.92,10522.8,0.0,8176.67,22412.3,185887.17,2024-03-02,PAY-202402-0133
3171,133,2024-03-01,189600.0,3.27,5812.43,0.0,10418.8,22989.51,182841.72,2024-03-26,PAY-202403-0133
3172,133,2024-04-01,189600.0,11.04,19623.6,0.0,6727.47,12320.66,203630.41,2024-04-28,PAY-202404-0133
3173,133,2024-05-01,189600.0,1.41,2506.27,0.0,847.71,26327.45,166626.53,2024-05-26,PAY-202405-0133
3174,133,2024-06-01,189600.0,11.88,21116.7,34501.26,3382.8,10524.95,238075.81,2024-06-27,PAY-202406-0133
3175,133,2024-07-01,189600.0,2.99,5314.73,0.0,14249.49,33004.57,176159.65,2024-07-27,PAY-202407-0133
3176,133,2024-08-01,189600.0,4.24,7536.6,0.0,4844.25,28112.98,173867.87,2024-08-31,PAY-202408-0133
3177,133,2024-09-01,189600.0,0.67,1190.93,0.0,7653.7,16619.03,181825.6,2024-09-26,PAY-202409-0133
3178,133,2024-10-01,189600.0,5.49,9758.48,0.0,10456.87,23037.17,186778.18,2024-10-26,PAY-202410-0133
3179,133,2024-11-01,189600.0,12.88,22894.2,0.0,540.08,15136.86,197897.42,2024-11-29,PAY-202411-0133
3180,133,2024-12-01,189600.0,10.58,18805.95,29563.85,8723.75,18553.38,228140.17,2024-12-27,PAY-202412-0133
3181,133,2025-01-01,189600.0,12.89,22911.98,0.0,2283.84,9661.16,205134.66,2025-01-31,PAY-202501-0133
3182,133,2025-02-01,189600.0,10.61,18859.27,0.0,4221.26,23190.76,189489.77,2025-03-02,PAY-202502-0133
3183,133,2025-03-01,189600.0,2.48,4408.2,0.0,12522.34,28068.82,178461.72,2025-03-28,PAY-202503-0133
3184,133,2025-04-01,189600.0,6.35,11287.12,0.0,4905.87,15896.91,189896.08,2025-04-26,PAY-202504-0133
3185,133,2025-05-01,189600.0,4.1,7287.75,0.0,6774.75,20461.75,183200.75,2025-05-31,PAY-202505-0133
3186,133,2025-06-01,189600.0,14.65,26040.38,0.0,11550.25,14522.74,212667.89,2025-06-26,PAY-202506-0133
3187,133,2025-07-01,189600.0,2.02,3590.55,33162.25,11142.2,31028.13,206466.87,2025-07-27,PAY-202507-0133
3188,133,2025-08-01,189600.0,12.47,22165.43,0.0,11035.54,16840.13,205960.84,2025-08-31,PAY-202508-0133
3189,133,2025-09-01,189600.0,12.46,22147.65,0.0,13299.78,29638.62,195408.81,2025-09-28,PAY-202509-0133
3190,133,2025-10-01,189600.0,17.15,30484.12,0.0,9717.45,15144.36,214657.21,2025-10-28,PAY-202510-0133
3191,133,2025-11-01,189600.0,5.95,10576.12,0.0,357.19,9784.66,190748.65,2025-11-27,PAY-202511-0133
3192,133,2025-12-01,189600.0,11.56,20547.9,0.0,3095.29,32816.6,180426.59,2025-12-29,PAY-202512-0133
3193,134,2024-01-01,152800.0,19.41,27804.83,0.0,6868.27,15401.95,172071.15,2024-01-27,PAY-202401-0134
3194,134,2024-02-01,152800.0,4.91,7033.57,0.0,7202.63,19493.65,147542.55,2024-03-02,PAY-202402-0134
3195,134,2024-03-01,152800.0,0.32,458.4,0.0,3727.78,19883.58,137102.6,2024-03-26,PAY-202403-0134
3196,134,2024-04-01,152800.0,0.0,0.0,0.0,9289.15,24666.74,137422.41,2024-04-28,PAY-202404-0134
3197,134,2024-05-01,152800.0,11.56,16559.7,0.0,4551.7,15216.55,158694.85,2024-05-30,PAY-202405-0134
3198,134,2024-06-01,152800.0,0.0,0.0,0.0,1458.49,14950.94,139307.55,2024-07-01,PAY-202406-0134
3199,134,2024-07-01,152800.0,6.14,8795.55,0.0,6347.48,25049.7,142893.33,2024-07-26,PAY-202407-0134
3200,134,2024-08-01,152800.0,10.19,14597.17,0.0,9804.39,13548.94,163652.62,2024-08-26,PAY-202408-0134
3201,134,2024-09-01,152800.0,8.93,12792.23,0.0,4530.75,12858.78,157264.2,2024-09-27,PAY-202409-0134
3202,134,2024-10-01,152800.0,10.13,14511.23,0.0,9550.65,26558.97,150302.91,2024-10-26,PAY-202410-0134
3203,134,2024-11-01,152800.0,9.11,13050.07,0.0,13980.65,11107.88,168722.84,2024-11-26,PAY-202411-0134
3204,134,2024-12-01,152800.0,14.39,20613.67,13218.1,13046.88,19156.69,180521.96,2024-12-30,PAY-202412-0134
3205,134,2025-01-01,152800.0,3.24,4641.3,0.0,338.38,18828.01,138951.67,2025-01-26,PAY-202501-0134
3206,134,2025-02-01,152800.0,4.62,6618.15,0.0,2299.42,8934.29,152783.28,2025-03-03,PAY-202502-0134
3207,134,2025-03-01,152800.0,4.14,5930.55,0.0,557.42,16230.93,143057.04,2025-03-29,PAY-202503-0134
3208,134,2025-04-01,152800.0,12.15,17404.88,0.0,14593.61,19096.77,165701.72,2025-04-26,PAY-202504-0134
3209,134,2025-05-01,152800.0,12.5,17906.25,0.0,14391.43,25048.33,160049.35,2025-05-31,PAY-202505-0134
3210,134,2025-06-01,152800.0,10.26,14697.45,0.0,7187.57,23569.76,151115.26,2025-06-26,PAY-202506-0134
3211,134,2025-07-01,152800.0,13.92,19940.4,0.0,14447.84,11375.82,175812.42,2025-07-31,PAY-202507-0134
3212,134,2025-08-01,152800.0,2.11,3022.57,0.0,29.23,20555.22,135296.58,2025-08-30,PAY-202508-0134
3213,134,2025-09-01,152800.0,16.34,23407.05,0.0,6530.17,26553.44,156183.78,2025-09-29,PAY-202509-0134
3214,134,2025-10-01,152800.0,15.62,22375.65,0.0,10733.54,22389.54,163519.65,2025-10-28,PAY-202510-0134
3215,134,2025-11-01,152800.0,11.68,16731.6,0.0,8970.74,16703.1,161799.24,2025-11-29,PAY-202511-0134
3216,134,2025-12-01,152800.0,16.91,24223.58,0.0,5599.01,25553.77,157068.82,2025-12-31,PAY-202512-0134
3217,135,2024-01-01,196600.0,0.0,0.0,0.0,2185.44,28620.11,170165.33,2024-01-28,PAY-202401-0135
3218,135,2024-02-01,196600.0,5.38,9916.01,0.0,8703.18,19340.39,195878.8,2024-02-28,PAY-202402-0135
3219,135,2024-03-01,196600.0,4.32,7962.3,0.0,2214.5,27021.79,179755.01,2024-03-29,PAY-202403-0135
3220,135,2024-04-01,196600.0,11.61,21398.68,0.0,6117.39,34401.11,189714.96,2024-04-26,PAY-202404-0135
3221,135,2024-05-01,196600.0,2.75,5068.59,0.0,13271.59,18335.81,196604.37,2024-05-28,PAY-202405-0135
3222,135,2024-06-01,196600.0,11.79,21730.44,0.0,6761.53,23611.18,201480.79,2024-07-01,PAY-202406-0135
3223,135,2024-07-01,196600.0,14.85,27370.41,0.0,641.34,22771.37,201840.38,2024-07-31,PAY-202407-0135
3224,135,2024-08-01,196600.0,11.48,21159.08,0.0,5124.75,26000.48,196883.35,2024-08-31,PAY-202408-0135
3225,135,2024-09-01,196600.0,9.42,17362.24,0.0,11981.03,13395.89,212547.38,2024-09-27,PAY-202409-0135
3226,135,2024-10-01,196600.0,3.06,5639.96,0.0,5945.25,30875.57,177309.64,2024-10-26,PAY-202410-0135
3227,135,2024-11-01,196600.0,3.77,6948.58,0.0,8159.95,23109.14,188599.39,2024-11-30,PAY-202411-0135
3228,135,2024-12-01,196600.0,14.25,26264.53,37707.68,9969.55,14039.45,256502.31,2024-12-27,PAY-202412-0135
3229,135,2025-01-01,196600.0,11.9,21933.19,0.0,11815.86,22332.46,208016.59,2025-01-28,PAY-202501-0135
3230,135,2025-02-01,196600.0,7.8,14376.38,0.0,11953.69,23847.3,199082.77,2025-03-01,PAY-202502-0135
3231,135,2025-03-01,196600.0,5.91,10892.87,0.0,12290.41,15429.03,204354.25,2025-03-28,PAY-202503-0135
3232,135,2025-04-01,196600.0,0.0,0.0,0.0,10317.01,35080.04,171836.97,2025-04-27,PAY-202504-0135
3233,135,2025-05-01,196600.0,2.65,4884.28,0.0,6804.81,31154.3,177134.79,2025-05-27,PAY-202505-0135
3234,135,2025-06-01,196600.0,17.56,32365.27,0.0,13397.75,34602.87,207760.15,2025-06-26,PAY-202506-0135
3235,135,2025-07-01,196600.0,1.6,2949.0,0.0,13737.66,27591.21,185695.45,2025-07-28,PAY-202507-0135
3236,135,2025-08-01,196600.0,8.95,16495.97,0.0,6091.8,30921.28,188266.49,2025-08-30,PAY-202508-0135
3237,135,2025-09-01,196600.0,13.04,24034.35,0.0,14273.26,14711.75,220195.86,2025-09-26,PAY-202509-0135
3238,135,2025-10-01,196600.0,1.73,3188.61,9237.64,2785.71,29664.74,182147.22,2025-10-26,PAY-202510-0135
3239,135,2025-11-01,196600.0,8.92,16440.67,20840.98,1784.29,33979.11,201686.83,2025-12-01,PAY-202511-0135
3240,135,2025-12-01,196600.0,12.69,23389.26,0.0,10467.28,17502.91,212953.63,2025-12-29,PAY-202512-0135
3241,136,2024-01-01,147100.0,8.06,11115.24,0.0,4556.8,19197.07,143574.97,2024-01-29,PAY-202401-0136
3242,136,2024-02-01,147100.0,22.34,30808.26,0.0,8900.04,20341.76,166466.54,2024-02-26,PAY-202402-0136
3243,136,2024-03-01,147100.0,0.0,0.0,0.0,5272.45,12246.32,140126.13,2024-03-29,PAY-202403-0136
3244,136,2024-04-01,147100.0,13.29,18327.74,0.0,5756.33,17662.63,153521.44,2024-04-26,PAY-202404-0136
3245,136,2024-05-01,147100.0,7.14,9846.51,0.0,8806.87,24195.4,141557.98,2024-05-31,PAY-202405-0136
3246,136,2024-06-01,147100.0,11.86,16355.68,0.0,409.92,8094.52,155771.08,2024-06-29,PAY-202406-0136
3247,136,2024-07-01,147100.0,10.21,14080.23,0.0,1302.43,12176.99,150305.67,2024-07-26,PAY-202407-0136
3248,136,2024-08-01,147100.0,4.33,5971.34,30349.75,10734.13,24992.35,169162.87,2024-08-29,PAY-202408-0136
3249,136,2024-09-01,147100.0,9.14,12604.63,0.0,5060.74,18897.81,145867.56,2024-09-29,PAY-202409-0136
3250,136,2024-10-01,147100.0,0.0,0.0,15843.48,11657.46,23698.32,150902.62,2024-10-27,PAY-202410-0136
3251,136,2024-11-01,147100.0,11.02,15197.27,0.0,1424.31,20431.76,143289.82,2024-11-30,PAY-202411-0136
3252,136,2024-12-01,147100.0,9.49,13087.3,0.0,11712.52,25245.3,146654.52,2024-12-29,PAY-202412-0136
3253,136,2025-01-01,147100.0,11.19,15431.71,11343.16,4121.12,18160.45,159835.54,2025-01-30,PAY-202501-0136
3254,136,2025-02-01,147100.0,13.29,18327.74,0.0,730.72,18554.6,147603.86,2025-03-03,PAY-202502-0136
3255,136,2025-03-01,147100.0,9.84,13569.98,0.0,2608.78,15993.36,147285.4,2025-03-27,PAY-202503-0136
3256,136,2025-04-01,147100.0,8.74,12053.01,26039.21,6400.97,20488.82,171104.37,2025-04-26,PAY-202504-0136
3257,136,2025-05-01,147100.0,3.59,4950.83,0.0,7293.71,7463.86,151880.68,2025-05-31,PAY-202505-0136
3258,136,2025-06-01,147100.0,4.44,6123.04,0.0,13581.15,22126.8,144677.39,2025-06-26,PAY-202506-0136
3259,136,2025-07-01,147100.0,13.93,19210.34,0.0,3351.34,23907.21,145754.47,2025-07-30,PAY-202507-0136
3260,136,2025-08-01,147100.0,15.18,20934.17,0.0,3430.99,15858.36,155606.8,2025-08-31,PAY-202508-0136
3261,136,2025-09-01,147100.0,6.81,9391.42,0.0,1741.34,10499.46,147733.3,2025-09-27,PAY-202509-0136
3262,136,2025-10-01,147100.0,8.23,11349.68,0.0,14200.09,18116.87,154532.9,2025-10-29,PAY-202510-0136
3263,136,2025-11-01,147100.0,3.48,4799.14,0.0,11915.06,15577.38,148236.82,2025-12-01,PAY-202511-0136
3264,136,2025-12-01,147100.0,13.86,19113.81,0.0,10407.18,19494.89,157126.1,2025-12-26,PAY-202512-0136
3265,137,2024-01-01,51700.0,11.33,5491.51,0.0,503.05,5517.31,52177.25,2024-01-31,PAY-202401-0137
3266,137,2024-02-01,51700.0,17.71,8583.82,0.0,977.63,4351.11,56910.34,2024-03-02,PAY-202402-0137
3267,137,2024-03-01,51700.0,3.61,1749.72,0.0,6019.9,8763.44,50706.18,2024-03-27,PAY-202403-0137
3268,137,2024-04-01,51700.0,6.11,2961.44,0.0,2429.93,6418.8,50672.57,2024-05-01,PAY-202404-0137
3269,137,2024-05-01,51700.0,9.16,4439.74,0.0,9897.93,6254.12,59783.55,2024-05-30,PAY-202405-0137
3270,137,2024-06-01,51700.0,11.23,5443.04,0.0,1002.28,7894.58,50250.74,2024-06-27,PAY-202406-0137
3271,137,2024-07-01,51700.0,6.92,3354.04,0.0,1737.75,2852.2,53939.59,2024-07-27,PAY-202407-0137
3272,137,2024-08-01,51700.0,3.64,1764.26,0.0,1998.22,7299.61,48162.87,2024-08-26,PAY-202408-0137
3273,137,2024-09-01,51700.0,12.41,6014.97,0.0,7652.94,2666.76,62701.15,2024-09-30,PAY-202409-0137
3274,137,2024-10-01,51700.0,11.61,5627.22,0.0,8783.59,2644.53,63466.28,2024-10-27,PAY-202410-0137
3275,137,2024-11-01,51700.0,3.42,1657.63,0.0,3655.14,5813.7,51199.07,2024-11-27,PAY-202411-0137
3276,137,2024-12-01,51700.0,14.78,7163.68,0.0,7121.39,5802.57,60182.5,2024-12-26,PAY-202412-0137
3277,137,2025-01-01,51700.0,13.85,6712.92,0.0,8295.49,6799.27,59909.14,2025-01-26,PAY-202501-0137
3278,137,2025-02-01,51700.0,8.67,4202.24,0.0,1904.33,6011.82,51794.75,2025-02-26,PAY-202502-0137
3279,137,2025-03-01,51700.0,8.4,4071.38,0.0,14848.0,3072.88,67546.5,2025-03-27,PAY-202503-0137
3280,137,2025-04-01,51700.0,10.77,5220.08,0.0,11301.21,8229.1,59992.19,2025-04-28,PAY-202504-0137
3281,137,2025-05-01,51700.0,3.69,1788.5,0.0,12419.63,5316.36,60591.77,2025-05-29,PAY-202505-0137
3282,137,2025-06-01,51700.0,8.15,3950.2,16217.07,5919.43,3879.5,73907.2,2025-07-01,PAY-202506-0137
3283,137,2025-07-01,51700.0,0.0,0.0,0.0,5861.64,6660.86,50900.78,2025-07-27,PAY-202507-0137
3284,137,2025-08-01,51700.0,12.38,6000.43,0.0,1909.9,6717.71,52892.62,2025-08-30,PAY-202508-0137
3285,137,2025-09-01,51700.0,0.19,92.09,0.0,9690.61,7662.25,53820.45,2025-09-27,PAY-202509-0137
3286,137,2025-10-01,51700.0,15.52,7522.35,0.0,7818.88,5926.23,61115.0,2025-10-26,PAY-202510-0137
3287,137,2025-11-01,51700.0,6.35,3077.77,0.0,463.71,3030.83,52210.65,2025-11-26,PAY-202511-0137
3288,137,2025-12-01,51700.0,6.94,3363.73,0.0,11655.72,7779.78,58939.67,2025-12-26,PAY-202512-0137
3289,138,2024-01-01,103700.0,4.86,4724.83,0.0,5899.01,11447.02,102876.82,2024-01-28,PAY-202401-0138
3290,138,2024-02-01,103700.0,6.56,6377.55,0.0,8029.36,9594.47,108512.44,2024-02-28,PAY-202402-0138
3291,138,2024-03-01,103700.0,15.09,14670.31,0.0,7048.68,11760.86,113658.13,2024-03-31,PAY-202403-0138
3292,138,2024-04-01,103700.0,0.0,0.0,0.0,8402.82,14381.52,97721.3,2024-04-30,PAY-202404-0138
3293,138,2024-05-01,103700.0,14.38,13980.06,0.0,8609.82,11512.01,114777.87,2024-05-26,PAY-202405-0138
3294,138,2024-06-01,103700.0,9.69,9420.5,0.0,14628.4,12366.86,115382.04,2024-06-30,PAY-202406-0138
3295,138,2024-07-01,103700.0,1.96,1905.49,0.0,3773.89,8800.76,100578.62,2024-07-28,PAY-202407-0138
3296,138,2024-08-01,103700.0,2.62,2547.13,0.0,8916.51,8256.54,106907.1,2024-08-28,PAY-202408-0138
3297,138,2024-09-01,103700.0,16.38,15924.43,0.0,8490.22,9883.31,118231.34,2024-09-28,PAY-202409-0138
3298,138,2024-10-01,103700.0,3.27,3179.05,0.0,5024.98,14299.51,97604.52,2024-10-28,PAY-202410-0138
3299,138,2024-11-01,103700.0,2.23,2167.98,0.0,6357.72,14070.48,98155.22,2024-11-30,PAY-202411-0138
3300,138,2024-12-01,103700.0,13.69,13309.25,0.0,2089.17,15564.14,103534.28,2024-12-28,PAY-202412-0138
3301,138,2025-01-01,103700.0,9.69,9420.5,0.0,10289.69,14791.84,108618.35,2025-01-30,PAY-202501-0138
3302,138,2025-02-01,103700.0,3.31,3217.94,0.0,11970.46,13027.56,105860.84,2025-02-27,PAY-202502-0138
3303,138,2025-03-01,103700.0,9.08,8827.46,30295.99,4371.92,8515.17,138680.2,2025-03-30,PAY-202503-0138
3304,138,2025-04-01,103700.0,2.87,2790.18,0.0,12455.84,7653.07,111292.95,2025-05-01,PAY-202504-0138
3305,138,2025-05-01,103700.0,13.5,13124.53,0.0,5624.98,10464.57,111984.94,2025-05-31,PAY-202505-0138
3306,138,2025-06-01,103700.0,13.31,12939.82,0.0,8522.84,12429.81,112732.85,2025-06-27,PAY-202506-0138
3307,138,2025-07-01,103700.0,10.66,10363.52,0.0,1080.75,6862.43,108281.84,2025-07-29,PAY-202507-0138
3308,138,2025-08-01,103700.0,9.81,9537.16,0.0,14758.01,5229.04,122766.13,2025-08-27,PAY-202508-0138
3309,138,2025-09-01,103700.0,16.81,16342.47,0.0,3822.16,11858.84,112005.79,2025-09-30,PAY-202509-0138
3310,138,2025-10-01,103700.0,8.0,7777.5,0.0,4156.37,12834.84,102799.03,2025-10-27,PAY-202510-0138
3311,138,2025-11-01,103700.0,2.09,2031.87,0.0,14723.66,13652.59,106802.94,2025-11-29,PAY-202511-0138
3312,138,2025-12-01,103700.0,10.25,9964.92,0.0,7145.52,10400.59,110409.85,2025-12-26,PAY-202512-0138
3313,139,2024-01-01,84700.0,18.43,14634.57,0.0,1843.75,12604.73,88573.59,2024-01-26,PAY-202401-0139
3314,139,2024-02-01,84700.0,2.93,2326.6,7459.8,1611.92,10128.34,85969.98,2024-02-27,PAY-202402-0139
3315,139,2024-03-01,84700.0,6.19,4915.25,0.0,13886.22,11796.52,91704.95,2024-03-27,PAY-202403-0139
3316,139,2024-04-01,84700.0,10.08,8004.15,28110.39,898.2,5461.98,116250.76,2024-04-30,PAY-202404-0139
3317,139,2024-05-01,84700.0,7.73,6138.1,0.0,4262.82,6885.13,88215.79,2024-05-27,PAY-202405-0139
3318,139,2024-06-01,84700.0,3.09,2453.65,0.0,8559.26,7172.03,88540.88,2024-06-30,PAY-202406-0139
3319,139,2024-07-01,84700.0,13.61,10807.19,0.0,3545.43,4487.75,94564.87,2024-07-30,PAY-202407-0139
3320,139,2024-08-01,84700.0,19.6,15563.63,0.0,3298.08,13106.68,90455.03,2024-08-29,PAY-202408-0139
3321,139,2024-09-01,84700.0,8.98,7130.68,0.0,9244.45,14744.71,86330.42,2024-09-26,PAY-202409-0139
3322,139,2024-10-01,84700.0,3.48,2763.34,0.0,9211.98,14960.66,81714.66,2024-10-29,PAY-202410-0139
3323,139,2024-11-01,84700.0,0.26,206.46,0.0,3692.89,8709.89,79889.46,2024-11-27,PAY-202411-0139
3324,139,2024-12-01,84700.0,9.29,7376.84,0.0,2484.64,6145.88,88415.6,2024-12-27,PAY-202412-0139
3325,139,2025-01-01,84700.0,13.52,10735.73,0.0,47.53,11625.16,83858.1,2025-01-29,PAY-202501-0139
3326,139,2025-02-01,84700.0,10.38,8242.37,0.0,8995.75,8492.99,93445.13,2025-02-27,PAY-202502-0139
3327,139,2025-03-01,84700.0,7.99,6344.56,0.0,12709.23,8733.37,95020.42,2025-03-29,PAY-202503-0139
3328,139,2025-04-01,84700.0,5.05,4010.02,0.0,11087.47,8468.46,91329.03,2025-04-30,PAY-202504-0139
3329,139,2025-05-01,84700.0,2.54,2016.92,0.0,345.4,12659.03,74403.29,2025-05-27,PAY-202505-0139
3330,139,2025-06-01,84700.0,12.17,9663.74,0.0,7372.8,12929.15,88807.39,2025-06-30,PAY-202506-0139
3331,139,2025-07-01,84700.0,12.57,9981.37,0.0,310.74,9823.74,85168.37,2025-07-29,PAY-202507-0139
3332,139,2025-08-01,84700.0,0.27,214.4,0.0,9098.31,8341.67,85671.04,2025-08-31,PAY-202508-0139
3333,139,2025-09-01,84700.0,15.95,12665.3,34292.89,10249.18,6089.05,135818.32,2025-09-29,PAY-202509-0139
3334,139,2025-10-01,84700.0,10.87,8631.46,0.0,4713.18,8695.58,89349.06,2025-10-27,PAY-202510-0139
3335,139,2025-11-01,84700.0,15.0,11910.94,0.0,13476.79,8413.06,101674.67,2025-11-29,PAY-202511-0139
3336,139,2025-12-01,84700.0,1.29,1024.34,0.0,10297.38,10437.6,85584.12,2025-12-31,PAY-202512-0139
3337,140,2024-01-01,48800.0,1.17,535.27,0.0,6783.69,7515.84,48603.12,2024-01-29,PAY-202401-0140
3338,140,2024-02-01,48800.0,7.26,3321.45,0.0,5392.81,2570.01,54944.25,2024-02-29,PAY-202402-0140
3339,140,2024-03-01,48800.0,10.51,4808.32,0.0,13637.82,3007.54,64238.6,2024-03-28,PAY-202403-0140
3340,140,2024-04-01,48800.0,16.98,7768.35,0.0,4036.82,8223.18,52381.99,2024-04-28,PAY-202404-0140
3341,140,2024-05-01,48800.0,11.53,5274.97,0.0,2528.12,7855.54,48747.55,2024-05-31,PAY-202405-0140
3342,140,2024-06-01,48800.0,6.79,3106.43,0.0,7964.05,3681.6,56188.88,2024-06-26,PAY-202406-0140
3343,140,2024-07-01,48800.0,2.87,1313.03,0.0,5468.58,7265.95,48315.66,2024-07-26,PAY-202407-0140
3344,140,2024-08-01,48800.0,14.15,6473.62,0.0,2381.31,6344.41,51310.52,2024-08-30,PAY-202408-0140
3345,140,2024-09-01,48800.0,3.18,1454.85,7773.94,13980.15,5314.47,66694.47,2024-09-28,PAY-202409-0140
3346,140,2024-10-01,48800.0,16.14,7384.05,0.0,6538.41,7965.68,54756.78,2024-10-27,PAY-202410-0140
3347,140,2024-11-01,48800.0,6.58,3010.35,0.0,4673.98,5742.1,50742.23,2024-11-27,PAY-202411-0140
3348,140,2024-12-01,48800.0,15.95,7297.12,0.0,9314.17,6072.63,59338.66,2024-12-31,PAY-202412-0140
3349,140,2025-01-01,48800.0,11.39,5210.93,0.0,8219.08,8416.15,53813.86,2025-01-27,PAY-202501-0140
3350,140,2025-02-01,48800.0,7.32,3348.9,0.0,12115.93,3679.52,60585.31,2025-03-03,PAY-202502-0140
3351,140,2025-03-01,48800.0,5.4,2470.5,32049.27,4035.66,7408.26,79947.17,2025-03-30,PAY-202503-0140
3352,140,2025-04-01,48800.0,6.3,2882.25,0.0,6938.06,7266.9,51353.41,2025-05-01,PAY-202504-0140
3353,140,2025-05-01,48800.0,10.14,4639.05,0.0,8004.86,3625.1,57818.81,2025-05-26,PAY-202505-0140
3354,140,2025-06-01,48800.0,8.39,3838.43,0.0,2576.92,4167.71,51047.64,2025-06-26,PAY-202506-0140
3355,140,2025-07-01,48800.0,5.03,2301.22,0.0,13422.57,4938.3,59585.49,2025-07-27,PAY-202507-0140
3356,140,2025-08-01,48800.0,7.17,3280.28,10456.83,1984.36,7906.55,56614.92,2025-08-28,PAY-202508-0140
3357,140,2025-09-01,48800.0,8.39,3838.43,0.0,4189.16,3999.28,52828.31,2025-09-27,PAY-202509-0140
3358,140,2025-10-01,48800.0,0.0,0.0,0.0,10701.45,3468.28,56033.17,2025-10-30,PAY-202510-0140
3359,140,2025-11-01,48800.0,10.29,4707.67,0.0,1006.11,4834.38,49679.4,2025-11-26,PAY-202511-0140
3360,140,2025-12-01,48800.0,3.1,1418.25,0.0,7933.4,5548.28,52603.37,2025-12-29,PAY-202512-0140
3361,141,2024-01-01,124400.0,2.23,2600.74,0.0,10893.52,20593.56,117300.7,2024-01-29,PAY-202401-0141
3362,141,2024-02-01,124400.0,0.0,0.0,182473.82,14149.28,11943.84,309079.26,2024-03-01,PAY-202402-0141
3363,141,2024-03-01,124400.0,0.0,0.0,0.0,12564.42,12772.87,124191.55,2024-03-28,PAY-202403-0141
3364,141,2024-04-01,124400.0,1.22,1422.83,0.0,6115.17,14356.98,117581.02,2024-04-29,PAY-202404-0141
3365,141,2024-05-01,124400.0,4.45,5189.81,0.0,546.25,7407.3,122728.76,2024-05-28,PAY-202405-0141
3366,141,2024-06-01,124400.0,17.77,20724.26,0.0,1733.04,20842.16,126015.14,2024-06-29,PAY-202406-0141
3367,141,2024-07-01,124400.0,5.37,6262.76,0.0,5604.35,11306.82,124960.29,2024-07-27,PAY-202407-0141
3368,141,2024-08-01,124400.0,8.89,10367.96,0.0,3233.56,18754.47,119247.05,2024-08-27,PAY-202408-0141
3369,141,2024-09-01,124400.0,10.0,11662.5,0.0,8856.45,18490.61,126428.34,2024-09-27,PAY-202409-0141
3370,141,2024-10-01,124400.0,8.66,10099.73,0.0,4529.58,10173.92,128855.39,2024-10-26,PAY-202410-0141
3371,141,2024-11-01,124400.0,7.61,8875.16,0.0,13554.96,10310.22,136519.9,2024-11-29,PAY-202411-0141
3372,141,2024-12-01,124400.0,2.02,2355.82,0.0,6978.07,20489.9,113243.99,2024-12-29,PAY-202412-0141
3373,141,2025-01-01,124400.0,15.25,17785.31,0.0,14394.28,10188.06,146391.53,2025-01-27,PAY-202501-0141
3374,141,2025-02-01,124400.0,17.04,19872.9,0.0,13841.2,10997.5,147116.6,2025-02-26,PAY-202502-0141
3375,141,2025-03-01,124400.0,0.0,0.0,0.0,13640.88,20565.32,117475.56,2025-03-29,PAY-202503-0141
3376,141,2025-04-01,124400.0,2.88,3358.8,15288.29,12316.41,15140.58,140222.92,2025-04-26,PAY-202504-0141
3377,141,2025-05-01,124400.0,6.6,7697.25,0.0,13029.44,13973.8,131152.89,2025-05-28,PAY-202505-0141
3378,141,2025-06-01,124400.0,3.18,3708.68,0.0,4655.13,14414.64,118349.17,2025-06-26,PAY-202506-0141
3379,141,2025-07-01,124400.0,10.53,12280.61,0.0,2189.09,17719.99,121149.71,2025-07-28,PAY-202507-0141
3380,141,2025-08-01,124400.0,4.36,5084.85,22832.73,9460.12,12224.12,149553.58,2025-08-29,PAY-202508-0141
3381,141,2025-09-01,124400.0,18.83,21960.49,0.0,11977.67,13663.83,144674.33,2025-09-30,PAY-202509-0141
3382,141,2025-10-01,124400.0,13.95,16269.19,0.0,5519.51,19177.39,127011.31,2025-10-30,PAY-202510-0141
3383,141,2025-11-01,124400.0,9.06,10566.23,0.0,6575.97,14104.12,127438.08,2025-11-30,PAY-202511-0141
3384,141,2025-12-01,124400.0,13.13,15312.86,32275.78,10929.97,15379.02,167539.59,2025-12-26,PAY-202512-0141
3385,142,2024-01-01,200500.0,13.53,25432.17,0.0,2299.95,31521.14,196710.98,2024-01-28,PAY-202401-0142
3386,142,2024-02-01,200500.0,5.18,9736.78,0.0,6597.92,28858.1,187976.6,2024-02-28,PAY-202402-0142
3387,142,2024-03-01,200500.0,3.92,7368.38,0.0,11431.63,15142.45,204157.56,2024-03-30,PAY-202403-0142
3388,142,2024-04-01,200500.0,8.39,15770.58,0.0,5915.99,11116.91,211069.66,2024-04-28,PAY-202404-0142
3389,142,2024-05-01,200500.0,12.31,23138.95,9652.97,6275.64,15072.86,224494.7,2024-05-27,PAY-202405-0142
3390,142,2024-06-01,200500.0,8.7,16353.28,0.0,8522.8,35840.46,189535.62,2024-06-27,PAY-202406-0142
3391,142,2024-07-01,200500.0,0.12,225.56,7317.99,12882.61,16945.46,203980.7,2024-07-29,PAY-202407-0142
3392,142,2024-08-01,200500.0,3.99,7499.95,0.0,3286.42,33877.97,177408.4,2024-08-27,PAY-202408-0142
3393,142,2024-09-01,200500.0,7.63,14342.02,0.0,7402.23,12109.41,210134.84,2024-09-29,PAY-202409-0142
3394,142,2024-10-01,200500.0,7.62,14323.22,0.0,5141.06,28998.28,190966.0,2024-10-28,PAY-202410-0142
3395,142,2024-11-01,200500.0,17.86,33571.22,0.0,14335.03,16751.94,231654.31,2024-11-30,PAY-202411-0142
3396,142,2024-12-01,200500.0,1.07,2011.27,0.0,13519.89,29368.13,186663.03,2024-12-31,PAY-202412-0142
3397,142,2025-01-01,200500.0,10.53,19793.11,0.0,7900.64,27429.95,200763.8,2025-01-31,PAY-202501-0142
3398,142,2025-02-01,200500.0,15.45,29041.17,0.0,10239.02,31038.32,208741.87,2025-02-27,PAY-202502-0142
3399,142,2025-03-01,200500.0,19.36,36390.75,0.0,333.38,22624.72,214599.41,2025-03-28,PAY-202503-0142
3400,142,2025-04-01,200500.0,5.98,11240.53,0.0,4508.53,35380.02,180869.04,2025-04-29,PAY-202504-0142
3401,142,2025-05-01,200500.0,10.46,19661.53,25709.25,12025.11,16740.45,241155.44,2025-05-27,PAY-202505-0142
3402,142,2025-06-01,200500.0,10.85,20394.61,0.0,12667.32,15732.0,217829.93,2025-06-27,PAY-202506-0142
3403,142,2025-07-01,200500.0,8.98,16879.59,0.0,2298.87,12594.94,207083.52,2025-07-30,PAY-202507-0142
3404,142,2025-08-01,200500.0,7.51,14116.45,0.0,6189.68,20447.11,200359.02,2025-08-30,PAY-202508-0142
3405,142,2025-09-01,200500.0,10.18,19135.22,0.0,1216.94,14259.14,206593.02,2025-09-29,PAY-202509-0142
3406,142,2025-10-01,200500.0,0.0,0.0,0.0,9943.24,30224.49,180218.75,2025-10-26,PAY-202510-0142
3407,142,2025-11-01,200500.0,11.41,21447.23,0.0,12225.91,14040.21,220132.93,2025-11-29,PAY-202511-0142
3408,142,2025-12-01,200500.0,8.63,16221.7,0.0,5006.79,19678.96,202049.53,2025-12-28,PAY-202512-0142
3409,143,2024-01-01,199600.0,6.89,12892.91,0.0,13186.59,22742.8,202936.7,2024-01-29,PAY-202401-0143
3410,143,2024-02-01,199600.0,18.23,34112.89,0.0,6079.77,32021.53,207771.13,2024-02-28,PAY-202402-0143
3411,143,2024-03-01,199600.0,4.63,8663.89,0.0,12067.94,18701.42,201630.41,2024-03-30,PAY-202403-0143
3412,143,2024-04-01,199600.0,5.98,11190.08,0.0,5652.71,12130.53,204312.26,2024-04-26,PAY-202404-0143
3413,143,2024-05-01,199600.0,17.96,33607.65,30810.06,2250.69,21099.82,245168.58,2024-05-26,PAY-202405-0143
3414,143,2024-06-01,199600.0,3.84,7185.6,0.0,11903.84,28075.71,190613.73,2024-06-27,PAY-202406-0143
3415,143,2024-07-01,199600.0,5.25,9824.06,0.0,31.31,14587.67,194867.7,2024-07-27,PAY-202407-0143
3416,143,2024-08-01,199600.0,7.26,13585.27,0.0,12653.7,27591.94,198247.03,2024-08-31,PAY-202408-0143
3417,143,2024-09-01,199600.0,12.2,22829.25,0.0,8579.96,11029.07,219980.14,2024-09-28,PAY-202409-0143
3418,143,2024-10-01,199600.0,9.04,16916.1,0.0,584.13,25104.14,191996.09,2024-10-26,PAY-202410-0143
3419,143,2024-11-01,199600.0,1.54,2881.72,0.0,12321.45,14968.45,199834.72,2024-11-27,PAY-202411-0143
3420,143,2024-12-01,199600.0,5.34,9992.48,0.0,12362.86,22703.86,199251.48,2024-12-28,PAY-202412-0143
3421,143,2025-01-01,199600.0,4.96,9281.4,0.0,9231.53,23630.92,194482.01,2025-01-30,PAY-202501-0143
3422,143,2025-02-01,199600.0,7.61,14240.21,0.0,974.14,25708.84,189105.51,2025-02-28,PAY-202502-0143
3423,143,2025-03-01,199600.0,10.13,18955.76,0.0,11641.13,23340.4,206856.49,2025-03-29,PAY-202503-0143
3424,143,2025-04-01,199600.0,10.09,18880.91,0.0,10335.48,10811.21,218005.18,2025-04-28,PAY-202504-0143
3425,143,2025-05-01,199600.0,0.0,0.0,0.0,10423.63,31004.91,179018.72,2025-05-28,PAY-202505-0143
3426,143,2025-06-01,199600.0,13.32,24925.05,0.0,4595.98,26936.74,202184.29,2025-06-29,PAY-202506-0143
3427,143,2025-07-01,199600.0,9.26,17327.77,0.0,13957.46,30589.39,200295.84,2025-07-28,PAY-202507-0143
3428,143,2025-08-01,199600.0,14.92,27919.05,0.0,3158.21,21949.47,208727.79,2025-08-31,PAY-202508-0143
3429,143,2025-09-01,199600.0,10.22,19124.18,0.0,1191.8,25229.2,194686.78,2025-09-26,PAY-202509-0143
3430,143,2025-10-01,199600.0,13.51,25280.59,0.0,14973.39,13252.3,226601.68,2025-10-31,PAY-202510-0143
3431,143,2025-11-01,199600.0,10.33,19330.01,31962.83,10315.89,25010.91,236197.82,2025-12-01,PAY-202511-0143
3432,143,2025-12-01,199600.0,14.73,27563.51,0.0,6148.21,34108.35,199203.37,2025-12-31,PAY-202512-0143
3433,144,2024-01-01,110600.0,10.61,11001.24,0.0,8281.8,13979.53,115903.51,2024-01-31,PAY-202401-0144
3434,144,2024-02-01,110600.0,7.51,7786.93,0.0,7098.42,6016.5,119468.85,2024-02-27,PAY-202402-0144
3435,144,2024-03-01,110600.0,19.36,20073.9,0.0,5176.28,6233.26,129616.92,2024-03-28,PAY-202403-0144
3436,144,2024-04-01,110600.0,12.45,12909.09,0.0,12187.78,12194.26,123502.61,2024-04-29,PAY-202404-0144
3437,144,2024-05-01,110600.0,10.87,11270.83,0.0,12938.62,11994.52,122814.93,2024-05-28,PAY-202405-0144
3438,144,2024-06-01,110600.0,1.62,1679.74,0.0,10610.77,14996.54,107893.97,2024-06-30,PAY-202406-0144
3439,144,2024-07-01,110600.0,1.56,1617.53,0.0,2759.43,18026.99,96949.97,2024-07-27,PAY-202407-0144
3440,144,2024-08-01,110600.0,9.46,9808.84,0.0,6237.02,12530.56,114115.3,2024-08-28,PAY-202408-0144
3441,144,2024-09-01,110600.0,8.73,9051.92,0.0,13263.29,8981.06,123934.15,2024-09-30,PAY-202409-0144
3442,144,2024-10-01,110600.0,4.93,5111.79,0.0,4167.93,8438.03,111441.69,2024-10-27,PAY-202410-0144
3443,144,2024-11-01,110600.0,8.7,9020.81,0.0,11562.9,14610.25,116573.46,2024-12-01,PAY-202411-0144
3444,144,2024-12-01,110600.0,15.94,16527.79,0.0,9223.15,10377.97,125972.97,2024-12-26,PAY-202412-0144
3445,144,2025-01-01,110600.0,11.48,11903.33,0.0,12364.86,12734.48,122133.71,2025-01-27,PAY-202501-0144
3446,144,2025-02-01,110600.0,2.29,2374.44,0.0,10205.34,17863.08,105316.7,2025-03-03,PAY-202502-0144
3447,144,2025-03-01,110600.0,7.44,7714.35,0.0,7963.04,18320.47,107956.92,2025-03-30,PAY-202503-0144
3448,144,2025-04-01,110600.0,3.98,4126.76,0.0,9183.37,11783.53,112126.6,2025-05-01,PAY-202504-0144
3449,144,2025-05-01,110600.0,6.06,6283.46,0.0,6824.29,15869.32,107838.43,2025-05-30,PAY-202505-0144
3450,144,2025-06-01,110600.0,5.93,6148.67,0.0,14951.85,12092.64,119607.88,2025-06-28,PAY-202506-0144
3451,144,2025-07-01,110600.0,5.61,5816.87,0.0,6110.04,14545.62,107981.29,2025-07-26,PAY-202507-0144
3452,144,2025-08-01,110600.0,1.72,1783.42,0.0,13173.52,18887.86,106669.08,2025-08-30,PAY-202508-0144
3453,144,2025-09-01,110600.0,7.36,7631.4,0.0,13846.34,17532.79,114544.95,2025-09-27,PAY-202509-0144
3454,144,2025-10-01,110600.0,5.2,5391.75,0.0,4504.24,14905.24,105590.75,2025-10-26,PAY-202510-0144
3455,144,2025-11-01,110600.0,0.0,0.0,0.0,10026.48,13862.97,106763.51,2025-11-29,PAY-202511-0144
3456,144,2025-12-01,110600.0,18.26,18933.34,0.0,7961.14,6112.94,131381.54,2025-12-29,PAY-202512-0144
3457,145,2024-01-01,240000.0,13.44,30240.0,0.0,33.76,13490.23,256783.53,2024-01-26,PAY-202401-0145
3458,145,2024-02-01,240000.0,6.12,13770.0,0.0,4104.52,37410.05,220464.47,2024-03-01,PAY-202402-0145
3459,145,2024-03-01,240000.0,8.09,18202.5,0.0,245.15,39098.63,219349.02,2024-03-31,PAY-202403-0145
3460,145,2024-04-01,240000.0,2.14,4815.0,0.0,9600.29,21553.57,232861.72,2024-04-30,PAY-202404-0145
3461,145,2024-05-01,240000.0,16.48,37080.0,0.0,7449.53,30101.5,254428.03,2024-05-30,PAY-202405-0145
3462,145,2024-06-01,240000.0,17.49,39352.5,0.0,4313.36,15615.2,268050.66,2024-06-27,PAY-202406-0145
3463,145,2024-07-01,240000.0,8.78,19755.0,0.0,5835.4,34642.5,230947.9,2024-07-27,PAY-202407-0145
3464,145,2024-08-01,240000.0,13.12,29520.0,0.0,3003.86,33374.62,239149.24,2024-08-26,PAY-202408-0145
3465,145,2024-09-01,240000.0,8.88,19980.0,0.0,3683.94,26971.77,236692.17,2024-09-26,PAY-202409-0145
3466,145,2024-10-01,240000.0,1.32,2970.0,0.0,11241.15,20055.63,234155.52,2024-10-31,PAY-202410-0145
3467,145,2024-11-01,240000.0,5.94,13365.0,0.0,3856.39,17050.08,240171.31,2024-11-29,PAY-202411-0145
3468,145,2024-12-01,240000.0,8.66,19485.0,0.0,2458.61,15045.25,246898.36,2024-12-28,PAY-202412-0145
3469,145,2025-01-01,240000.0,5.73,12892.5,0.0,8134.79,29118.84,231908.45,2025-01-26,PAY-202501-0145
3470,145,2025-02-01,240000.0,6.91,15547.5,10444.9,1821.61,41237.61,226576.4,2025-02-27,PAY-202502-0145
3471,145,2025-03-01,240000.0,7.54,16965.0,31961.88,11376.72,20425.59,279878.01,2025-03-27,PAY-202503-0145
3472,145,2025-04-01,240000.0,7.6,17100.0,20795.21,1821.59,35899.19,243817.61,2025-04-30,PAY-202504-0145
3473,145,2025-05-01,240000.0,8.26,18585.0,0.0,1831.46,32841.55,227574.91,2025-05-28,PAY-202505-0145
3474,145,2025-06-01,240000.0,2.7,6075.0,0.0,5343.89,14871.34,236547.55,2025-06-27,PAY-202506-0145
3475,145,2025-07-01,240000.0,4.41,9922.5,0.0,2839.5,41482.15,211279.85,2025-07-31,PAY-202507-0145
3476,145,2025-08-01,240000.0,1.58,3555.0,36985.8,12065.63,36751.27,255855.16,2025-08-26,PAY-202508-0145
3477,145,2025-09-01,240000.0,12.89,29002.5,0.0,2434.38,22673.56,248763.32,2025-09-30,PAY-202509-0145
3478,145,2025-10-01,240000.0,0.0,0.0,0.0,8022.14,26935.14,221087.0,2025-10-31,PAY-202510-0145
3479,145,2025-11-01,240000.0,13.77,30982.5,0.0,5102.71,24145.48,251939.73,2025-11-29,PAY-202511-0145
3480,145,2025-12-01,240000.0,14.93,33592.5,22934.69,12177.14,18625.63,290078.7,2025-12-27,PAY-202512-0145
3481,146,2024-01-01,152400.0,6.49,9272.59,0.0,7251.35,19236.85,149687.09,2024-01-31,PAY-202401-0146
3482,146,2024-02-01,152400.0,0.0,0.0,39755.78,3401.27,20636.99,174920.06,2024-02-29,PAY-202402-0146
3483,146,2024-03-01,152400.0,6.19,8843.96,0.0,6867.8,14003.7,154108.06,2024-03-28,PAY-202403-0146
3484,146,2024-04-01,152400.0,7.68,10972.8,0.0,629.47,16593.04,147409.23,2024-04-26,PAY-202404-0146
3485,146,2024-05-01,152400.0,2.95,4214.81,0.0,256.82,20786.66,136084.97,2024-05-28,PAY-202405-0146
3486,146,2024-06-01,152400.0,5.42,7743.82,0.0,6233.01,24212.93,142163.9,2024-06-28,PAY-202406-0146
3487,146,2024-07-01,152400.0,15.65,22359.94,0.0,1278.38,24321.96,151716.36,2024-07-30,PAY-202407-0146
3488,146,2024-08-01,152400.0,11.32,16173.45,0.0,11491.88,19366.25,160699.08,2024-08-29,PAY-202408-0146
3489,146,2024-09-01,152400.0,3.38,4829.18,0.0,14942.04,22001.6,150169.62,2024-09-28,PAY-202409-0146
3490,146,2024-10-01,152400.0,0.01,14.29,33379.03,11792.19,20261.65,177323.86,2024-10-27,PAY-202410-0146
3491,146,2024-11-01,152400.0,6.36,9086.85,0.0,12332.47,13433.86,160385.46,2024-11-26,PAY-202411-0146
3492,146,2024-12-01,152400.0,6.93,9901.24,15507.18,14461.17,10332.65,181936.94,2024-12-28,PAY-202412-0146
3493,146,2025-01-01,152400.0,10.48,14973.3,0.0,14989.21,13180.6,169181.91,2025-01-29,PAY-202501-0146
3494,146,2025-02-01,152400.0,5.32,7600.95,0.0,14626.94,14827.31,159800.58,2025-03-01,PAY-202502-0146
3495,146,2025-03-01,152400.0,10.56,15087.6,0.0,4497.3,8070.37,163914.53,2025-03-28,PAY-202503-0146
3496,146,2025-04-01,152400.0,17.68,25260.3,0.0,10677.0,24846.63,163490.67,2025-04-30,PAY-202504-0146
3497,146,2025-05-01,152400.0,12.08,17259.3,0.0,12773.55,14802.49,167630.36,2025-05-26,PAY-202505-0146
3498,146,2025-06-01,152400.0,7.76,11087.1,0.0,11519.98,13926.39,161080.69,2025-06-26,PAY-202506-0146
3499,146,2025-07-01,152400.0,7.08,10115.55,0.0,3184.66,23476.96,142223.25,2025-07-27,PAY-202507-0146
3500,146,2025-08-01,152400.0,6.22,8886.82,15902.1,11409.52,22574.9,166023.54,2025-08-26,PAY-202508-0146
3501,146,2025-09-01,152400.0,13.9,19859.62,0.0,8234.05,19058.69,161434.98,2025-10-01,PAY-202509-0146
3502,146,2025-10-01,152400.0,4.86,6943.73,0.0,13594.79,20654.31,152284.21,2025-10-26,PAY-202510-0146
3503,146,2025-11-01,152400.0,8.23,11758.61,0.0,11284.53,8427.09,167016.05,2025-11-29,PAY-202511-0146
3504,146,2025-12-01,152400.0,8.26,11801.48,16664.33,11116.41,10332.1,181650.12,2025-12-26,PAY-202512-0146
3505,147,2024-01-01,93700.0,5.49,4822.62,0.0,8824.56,5986.28,101360.9,2024-01-29,PAY-202401-0147
3506,147,2024-02-01,93700.0,1.14,1001.42,33332.52,6089.83,5987.04,128136.73,2024-02-27,PAY-202402-0147
3507,147,2024-03-01,93700.0,9.61,8441.78,0.0,8417.86,14358.02,96201.62,2024-03-26,PAY-202403-0147
3508,147,2024-04-01,93700.0,7.69,6755.18,0.0,2776.94,15869.15,87362.97,2024-05-01,PAY-202404-0147
3509,147,2024-05-01,93700.0,10.5,9223.59,0.0,9462.58,4890.19,107495.98,2024-05-27,PAY-202405-0147
3510,147,2024-06-01,93700.0,5.33,4682.07,0.0,1899.92,13672.89,86609.1,2024-07-01,PAY-202406-0147
3511,147,2024-07-01,93700.0,14.1,12385.97,0.0,14844.7,4749.39,116181.28,2024-07-30,PAY-202407-0147
3512,147,2024-08-01,93700.0,3.62,3179.94,0.0,8650.36,13575.32,91954.98,2024-08-27,PAY-202408-0147
3513,147,2024-09-01,93700.0,16.56,14546.92,0.0,3568.68,9919.46,101896.14,2024-09-30,PAY-202409-0147
3514,147,2024-10-01,93700.0,0.0,0.0,0.0,2887.08,11113.9,85473.18,2024-10-28,PAY-202410-0147
3515,147,2024-11-01,93700.0,10.17,8933.71,0.0,14605.82,9698.01,107541.52,2024-11-30,PAY-202411-0147
3516,147,2024-12-01,93700.0,10.38,9118.18,0.0,3735.46,15113.64,91440.0,2024-12-26,PAY-202412-0147
3517,147,2025-01-01,93700.0,4.02,3531.32,0.0,3824.99,12057.62,88998.69,2025-01-26,PAY-202501-0147
3518,147,2025-02-01,93700.0,10.12,8889.79,0.0,6083.17,7013.58,101659.38,2025-02-28,PAY-202502-0147
3519,147,2025-03-01,93700.0,14.4,12649.5,0.0,8649.24,14605.77,100392.97,2025-03-30,PAY-202503-0147
3520,147,2025-04-01,93700.0,0.0,0.0,28485.83,1986.73,5174.75,118997.81,2025-04-27,PAY-202504-0147
3521,147,2025-05-01,93700.0,10.51,9232.38,0.0,10968.79,13017.63,100883.54,2025-05-27,PAY-202505-0147
3522,147,2025-06-01,93700.0,0.0,0.0,0.0,4148.24,6056.75,91791.49,2025-06-26,PAY-202506-0147
3523,147,2025-07-01,93700.0,3.17,2784.65,0.0,10758.55,14794.87,92448.33,2025-07-26,PAY-202507-0147
3524,147,2025-08-01,93700.0,16.15,14186.77,0.0,5120.35,10130.81,102876.31,2025-08-27,PAY-202508-0147
3525,147,2025-09-01,93700.0,5.09,4471.25,0.0,11783.96,15267.87,94687.34,2025-09-28,PAY-202509-0147
3526,147,2025-10-01,93700.0,2.13,1871.07,0.0,5680.87,11005.31,90246.63,2025-10-28,PAY-202510-0147
3527,147,2025-11-01,93700.0,7.01,6157.85,0.0,3023.23,12420.56,90460.52,2025-11-27,PAY-202511-0147
3528,147,2025-12-01,93700.0,18.34,16110.54,0.0,2820.01,12795.8,99834.75,2025-12-31,PAY-202512-0147
3529,148,2024-01-01,178800.0,0.0,0.0,0.0,7333.7,15306.47,170827.23,2024-01-26,PAY-202401-0148
3530,148,2024-02-01,178800.0,2.74,4592.93,0.0,6499.4,12626.62,177265.71,2024-02-26,PAY-202402-0148
3531,148,2024-03-01,178800.0,15.49,25965.11,0.0,7864.23,13678.05,198951.29,2024-03-26,PAY-202403-0148
3532,148,2024-04-01,178800.0,17.29,28982.36,0.0,2110.47,15432.7,194460.13,2024-04-29,PAY-202404-0148
3533,148,2024-05-01,178800.0,7.48,12538.35,0.0,7098.51,26666.65,171770.21,2024-05-26,PAY-202405-0148
3534,148,2024-06-01,178800.0,1.8,3017.25,0.0,5217.64,23914.95,163119.94,2024-06-29,PAY-202406-0148
3535,148,2024-07-01,178800.0,18.48,30977.1,0.0,12957.72,28452.59,194282.23,2024-07-29,PAY-202407-0148
3536,148,2024-08-01,178800.0,15.97,26769.71,0.0,7205.25,19123.88,193651.08,2024-08-27,PAY-202408-0148
3537,148,2024-09-01,178800.0,11.39,19092.49,13204.73,7288.54,14027.48,204358.28,2024-09-30,PAY-202409-0148
3538,148,2024-10-01,178800.0,3.94,6604.43,0.0,14009.64,11492.76,187921.31,2024-10-31,PAY-202410-0148
3539,148,2024-11-01,178800.0,7.75,12990.94,0.0,3822.17,11237.31,184375.8,2024-12-01,PAY-202411-0148
3540,148,2024-12-01,178800.0,7.2,12069.0,0.0,4653.26,18323.95,177198.31,2024-12-26,PAY-202412-0148
3541,148,2025-01-01,178800.0,9.65,16175.81,0.0,13272.13,14547.05,193700.89,2025-01-28,PAY-202501-0148
3542,148,2025-02-01,178800.0,15.26,25579.58,0.0,3664.41,31200.29,176843.7,2025-03-02,PAY-202502-0148
3543,148,2025-03-01,178800.0,12.4,20785.5,0.0,8616.21,30427.47,177774.24,2025-03-27,PAY-202503-0148
3544,148,2025-04-01,178800.0,2.61,4375.01,0.0,14661.78,9018.35,188818.44,2025-04-26,PAY-202504-0148
3545,148,2025-05-01,178800.0,14.88,24942.6,0.0,10344.57,21814.21,192272.96,2025-05-30,PAY-202505-0148
3546,148,2025-06-01,178800.0,9.57,16041.71,0.0,7215.29,13295.27,188761.73,2025-07-01,PAY-202506-0148
3547,148,2025-07-01,178800.0,11.44,19176.3,0.0,11462.43,14778.14,194660.59,2025-07-28,PAY-202507-0148
3548,148,2025-08-01,178800.0,15.33,25696.91,0.0,9432.71,24509.67,189419.95,2025-08-30,PAY-202508-0148
3549,148,2025-09-01,178800.0,2.44,4090.05,0.0,5353.31,17770.9,170472.46,2025-09-30,PAY-202509-0148
3550,148,2025-10-01,178800.0,7.82,13108.27,0.0,3673.26,10004.66,185576.87,2025-10-28,PAY-202510-0148
3551,148,2025-11-01,178800.0,5.34,8951.17,0.0,11383.9,21317.1,177817.97,2025-11-29,PAY-202511-0148
3552,148,2025-12-01,178800.0,0.16,268.2,0.0,14362.53,9321.93,184108.8,2025-12-26,PAY-202512-0148
3553,149,2024-01-01,215700.0,9.73,19675.88,36357.39,3469.57,35083.97,240118.87,2024-01-27,PAY-202401-0149
3554,149,2024-02-01,215700.0,20.56,41576.17,0.0,8024.71,31496.51,233804.37,2024-02-26,PAY-202402-0149
3555,149,2024-03-01,215700.0,0.0,0.0,0.0,14638.91,23158.97,207179.94,2024-03-27,PAY-202403-0149
3556,149,2024-04-01,215700.0,7.84,15853.95,0.0,3218.01,21184.76,213587.2,2024-04-26,PAY-202404-0149
3557,149,2024-05-01,215700.0,11.2,22648.5,0.0,13773.05,22257.64,229863.91,2024-05-28,PAY-202405-0149
3558,149,2024-06-01,215700.0,8.62,17431.26,0.0,13347.02,35828.49,210649.79,2024-06-26,PAY-202406-0149
3559,149,2024-07-01,215700.0,7.43,15024.85,0.0,3550.64,14115.68,220159.81,2024-07-28,PAY-202407-0149
3560,149,2024-08-01,215700.0,1.5,3033.28,0.0,8053.37,28425.79,198360.86,2024-08-27,PAY-202408-0149
3561,149,2024-09-01,215700.0,9.16,18523.24,29114.88,8116.13,29216.27,242237.98,2024-10-01,PAY-202409-0149
3562,149,2024-10-01,215700.0,4.22,8533.63,0.0,13893.42,24512.46,213614.59,2024-10-27,PAY-202410-0149
3563,149,2024-11-01,215700.0,0.0,0.0,0.0,13312.02,13591.72,215420.3,2024-11-30,PAY-202411-0149
3564,149,2024-12-01,215700.0,13.97,28249.96,0.0,13872.17,18571.14,239250.99,2024-12-29,PAY-202412-0149
3565,149,2025-01-01,215700.0,12.79,25863.78,0.0,14019.82,31909.05,223674.55,2025-01-30,PAY-202501-0149
3566,149,2025-02-01,215700.0,8.26,16703.27,0.0,403.49,13519.31,219287.45,2025-03-03,PAY-202502-0149
3567,149,2025-03-01,215700.0,9.15,18503.02,0.0,10009.48,16184.14,228028.36,2025-03-27,PAY-202503-0149
3568,149,2025-04-01,215700.0,13.37,27036.65,0.0,678.06,15815.32,227599.39,2025-04-27,PAY-202504-0149
3569,149,2025-05-01,215700.0,9.12,18442.35,0.0,4425.0,12503.22,226064.13,2025-05-29,PAY-202505-0149
3570,149,2025-06-01,215700.0,12.52,25317.79,0.0,2017.73,14090.37,228945.15,2025-07-01,PAY-202506-0149
3571,149,2025-07-01,215700.0,6.51,13164.44,0.0,9406.96,35465.75,202805.65,2025-07-28,PAY-202507-0149
3572,149,2025-08-01,215700.0,14.56,29443.05,0.0,6477.34,30074.88,221545.51,2025-08-27,PAY-202508-0149
3573,149,2025-09-01,215700.0,9.6,19413.0,0.0,114.34,21287.35,213939.99,2025-09-30,PAY-202509-0149
3574,149,2025-10-01,215700.0,8.97,18139.02,0.0,12643.62,22572.22,223910.42,2025-10-26,PAY-202510-0149
3575,149,2025-11-01,215700.0,1.65,3336.61,0.0,3176.78,15096.01,207117.38,2025-11-26,PAY-202511-0149
3576,149,2025-12-01,215700.0,9.43,19069.23,0.0,10495.31,15445.11,229819.43,2025-12-31,PAY-202512-0149
3577,150,2024-01-01,230000.0,3.84,8280.0,0.0,8324.96,31746.54,214858.42,2024-01-30,PAY-202401-0150
3578,150,2024-02-01,230000.0,4.81,10371.56,0.0,13757.07,40933.78,213194.85,2024-02-29,PAY-202402-0150
3579,150,2024-03-01,230000.0,3.92,8452.5,0.0,14958.26,27432.15,225978.61,2024-03-30,PAY-202403-0150
3580,150,2024-04-01,230000.0,2.67,5757.19,0.0,6735.88,16646.84,225846.23,2024-04-29,PAY-202404-0150
3581,150,2024-05-01,230000.0,18.62,40149.38,0.0,3903.43,17903.0,256149.81,2024-05-31,PAY-202405-0150
3582,150,2024-06-01,230000.0,14.66,31610.62,0.0,12534.36,17368.46,256776.52,2024-06-28,PAY-202406-0150
3583,150,2024-07-01,230000.0,17.6,37950.0,0.0,8031.72,39224.7,236757.02,2024-07-30,PAY-202407-0150
3584,150,2024-08-01,230000.0,1.89,4075.31,29308.12,13512.46,18369.16,258526.73,2024-08-31,PAY-202408-0150
3585,150,2024-09-01,230000.0,8.36,18026.25,0.0,12857.64,28245.94,232637.95,2024-09-29,PAY-202409-0150
3586,150,2024-10-01,230000.0,1.53,3299.06,0.0,8709.94,33554.61,208454.39,2024-10-27,PAY-202410-0150
3587,150,2024-11-01,230000.0,4.52,9746.25,11292.74,13136.99,35388.39,228787.59,2024-11-27,PAY-202411-0150
3588,150,2024-12-01,230000.0,3.41,7352.81,0.0,7626.24,29646.35,215332.7,2024-12-26,PAY-202412-0150
3589,150,2025-01-01,230000.0,14.2,30618.75,0.0,8284.16,21639.45,247263.46,2025-01-30,PAY-202501-0150
3590,150,2025-02-01,230000.0,6.02,12980.62,14139.91,8233.61,36260.49,229093.65,2025-02-26,PAY-202502-0150
3591,150,2025-03-01,230000.0,13.34,28764.38,0.0,12753.68,17638.48,253879.58,2025-03-27,PAY-202503-0150
3592,150,2025-04-01,230000.0,11.02,23761.88,0.0,1340.75,15919.88,239182.75,2025-04-29,PAY-202504-0150
3593,150,2025-05-01,230000.0,19.52,42090.0,30232.19,8200.89,33558.46,276964.62,2025-05-28,PAY-202505-0150
3594,150,2025-06-01,230000.0,0.6,1293.75,0.0,10220.08,41183.28,200330.55,2025-06-28,PAY-202506-0150
3595,150,2025-07-01,230000.0,14.3,30834.38,31791.78,11700.71,34681.6,269645.27,2025-07-31,PAY-202507-0150
3596,150,2025-08-01,230000.0,13.73,29605.31,33335.91,455.21,21142.65,272253.78,2025-08-31,PAY-202508-0150
3597,150,2025-09-01,230000.0,3.13,6749.06,0.0,8787.61,13970.71,231565.96,2025-09-27,PAY-202509-0150
3598,150,2025-10-01,230000.0,13.04,28117.5,0.0,12080.6,24625.47,245572.63,2025-10-30,PAY-202510-0150
3599,150,2025-11-01,230000.0,9.68,20872.5,0.0,858.71,30362.3,221368.91,2025-11-30,PAY-202511-0150
3600,150,2025-12-01,230000.0,6.86,14791.88,10242.13,5300.05,22833.45,237500.61,2025-12-26,PAY-202512-0150
3601,151,2024-01-01,53000.0,3.88,1927.88,0.0,7560.3,4647.15,57841.03,2024-01-28,PAY-202401-0151
3602,151,2024-02-01,53000.0,4.4,2186.25,0.0,1275.61,8249.96,48211.9,2024-03-01,PAY-202402-0151
3603,151,2024-03-01,53000.0,18.25,9067.97,0.0,8100.2,4628.7,65539.47,2024-03-30,PAY-202403-0151
3604,151,2024-04-01,53000.0,8.0,3975.0,0.0,1149.06,3860.75,54263.31,2024-04-28,PAY-202404-0151
3605,151,2024-05-01,53000.0,11.91,5917.78,0.0,11824.65,4814.24,65928.19,2024-05-29,PAY-202405-0151
3606,151,2024-06-01,53000.0,4.05,2012.34,20214.15,393.77,6778.57,68841.69,2024-06-26,PAY-202406-0151
3607,151,2024-07-01,53000.0,4.1,2037.19,0.0,13286.89,5253.7,63070.38,2024-07-31,PAY-202407-0151
3608,151,2024-08-01,53000.0,13.41,6663.09,0.0,5422.0,6204.49,58880.6,2024-08-30,PAY-202408-0151
3609,151,2024-09-01,53000.0,1.25,621.09,0.0,5665.82,3497.07,55789.84,2024-09-29,PAY-202409-0151
3610,151,2024-10-01,53000.0,5.92,2941.5,0.0,4041.14,4219.85,55762.79,2024-10-28,PAY-202410-0151
3611,151,2024-11-01,53000.0,8.17,4059.47,0.0,734.97,4786.77,53007.67,2024-11-27,PAY-202411-0151
3612,151,2024-12-01,53000.0,8.56,4253.25,0.0,5629.88,2938.51,59944.62,2024-12-31,PAY-202412-0151
3613,151,2025-01-01,53000.0,7.1,3527.81,21441.92,6100.98,4306.29,79764.42,2025-01-30,PAY-202501-0151
3614,151,2025-02-01,53000.0,9.98,4958.81,0.0,8373.94,6908.65,59424.1,2025-02-26,PAY-202502-0151
3615,151,2025-03-01,53000.0,11.46,5694.19,0.0,11679.21,9216.9,61156.5,2025-03-30,PAY-202503-0151
3616,151,2025-04-01,53000.0,11.67,5798.53,0.0,967.72,4495.22,55271.03,2025-04-26,PAY-202504-0151
3617,151,2025-05-01,53000.0,3.07,1525.41,0.0,12978.77,4391.9,63112.28,2025-05-30,PAY-202505-0151
3618,151,2025-06-01,53000.0,6.58,3269.44,0.0,8336.9,6296.81,58309.53,2025-06-26,PAY-202506-0151
3619,151,2025-07-01,53000.0,13.97,6941.34,0.0,10999.27,9279.23,61661.38,2025-07-31,PAY-202507-0151
3620,151,2025-08-01,53000.0,12.47,6196.03,0.0,14226.68,6084.3,67338.41,2025-08-27,PAY-202508-0151
3621,151,2025-09-01,53000.0,1.14,566.44,0.0,5671.32,7912.95,51324.81,2025-09-30,PAY-202509-0151
3622,151,2025-10-01,53000.0,9.76,4849.5,0.0,5995.63,4318.95,59526.18,2025-10-31,PAY-202510-0151
3623,151,2025-11-01,53000.0,0.0,0.0,29382.56,9286.12,4683.59,86985.09,2025-11-27,PAY-202511-0151
3624,151,2025-12-01,53000.0,8.23,4089.28,0.0,9677.79,7245.49,59521.58,2025-12-28,PAY-202512-0151
3625,152,2024-01-01,74100.0,17.49,12150.08,0.0,2378.89,6043.09,82585.88,2024-01-29,PAY-202401-0152
3626,152,2024-02-01,74100.0,3.26,2264.68,0.0,1957.66,10662.43,67659.91,2024-03-01,PAY-202402-0152
3627,152,2024-03-01,74100.0,3.83,2660.65,0.0,1561.39,12960.13,65361.91,2024-03-28,PAY-202403-0152
3628,152,2024-04-01,74100.0,11.82,8211.21,35570.55,12330.55,6514.23,123698.08,2024-05-01,PAY-202404-0152
3629,152,2024-05-01,74100.0,0.29,201.46,0.0,5320.14,10932.57,68689.03,2024-05-28,PAY-202405-0152
3630,152,2024-06-01,74100.0,4.84,3362.29,0.0,634.79,7589.79,70507.29,2024-06-27,PAY-202406-0152
3631,152,2024-07-01,74100.0,10.98,7627.67,0.0,5535.71,8940.24,78323.14,2024-07-27,PAY-202407-0152
3632,152,2024-08-01,74100.0,4.83,3355.34,0.0,14388.28,12484.83,79358.79,2024-08-26,PAY-202408-0152
3633,152,2024-09-01,74100.0,6.82,4737.77,0.0,7047.48,6669.36,79215.89,2024-09-28,PAY-202409-0152
3634,152,2024-10-01,74100.0,11.72,8141.74,0.0,7694.7,12952.41,76984.03,2024-10-30,PAY-202410-0152
3635,152,2024-11-01,74100.0,10.11,7023.29,0.0,13770.77,11142.03,83752.03,2024-12-01,PAY-202411-0152
3636,152,2024-12-01,74100.0,9.33,6481.43,13450.52,10461.09,8702.09,95790.95,2024-12-28,PAY-202412-0152
3637,152,2025-01-01,74100.0,6.3,4376.53,0.0,14587.14,8190.92,84872.75,2025-01-31,PAY-202501-0152
3638,152,2025-02-01,74100.0,9.85,6842.67,29089.01,563.11,10321.21,100273.58,2025-02-26,PAY-202502-0152
3639,152,2025-03-01,74100.0,7.38,5126.79,0.0,4370.64,5676.3,77921.13,2025-03-27,PAY-202503-0152
3640,152,2025-04-01,74100.0,10.29,7148.33,0.0,11475.7,7125.33,85598.7,2025-04-30,PAY-202504-0152
3641,152,2025-05-01,74100.0,5.52,3834.67,0.0,4726.11,10533.62,72127.16,2025-05-29,PAY-202505-0152
3642,152,2025-06-01,74100.0,98.08,68134.95,0.0,12100.57,11468.7,142866.82,2025-06-26,PAY-202506-0152
3643,152,2025-07-01,74100.0,3.05,2118.8,25994.93,7893.17,10652.82,99454.08,2025-07-26,PAY-202507-0152
3644,152,2025-08-01,74100.0,7.82,5432.46,0.0,9096.85,5618.3,83011.01,2025-08-30,PAY-202508-0152
3645,152,2025-09-01,74100.0,3.94,2737.07,28757.4,7388.72,5002.63,107980.56,2025-10-01,PAY-202509-0152
3646,152,2025-10-01,74100.0,2.43,1688.09,0.0,3385.76,12204.99,66968.86,2025-10-26,PAY-202510-0152
3647,152,2025-11-01,74100.0,9.29,6453.65,0.0,14343.16,12549.35,82347.46,2025-11-30,PAY-202511-0152
3648,152,2025-12-01,74100.0,9.06,6293.87,0.0,7450.0,12969.07,74874.8,2025-12-29,PAY-202512-0152
3649,153,2024-01-01,132800.0,11.91,14827.95,38625.9,12875.68,20087.16,179042.37,2024-01-31,PAY-202401-0153
3650,153,2024-02-01,132800.0,5.84,7270.8,0.0,13377.36,6824.24,146623.92,2024-02-27,PAY-202402-0153
3651,153,2024-03-01,132800.0,10.04,12499.8,0.0,398.54,20635.7,125062.64,2024-03-30,PAY-202403-0153
3652,153,2024-04-01,132800.0,10.75,13383.75,32252.16,1680.22,8848.19,171267.94,2024-04-30,PAY-202404-0153
3653,153,2024-05-01,132800.0,10.22,12723.9,0.0,196.8,18524.48,127196.22,2024-05-28,PAY-202405-0153
3654,153,2024-06-01,132800.0,3.87,4818.15,0.0,10542.58,11195.75,136964.98,2024-06-28,PAY-202406-0153
3655,153,2024-07-01,132800.0,8.75,10893.75,0.0,8941.08,23219.8,129415.03,2024-07-29,PAY-202407-0153
3656,153,2024-08-01,132800.0,9.82,12225.9,0.0,13234.22,18381.6,139878.52,2024-08-29,PAY-202408-0153
3657,153,2024-09-01,132800.0,8.04,10009.8,0.0,11881.24,8952.1,145738.94,2024-09-26,PAY-202409-0153
3658,153,2024-10-01,132800.0,0.0,0.0,26129.2,12127.7,21674.21,149382.69,2024-10-31,PAY-202410-0153
3659,153,2024-11-01,132800.0,8.8,10956.0,0.0,4302.54,15949.26,132109.28,2024-11-27,PAY-202411-0153
3660,153,2024-12-01,132800.0,19.06,23729.7,0.0,7948.33,12560.69,151917.34,2024-12-26,PAY-202412-0153
3661,153,2025-01-01,132800.0,6.2,7719.0,0.0,11347.82,13671.27,138195.55,2025-01-27,PAY-202501-0153
3662,153,2025-02-01,132800.0,4.36,5428.2,0.0,2365.17,10361.87,130231.5,2025-03-02,PAY-202502-0153
3663,153,2025-03-01,132800.0,9.87,12288.15,0.0,1102.52,14431.1,131759.57,2025-03-28,PAY-202503-0153
3664,153,2025-04-01,132800.0,9.56,11902.2,0.0,1151.17,11044.86,134808.51,2025-04-26,PAY-202504-0153
3665,153,2025-05-01,132800.0,13.96,17380.2,0.0,12859.16,11714.72,151324.64,2025-05-30,PAY-202505-0153
3666,153,2025-06-01,132800.0,1.71,2128.95,0.0,14110.02,7379.82,141659.15,2025-06-28,PAY-202506-0153
3667,153,2025-07-01,132800.0,11.66,14516.7,0.0,11670.28,12466.46,146520.52,2025-07-29,PAY-202507-0153
3668,153,2025-08-01,132800.0,10.95,13632.75,0.0,6430.04,23321.99,129540.8,2025-08-31,PAY-202508-0153
3669,153,2025-09-01,132800.0,7.29,9076.05,29279.02,1747.69,8863.37,164039.39,2025-09-26,PAY-202509-0153
3670,153,2025-10-01,132800.0,9.69,12064.05,0.0,14157.72,21743.05,137278.72,2025-10-26,PAY-202510-0153
3671,153,2025-11-01,132800.0,13.15,16371.75,0.0,3047.73,13383.14,138836.34,2025-11-30,PAY-202511-0153
3672,153,2025-12-01,132800.0,12.36,15388.2,35493.23,409.04,9298.51,174791.96,2025-12-29,PAY-202512-0153
3673,154,2024-01-01,239500.0,2.28,5119.31,37910.82,3192.8,41640.01,244082.92,2024-01-27,PAY-202401-0154
3674,154,2024-02-01,239500.0,12.1,27168.28,0.0,5108.0,13595.64,258180.64,2024-02-29,PAY-202402-0154
3675,154,2024-03-01,239500.0,7.68,17244.0,0.0,2751.06,29785.51,229709.55,2024-03-29,PAY-202403-0154
3676,154,2024-04-01,239500.0,8.36,18770.81,0.0,7279.05,35732.62,229817.24,2024-05-01,PAY-202404-0154
3677,154,2024-05-01,239500.0,8.37,18793.27,0.0,9317.68,42609.35,225001.6,2024-05-28,PAY-202405-0154
3678,154,2024-06-01,239500.0,7.25,16278.52,0.0,14446.94,15581.32,254644.14,2024-06-28,PAY-202406-0154
3679,154,2024-07-01,239500.0,13.96,31344.56,0.0,74.39,28408.36,242510.59,2024-07-29,PAY-202407-0154
3680,154,2024-08-01,239500.0,7.58,17019.47,0.0,5139.14,19367.25,242291.36,2024-08-31,PAY-202408-0154
3681,154,2024-09-01,239500.0,2.4,5388.75,0.0,11049.87,28433.21,227505.41,2024-09-29,PAY-202409-0154
3682,154,2024-10-01,239500.0,6.03,13539.23,13181.16,5614.54,34512.3,237322.63,2024-10-26,PAY-202410-0154
3683,154,2024-11-01,239500.0,8.89,19960.83,17969.7,10366.62,12537.12,275260.03,2024-11-26,PAY-202411-0154
3684,154,2024-12-01,239500.0,14.15,31771.17,0.0,14897.86,30059.57,256109.46,2024-12-26,PAY-202412-0154
3685,154,2025-01-01,239500.0,11.02,24743.34,0.0,4286.47,17634.66,250895.15,2025-01-26,PAY-202501-0154
3686,154,2025-02-01,239500.0,3.75,8419.92,0.0,6796.62,19922.02,234794.52,2025-02-27,PAY-202502-0154
3687,154,2025-03-01,239500.0,20.43,45871.73,0.0,8967.76,29808.74,264530.75,2025-03-31,PAY-202503-0154
3688,154,2025-04-01,239500.0,9.32,20926.31,0.0,9367.26,37134.26,232659.31,2025-05-01,PAY-202504-0154
3689,154,2025-05-01,239500.0,14.38,32287.59,0.0,8290.48,30801.09,249276.98,2025-05-30,PAY-202505-0154
3690,154,2025-06-01,239500.0,7.24,16256.06,0.0,10138.63,35671.36,230223.33,2025-06-29,PAY-202506-0154
3691,154,2025-07-01,239500.0,10.67,23957.48,23277.43,2177.72,36370.23,252542.4,2025-07-30,PAY-202507-0154
3692,154,2025-08-01,239500.0,12.2,27392.81,0.0,14279.03,19702.73,261469.11,2025-08-28,PAY-202508-0154
3693,154,2025-09-01,239500.0,14.09,31636.45,0.0,4416.11,36020.54,239532.02,2025-09-28,PAY-202509-0154
3694,154,2025-10-01,239500.0,13.29,29840.2,0.0,11884.48,38652.55,242572.13,2025-10-27,PAY-202510-0154
3695,154,2025-11-01,239500.0,12.36,27752.06,0.0,1625.32,38103.07,230774.31,2025-11-27,PAY-202511-0154
3696,154,2025-12-01,239500.0,6.42,14414.91,0.0,2119.38,42148.24,213886.05,2025-12-29,PAY-202512-0154
3697,155,2024-01-01,136100.0,5.14,6558.32,0.0,14409.42,7774.09,149293.65,2024-01-30,PAY-202401-0155
3698,155,2024-02-01,136100.0,9.66,12325.56,0.0,14850.34,15173.39,148102.51,2024-02-29,PAY-202402-0155
3699,155,2024-03-01,136100.0,12.67,16166.13,0.0,6857.72,14195.43,144928.42,2024-03-26,PAY-202403-0155
3700,155,2024-04-01,136100.0,6.89,8791.21,0.0,2608.72,10625.04,136874.89,2024-04-30,PAY-202404-0155
3701,155,2024-05-01,136100.0,13.33,17008.25,0.0,10866.02,16005.25,147969.02,2024-05-27,PAY-202405-0155
3702,155,2024-06-01,136100.0,15.26,19470.81,0.0,9938.15,22867.77,142641.19,2024-07-01,PAY-202406-0155
3703,155,2024-07-01,136100.0,3.42,4363.71,0.0,14250.98,9255.89,145458.8,2024-07-30,PAY-202407-0155
3704,155,2024-08-01,136100.0,3.82,4874.08,0.0,12539.57,24160.71,129352.94,2024-08-26,PAY-202408-0155
3705,155,2024-09-01,136100.0,7.3,9314.34,0.0,14400.31,22503.69,137310.96,2024-09-26,PAY-202409-0155
3706,155,2024-10-01,136100.0,9.54,12172.44,0.0,13533.73,16823.98,144982.19,2024-10-29,PAY-202410-0155
3707,155,2024-11-01,136100.0,5.38,6864.54,0.0,8238.78,21825.86,129377.46,2024-11-27,PAY-202411-0155
3708,155,2024-12-01,136100.0,14.76,18832.84,0.0,11446.58,16438.85,149940.57,2024-12-27,PAY-202412-0155
3709,155,2025-01-01,136100.0,10.12,12912.49,0.0,3990.58,20669.25,132333.82,2025-01-29,PAY-202501-0155
3710,155,2025-02-01,136100.0,8.2,10462.69,0.0,5170.76,17957.83,133775.62,2025-02-27,PAY-202502-0155
3711,155,2025-03-01,136100.0,0.82,1046.27,21867.52,6389.31,18694.9,146708.2,2025-03-31,PAY-202503-0155
3712,155,2025-04-01,136100.0,1.42,1811.83,0.0,11497.37,21087.36,128321.84,2025-04-28,PAY-202504-0155
3713,155,2025-05-01,136100.0,9.41,12006.57,0.0,14707.11,20082.21,142731.47,2025-05-28,PAY-202505-0155
3714,155,2025-06-01,136100.0,0.0,0.0,0.0,11658.28,13858.68,133899.6,2025-06-27,PAY-202506-0155
3715,155,2025-07-01,136100.0,13.06,16663.74,0.0,11944.25,12302.97,152405.02,2025-07-30,PAY-202507-0155
3716,155,2025-08-01,136100.0,7.21,9199.51,0.0,13484.91,21926.09,136858.33,2025-08-27,PAY-202508-0155
3717,155,2025-09-01,136100.0,24.22,30903.21,0.0,3356.02,6920.24,163438.99,2025-09-30,PAY-202509-0155
3718,155,2025-10-01,136100.0,19.54,24931.82,0.0,5860.09,22467.44,144424.47,2025-10-26,PAY-202510-0155
3719,155,2025-11-01,136100.0,7.09,9046.4,0.0,1751.76,24137.96,122760.2,2025-11-29,PAY-202511-0155
3720,155,2025-12-01,136100.0,7.47,9531.25,0.0,1125.85,18629.5,128127.6,2025-12-30,PAY-202512-0155
3721,156,2024-01-01,239700.0,12.98,29168.49,0.0,14542.39,38610.51,244800.37,2024-01-26,PAY-202401-0156
3722,156,2024-02-01,239700.0,16.52,37123.54,0.0,5627.87,13729.59,268721.82,2024-03-02,PAY-202402-0156
3723,156,2024-03-01,239700.0,0.0,0.0,0.0,4395.52,30885.2,213210.32,2024-03-31,PAY-202403-0156
3724,156,2024-04-01,239700.0,0.0,0.0,0.0,6797.05,36092.84,210404.21,2024-05-01,PAY-202404-0156
3725,156,2024-05-01,239700.0,4.89,10988.75,0.0,13077.61,41569.99,222196.37,2024-05-31,PAY-202405-0156
3726,156,2024-06-01,239700.0,10.91,24516.82,0.0,2154.72,34731.79,231639.75,2024-06-27,PAY-202406-0156
3727,156,2024-07-01,239700.0,10.48,23550.53,0.0,4051.82,39896.48,227405.87,2024-07-29,PAY-202407-0156
3728,156,2024-08-01,239700.0,13.35,29999.95,0.0,4222.51,17042.81,256879.65,2024-08-31,PAY-202408-0156
3729,156,2024-09-01,239700.0,2.0,4494.38,0.0,13281.53,34608.55,222867.36,2024-09-29,PAY-202409-0156
3730,156,2024-10-01,239700.0,0.0,0.0,0.0,8944.68,22721.54,225923.14,2024-10-30,PAY-202410-0156
3731,156,2024-11-01,239700.0,12.29,27617.93,0.0,11187.95,27319.14,251186.74,2024-12-01,PAY-202411-0156
3732,156,2024-12-01,239700.0,3.86,8674.14,0.0,13842.43,40749.41,221467.16,2024-12-27,PAY-202412-0156
3733,156,2025-01-01,239700.0,0.0,0.0,0.0,13987.28,14066.37,239620.91,2025-01-28,PAY-202501-0156
3734,156,2025-02-01,239700.0,8.73,19617.95,37780.11,10119.49,20174.08,287043.47,2025-02-27,PAY-202502-0156
3735,156,2025-03-01,239700.0,11.97,26898.83,0.0,6808.0,14764.15,258642.68,2025-03-27,PAY-202503-0156
3736,156,2025-04-01,239700.0,7.39,16606.72,0.0,4713.0,34262.59,226757.13,2025-04-27,PAY-202504-0156
3737,156,2025-05-01,239700.0,5.71,12831.44,0.0,13737.29,24490.29,241778.44,2025-05-29,PAY-202505-0156
3738,156,2025-06-01,239700.0,7.2,16179.75,0.0,1187.26,12316.6,244750.41,2025-06-27,PAY-202506-0156
3739,156,2025-07-01,239700.0,6.15,13820.2,0.0,1178.92,17076.17,237622.95,2025-07-29,PAY-202507-0156
3740,156,2025-08-01,239700.0,1.26,2831.46,31261.82,3569.59,27979.77,249383.1,2025-08-31,PAY-202508-0156
3741,156,2025-09-01,239700.0,4.43,9955.04,0.0,7015.92,29002.42,227668.54,2025-09-28,PAY-202509-0156
3742,156,2025-10-01,239700.0,10.61,23842.66,0.0,2855.81,25929.22,240469.25,2025-10-31,PAY-202510-0156
3743,156,2025-11-01,239700.0,9.61,21595.47,0.0,4606.47,30449.61,235452.33,2025-12-01,PAY-202511-0156
3744,156,2025-12-01,239700.0,8.84,19865.14,0.0,12968.37,22050.71,250482.8,2025-12-27,PAY-202512-0156
3745,157,2024-01-01,175100.0,3.02,4957.52,0.0,4410.25,9733.84,174733.93,2024-01-26,PAY-202401-0157
3746,157,2024-02-01,175100.0,7.09,11638.68,0.0,4271.41,9959.17,181050.92,2024-02-29,PAY-202402-0157
3747,157,2024-03-01,175100.0,0.0,0.0,0.0,3751.89,11068.07,167783.82,2024-03-29,PAY-202403-0157
3748,157,2024-04-01,175100.0,8.89,14593.49,0.0,13915.26,29356.49,174252.26,2024-05-01,PAY-202404-0157
3749,157,2024-05-01,175100.0,15.14,24853.26,0.0,10009.15,12631.95,197330.46,2024-05-27,PAY-202405-0157
3750,157,2024-06-01,175100.0,83.05,136331.77,34188.53,9585.94,28745.05,326461.19,2024-06-30,PAY-202406-0157
3751,157,2024-07-01,175100.0,5.07,8322.72,0.0,2735.88,23056.21,163102.39,2024-07-28,PAY-202407-0157
3752,157,2024-08-01,175100.0,9.65,15841.08,0.0,14605.18,12661.58,192884.68,2024-08-30,PAY-202408-0157
3753,157,2024-09-01,175100.0,14.26,23408.68,0.0,12446.21,26610.17,184344.72,2024-10-01,PAY-202409-0157
3754,157,2024-10-01,175100.0,5.76,9455.4,0.0,3507.97,18452.5,169610.87,2024-10-27,PAY-202410-0157
3755,157,2024-11-01,175100.0,4.54,7452.69,0.0,8090.4,28710.03,161933.06,2024-11-30,PAY-202411-0157
3756,157,2024-12-01,175100.0,0.0,0.0,0.0,10222.98,16003.69,169319.29,2024-12-26,PAY-202412-0157
3757,157,2025-01-01,175100.0,8.52,13986.11,0.0,8586.38,18990.23,178682.26,2025-01-31,PAY-202501-0157
3758,157,2025-02-01,175100.0,18.21,29892.85,32496.27,8829.17,25125.76,221192.53,2025-03-01,PAY-202502-0157
3759,157,2025-03-01,175100.0,9.39,15414.27,0.0,13906.58,11463.68,192957.17,2025-03-29,PAY-202503-0157
3760,157,2025-04-01,175100.0,7.89,12951.93,0.0,6039.89,30111.12,163980.7,2025-04-27,PAY-202504-0157
3761,157,2025-05-01,175100.0,9.61,15775.42,0.0,7774.16,27138.53,171511.05,2025-05-26,PAY-202505-0157
3762,157,2025-06-01,175100.0,7.94,13034.01,0.0,33.77,21061.15,167106.63,2025-06-26,PAY-202506-0157
3763,157,2025-07-01,175100.0,3.93,6451.34,0.0,2564.1,13851.82,170263.62,2025-07-28,PAY-202507-0157
3764,157,2025-08-01,175100.0,12.12,19895.74,0.0,2388.26,31339.33,166044.67,2025-08-31,PAY-202508-0157
3765,157,2025-09-01,175100.0,9.13,14987.47,0.0,5490.61,26448.37,169129.71,2025-09-30,PAY-202509-0157
3766,157,2025-10-01,175100.0,8.09,13280.24,0.0,14055.88,24387.43,178048.69,2025-10-29,PAY-202510-0157
3767,157,2025-11-01,175100.0,3.12,5121.68,0.0,10987.34,20656.35,170552.67,2025-11-27,PAY-202511-0157
3768,157,2025-12-01,175100.0,14.52,23835.49,24971.64,4910.89,17813.09,211004.93,2025-12-29,PAY-202512-0157
3769,158,2024-01-01,77900.0,11.32,8267.14,0.0,14323.37,9541.07,90949.44,2024-01-30,PAY-202401-0158
3770,158,2024-02-01,77900.0,5.24,3826.84,0.0,4027.76,8249.22,77505.38,2024-03-01,PAY-202402-0158
3771,158,2024-03-01,77900.0,13.01,9501.37,0.0,11750.24,12686.02,86465.59,2024-03-27,PAY-202403-0158
3772,158,2024-04-01,77900.0,5.51,4024.02,0.0,13778.79,12511.79,83191.02,2024-04-26,PAY-202404-0158
3773,158,2024-05-01,77900.0,4.09,2986.98,0.0,10376.9,6222.18,85041.7,2024-05-30,PAY-202405-0158
3774,158,2024-06-01,77900.0,4.2,3067.31,0.0,10787.83,11153.54,80601.6,2024-06-28,PAY-202406-0158
3775,158,2024-07-01,77900.0,0.0,0.0,0.0,4378.01,5211.39,77066.62,2024-07-30,PAY-202407-0158
3776,158,2024-08-01,77900.0,10.36,7566.04,0.0,11031.37,9082.11,87415.3,2024-08-31,PAY-202408-0158
3777,158,2024-09-01,77900.0,0.0,0.0,7940.49,5201.69,10235.17,80807.01,2024-09-30,PAY-202409-0158
3778,158,2024-10-01,77900.0,1.86,1358.38,0.0,12153.89,13140.13,78272.14,2024-10-31,PAY-202410-0158
3779,158,2024-11-01,77900.0,0.0,0.0,0.0,1374.99,13248.8,66026.19,2024-11-27,PAY-202411-0158
3780,158,2024-12-01,77900.0,7.57,5528.47,0.0,6024.8,7849.55,81603.72,2024-12-27,PAY-202412-0158
3781,158,2025-01-01,77900.0,7.25,5294.77,0.0,14581.64,5786.33,91990.08,2025-01-30,PAY-202501-0158
3782,158,2025-02-01,77900.0,6.37,4652.09,0.0,5706.72,4684.82,83573.99,2025-03-02,PAY-202502-0158
3783,158,2025-03-01,77900.0,2.79,2037.57,26973.66,14600.36,8906.83,112604.76,2025-03-30,PAY-202503-0158
3784,158,2025-04-01,77900.0,2.14,1562.87,0.0,8129.65,12574.08,75018.44,2025-04-30,PAY-202504-0158
3785,158,2025-05-01,77900.0,10.32,7536.82,0.0,7587.08,11171.65,81852.25,2025-05-27,PAY-202505-0158
3786,158,2025-06-01,77900.0,5.25,3834.14,0.0,1942.31,9121.72,74554.73,2025-06-27,PAY-202506-0158
3787,158,2025-07-01,77900.0,9.58,6996.39,0.0,11246.47,11900.68,84242.18,2025-07-30,PAY-202507-0158
3788,158,2025-08-01,77900.0,3.57,2607.22,0.0,7865.8,7931.56,80441.46,2025-08-27,PAY-202508-0158
3789,158,2025-09-01,77900.0,8.91,6507.08,0.0,11886.08,7628.63,88664.53,2025-10-01,PAY-202509-0158
3790,158,2025-10-01,77900.0,14.52,10604.14,0.0,448.47,12955.8,75996.81,2025-10-28,PAY-202510-0158
3791,158,2025-11-01,77900.0,10.93,7982.32,0.0,5852.32,11264.3,80470.34,2025-11-28,PAY-202511-0158
3792,158,2025-12-01,77900.0,5.94,4338.06,0.0,8537.9,4205.23,86570.73,2025-12-26,PAY-202512-0158
3793,159,2024-01-01,62100.0,9.29,5408.52,0.0,13496.5,4525.1,76479.92,2024-01-31,PAY-202401-0159
3794,159,2024-02-01,62100.0,6.8,3958.88,0.0,5617.94,5132.98,66543.84,2024-03-01,PAY-202402-0159
3795,159,2024-03-01,62100.0,8.04,4680.79,0.0,8903.92,4688.17,70996.54,2024-03-28,PAY-202403-0159
3796,159,2024-04-01,62100.0,6.37,3708.53,0.0,9170.81,4604.07,70375.27,2024-04-27,PAY-202404-0159
3797,159,2024-05-01,62100.0,7.18,4180.11,0.0,1996.47,7405.51,60871.07,2024-05-30,PAY-202405-0159
3798,159,2024-06-01,62100.0,9.06,5274.62,0.0,11843.03,9808.08,69409.57,2024-06-27,PAY-202406-0159
3799,159,2024-07-01,62100.0,3.03,1764.03,0.0,2918.52,10858.91,55923.64,2024-07-30,PAY-202407-0159
3800,159,2024-08-01,62100.0,2.92,1699.99,0.0,5102.79,4432.38,64470.4,2024-08-26,PAY-202408-0159
3801,159,2024-09-01,62100.0,1.06,617.12,0.0,13739.96,4611.44,71845.64,2024-09-28,PAY-202409-0159
3802,159,2024-10-01,62100.0,0.0,0.0,0.0,13982.42,4541.18,71541.24,2024-10-28,PAY-202410-0159
3803,159,2024-11-01,62100.0,1.91,1111.98,0.0,14529.42,4492.4,73249.0,2024-11-30,PAY-202411-0159
3804,159,2024-12-01,62100.0,8.8,5123.25,0.0,10418.97,5876.66,71765.56,2024-12-30,PAY-202412-0159
3805,159,2025-01-01,62100.0,3.54,2060.94,0.0,5550.78,4909.75,64801.97,2025-01-30,PAY-202501-0159
3806,159,2025-02-01,62100.0,10.57,6153.72,29871.54,5538.47,3312.15,100351.58,2025-03-03,PAY-202502-0159
3807,159,2025-03-01,62100.0,8.17,4756.47,0.0,3942.74,6223.43,64575.78,2025-03-30,PAY-202503-0159
3808,159,2025-04-01,62100.0,0.0,0.0,0.0,9148.26,9208.09,62040.17,2025-05-01,PAY-202504-0159
3809,159,2025-05-01,62100.0,11.27,6561.25,0.0,3925.61,3166.37,69420.49,2025-05-28,PAY-202505-0159
3810,159,2025-06-01,62100.0,12.05,7015.36,0.0,1799.67,8557.72,62357.31,2025-06-30,PAY-202506-0159
3811,159,2025-07-01,62100.0,3.03,1764.03,0.0,1117.64,9824.94,55156.73,2025-07-29,PAY-202507-0159
3812,159,2025-08-01,62100.0,10.1,5880.09,0.0,2472.22,4712.72,65739.59,2025-08-31,PAY-202508-0159
3813,159,2025-09-01,62100.0,3.72,2165.74,0.0,3540.27,9510.53,58295.48,2025-09-26,PAY-202509-0159
3814,159,2025-10-01,62100.0,8.49,4942.77,0.0,3152.79,5588.1,64607.46,2025-10-28,PAY-202510-0159
3815,159,2025-11-01,62100.0,1.68,978.07,0.0,1612.84,9786.21,54904.7,2025-11-27,PAY-202511-0159
3816,159,2025-12-01,62100.0,0.0,0.0,30512.64,5491.65,10258.48,87845.81,2025-12-29,PAY-202512-0159
3817,160,2024-01-01,81900.0,6.09,4675.98,0.0,12688.13,9679.62,89584.49,2024-01-27,PAY-202401-0160
3818,160,2024-02-01,81900.0,7.38,5666.46,0.0,6709.9,7473.51,86802.85,2024-02-26,PAY-202402-0160
3819,160,2024-03-01,81900.0,6.01,4614.55,0.0,3986.32,13108.8,77392.07,2024-03-31,PAY-202403-0160
3820,160,2024-04-01,81900.0,2.08,1597.05,0.0,12035.74,7113.2,88419.59,2024-04-26,PAY-202404-0160
3821,160,2024-05-01,81900.0,6.0,4606.88,17385.08,6849.49,10650.56,100090.89,2024-05-26,PAY-202405-0160
3822,160,2024-06-01,81900.0,9.35,7179.05,0.0,7855.81,10073.14,86861.72,2024-06-30,PAY-202406-0160
3823,160,2024-07-01,81900.0,7.78,5973.58,0.0,1974.52,9184.41,80663.69,2024-07-28,PAY-202407-0160
3824,160,2024-08-01,81900.0,8.91,6841.21,0.0,3525.15,9570.28,82696.08,2024-08-30,PAY-202408-0160
3825,160,2024-09-01,81900.0,4.65,3570.33,0.0,5224.74,5828.22,84866.85,2024-09-27,PAY-202409-0160
3826,160,2024-10-01,81900.0,13.86,10641.88,0.0,8361.1,13814.57,87088.41,2024-10-29,PAY-202410-0160
3827,160,2024-11-01,81900.0,2.12,1627.76,0.0,14333.19,13294.37,84566.58,2024-11-30,PAY-202411-0160
3828,160,2024-12-01,81900.0,10.44,8015.96,0.0,11884.43,8883.8,92916.59,2024-12-29,PAY-202412-0160
3829,160,2025-01-01,81900.0,13.91,10680.27,0.0,12938.89,5566.62,99952.54,2025-01-31,PAY-202501-0160
3830,160,2025-02-01,81900.0,10.4,7985.25,0.0,5059.28,11982.32,82962.21,2025-03-03,PAY-202502-0160
3831,160,2025-03-01,81900.0,6.99,5367.01,0.0,9482.59,11898.06,84851.54,2025-03-29,PAY-202503-0160
3832,160,2025-04-01,81900.0,5.36,4115.48,0.0,11949.04,7473.58,90490.94,2025-05-01,PAY-202504-0160
3833,160,2025-05-01,81900.0,13.18,10119.77,0.0,4320.49,9440.13,86900.13,2025-05-28,PAY-202505-0160
3834,160,2025-06-01,81900.0,0.89,683.35,0.0,13657.3,14397.4,81843.25,2025-07-01,PAY-202506-0160
3835,160,2025-07-01,81900.0,3.15,2418.61,0.0,4984.42,5544.33,83758.7,2025-07-26,PAY-202507-0160
3836,160,2025-08-01,81900.0,6.01,4614.55,0.0,643.12,12629.86,74527.81,2025-08-28,PAY-202508-0160
3837,160,2025-09-01,81900.0,14.19,10895.26,0.0,8794.97,13447.41,88142.82,2025-09-26,PAY-202509-0160
3838,160,2025-10-01,81900.0,9.9,7601.34,0.0,1966.92,13436.38,78031.88,2025-10-26,PAY-202510-0160
3839,160,2025-11-01,81900.0,3.16,2426.29,0.0,13027.28,4832.23,92521.34,2025-11-26,PAY-202511-0160
3840,160,2025-12-01,81900.0,6.45,4952.39,0.0,7207.94,9650.47,84409.86,2025-12-31,PAY-202512-0160
3841,161,2024-01-01,71100.0,4.93,3286.15,0.0,8333.19,5238.6,77480.74,2024-01-26,PAY-202401-0161
3842,161,2024-02-01,71100.0,4.45,2966.2,0.0,4265.44,8359.59,69972.05,2024-03-01,PAY-202402-0161
3843,161,2024-03-01,71100.0,12.89,8591.99,0.0,8796.5,12752.71,75735.78,2024-03-29,PAY-202403-0161
3844,161,2024-04-01,71100.0,1.14,759.88,0.0,14446.43,9936.0,76370.31,2024-04-27,PAY-202404-0161
3845,161,2024-05-01,71100.0,16.04,10691.66,0.0,13483.03,10846.13,84428.56,2024-05-31,PAY-202405-0161
3846,161,2024-06-01,71100.0,12.14,8092.07,0.0,9647.18,4938.72,83900.53,2024-06-26,PAY-202406-0161
3847,161,2024-07-01,71100.0,13.45,8965.27,0.0,12689.45,12657.41,80097.31,2024-07-31,PAY-202407-0161
3848,161,2024-08-01,71100.0,5.69,3792.74,0.0,5532.52,5488.18,74937.08,2024-08-26,PAY-202408-0161
3849,161,2024-09-01,71100.0,7.25,4832.58,0.0,12080.77,5152.87,82860.48,2024-09-30,PAY-202409-0161
3850,161,2024-10-01,71100.0,0.83,553.25,0.0,1587.92,4791.03,68450.14,2024-10-26,PAY-202410-0161
3851,161,2024-11-01,71100.0,5.38,3586.11,0.0,9098.69,11676.49,72108.31,2024-12-01,PAY-202411-0161
3852,161,2024-12-01,71100.0,10.47,6978.91,15670.43,1389.06,7041.06,88097.34,2024-12-26,PAY-202412-0161
3853,161,2025-01-01,71100.0,14.48,9651.83,0.0,7793.86,7394.25,81151.44,2025-01-29,PAY-202501-0161
3854,161,2025-02-01,71100.0,2.46,1639.74,0.0,10763.17,7836.23,75666.68,2025-02-26,PAY-202502-0161
3855,161,2025-03-01,71100.0,6.17,4112.69,0.0,11504.03,7289.41,79427.31,2025-03-31,PAY-202503-0161
3856,161,2025-04-01,71100.0,7.24,4825.91,20960.96,11803.84,11872.33,96818.38,2025-04-29,PAY-202504-0161
3857,161,2025-05-01,71100.0,1.02,679.89,0.0,3905.11,12551.18,63133.82,2025-05-30,PAY-202505-0161
3858,161,2025-06-01,71100.0,10.96,7305.53,0.0,7257.5,7057.26,78605.77,2025-06-30,PAY-202506-0161
3859,161,2025-07-01,71100.0,4.38,2919.54,0.0,4881.51,9272.83,69628.22,2025-07-30,PAY-202507-0161
3860,161,2025-08-01,71100.0,7.02,4679.27,0.0,12823.19,10412.39,78190.07,2025-08-29,PAY-202508-0161
3861,161,2025-09-01,71100.0,5.74,3826.07,0.0,8307.0,10298.29,72934.78,2025-09-29,PAY-202509-0161
3862,161,2025-10-01,71100.0,4.05,2699.58,35416.06,10774.34,12431.52,107558.46,2025-10-31,PAY-202510-0161
3863,161,2025-11-01,71100.0,7.96,5305.84,0.0,949.83,9909.4,67446.27,2025-11-27,PAY-202511-0161
3864,161,2025-12-01,71100.0,6.92,4612.61,0.0,10757.92,5563.23,80907.3,2025-12-30,PAY-202512-0161
3865,162,2024-01-01,70200.0,6.14,4040.89,0.0,14499.3,12240.76,76499.43,2024-01-26,PAY-202401-0162
3866,162,2024-02-01,70200.0,4.36,2869.43,0.0,2588.16,8772.49,66885.1,2024-03-01,PAY-202402-0162
3867,162,2024-03-01,70200.0,9.6,6318.0,0.0,3211.48,7269.37,72460.11,2024-03-27,PAY-202403-0162
3868,162,2024-04-01,70200.0,16.27,10707.69,0.0,10992.08,10805.35,81094.42,2024-05-01,PAY-202404-0162
3869,162,2024-05-01,70200.0,8.7,5725.69,0.0,1130.44,6276.99,70779.14,2024-05-30,PAY-202405-0162
3870,162,2024-06-01,70200.0,12.98,8542.46,0.0,3546.82,5030.06,77259.22,2024-07-01,PAY-202406-0162
3871,162,2024-07-01,70200.0,1.05,691.03,0.0,14462.27,10713.62,74639.68,2024-07-30,PAY-202407-0162
3872,162,2024-08-01,70200.0,8.79,5784.92,0.0,8339.16,6321.37,78002.71,2024-08-29,PAY-202408-0162
3873,162,2024-09-01,70200.0,2.51,1651.89,0.0,10871.79,7735.59,74988.09,2024-10-01,PAY-202409-0162
3874,162,2024-10-01,70200.0,0.62,408.04,0.0,3282.99,10886.01,63005.02,2024-10-28,PAY-202410-0162
3875,162,2024-11-01,70200.0,4.3,2829.94,0.0,293.4,6545.53,66777.81,2024-11-28,PAY-202411-0162
3876,162,2024-12-01,70200.0,13.96,9187.43,0.0,14296.16,8055.82,85627.77,2024-12-31,PAY-202412-0162
3877,162,2025-01-01,70200.0,12.75,8391.09,0.0,2706.91,7587.74,73710.26,2025-01-30,PAY-202501-0162
3878,162,2025-02-01,70200.0,9.22,6067.91,0.0,2801.92,5100.94,73968.89,2025-02-26,PAY-202502-0162
3879,162,2025-03-01,70200.0,0.34,223.76,0.0,4966.65,9594.49,65795.92,2025-03-30,PAY-202503-0162
3880,162,2025-04-01,70200.0,7.02,4620.04,0.0,7905.0,8052.02,74673.02,2025-04-26,PAY-202504-0162
3881,162,2025-05-01,70200.0,9.51,6258.77,0.0,10618.78,10970.51,76107.04,2025-05-27,PAY-202505-0162
3882,162,2025-06-01,70200.0,8.88,5844.15,0.0,8374.68,11860.11,72558.72,2025-06-27,PAY-202506-0162
3883,162,2025-07-01,70200.0,0.0,0.0,0.0,421.18,9672.06,60949.12,2025-07-26,PAY-202507-0162
3884,162,2025-08-01,70200.0,3.55,2336.34,0.0,5464.61,10164.71,67836.24,2025-08-31,PAY-202508-0162
3885,162,2025-09-01,70200.0,7.68,5054.4,0.0,8219.69,5091.23,78382.86,2025-09-26,PAY-202509-0162
3886,162,2025-10-01,70200.0,10.68,7028.77,0.0,8313.15,9045.65,76496.27,2025-10-31,PAY-202510-0162
3887,162,2025-11-01,70200.0,0.0,0.0,0.0,7779.36,8126.98,69852.38,2025-11-30,PAY-202511-0162
3888,162,2025-12-01,70200.0,7.19,4731.92,0.0,10253.96,9837.23,75348.65,2025-12-31,PAY-202512-0162
3889,163,2024-01-01,234700.0,8.72,19186.73,0.0,5582.89,27427.86,232041.76,2024-01-27,PAY-202401-0163
3890,163,2024-02-01,234700.0,12.25,26953.83,0.0,8024.84,39936.4,229742.27,2024-02-26,PAY-202402-0163
3891,163,2024-03-01,234700.0,11.46,25215.58,0.0,4171.95,20952.48,243135.05,2024-03-29,PAY-202403-0163
3892,163,2024-04-01,234700.0,10.91,24005.41,0.0,12220.09,37827.57,233097.93,2024-04-30,PAY-202404-0163
3893,163,2024-05-01,234700.0,4.0,8801.25,0.0,6903.22,22318.88,228085.59,2024-05-27,PAY-202405-0163
3894,163,2024-06-01,234700.0,0.0,0.0,0.0,13080.1,29142.02,218638.08,2024-06-26,PAY-202406-0163
3895,163,2024-07-01,234700.0,6.03,13267.88,10222.54,8657.83,35509.8,231338.45,2024-07-31,PAY-202407-0163
3896,163,2024-08-01,234700.0,13.01,28626.07,0.0,11239.17,31994.56,242570.68,2024-08-26,PAY-202408-0163
3897,163,2024-09-01,234700.0,14.97,32938.68,0.0,7169.53,31681.71,243126.5,2024-10-01,PAY-202409-0163
3898,163,2024-10-01,234700.0,11.55,25413.61,0.0,850.33,36853.16,224110.78,2024-10-26,PAY-202410-0163
3899,163,2024-11-01,234700.0,10.15,22333.17,0.0,14882.68,14256.67,257659.18,2024-12-01,PAY-202411-0163
3900,163,2024-12-01,234700.0,9.9,21783.09,0.0,1393.94,41251.79,216625.24,2024-12-27,PAY-202412-0163
3901,163,2025-01-01,234700.0,5.22,11485.63,0.0,9499.36,34061.59,221623.4,2025-01-26,PAY-202501-0163
3902,163,2025-02-01,234700.0,7.35,16172.3,0.0,1771.19,32689.53,219953.96,2025-03-03,PAY-202502-0163
3903,163,2025-03-01,234700.0,16.35,35975.11,0.0,6151.67,34699.4,242127.38,2025-03-27,PAY-202503-0163
3904,163,2025-04-01,234700.0,3.29,7239.03,26204.31,11190.32,14457.7,264875.96,2025-04-26,PAY-202504-0163
3905,163,2025-05-01,234700.0,16.07,35359.02,0.0,1567.58,39600.25,232026.35,2025-05-26,PAY-202505-0163
3906,163,2025-06-01,234700.0,6.39,14060.0,0.0,10825.06,25357.89,234227.17,2025-07-01,PAY-202506-0163
3907,163,2025-07-01,234700.0,14.63,32190.57,189077.71,11138.7,27880.05,439226.93,2025-07-29,PAY-202507-0163
3908,163,2025-08-01,234700.0,0.97,2134.3,0.0,2969.27,30742.56,209061.01,2025-08-31,PAY-202508-0163
3909,163,2025-09-01,234700.0,10.93,24049.42,0.0,4404.18,17606.68,245546.92,2025-09-29,PAY-202509-0163
3910,163,2025-10-01,234700.0,4.32,9505.35,0.0,8042.23,31882.55,220365.03,2025-10-29,PAY-202510-0163
3911,163,2025-11-01,234700.0,0.92,2024.29,0.0,9977.16,20933.0,225768.45,2025-11-30,PAY-202511-0163
3912,163,2025-12-01,234700.0,9.09,20000.84,31752.6,4230.67,14800.09,275884.02,2025-12-28,PAY-202512-0163
3913,164,2024-01-01,188700.0,13.05,23086.27,24543.53,5921.76,22309.27,219942.29,2024-01-28,PAY-202401-0164
3914,164,2024-02-01,188700.0,3.78,6687.06,0.0,8646.44,17447.79,186585.71,2024-02-27,PAY-202402-0164
3915,164,2024-03-01,188700.0,0.5,884.53,0.0,4300.69,12594.77,181290.45,2024-03-30,PAY-202403-0164
3916,164,2024-04-01,188700.0,7.54,13338.73,0.0,12703.1,33832.73,180909.1,2024-04-28,PAY-202404-0164
3917,164,2024-05-01,188700.0,7.56,13374.11,0.0,12594.69,11054.48,203614.32,2024-05-31,PAY-202405-0164
3918,164,2024-06-01,188700.0,10.74,18999.73,0.0,18.54,32266.02,175452.25,2024-07-01,PAY-202406-0164
3919,164,2024-07-01,188700.0,12.75,22555.55,0.0,8943.04,12579.96,207618.63,2024-07-31,PAY-202407-0164
3920,164,2024-08-01,188700.0,7.7,13621.78,0.0,12352.4,28479.96,186194.22,2024-08-27,PAY-202408-0164
3921,164,2024-09-01,188700.0,17.28,30569.4,0.0,1779.75,16192.36,204856.79,2024-09-29,PAY-202409-0164
3922,164,2024-10-01,188700.0,9.12,16133.85,0.0,8245.42,22672.89,190406.38,2024-10-29,PAY-202410-0164
3923,164,2024-11-01,188700.0,6.27,11092.02,0.0,13860.3,14635.88,199016.44,2024-11-26,PAY-202411-0164
3924,164,2024-12-01,188700.0,0.0,0.0,0.0,1124.24,27652.83,162171.41,2024-12-27,PAY-202412-0164
3925,164,2025-01-01,188700.0,6.69,11835.03,39653.5,13952.78,19798.36,234342.95,2025-01-28,PAY-202501-0164
3926,164,2025-02-01,188700.0,6.32,11180.48,0.0,7189.66,23111.73,183958.41,2025-02-28,PAY-202502-0164
3927,164,2025-03-01,188700.0,12.8,22644.0,25967.34,922.78,27068.89,211165.23,2025-03-26,PAY-202503-0164
3928,164,2025-04-01,188700.0,10.31,18239.03,0.0,12929.46,9984.01,209884.48,2025-04-27,PAY-202504-0164
3929,164,2025-05-01,188700.0,2.1,3715.03,0.0,12900.16,22462.12,182853.07,2025-05-26,PAY-202505-0164
3930,164,2025-06-01,188700.0,8.86,15673.89,0.0,3915.93,30631.14,177658.68,2025-07-01,PAY-202506-0164
3931,164,2025-07-01,188700.0,11.36,20096.55,0.0,113.66,26636.16,182274.05,2025-07-28,PAY-202507-0164
3932,164,2025-08-01,188700.0,15.64,27668.14,7052.67,252.9,18344.33,205329.38,2025-08-29,PAY-202508-0164
3933,164,2025-09-01,188700.0,12.44,22007.14,0.0,8466.42,28284.93,190888.63,2025-09-29,PAY-202509-0164
3934,164,2025-10-01,188700.0,11.8,20874.94,0.0,13395.64,16996.91,205973.67,2025-10-26,PAY-202510-0164
3935,164,2025-11-01,188700.0,8.3,14683.22,0.0,8851.84,28529.45,183705.61,2025-11-28,PAY-202511-0164
3936,164,2025-12-01,188700.0,9.94,17584.48,0.0,6377.55,13666.17,198995.86,2025-12-27,PAY-202512-0164
3937,165,2024-01-01,169900.0,14.25,22697.58,0.0,12623.68,11517.81,193703.45,2024-01-28,PAY-202401-0165
3938,165,2024-02-01,169900.0,1.34,2134.37,0.0,40.98,9469.56,162605.79,2024-02-26,PAY-202402-0165
3939,165,2024-03-01,169900.0,6.25,9955.08,0.0,11958.89,19851.76,171962.21,2024-03-26,PAY-202403-0165
3940,165,2024-04-01,169900.0,4.14,6594.24,0.0,12091.45,24766.12,163819.57,2024-04-29,PAY-202404-0165
3941,165,2024-05-01,169900.0,9.9,15768.84,0.0,1505.66,17299.73,169874.77,2024-05-26,PAY-202405-0165
3942,165,2024-06-01,169900.0,14.15,22538.3,0.0,6357.08,9436.42,189358.96,2024-06-26,PAY-202406-0165
3943,165,2024-07-01,169900.0,5.02,7995.92,0.0,12185.04,23297.59,166783.37,2024-07-29,PAY-202407-0165
3944,165,2024-08-01,169900.0,0.0,0.0,25746.16,13026.49,10884.41,197788.24,2024-08-28,PAY-202408-0165
3945,165,2024-09-01,169900.0,5.94,9461.31,0.0,6951.83,12812.69,173500.45,2024-09-26,PAY-202409-0165
3946,165,2024-10-01,169900.0,12.57,20021.65,0.0,1525.0,9685.12,181761.53,2024-10-31,PAY-202410-0165
3947,165,2024-11-01,169900.0,10.69,17027.17,0.0,1195.61,9550.72,178572.06,2024-11-28,PAY-202411-0165
3948,165,2024-12-01,169900.0,10.14,16151.12,0.0,7960.41,14581.02,179430.51,2024-12-28,PAY-202412-0165
3949,165,2025-01-01,169900.0,6.6,10512.56,0.0,6009.26,11017.46,175404.36,2025-01-27,PAY-202501-0165
3950,165,2025-02-01,169900.0,1.6,2548.5,24779.59,2725.89,20238.47,179715.51,2025-03-02,PAY-202502-0165
3951,165,2025-03-01,169900.0,10.58,16851.96,0.0,6702.3,24031.17,169423.09,2025-03-30,PAY-202503-0165
3952,165,2025-04-01,169900.0,3.83,6100.47,0.0,445.26,11156.4,165289.33,2025-04-26,PAY-202504-0165
3953,165,2025-05-01,169900.0,18.92,30136.01,0.0,14996.38,26245.29,188787.1,2025-05-27,PAY-202505-0165
3954,165,2025-06-01,169900.0,10.85,17282.02,0.0,2348.77,26382.51,163148.28,2025-06-29,PAY-202506-0165
3955,165,2025-07-01,169900.0,5.1,8123.34,0.0,12574.96,28144.4,162453.9,2025-07-29,PAY-202507-0165
3956,165,2025-08-01,169900.0,4.94,7868.49,0.0,1184.0,21419.15,157533.34,2025-08-30,PAY-202508-0165
3957,165,2025-09-01,169900.0,7.54,12009.81,0.0,2073.33,27351.77,156631.37,2025-09-26,PAY-202509-0165
3958,165,2025-10-01,169900.0,6.8,10831.12,39293.8,6044.77,17894.42,208175.27,2025-10-28,PAY-202510-0165
3959,165,2025-11-01,169900.0,13.58,21630.39,0.0,9402.56,9045.7,191887.25,2025-11-26,PAY-202511-0165
3960,165,2025-12-01,169900.0,8.93,14223.82,0.0,758.66,21493.52,163388.96,2025-12-31,PAY-202512-0165
3961,166,2024-01-01,164100.0,4.34,6676.82,0.0,13708.94,9001.8,175483.96,2024-01-31,PAY-202401-0166
3962,166,2024-02-01,164100.0,17.45,26845.73,0.0,8783.47,19807.55,179921.65,2024-03-01,PAY-202402-0166
3963,166,2024-03-01,164100.0,8.25,12692.11,30021.6,11359.31,26507.01,191666.01,2024-03-31,PAY-202403-0166
3964,166,2024-04-01,164100.0,11.84,18215.1,0.0,8612.53,14925.9,176001.73,2024-05-01,PAY-202404-0166
3965,166,2024-05-01,164100.0,4.96,7630.65,0.0,986.68,24939.84,147777.49,2024-05-26,PAY-202405-0166
3966,166,2024-06-01,164100.0,9.82,15107.46,0.0,9132.74,9013.47,179326.73,2024-06-30,PAY-202406-0166
3967,166,2024-07-01,164100.0,9.56,14707.46,0.0,12451.96,25734.57,165524.85,2024-07-29,PAY-202407-0166
3968,166,2024-08-01,164100.0,0.0,0.0,0.0,7937.82,18718.42,153319.4,2024-08-27,PAY-202408-0166
3969,166,2024-09-01,164100.0,18.08,27814.95,0.0,2979.96,20798.24,174096.67,2024-10-01,PAY-202409-0166
3970,166,2024-10-01,164100.0,14.45,22230.42,0.0,6218.64,21068.52,171480.54,2024-10-31,PAY-202410-0166
3971,166,2024-11-01,164100.0,6.01,9246.01,0.0,6163.31,16354.29,163155.03,2024-11-26,PAY-202411-0166
3972,166,2024-12-01,164100.0,2.49,3830.71,0.0,7274.33,28525.67,146679.37,2024-12-29,PAY-202412-0166
3973,166,2025-01-01,164100.0,9.74,14984.38,0.0,3992.61,13181.97,169895.02,2025-01-27,PAY-202501-0166
3974,166,2025-02-01,164100.0,8.43,12969.03,0.0,6553.41,12704.89,170917.55,2025-03-03,PAY-202502-0166
3975,166,2025-03-01,164100.0,9.78,15045.92,0.0,10045.97,20900.72,168291.17,2025-03-30,PAY-202503-0166
3976,166,2025-04-01,164100.0,8.96,13784.4,0.0,1709.08,21229.78,158363.7,2025-04-26,PAY-202504-0166
3977,166,2025-05-01,164100.0,10.53,16199.75,33789.11,3961.71,27051.11,190999.46,2025-05-31,PAY-202505-0166
3978,166,2025-06-01,164100.0,15.24,23445.79,0.0,3215.13,9292.57,181468.35,2025-06-29,PAY-202506-0166
3979,166,2025-07-01,164100.0,10.84,16676.66,0.0,8108.26,11864.21,177020.71,2025-07-26,PAY-202507-0166
3980,166,2025-08-01,164100.0,2.75,4230.7,0.0,12615.41,22300.91,158645.2,2025-08-31,PAY-202508-0166
3981,166,2025-09-01,164100.0,14.81,22784.26,33113.73,9416.55,10233.3,219181.24,2025-09-30,PAY-202509-0166
3982,166,2025-10-01,164100.0,16.2,24922.69,0.0,11987.79,13222.75,187787.73,2025-10-31,PAY-202510-0166
3983,166,2025-11-01,164100.0,23.76,36553.28,0.0,9228.14,19147.87,190733.55,2025-11-30,PAY-202511-0166
3984,166,2025-12-01,164100.0,2.38,3661.48,0.0,11700.59,17774.56,161687.51,2025-12-27,PAY-202512-0166
3985,167,2024-01-01,109600.0,9.21,9463.28,0.0,1252.51,11812.62,108503.17,2024-01-26,PAY-202401-0167
3986,167,2024-02-01,109600.0,0.0,0.0,0.0,8062.53,14398.69,103263.84,2024-02-28,PAY-202402-0167
3987,167,2024-03-01,109600.0,10.77,11066.17,0.0,7623.26,17096.66,111192.77,2024-03-26,PAY-202403-0167
3988,167,2024-04-01,109600.0,5.26,5404.65,0.0,13921.14,18220.04,110705.75,2024-04-28,PAY-202404-0167
3989,167,2024-05-01,109600.0,17.62,18104.55,0.0,2410.74,7193.22,122922.07,2024-05-28,PAY-202405-0167
3990,167,2024-06-01,109600.0,4.13,4243.57,0.0,11061.68,8801.75,116103.5,2024-06-29,PAY-202406-0167
3991,167,2024-07-01,109600.0,0.0,0.0,0.0,5606.99,18766.36,96440.63,2024-07-30,PAY-202407-0167
3992,167,2024-08-01,109600.0,5.64,5795.1,0.0,12178.05,9177.37,118395.78,2024-08-26,PAY-202408-0167
3993,167,2024-09-01,109600.0,0.0,0.0,0.0,4802.97,14977.49,99425.48,2024-09-27,PAY-202409-0167
3994,167,2024-10-01,109600.0,11.76,12083.4,0.0,5703.75,6692.9,120694.25,2024-10-30,PAY-202410-0167
3995,167,2024-11-01,109600.0,0.0,0.0,0.0,11469.14,14997.43,106071.71,2024-11-27,PAY-202411-0167
3996,167,2024-12-01,109600.0,8.14,8363.85,0.0,7495.27,17122.64,108336.48,2024-12-28,PAY-202412-0167
3997,167,2025-01-01,109600.0,0.0,0.0,0.0,8998.53,11513.66,107084.87,2025-01-30,PAY-202501-0167
3998,167,2025-02-01,109600.0,6.4,6576.0,0.0,10893.08,11066.71,116002.37,2025-03-03,PAY-202502-0167
3999,167,2025-03-01,109600.0,16.22,16666.05,0.0,7157.04,14533.02,118890.07,2025-03-28,PAY-202503-0167
4000,167,2025-04-01,109600.0,9.8,10069.5,17412.44,10700.73,9165.27,138617.4,2025-04-26,PAY-202504-0167
4001,167,2025-05-01,109600.0,3.68,3781.2,0.0,6352.84,10532.48,109201.56,2025-05-26,PAY-202505-0167
4002,167,2025-06-01,109600.0,7.84,8055.6,0.0,8277.72,9015.09,116918.23,2025-06-29,PAY-202506-0167
4003,167,2025-07-01,109600.0,8.09,8312.48,0.0,13406.44,15324.38,115994.54,2025-07-30,PAY-202507-0167
4004,167,2025-08-01,109600.0,10.36,10644.9,0.0,10842.98,10524.4,120563.48,2025-08-29,PAY-202508-0167
4005,167,2025-09-01,109600.0,1.17,1202.17,0.0,12884.9,14864.18,108822.89,2025-10-01,PAY-202509-0167
4006,167,2025-10-01,109600.0,10.96,11261.4,0.0,4392.75,6123.55,119130.6,2025-10-30,PAY-202510-0167
4007,167,2025-11-01,109600.0,0.0,0.0,0.0,10530.17,9512.75,110617.42,2025-11-30,PAY-202511-0167
4008,167,2025-12-01,109600.0,4.85,4983.38,0.0,8201.98,15743.62,107041.74,2025-12-30,PAY-202512-0167
4009,168,2024-01-01,174200.0,5.56,9080.17,0.0,3984.67,20297.97,166966.87,2024-01-27,PAY-202401-0168
4010,168,2024-02-01,174200.0,11.17,18242.01,5406.53,8412.5,11024.64,195236.4,2024-02-27,PAY-202402-0168
4011,168,2024-03-01,174200.0,8.11,13244.64,0.0,14001.26,21844.62,179601.28,2024-03-27,PAY-202403-0168
4012,168,2024-04-01,174200.0,0.97,1584.13,0.0,6099.46,20998.16,160885.43,2024-04-27,PAY-202404-0168
4013,168,2024-05-01,174200.0,3.08,5030.03,38868.14,14402.31,26343.65,206156.83,2024-05-28,PAY-202405-0168
4014,168,2024-06-01,174200.0,8.99,14681.79,0.0,7990.55,20073.96,176798.38,2024-06-30,PAY-202406-0168
4015,168,2024-07-01,174200.0,7.6,12411.75,20256.79,14775.19,17659.44,203984.29,2024-07-27,PAY-202407-0168
4016,168,2024-08-01,174200.0,5.1,8328.94,0.0,11293.43,18791.42,175030.95,2024-08-30,PAY-202408-0168
4017,168,2024-09-01,174200.0,5.6,9145.5,5771.92,12495.31,10729.61,190883.12,2024-09-26,PAY-202409-0168
4018,168,2024-10-01,174200.0,11.48,18748.28,0.0,12445.44,21991.83,183401.89,2024-10-31,PAY-202410-0168
4019,168,2024-11-01,174200.0,5.41,8835.21,0.0,9917.72,31064.68,161888.25,2024-12-01,PAY-202411-0168
4020,168,2024-12-01,174200.0,7.56,12346.42,0.0,14978.68,28482.97,173042.13,2024-12-31,PAY-202412-0168
4021,168,2025-01-01,174200.0,18.85,30784.41,0.0,3489.73,19469.35,189004.79,2025-01-29,PAY-202501-0168
4022,168,2025-02-01,174200.0,0.88,1437.15,0.0,5125.94,30926.01,149837.08,2025-02-26,PAY-202502-0168
4023,168,2025-03-01,174200.0,0.0,0.0,0.0,4818.26,20283.09,158735.17,2025-03-29,PAY-202503-0168
4024,168,2025-04-01,174200.0,11.92,19466.85,0.0,12450.88,9206.65,196911.08,2025-04-27,PAY-202504-0168
4025,168,2025-05-01,174200.0,4.61,7528.71,0.0,14342.22,25705.29,170365.64,2025-05-29,PAY-202505-0168
4026,168,2025-06-01,174200.0,6.41,10468.33,0.0,1868.54,10914.85,175622.02,2025-06-28,PAY-202506-0168
4027,168,2025-07-01,174200.0,4.09,6679.48,0.0,13095.63,24494.59,169480.52,2025-07-28,PAY-202507-0168
4028,168,2025-08-01,174200.0,6.7,10941.94,24852.68,6030.97,10140.77,205884.82,2025-08-31,PAY-202508-0168
4029,168,2025-09-01,174200.0,15.99,26113.67,0.0,13673.31,25638.38,188348.6,2025-09-30,PAY-202509-0168
4030,168,2025-10-01,174200.0,12.01,19613.83,0.0,3880.38,20898.99,176795.22,2025-10-30,PAY-202510-0168
4031,168,2025-11-01,174200.0,12.31,20103.77,0.0,8200.57,30369.23,172135.11,2025-12-01,PAY-202511-0168
4032,168,2025-12-01,174200.0,0.92,1502.48,19024.66,12499.92,12004.09,195222.97,2025-12-28,PAY-202512-0168
4033,169,2024-01-01,57700.0,2.24,1211.7,14480.45,7754.57,10350.57,70796.15,2024-01-27,PAY-202401-0169
4034,169,2024-02-01,57700.0,0.0,0.0,0.0,9338.21,9779.29,57258.92,2024-03-02,PAY-202402-0169
4035,169,2024-03-01,57700.0,3.95,2136.7,0.0,3975.4,6051.81,57760.29,2024-03-31,PAY-202403-0169
4036,169,2024-04-01,57700.0,12.78,6913.18,0.0,12071.5,4752.57,71932.11,2024-04-30,PAY-202404-0169
4037,169,2024-05-01,57700.0,10.58,5723.12,0.0,9278.18,6188.04,66513.26,2024-05-30,PAY-202405-0169
4038,169,2024-06-01,57700.0,6.89,3727.06,0.0,4685.25,9579.82,56532.49,2024-06-26,PAY-202406-0169
4039,169,2024-07-01,57700.0,7.89,4268.0,0.0,8825.28,10227.7,60565.58,2024-07-31,PAY-202407-0169
4040,169,2024-08-01,57700.0,4.56,2466.67,9344.09,2021.52,7378.91,64153.37,2024-08-27,PAY-202408-0169
4041,169,2024-09-01,57700.0,9.02,4879.26,29060.84,7166.35,5595.23,93211.22,2024-10-01,PAY-202409-0169
4042,169,2024-10-01,57700.0,11.83,6399.29,0.0,13337.31,3218.71,74217.89,2024-10-26,PAY-202410-0169
4043,169,2024-11-01,57700.0,0.0,0.0,7751.22,10241.49,3349.07,72343.64,2024-11-30,PAY-202411-0169
4044,169,2024-12-01,57700.0,9.5,5138.91,0.0,11569.39,8942.09,65466.21,2024-12-27,PAY-202412-0169
4045,169,2025-01-01,57700.0,12.66,6848.27,0.0,3728.29,10204.96,58071.6,2025-01-31,PAY-202501-0169
4046,169,2025-02-01,57700.0,5.92,3202.35,0.0,7720.02,4834.55,63787.82,2025-02-28,PAY-202502-0169
4047,169,2025-03-01,57700.0,11.5,6220.78,0.0,5684.74,2942.6,66662.92,2025-03-26,PAY-202503-0169
4048,169,2025-04-01,57700.0,22.07,11938.49,0.0,9769.91,5143.8,74264.6,2025-04-27,PAY-202504-0169
4049,169,2025-05-01,57700.0,7.48,4046.21,0.0,14569.12,4761.88,71553.45,2025-05-26,PAY-202505-0169
4050,169,2025-06-01,57700.0,9.97,5393.15,0.0,5645.03,5698.21,63039.97,2025-06-28,PAY-202506-0169
4051,169,2025-07-01,57700.0,4.31,2331.44,0.0,11108.4,7061.2,64078.64,2025-07-29,PAY-202507-0169
4052,169,2025-08-01,57700.0,8.91,4819.75,0.0,6156.9,5336.89,63339.76,2025-08-29,PAY-202508-0169
4053,169,2025-09-01,57700.0,10.3,5571.66,0.0,215.33,8814.56,54672.43,2025-09-28,PAY-202509-0169
4054,169,2025-10-01,57700.0,8.97,4852.21,0.0,12977.68,6560.71,68969.18,2025-10-29,PAY-202510-0169
4055,169,2025-11-01,57700.0,2.9,1568.72,0.0,13386.95,7169.65,65486.02,2025-11-28,PAY-202511-0169
4056,169,2025-12-01,57700.0,9.03,4884.67,0.0,14471.37,4327.35,72728.69,2025-12-30,PAY-202512-0169
4057,170,2024-01-01,128600.0,15.31,18458.12,0.0,433.37,8617.65,138873.84,2024-01-28,PAY-202401-0170
4058,170,2024-02-01,128600.0,10.24,12345.6,0.0,6066.55,12803.91,134208.24,2024-02-27,PAY-202402-0170
4059,170,2024-03-01,128600.0,12.81,15444.06,0.0,2764.88,13430.39,133378.55,2024-03-31,PAY-202403-0170
4060,170,2024-04-01,128600.0,6.81,8210.31,0.0,1625.98,17006.21,121430.08,2024-04-30,PAY-202404-0170
4061,170,2024-05-01,128600.0,11.75,14166.09,0.0,3433.53,7327.74,138871.88,2024-05-31,PAY-202405-0170
4062,170,2024-06-01,128600.0,9.4,11332.88,0.0,6382.43,20733.51,125581.8,2024-06-26,PAY-202406-0170
4063,170,2024-07-01,128600.0,3.25,3918.28,0.0,4411.68,22534.1,114395.86,2024-07-29,PAY-202407-0170
4064,170,2024-08-01,128600.0,9.59,11561.94,0.0,13220.31,18031.45,135350.8,2024-08-29,PAY-202408-0170
4065,170,2024-09-01,128600.0,3.04,3665.1,0.0,2015.05,11712.98,122567.17,2024-09-26,PAY-202409-0170
4066,170,2024-10-01,128600.0,4.84,5835.22,0.0,1554.84,9387.04,126603.02,2024-10-31,PAY-202410-0170
4067,170,2024-11-01,128600.0,8.95,10790.34,0.0,1384.5,21655.4,119119.44,2024-11-30,PAY-202411-0170
4068,170,2024-12-01,128600.0,9.49,11441.38,0.0,3768.02,19752.27,124057.13,2024-12-31,PAY-202412-0170
4069,170,2025-01-01,128600.0,2.05,2471.53,0.0,899.53,19143.92,112827.14,2025-01-30,PAY-202501-0170
4070,170,2025-02-01,128600.0,13.27,15998.64,21610.49,7744.06,13051.68,160901.51,2025-03-03,PAY-202502-0170
4071,170,2025-03-01,128600.0,10.86,13093.09,0.0,8382.44,9704.79,140370.74,2025-03-26,PAY-202503-0170
4072,170,2025-04-01,128600.0,62.23,75026.04,0.0,8932.87,22174.49,190384.42,2025-04-29,PAY-202504-0170
4073,170,2025-05-01,128600.0,0.31,373.74,0.0,13458.98,21994.21,120438.51,2025-05-28,PAY-202505-0170
4074,170,2025-06-01,128600.0,7.28,8776.95,0.0,14913.24,13260.12,139030.07,2025-06-28,PAY-202506-0170
4075,170,2025-07-01,128600.0,5.77,6956.46,0.0,9578.91,13534.95,131600.42,2025-07-27,PAY-202507-0170
4076,170,2025-08-01,128600.0,8.57,10332.21,0.0,13792.83,7323.93,145401.11,2025-08-30,PAY-202508-0170
4077,170,2025-09-01,128600.0,6.18,7450.76,0.0,11031.24,21217.04,125864.96,2025-09-28,PAY-202509-0170
4078,170,2025-10-01,128600.0,0.0,0.0,0.0,5185.79,16272.59,117513.2,2025-10-29,PAY-202510-0170
4079,170,2025-11-01,128600.0,6.06,7306.09,0.0,7984.35,14140.41,129750.03,2025-11-28,PAY-202511-0170
4080,170,2025-12-01,128600.0,6.47,7800.39,0.0,9533.37,12590.51,133343.25,2025-12-28,PAY-202512-0170
4081,171,2024-01-01,93100.0,11.17,9749.32,0.0,2622.43,6203.18,99268.57,2024-01-31,PAY-202401-0171
4082,171,2024-02-01,93100.0,4.51,3936.38,0.0,11267.68,10748.41,97555.65,2024-02-28,PAY-202402-0171
4083,171,2024-03-01,93100.0,16.39,14305.4,0.0,11286.32,16153.14,102538.58,2024-03-26,PAY-202403-0171
4084,171,2024-04-01,93100.0,0.0,0.0,38060.05,3816.97,12556.1,122420.92,2024-04-28,PAY-202404-0171
4085,171,2024-05-01,93100.0,14.56,12708.15,0.0,5078.09,6417.71,104468.53,2024-05-27,PAY-202405-0171
4086,171,2024-06-01,93100.0,6.88,6004.95,0.0,1150.56,6348.74,93906.77,2024-06-27,PAY-202406-0171
4087,171,2024-07-01,93100.0,12.3,10735.59,0.0,10693.88,10070.48,104458.99,2024-07-30,PAY-202407-0171
4088,171,2024-08-01,93100.0,77.21,67389.85,0.0,11047.18,16481.45,155055.58,2024-08-31,PAY-202408-0171
4089,171,2024-09-01,93100.0,13.7,11957.53,0.0,11001.6,16555.75,99503.38,2024-09-29,PAY-202409-0171
4090,171,2024-10-01,93100.0,6.06,5289.24,0.0,11603.3,13903.6,96088.94,2024-10-27,PAY-202410-0171
4091,171,2024-11-01,93100.0,2.51,2190.76,0.0,9675.97,12867.11,92099.62,2024-11-27,PAY-202411-0171
4092,171,2024-12-01,93100.0,15.1,13179.47,0.0,460.58,15155.68,91584.37,2024-12-30,PAY-202412-0171
4093,171,2025-01-01,93100.0,7.43,6485.0,0.0,10276.24,14575.2,95286.04,2025-01-29,PAY-202501-0171
4094,171,2025-02-01,93100.0,9.11,7951.32,0.0,189.23,11225.74,90014.81,2025-02-26,PAY-202502-0171
4095,171,2025-03-01,93100.0,14.17,12367.75,0.0,5805.37,7643.69,103629.43,2025-03-26,PAY-202503-0171
4096,171,2025-04-01,93100.0,2.84,2478.79,0.0,10721.37,7007.36,99292.8,2025-04-29,PAY-202504-0171
4097,171,2025-05-01,93100.0,10.98,9583.48,0.0,11892.39,7433.18,107142.69,2025-05-31,PAY-202505-0171
4098,171,2025-06-01,93100.0,5.05,4407.7,0.0,12446.15,7883.66,102070.19,2025-06-27,PAY-202506-0171
4099,171,2025-07-01,93100.0,7.34,6406.44,0.0,3442.78,8353.48,94595.74,2025-07-26,PAY-202507-0171
4100,171,2025-08-01,93100.0,8.36,7296.71,0.0,12948.34,14190.22,99154.83,2025-08-31,PAY-202508-0171
4101,171,2025-09-01,93100.0,0.5,436.41,7419.33,13088.8,9986.87,104057.67,2025-09-30,PAY-202509-0171
4102,171,2025-10-01,93100.0,4.11,3587.26,0.0,13575.04,14852.51,95409.79,2025-10-28,PAY-202510-0171
4103,171,2025-11-01,93100.0,14.76,12882.71,0.0,4182.81,7733.92,102431.6,2025-12-01,PAY-202511-0171
4104,171,2025-12-01,93100.0,12.43,10849.06,0.0,3924.79,9829.0,98044.85,2025-12-30,PAY-202512-0171
4105,172,2024-01-01,134900.0,7.69,9725.45,0.0,8026.2,13086.94,139564.71,2024-01-26,PAY-202401-0172
4106,172,2024-02-01,134900.0,9.22,11660.42,0.0,9293.12,14642.55,141210.99,2024-03-01,PAY-202402-0172
4107,172,2024-03-01,134900.0,6.53,8258.41,27462.54,9763.66,22709.78,157674.83,2024-03-31,PAY-202403-0172
4108,172,2024-04-01,134900.0,14.78,18692.08,0.0,3613.85,17192.78,140013.15,2024-04-27,PAY-202404-0172
4109,172,2024-05-01,134900.0,7.0,8852.81,0.0,14405.17,15732.58,142425.4,2024-05-28,PAY-202405-0172
4110,172,2024-06-01,134900.0,9.16,11584.54,0.0,11030.12,20843.08,136671.58,2024-06-30,PAY-202406-0172
4111,172,2024-07-01,134900.0,13.73,17364.16,0.0,14822.58,15999.17,151087.57,2024-07-27,PAY-202407-0172
4112,172,2024-08-01,134900.0,4.11,5197.87,0.0,11465.01,17247.04,134315.84,2024-08-28,PAY-202408-0172
4113,172,2024-09-01,134900.0,15.79,19969.42,0.0,4717.53,16894.98,142691.97,2024-09-27,PAY-202409-0172
4114,172,2024-10-01,134900.0,0.35,442.64,0.0,1569.81,21471.62,115440.83,2024-10-31,PAY-202410-0172
4115,172,2024-11-01,134900.0,16.15,20424.7,0.0,5652.63,7383.86,153593.47,2024-11-26,PAY-202411-0172
4116,172,2024-12-01,134900.0,6.14,7765.18,0.0,14797.44,16222.82,141239.8,2024-12-29,PAY-202412-0172
4117,172,2025-01-01,134900.0,6.79,8587.23,0.0,2625.44,9063.41,137049.26,2025-01-27,PAY-202501-0172
4118,172,2025-02-01,134900.0,0.0,0.0,0.0,9730.46,17133.79,127496.67,2025-02-27,PAY-202502-0172
4119,172,2025-03-01,134900.0,5.73,7246.66,0.0,3574.01,20640.42,125080.25,2025-03-27,PAY-202503-0172
4120,172,2025-04-01,134900.0,2.8,3541.12,0.0,14779.96,18311.19,134909.89,2025-04-29,PAY-202504-0172
4121,172,2025-05-01,134900.0,4.96,6272.85,37198.27,2356.75,22204.98,158522.89,2025-05-27,PAY-202505-0172
4122,172,2025-06-01,134900.0,7.31,9244.87,0.0,7756.22,15771.01,136130.08,2025-06-26,PAY-202506-0172
4123,172,2025-07-01,134900.0,12.79,16175.35,0.0,8355.69,10464.44,148966.6,2025-07-27,PAY-202507-0172
4124,172,2025-08-01,134900.0,9.04,11432.77,0.0,12243.21,7006.35,151569.63,2025-08-27,PAY-202508-0172
4125,172,2025-09-01,134900.0,9.54,12065.12,0.0,31.69,7850.37,139146.44,2025-09-30,PAY-202509-0172
4126,172,2025-10-01,134900.0,2.52,3187.01,0.0,6509.56,8754.99,135841.58,2025-10-26,PAY-202510-0172
4127,172,2025-11-01,134900.0,3.6,4552.88,0.0,9470.69,18520.62,130402.95,2025-11-30,PAY-202511-0172
4128,172,2025-12-01,134900.0,16.99,21487.04,0.0,10151.03,19281.6,147256.47,2025-12-26,PAY-202512-0172
4129,173,2024-01-01,218100.0,4.32,8833.05,7926.4,4432.08,21471.35,217820.18,2024-01-26,PAY-202401-0173
4130,173,2024-02-01,218100.0,16.28,33287.51,0.0,13759.04,17574.53,247572.02,2024-03-01,PAY-202402-0173
4131,173,2024-03-01,218100.0,6.78,13862.98,0.0,4789.87,17822.24,218930.61,2024-03-26,PAY-202403-0173
4132,173,2024-04-01,218100.0,8.01,16377.95,0.0,11326.76,33195.24,212609.47,2024-04-28,PAY-202404-0173
4133,173,2024-05-01,218100.0,13.35,27296.58,0.0,11266.13,35181.25,221481.46,2024-05-31,PAY-202405-0173
4134,173,2024-06-01,218100.0,14.36,29361.71,0.0,4722.93,22491.96,229692.68,2024-06-30,PAY-202406-0173
4135,173,2024-07-01,218100.0,7.45,15232.92,0.0,10144.22,13673.9,229803.24,2024-07-26,PAY-202407-0173
4136,173,2024-08-01,218100.0,6.06,12390.81,0.0,11596.42,11384.21,230703.02,2024-08-29,PAY-202408-0173
4137,173,2024-09-01,218100.0,7.72,15784.99,0.0,52.62,34079.88,199857.73,2024-09-28,PAY-202409-0173
4138,173,2024-10-01,218100.0,9.69,19813.02,0.0,14287.45,27585.82,224614.65,2024-10-29,PAY-202410-0173
4139,173,2024-11-01,218100.0,12.46,25476.81,0.0,4971.11,36506.04,212041.88,2024-11-26,PAY-202411-0173
4140,173,2024-12-01,218100.0,8.02,16398.39,0.0,14586.66,29857.33,219227.72,2024-12-29,PAY-202412-0173
4141,173,2025-01-01,218100.0,11.09,22675.58,0.0,1107.39,36564.1,205318.87,2025-01-29,PAY-202501-0173
4142,173,2025-02-01,218100.0,16.19,33103.49,0.0,4486.36,13358.72,242331.13,2025-02-26,PAY-202502-0173
4143,173,2025-03-01,218100.0,9.91,20262.85,0.0,13377.14,37630.43,214109.56,2025-03-28,PAY-202503-0173
4144,173,2025-04-01,218100.0,9.56,19547.21,20645.73,4858.97,22212.84,240939.07,2025-04-30,PAY-202504-0173
4145,173,2025-05-01,218100.0,0.41,838.32,0.0,9279.21,12094.63,216122.9,2025-05-30,PAY-202505-0173
4146,173,2025-06-01,218100.0,0.0,0.0,32055.2,11403.13,23093.86,238464.47,2025-06-30,PAY-202506-0173
4147,173,2025-07-01,218100.0,9.94,20324.19,0.0,8309.42,21620.18,225113.43,2025-07-31,PAY-202507-0173
4148,173,2025-08-01,218100.0,7.53,15396.5,0.0,9327.45,15421.79,227402.16,2025-08-30,PAY-202508-0173
4149,173,2025-09-01,218100.0,5.43,11102.65,0.0,231.4,17541.87,211892.18,2025-09-29,PAY-202509-0173
4150,173,2025-10-01,218100.0,9.22,18852.02,0.0,7800.59,28917.07,215835.54,2025-10-26,PAY-202510-0173
4151,173,2025-11-01,218100.0,7.7,15744.09,0.0,14925.1,29629.66,219139.53,2025-11-29,PAY-202511-0173
4152,173,2025-12-01,218100.0,13.64,27889.54,0.0,1089.72,11773.59,235305.67,2025-12-30,PAY-202512-0173
4153,174,2024-01-01,131900.0,8.43,10424.22,0.0,5445.32,21065.23,126704.31,2024-01-30,PAY-202401-0174
4154,174,2024-02-01,131900.0,4.27,5280.12,0.0,5655.82,18481.53,124354.41,2024-02-27,PAY-202402-0174
4155,174,2024-03-01,131900.0,12.95,16013.48,0.0,14149.02,8870.42,153192.08,2024-03-31,PAY-202403-0174
4156,174,2024-04-01,131900.0,6.91,8544.65,0.0,5377.6,21157.43,124664.82,2024-05-01,PAY-202404-0174
4157,174,2024-05-01,131900.0,10.63,13144.66,0.0,8386.02,21558.87,131871.81,2024-05-29,PAY-202405-0174
4158,174,2024-06-01,131900.0,5.61,6937.12,39222.23,8299.44,6695.21,179663.58,2024-06-30,PAY-202406-0174
4159,174,2024-07-01,131900.0,4.75,5873.67,0.0,2088.0,7843.98,132017.69,2024-07-29,PAY-202407-0174
4160,174,2024-08-01,131900.0,8.42,10411.86,0.0,7657.45,23253.57,126715.74,2024-08-26,PAY-202408-0174
4161,174,2024-09-01,131900.0,8.06,9966.69,0.0,6853.77,18701.92,130018.54,2024-10-01,PAY-202409-0174
4162,174,2024-10-01,131900.0,10.4,12860.25,0.0,7324.17,13198.25,138886.17,2024-10-27,PAY-202410-0174
4163,174,2024-11-01,131900.0,6.66,8235.51,0.0,1448.58,18134.49,123449.6,2024-12-01,PAY-202411-0174
4164,174,2024-12-01,131900.0,0.0,0.0,0.0,4204.96,17029.84,119075.12,2024-12-30,PAY-202412-0174
4165,174,2025-01-01,131900.0,5.84,7221.52,0.0,2066.56,11160.75,130027.33,2025-01-27,PAY-202501-0174
4166,174,2025-02-01,131900.0,11.97,14801.65,0.0,14145.38,12326.68,148520.35,2025-03-02,PAY-202502-0174
4167,174,2025-03-01,131900.0,6.51,8050.02,6868.81,10606.99,23668.32,133757.5,2025-03-28,PAY-202503-0174
4168,174,2025-04-01,131900.0,6.77,8371.53,0.0,5496.62,22305.9,123462.25,2025-04-26,PAY-202504-0174
4169,174,2025-05-01,131900.0,12.93,15988.75,0.0,5199.17,11630.19,141457.73,2025-05-29,PAY-202505-0174
4170,174,2025-06-01,131900.0,4.44,5490.34,0.0,680.57,14055.96,124014.95,2025-06-30,PAY-202506-0174
4171,174,2025-07-01,131900.0,0.29,358.6,0.0,12673.83,9021.92,135910.51,2025-07-28,PAY-202507-0174
4172,174,2025-08-01,131900.0,7.2,8903.25,0.0,0.91,16446.34,124357.82,2025-08-31,PAY-202508-0174
4173,174,2025-09-01,131900.0,5.58,6900.02,27124.14,3293.36,18668.66,150548.86,2025-09-28,PAY-202509-0174
4174,174,2025-10-01,131900.0,3.17,3919.9,0.0,14259.59,14471.61,135607.88,2025-10-27,PAY-202510-0174
4175,174,2025-11-01,131900.0,7.12,8804.33,0.0,4176.69,21418.87,123462.15,2025-11-27,PAY-202511-0174
4176,174,2025-12-01,131900.0,10.46,12934.44,0.0,13793.14,17072.27,141555.31,2025-12-31,PAY-202512-0174
4177,175,2024-01-01,178700.0,7.95,13318.73,0.0,4199.98,10291.94,185926.77,2024-01-29,PAY-202401-0175
4178,175,2024-02-01,178700.0,9.53,15965.73,0.0,14179.8,27910.71,180934.82,2024-02-27,PAY-202402-0175
4179,175,2024-03-01,178700.0,17.07,28597.58,0.0,3927.26,19449.91,191774.93,2024-03-26,PAY-202403-0175
4180,175,2024-04-01,178700.0,6.29,10537.72,0.0,6295.28,17983.15,177549.85,2024-04-30,PAY-202404-0175
4181,175,2024-05-01,178700.0,9.39,15731.18,0.0,11922.62,17603.45,188750.35,2024-05-29,PAY-202405-0175
4182,175,2024-06-01,178700.0,5.45,9130.45,32520.54,14144.57,23837.23,210658.33,2024-06-26,PAY-202406-0175
4183,175,2024-07-01,178700.0,3.77,6315.93,25102.63,14620.87,23115.63,201623.8,2024-07-29,PAY-202407-0175
4184,175,2024-08-01,178700.0,5.08,8510.59,0.0,1638.11,27898.04,160950.66,2024-08-26,PAY-202408-0175
4185,175,2024-09-01,178700.0,5.61,9398.5,0.0,6411.06,26300.91,168208.65,2024-09-26,PAY-202409-0175
4186,175,2024-10-01,178700.0,9.8,16418.06,0.0,3411.19,27913.34,170615.91,2024-10-29,PAY-202410-0175
4187,175,2024-11-01,178700.0,19.75,33087.42,24932.92,2994.14,9697.63,230016.85,2024-11-26,PAY-202411-0175
4188,175,2024-12-01,178700.0,4.42,7404.88,0.0,8904.73,24743.36,170266.25,2024-12-26,PAY-202412-0175
4189,175,2025-01-01,178700.0,5.92,9917.85,0.0,3846.39,25212.06,167252.18,2025-01-31,PAY-202501-0175
4190,175,2025-02-01,178700.0,7.68,12866.4,22646.3,11778.11,21985.58,204005.23,2025-02-28,PAY-202502-0175
4191,175,2025-03-01,178700.0,9.98,16719.62,0.0,3405.05,23938.97,174885.7,2025-03-30,PAY-202503-0175
4192,175,2025-04-01,178700.0,9.32,15613.91,0.0,6198.07,21835.94,178676.04,2025-04-27,PAY-202504-0175
4193,175,2025-05-01,178700.0,14.42,24158.01,0.0,6181.88,11989.99,197049.9,2025-05-28,PAY-202505-0175
4194,175,2025-06-01,178700.0,0.0,0.0,0.0,7083.26,11619.74,174163.52,2025-07-01,PAY-202506-0175
4195,175,2025-07-01,178700.0,0.0,0.0,26854.18,10814.26,30439.83,185928.61,2025-07-29,PAY-202507-0175
4196,175,2025-08-01,178700.0,5.52,9247.72,0.0,4662.82,21443.03,171167.51,2025-08-27,PAY-202508-0175
4197,175,2025-09-01,178700.0,13.49,22599.97,0.0,10880.29,10577.97,201602.29,2025-09-28,PAY-202509-0175
4198,175,2025-10-01,178700.0,0.17,284.8,0.0,2305.94,26931.67,154359.07,2025-10-31,PAY-202510-0175
4199,175,2025-11-01,178700.0,0.0,0.0,0.0,3326.69,13190.36,168836.33,2025-11-29,PAY-202511-0175
4200,175,2025-12-01,178700.0,10.86,18193.89,0.0,3200.04,29416.58,170677.35,2025-12-31,PAY-202512-0175
4201,176,2024-01-01,104900.0,9.22,9067.29,0.0,3840.5,15662.86,102144.93,2024-01-27,PAY-202401-0176
4202,176,2024-02-01,104900.0,2.55,2507.77,0.0,13775.94,10981.77,110201.94,2024-02-26,PAY-202402-0176
4203,176,2024-03-01,104900.0,3.07,3019.15,0.0,4095.13,12686.3,99327.98,2024-03-26,PAY-202403-0176
4204,176,2024-04-01,104900.0,3.15,3097.83,0.0,6717.07,13267.46,101447.44,2024-04-27,PAY-202404-0176
4205,176,2024-05-01,104900.0,8.55,8408.39,0.0,14946.84,17395.51,110859.72,2024-05-30,PAY-202405-0176
4206,176,2024-06-01,104900.0,4.87,4789.34,0.0,8207.44,18441.16,99455.62,2024-06-28,PAY-202406-0176
4207,176,2024-07-01,104900.0,10.47,10296.59,0.0,5739.38,18628.31,102307.66,2024-07-31,PAY-202407-0176
4208,176,2024-08-01,104900.0,0.0,0.0,0.0,4468.73,17722.92,91645.81,2024-08-30,PAY-202408-0176
4209,176,2024-09-01,104900.0,3.72,3658.39,16689.74,6682.74,11304.38,120626.49,2024-09-28,PAY-202409-0176
4210,176,2024-10-01,104900.0,2.37,2330.75,0.0,5902.1,11367.82,101765.03,2024-10-28,PAY-202410-0176
4211,176,2024-11-01,104900.0,6.72,6608.7,0.0,5463.33,10659.79,106312.24,2024-11-27,PAY-202411-0176
4212,176,2024-12-01,104900.0,5.31,5222.05,0.0,10937.8,5377.73,115682.12,2024-12-26,PAY-202412-0176
4213,176,2025-01-01,104900.0,11.99,11791.42,0.0,4999.6,15686.3,106004.72,2025-01-26,PAY-202501-0176
4214,176,2025-02-01,104900.0,0.0,0.0,27013.04,4642.1,5620.79,130934.35,2025-03-02,PAY-202502-0176
4215,176,2025-03-01,104900.0,8.23,8093.69,13174.99,14265.63,18838.11,121596.2,2025-03-29,PAY-202503-0176
4216,176,2025-04-01,104900.0,10.79,10611.29,0.0,14121.06,6537.17,123095.18,2025-05-01,PAY-202504-0176
4217,176,2025-05-01,104900.0,17.28,16993.8,16498.69,4423.98,18096.91,124719.56,2025-05-31,PAY-202505-0176
4218,176,2025-06-01,104900.0,5.59,5497.42,0.0,10301.06,7660.76,113037.72,2025-07-01,PAY-202506-0176
4219,176,2025-07-01,104900.0,9.62,9460.67,30098.04,5564.24,8433.44,141589.51,2025-07-28,PAY-202507-0176
4220,176,2025-08-01,104900.0,0.0,0.0,0.0,1247.37,7660.47,98486.9,2025-08-26,PAY-202508-0176
4221,176,2025-09-01,104900.0,0.0,0.0,0.0,10002.92,7730.22,107172.7,2025-09-28,PAY-202509-0176
4222,176,2025-10-01,104900.0,12.22,12017.61,0.0,13501.47,10118.11,120300.97,2025-10-26,PAY-202510-0176
4223,176,2025-11-01,104900.0,7.97,7838.0,35097.61,11393.2,14785.94,144442.87,2025-11-26,PAY-202511-0176
4224,176,2025-12-01,104900.0,13.89,13659.95,8884.78,3218.98,15056.47,115607.24,2025-12-27,PAY-202512-0176
4225,177,2024-01-01,90500.0,1.13,958.73,0.0,5205.37,13912.85,82751.25,2024-01-31,PAY-202401-0177
4226,177,2024-02-01,90500.0,10.6,8993.44,0.0,3894.45,11980.67,91407.22,2024-03-01,PAY-202402-0177
4227,177,2024-03-01,90500.0,17.34,14711.91,0.0,6570.93,5040.61,106742.23,2024-03-29,PAY-202403-0177
4228,177,2024-04-01,90500.0,10.1,8569.22,20502.98,2868.94,6044.27,116396.87,2024-04-30,PAY-202404-0177
4229,177,2024-05-01,90500.0,9.38,7958.34,0.0,13961.25,12858.11,99561.48,2024-05-30,PAY-202405-0177
4230,177,2024-06-01,90500.0,8.04,6821.44,0.0,9658.7,15271.8,91708.34,2024-07-01,PAY-202406-0177
4231,177,2024-07-01,90500.0,0.15,127.27,0.0,986.44,4639.39,86974.32,2024-07-29,PAY-202407-0177
4232,177,2024-08-01,90500.0,14.78,12539.91,0.0,10163.08,7068.97,106134.02,2024-08-28,PAY-202408-0177
4233,177,2024-09-01,90500.0,4.95,4199.77,0.0,183.07,12643.2,82239.64,2024-09-30,PAY-202409-0177
4234,177,2024-10-01,90500.0,10.52,8925.56,14710.2,1890.85,4894.81,111131.8,2024-10-27,PAY-202410-0177
4235,177,2024-11-01,90500.0,0.18,152.72,0.0,7597.23,12745.55,85504.4,2024-11-28,PAY-202411-0177
4236,177,2024-12-01,90500.0,2.1,1781.72,23996.64,9402.91,15229.47,110451.8,2024-12-27,PAY-202412-0177
4237,177,2025-01-01,90500.0,15.18,12879.28,0.0,5052.16,11764.87,96666.57,2025-01-27,PAY-202501-0177
4238,177,2025-02-01,90500.0,6.26,5311.22,0.0,5387.61,13465.99,87732.84,2025-02-27,PAY-202502-0177
4239,177,2025-03-01,90500.0,15.27,12955.64,0.0,10290.37,8530.6,105215.41,2025-03-26,PAY-202503-0177
4240,177,2025-04-01,90500.0,7.61,6456.61,0.0,1059.93,5222.96,92793.58,2025-04-29,PAY-202504-0177
4241,177,2025-05-01,90500.0,0.0,0.0,0.0,8664.14,12103.13,87061.01,2025-05-29,PAY-202505-0177
4242,177,2025-06-01,90500.0,12.46,10571.53,0.0,14143.57,15217.42,99997.68,2025-06-30,PAY-202506-0177
4243,177,2025-07-01,90500.0,5.05,4284.61,24135.74,10756.93,10142.8,119534.48,2025-07-26,PAY-202507-0177
4244,177,2025-08-01,90500.0,11.49,9748.55,0.0,13431.58,16244.3,97435.83,2025-08-30,PAY-202508-0177
4245,177,2025-09-01,90500.0,8.13,6897.8,0.0,10203.27,12956.46,94644.61,2025-09-27,PAY-202509-0177
4246,177,2025-10-01,90500.0,0.28,237.56,0.0,8554.14,7924.8,91366.9,2025-10-30,PAY-202510-0177
4247,177,2025-11-01,90500.0,8.82,7483.22,0.0,14798.26,14665.11,98116.37,2025-11-26,PAY-202511-0177
4248,177,2025-12-01,90500.0,18.98,16103.34,22177.18,5654.65,14502.5,119932.67,2025-12-27,PAY-202512-0177
4249,178,2024-01-01,94400.0,10.46,9257.1,0.0,120.75,6691.87,97085.98,2024-01-28,PAY-202401-0178
4250,178,2024-02-01,94400.0,7.71,6823.35,0.0,1093.18,7328.0,94988.53,2024-02-29,PAY-202402-0178
4251,178,2024-03-01,94400.0,13.38,11841.3,0.0,1950.12,9520.35,98671.07,2024-03-28,PAY-202403-0178
4252,178,2024-04-01,94400.0,9.05,8009.25,23803.36,2756.55,5470.41,123498.75,2024-04-27,PAY-202404-0178
4253,178,2024-05-01,94400.0,9.05,8009.25,195201.43,8590.23,14281.1,291919.81,2024-05-27,PAY-202405-0178
4254,178,2024-06-01,94400.0,2.54,2247.9,0.0,4615.73,15224.97,86038.66,2024-06-26,PAY-202406-0178
4255,178,2024-07-01,94400.0,9.17,8115.45,32560.92,8569.77,12612.75,131033.39,2024-07-29,PAY-202407-0178
4256,178,2024-08-01,94400.0,13.18,11664.3,0.0,695.92,7717.87,99042.35,2024-08-31,PAY-202408-0178
4257,178,2024-09-01,94400.0,3.82,3380.7,0.0,8115.21,15930.77,89965.14,2024-09-30,PAY-202409-0178
4258,178,2024-10-01,94400.0,15.12,13381.2,0.0,209.17,15597.88,92392.49,2024-10-26,PAY-202410-0178
4259,178,2024-11-01,94400.0,7.54,6672.9,18740.37,3299.16,6389.99,116722.44,2024-11-26,PAY-202411-0178
4260,178,2024-12-01,94400.0,3.56,3150.6,0.0,10175.07,16472.74,91252.93,2024-12-29,PAY-202412-0178
4261,178,2025-01-01,94400.0,12.99,11496.15,0.0,13146.86,11623.89,107419.12,2025-01-30,PAY-202501-0178
4262,178,2025-02-01,94400.0,6.57,5814.45,0.0,12858.15,15282.56,97790.04,2025-02-26,PAY-202502-0178
4263,178,2025-03-01,94400.0,11.8,10443.0,0.0,11054.2,14182.52,101714.68,2025-03-28,PAY-202503-0178
4264,178,2025-04-01,94400.0,6.54,5787.9,0.0,696.39,16418.3,84465.99,2025-04-27,PAY-202504-0178
4265,178,2025-05-01,94400.0,7.7,6814.5,0.0,12061.6,6918.91,106357.19,2025-05-26,PAY-202505-0178
4266,178,2025-06-01,94400.0,10.47,9265.95,0.0,2121.98,9261.18,96526.75,2025-06-30,PAY-202506-0178
4267,178,2025-07-01,94400.0,9.45,8363.25,0.0,3837.52,16787.1,89813.67,2025-07-26,PAY-202507-0178
4268,178,2025-08-01,94400.0,0.0,0.0,0.0,1891.24,15854.76,80436.48,2025-08-26,PAY-202508-0178
4269,178,2025-09-01,94400.0,2.39,2115.15,17048.83,2431.54,13478.46,102517.06,2025-09-30,PAY-202509-0178
4270,178,2025-10-01,94400.0,12.65,11195.25,11616.58,10506.36,6784.75,120933.44,2025-10-31,PAY-202510-0178
4271,178,2025-11-01,94400.0,7.34,6495.9,0.0,10883.36,6817.49,104961.77,2025-11-28,PAY-202511-0178
4272,178,2025-12-01,94400.0,5.38,4761.3,0.0,7866.49,6247.78,100780.01,2025-12-30,PAY-202512-0178
4273,179,2024-01-01,53400.0,1.21,605.76,0.0,10841.84,7434.96,57412.64,2024-01-30,PAY-202401-0179
4274,179,2024-02-01,53400.0,2.6,1301.62,8724.56,1680.97,5700.39,59406.76,2024-03-01,PAY-202402-0179
4275,179,2024-03-01,53400.0,0.0,0.0,0.0,8253.57,3236.14,58417.43,2024-03-30,PAY-202403-0179
4276,179,2024-04-01,53400.0,7.49,3749.68,0.0,8534.63,5889.35,59794.96,2024-04-29,PAY-202404-0179
4277,179,2024-05-01,53400.0,5.01,2508.13,0.0,10360.98,5319.9,60949.21,2024-05-30,PAY-202405-0179
4278,179,2024-06-01,53400.0,3.17,1586.98,6762.04,14886.23,5027.98,71607.27,2024-06-27,PAY-202406-0179
4279,179,2024-07-01,53400.0,7.66,3834.79,0.0,11483.82,7524.99,61193.62,2024-07-27,PAY-202407-0179
4280,179,2024-08-01,53400.0,9.82,4916.14,39268.13,9129.85,3743.05,102971.07,2024-08-30,PAY-202408-0179
4281,179,2024-09-01,53400.0,18.47,9246.54,0.0,2585.67,6203.93,59028.28,2024-09-28,PAY-202409-0179
4282,179,2024-10-01,53400.0,0.44,220.28,0.0,4664.88,3040.84,55244.32,2024-10-26,PAY-202410-0179
4283,179,2024-11-01,53400.0,13.8,6908.62,0.0,2071.53,7684.78,54695.37,2024-11-29,PAY-202411-0179
4284,179,2024-12-01,53400.0,12.87,6443.04,0.0,809.62,6496.43,54156.23,2024-12-30,PAY-202412-0179
4285,179,2025-01-01,53400.0,4.1,2052.56,0.0,1911.91,9102.6,48261.87,2025-01-27,PAY-202501-0179
4286,179,2025-02-01,53400.0,9.02,4515.64,0.0,14182.72,3080.69,69017.67,2025-02-26,PAY-202502-0179
4287,179,2025-03-01,53400.0,5.71,2858.57,0.0,7309.12,4605.16,58962.53,2025-03-27,PAY-202503-0179
4288,179,2025-04-01,53400.0,8.93,4470.58,0.0,13868.32,8641.89,63097.01,2025-05-01,PAY-202504-0179
4289,179,2025-05-01,53400.0,15.55,7784.72,19751.11,14302.29,5168.44,90069.68,2025-05-30,PAY-202505-0179
4290,179,2025-06-01,53400.0,11.03,5521.89,0.0,10516.51,7342.84,62095.56,2025-07-01,PAY-202506-0179
4291,179,2025-07-01,53400.0,10.54,5276.59,0.0,195.69,2920.72,55951.56,2025-07-27,PAY-202507-0179
4292,179,2025-08-01,53400.0,5.85,2928.66,0.0,4154.97,7629.32,52854.31,2025-08-27,PAY-202508-0179
4293,179,2025-09-01,53400.0,0.58,290.36,0.0,1968.01,7646.99,48011.38,2025-09-29,PAY-202509-0179
4294,179,2025-10-01,53400.0,6.96,3484.35,0.0,13955.51,7497.83,63342.03,2025-10-26,PAY-202510-0179
4295,179,2025-11-01,53400.0,14.03,7023.77,0.0,10767.78,2957.6,68233.95,2025-11-27,PAY-202511-0179
4296,179,2025-12-01,53400.0,0.36,180.22,0.0,6268.93,8822.94,51026.21,2025-12-29,PAY-202512-0179
4297,180,2024-01-01,198000.0,2.72,5049.0,0.0,2955.62,27459.36,178545.26,2024-01-26,PAY-202401-0180
4298,180,2024-02-01,198000.0,8.63,16019.44,0.0,11895.71,15841.03,210074.12,2024-02-29,PAY-202402-0180
4299,180,2024-03-01,198000.0,3.08,5717.25,0.0,5337.88,33145.62,175909.51,2024-03-26,PAY-202403-0180
4300,180,2024-04-01,198000.0,4.04,7499.25,0.0,3363.67,29665.88,179197.04,2024-05-01,PAY-202404-0180
4301,180,2024-05-01,198000.0,5.88,10914.75,10666.47,8973.22,20600.39,207954.05,2024-05-31,PAY-202405-0180
4302,180,2024-06-01,198000.0,1.17,2171.81,0.0,1110.41,17584.37,183697.85,2024-06-30,PAY-202406-0180
4303,180,2024-07-01,198000.0,3.13,5810.06,38071.16,8730.6,34501.95,216109.87,2024-07-27,PAY-202407-0180
4304,180,2024-08-01,198000.0,11.52,21384.0,32480.54,3955.06,31576.86,224242.74,2024-08-31,PAY-202408-0180
4305,180,2024-09-01,198000.0,1.46,2710.12,0.0,4138.59,25861.08,178987.63,2024-09-29,PAY-202409-0180
4306,180,2024-10-01,198000.0,0.01,18.56,0.0,8512.34,30529.54,176001.36,2024-10-27,PAY-202410-0180
4307,180,2024-11-01,198000.0,4.85,9002.81,0.0,6296.99,10260.16,203039.64,2024-11-26,PAY-202411-0180
4308,180,2024-12-01,198000.0,11.66,21643.88,0.0,8357.7,19387.11,208614.47,2024-12-29,PAY-202412-0180
4309,180,2025-01-01,198000.0,7.02,13030.88,0.0,13611.17,21753.39,202888.66,2025-01-26,PAY-202501-0180
4310,180,2025-02-01,198000.0,5.68,10543.5,0.0,10506.39,33834.64,185215.25,2025-02-26,PAY-202502-0180
4311,180,2025-03-01,198000.0,8.22,15258.38,0.0,12062.73,19219.19,206101.92,2025-03-26,PAY-202503-0180
4312,180,2025-04-01,198000.0,0.0,0.0,0.0,4304.1,29541.35,172762.75,2025-04-28,PAY-202504-0180
4313,180,2025-05-01,198000.0,10.47,19434.94,0.0,542.67,34747.14,183230.47,2025-05-29,PAY-202505-0180
4314,180,2025-06-01,198000.0,9.92,18414.0,0.0,10272.87,25463.93,201222.94,2025-06-27,PAY-202506-0180
4315,180,2025-07-01,198000.0,5.95,11044.69,0.0,8513.29,18749.15,198808.83,2025-07-28,PAY-202507-0180
4316,180,2025-08-01,198000.0,13.03,24186.94,0.0,5653.93,21576.06,206264.81,2025-08-27,PAY-202508-0180
4317,180,2025-09-01,198000.0,2.36,4380.75,0.0,5780.11,21067.04,187093.82,2025-09-26,PAY-202509-0180
4318,180,2025-10-01,198000.0,13.64,25319.25,38903.01,3835.9,30127.28,235930.88,2025-10-31,PAY-202510-0180
4319,180,2025-11-01,198000.0,8.77,16279.31,0.0,12431.23,18742.27,207968.27,2025-12-01,PAY-202511-0180
4320,180,2025-12-01,198000.0,6.32,11731.5,0.0,4808.42,27236.05,187303.87,2025-12-26,PAY-202512-0180
4321,181,2024-01-01,140500.0,7.9,10405.78,0.0,12752.26,18645.78,145012.26,2024-01-26,PAY-202401-0181
4322,181,2024-02-01,140500.0,7.46,9826.22,0.0,7394.88,25040.29,132680.81,2024-03-02,PAY-202402-0181
4323,181,2024-03-01,140500.0,14.1,18572.34,0.0,11098.58,24017.02,146153.9,2024-03-27,PAY-202403-0181
4324,181,2024-04-01,140500.0,2.62,3451.03,0.0,10865.32,23599.39,131216.96,2024-05-01,PAY-202404-0181
4325,181,2024-05-01,140500.0,4.19,5519.02,26027.48,10240.47,11840.93,170446.04,2024-05-27,PAY-202405-0181
4326,181,2024-06-01,140500.0,13.18,17360.53,0.0,12074.97,23232.66,146702.84,2024-07-01,PAY-202406-0181
4327,181,2024-07-01,140500.0,5.02,6612.28,0.0,14839.86,24326.24,137625.9,2024-07-27,PAY-202407-0181
4328,181,2024-08-01,140500.0,12.5,16464.84,0.0,10000.66,13685.71,153279.79,2024-08-27,PAY-202408-0181
4329,181,2024-09-01,140500.0,16.5,21733.59,0.0,3911.13,10720.14,155424.58,2024-09-26,PAY-202409-0181
4330,181,2024-10-01,140500.0,5.99,7889.95,0.0,3613.28,8462.19,143541.04,2024-10-28,PAY-202410-0181
4331,181,2024-11-01,140500.0,11.41,15029.11,0.0,7935.03,14434.52,149029.62,2024-11-28,PAY-202411-0181
4332,181,2024-12-01,140500.0,2.23,2937.33,0.0,4006.14,22798.05,124645.42,2024-12-31,PAY-202412-0181
4333,181,2025-01-01,140500.0,11.77,15503.3,0.0,10347.43,19356.42,146994.31,2025-01-29,PAY-202501-0181
4334,181,2025-02-01,140500.0,9.0,11854.69,0.0,6802.97,17743.39,141414.27,2025-03-03,PAY-202502-0181
4335,181,2025-03-01,140500.0,10.37,13659.23,0.0,4023.77,21127.2,137055.8,2025-03-31,PAY-202503-0181
4336,181,2025-04-01,140500.0,4.77,6282.98,0.0,2990.52,24688.25,125085.25,2025-04-29,PAY-202504-0181
4337,181,2025-05-01,140500.0,0.0,0.0,0.0,7082.82,22682.6,124900.22,2025-05-29,PAY-202505-0181
4338,181,2025-06-01,140500.0,10.52,13856.81,0.0,10922.0,21215.46,144063.35,2025-06-29,PAY-202506-0181
4339,181,2025-07-01,140500.0,0.0,0.0,0.0,953.73,10835.48,130618.25,2025-07-28,PAY-202507-0181
4340,181,2025-08-01,140500.0,6.41,8443.17,0.0,2656.25,12240.58,139358.84,2025-08-26,PAY-202508-0181
4341,181,2025-09-01,140500.0,12.71,16741.45,0.0,13623.88,17485.12,153380.21,2025-09-30,PAY-202509-0181
4342,181,2025-10-01,140500.0,8.96,11802.0,0.0,4595.24,8623.89,148273.35,2025-10-28,PAY-202510-0181
4343,181,2025-11-01,140500.0,17.74,23366.91,0.0,5986.51,9629.5,160223.92,2025-11-28,PAY-202511-0181
4344,181,2025-12-01,140500.0,13.13,17294.67,0.0,5956.12,22445.03,141305.76,2025-12-27,PAY-202512-0181
4345,182,2024-01-01,82600.0,4.73,3662.79,37292.33,203.19,13473.3,110285.01,2024-01-28,PAY-202401-0182
4346,182,2024-02-01,82600.0,8.14,6303.41,0.0,5519.14,11833.49,82589.06,2024-02-26,PAY-202402-0182
4347,182,2024-03-01,82600.0,7.76,6009.15,0.0,5772.09,14149.9,80231.34,2024-03-28,PAY-202403-0182
4348,182,2024-04-01,82600.0,0.09,69.69,28369.42,3971.58,9976.43,105034.26,2024-04-27,PAY-202404-0182
4349,182,2024-05-01,82600.0,3.3,2555.44,0.0,13458.91,14234.01,84380.34,2024-05-26,PAY-202405-0182
4350,182,2024-06-01,82600.0,5.2,4026.75,0.0,4751.02,7447.47,83930.3,2024-07-01,PAY-202406-0182
4351,182,2024-07-01,82600.0,0.0,0.0,0.0,6792.08,8561.03,80831.05,2024-07-31,PAY-202407-0182
4352,182,2024-08-01,82600.0,8.24,6380.85,0.0,3390.08,14449.76,77921.17,2024-08-31,PAY-202408-0182
4353,182,2024-09-01,82600.0,6.75,5227.03,0.0,449.82,11062.63,77214.22,2024-10-01,PAY-202409-0182
4354,182,2024-10-01,82600.0,0.0,0.0,0.0,14102.2,12956.12,83746.08,2024-10-27,PAY-202410-0182
4355,182,2024-11-01,82600.0,10.02,7759.24,0.0,1803.71,8085.45,84077.5,2024-11-30,PAY-202411-0182
4356,182,2024-12-01,82600.0,11.58,8967.26,0.0,13742.25,10110.87,95198.64,2024-12-28,PAY-202412-0182
4357,182,2025-01-01,82600.0,9.14,7077.79,0.0,5441.22,14540.07,80578.94,2025-01-28,PAY-202501-0182
4358,182,2025-02-01,82600.0,6.38,4940.51,0.0,2643.27,13678.02,76505.76,2025-03-02,PAY-202502-0182
4359,182,2025-03-01,82600.0,10.96,8487.15,0.0,3896.42,13194.39,81789.18,2025-03-31,PAY-202503-0182
4360,182,2025-04-01,82600.0,11.4,8827.88,0.0,7470.83,5337.26,93561.45,2025-04-27,PAY-202504-0182
4361,182,2025-05-01,82600.0,9.54,7387.54,0.0,2454.01,11089.35,81352.2,2025-05-31,PAY-202505-0182
4362,182,2025-06-01,82600.0,3.88,3004.57,23516.29,11949.49,13529.1,107541.25,2025-06-27,PAY-202506-0182
4363,182,2025-07-01,82600.0,9.38,7263.64,0.0,6670.64,8993.95,87540.33,2025-07-30,PAY-202507-0182
4364,182,2025-08-01,82600.0,13.98,10825.76,0.0,10229.53,8497.55,95157.74,2025-08-27,PAY-202508-0182
4365,182,2025-09-01,82600.0,5.02,3887.36,0.0,1672.13,13912.61,74246.88,2025-10-01,PAY-202509-0182
4366,182,2025-10-01,82600.0,18.49,14318.19,0.0,13875.01,10887.42,99905.78,2025-10-28,PAY-202510-0182
4367,182,2025-11-01,82600.0,5.37,4158.39,0.0,12205.07,14142.42,84821.04,2025-11-26,PAY-202511-0182
4368,182,2025-12-01,82600.0,8.16,6318.9,37761.78,4882.25,9704.57,121858.36,2025-12-26,PAY-202512-0182
4369,183,2024-01-01,160000.0,4.64,6960.0,37227.12,7257.67,22194.3,189250.49,2024-01-31,PAY-202401-0183
4370,183,2024-02-01,160000.0,9.12,13680.0,0.0,4637.83,14651.6,163666.23,2024-03-02,PAY-202402-0183
4371,183,2024-03-01,160000.0,0.0,0.0,0.0,2923.01,16848.79,146074.22,2024-03-30,PAY-202403-0183
4372,183,2024-04-01,160000.0,5.27,7905.0,0.0,14514.89,22399.83,160020.06,2024-04-26,PAY-202404-0183
4373,183,2024-05-01,160000.0,2.54,3810.0,0.0,3264.25,16278.32,150795.93,2024-05-31,PAY-202405-0183
4374,183,2024-06-01,160000.0,8.68,13020.0,0.0,7415.66,11421.15,169014.51,2024-06-26,PAY-202406-0183
4375,183,2024-07-01,160000.0,12.97,19455.0,0.0,2971.73,20946.63,161480.1,2024-07-28,PAY-202407-0183
4376,183,2024-08-01,160000.0,11.23,16845.0,0.0,7771.46,16127.92,168488.54,2024-08-31,PAY-202408-0183
4377,183,2024-09-01,160000.0,0.0,0.0,27570.64,8634.2,21128.29,175076.55,2024-09-29,PAY-202409-0183
4378,183,2024-10-01,160000.0,18.21,27315.0,0.0,5159.54,22958.04,169516.5,2024-10-30,PAY-202410-0183
4379,183,2024-11-01,160000.0,9.48,14220.0,0.0,13398.77,21712.9,165905.87,2024-11-27,PAY-202411-0183
4380,183,2024-12-01,160000.0,4.12,6180.0,0.0,2225.38,11136.15,157269.23,2024-12-31,PAY-202412-0183
4381,183,2025-01-01,160000.0,8.79,13185.0,0.0,6640.41,22545.66,157279.75,2025-01-27,PAY-202501-0183
4382,183,2025-02-01,160000.0,8.88,13320.0,0.0,9050.85,11625.57,170745.28,2025-02-28,PAY-202502-0183
4383,183,2025-03-01,160000.0,4.67,7005.0,0.0,7105.22,22424.65,151685.57,2025-03-27,PAY-202503-0183
4384,183,2025-04-01,160000.0,8.99,13485.0,0.0,3382.53,12714.05,164153.48,2025-04-29,PAY-202504-0183
4385,183,2025-05-01,160000.0,4.96,7440.0,17250.28,521.38,16259.6,168952.06,2025-05-26,PAY-202505-0183
4386,183,2025-06-01,160000.0,5.98,8970.0,0.0,6886.72,18638.17,157218.55,2025-06-29,PAY-202506-0183
4387,183,2025-07-01,160000.0,4.57,6855.0,0.0,11818.68,10512.5,168161.18,2025-07-30,PAY-202507-0183
4388,183,2025-08-01,160000.0,0.84,1260.0,0.0,12446.47,12157.99,161548.48,2025-08-26,PAY-202508-0183
4389,183,2025-09-01,160000.0,8.73,13095.0,22198.73,2339.56,10075.35,187557.94,2025-10-01,PAY-202509-0183
4390,183,2025-10-01,160000.0,10.93,16395.0,0.0,12354.4,19515.34,169234.06,2025-10-30,PAY-202510-0183
4391,183,2025-11-01,160000.0,10.57,15855.0,0.0,9481.8,11804.01,173532.79,2025-11-26,PAY-202511-0183
4392,183,2025-12-01,160000.0,12.1,18150.0,0.0,7394.93,24510.12,161034.81,2025-12-31,PAY-202512-0183
4393,184,2024-01-01,126500.0,9.62,11408.72,0.0,10611.77,10635.87,137884.62,2024-01-28,PAY-202401-0184
4394,184,2024-02-01,126500.0,5.34,6332.91,0.0,7177.15,11658.31,128351.75,2024-02-28,PAY-202402-0184
4395,184,2024-03-01,126500.0,12.2,14468.44,0.0,3147.3,22274.42,121841.32,2024-03-27,PAY-202403-0184
4396,184,2024-04-01,126500.0,1.21,1434.98,0.0,14737.07,8654.18,134017.87,2024-04-27,PAY-202404-0184
4397,184,2024-05-01,126500.0,3.5,4150.78,0.0,7625.37,16763.31,121512.84,2024-05-30,PAY-202405-0184
4398,184,2024-06-01,126500.0,3.18,3771.28,0.0,14957.07,12016.72,133211.63,2024-07-01,PAY-202406-0184
4399,184,2024-07-01,126500.0,13.4,15891.56,0.0,8491.1,18121.9,132760.76,2024-07-31,PAY-202407-0184
4400,184,2024-08-01,126500.0,12.71,15073.27,0.0,9470.03,9353.06,141690.24,2024-08-31,PAY-202408-0184
4401,184,2024-09-01,126500.0,10.44,12381.19,0.0,6075.41,12525.21,132431.39,2024-09-30,PAY-202409-0184
4402,184,2024-10-01,126500.0,13.36,15844.12,0.0,5063.01,12435.81,134971.32,2024-10-26,PAY-202410-0184
4403,184,2024-11-01,126500.0,3.6,4269.38,0.0,3633.65,21077.63,113325.4,2024-12-01,PAY-202411-0184
4404,184,2024-12-01,126500.0,9.74,11551.03,0.0,11981.07,7421.37,142610.73,2024-12-31,PAY-202412-0184
4405,184,2025-01-01,126500.0,7.37,8740.36,6939.77,5952.3,19365.6,128766.83,2025-01-28,PAY-202501-0184
4406,184,2025-02-01,126500.0,12.23,14504.02,13271.02,7283.5,11509.37,150049.17,2025-03-02,PAY-202502-0184
4407,184,2025-03-01,126500.0,7.42,8799.66,0.0,11582.55,17066.89,129815.32,2025-03-28,PAY-202503-0184
4408,184,2025-04-01,126500.0,6.08,7210.5,0.0,13327.18,7504.72,139532.96,2025-04-29,PAY-202504-0184
4409,184,2025-05-01,126500.0,10.7,12689.53,0.0,9916.48,14690.87,134415.14,2025-05-28,PAY-202505-0184
4410,184,2025-06-01,126500.0,12.38,14681.91,0.0,3438.58,19944.29,124676.2,2025-06-29,PAY-202506-0184
4411,184,2025-07-01,126500.0,4.66,5526.47,0.0,5791.74,11485.95,126332.26,2025-07-28,PAY-202507-0184
4412,184,2025-08-01,126500.0,7.69,9119.86,0.0,675.49,11561.42,124733.93,2025-08-30,PAY-202508-0184
4413,184,2025-09-01,126500.0,2.71,3213.89,11099.8,9393.14,7431.63,142775.2,2025-09-26,PAY-202509-0184
4414,184,2025-10-01,126500.0,0.0,0.0,0.0,10805.7,7509.38,129796.32,2025-10-30,PAY-202510-0184
4415,184,2025-11-01,126500.0,9.0,10673.44,0.0,10098.46,11751.0,135520.9,2025-11-28,PAY-202511-0184
4416,184,2025-12-01,126500.0,11.04,13092.75,37667.08,1369.86,18180.14,160449.55,2025-12-30,PAY-202512-0184
4417,185,2024-01-01,186100.0,9.31,16243.04,0.0,8864.02,20212.64,190994.42,2024-01-29,PAY-202401-0185
4418,185,2024-02-01,186100.0,0.0,0.0,0.0,2772.94,20848.94,168024.0,2024-02-26,PAY-202402-0185
4419,185,2024-03-01,186100.0,6.25,10904.3,0.0,272.4,13387.02,183889.68,2024-03-27,PAY-202403-0185
4420,185,2024-04-01,186100.0,0.0,0.0,0.0,1066.81,30277.36,156889.45,2024-04-29,PAY-202404-0185
4421,185,2024-05-01,186100.0,14.85,25908.61,30513.74,1347.08,16743.89,227125.54,2024-05-27,PAY-202405-0185
4422,185,2024-06-01,186100.0,2.57,4483.85,0.0,11278.47,19707.9,182154.42,2024-06-30,PAY-202406-0185
4423,185,2024-07-01,186100.0,14.28,24914.14,0.0,7979.7,24964.31,194029.53,2024-07-29,PAY-202407-0185
4424,185,2024-08-01,186100.0,12.73,22209.87,38421.19,7118.5,11099.96,242749.6,2024-08-29,PAY-202408-0185
4425,185,2024-09-01,186100.0,3.5,6106.41,0.0,7258.09,11238.09,188226.41,2024-09-30,PAY-202409-0185
4426,185,2024-10-01,186100.0,2.34,4082.57,0.0,2780.61,19897.88,173065.3,2024-10-29,PAY-202410-0185
4427,185,2024-11-01,186100.0,9.75,17010.7,0.0,424.78,32509.57,171025.91,2024-12-01,PAY-202411-0185
4428,185,2024-12-01,186100.0,3.78,6594.92,0.0,7956.27,24344.27,176306.92,2024-12-31,PAY-202412-0185
4429,185,2025-01-01,186100.0,8.51,14847.29,0.0,5286.25,29643.09,176590.45,2025-01-27,PAY-202501-0185
4430,185,2025-02-01,186100.0,5.59,9752.8,0.0,10274.07,31081.34,175045.53,2025-03-03,PAY-202502-0185
4431,185,2025-03-01,186100.0,0.0,0.0,0.0,3045.23,23884.13,165261.1,2025-03-31,PAY-202503-0185
4432,185,2025-04-01,186100.0,0.0,0.0,0.0,4932.24,13862.38,177169.86,2025-04-30,PAY-202504-0185
4433,185,2025-05-01,186100.0,9.13,15929.0,0.0,11784.57,24714.35,189099.22,2025-05-27,PAY-202505-0185
4434,185,2025-06-01,186100.0,5.19,9054.93,0.0,2170.98,13140.55,184185.36,2025-06-30,PAY-202506-0185
4435,185,2025-07-01,186100.0,5.23,9124.72,34475.77,11618.94,21069.81,220249.62,2025-07-29,PAY-202507-0185
4436,185,2025-08-01,186100.0,11.48,20029.01,0.0,4241.82,24790.55,185580.28,2025-08-28,PAY-202508-0185
4437,185,2025-09-01,186100.0,13.87,24198.82,0.0,10664.5,9333.8,211629.52,2025-09-29,PAY-202509-0185
4438,185,2025-10-01,186100.0,6.64,11584.72,0.0,6964.01,16712.18,187936.55,2025-10-30,PAY-202510-0185
4439,185,2025-11-01,186100.0,6.3,10991.53,0.0,6528.88,19004.31,184616.1,2025-11-30,PAY-202511-0185
4440,185,2025-12-01,186100.0,10.5,18319.22,0.0,6752.08,16792.96,194378.34,2025-12-26,PAY-202512-0185
4441,186,2024-01-01,60900.0,1.22,696.54,0.0,3019.59,10095.3,54520.83,2024-01-29,PAY-202401-0186
4442,186,2024-02-01,60900.0,9.12,5206.95,0.0,506.62,9837.0,56776.57,2024-02-26,PAY-202402-0186
4443,186,2024-03-01,60900.0,10.76,6143.29,13549.24,4721.02,4791.42,80522.13,2024-03-27,PAY-202403-0186
4444,186,2024-04-01,60900.0,11.4,6508.69,30869.02,14625.77,7518.47,105385.01,2024-04-30,PAY-202404-0186
4445,186,2024-05-01,60900.0,0.0,0.0,0.0,6966.05,3671.06,64194.99,2024-05-31,PAY-202405-0186
4446,186,2024-06-01,60900.0,4.19,2392.23,0.0,5371.4,7552.23,61111.4,2024-06-29,PAY-202406-0186
4447,186,2024-07-01,60900.0,3.61,2061.08,0.0,3088.33,8545.11,57504.3,2024-07-30,PAY-202407-0186
4448,186,2024-08-01,60900.0,8.5,4852.97,0.0,119.36,5958.51,59913.82,2024-08-26,PAY-202408-0186
4449,186,2024-09-01,60900.0,10.4,5937.75,0.0,2416.53,6318.88,62935.4,2024-09-27,PAY-202409-0186
4450,186,2024-10-01,60900.0,15.48,8838.11,0.0,3521.56,3665.4,69594.27,2024-10-28,PAY-202410-0186
4451,186,2024-11-01,60900.0,5.53,3157.28,0.0,13742.48,7959.6,69840.16,2024-11-30,PAY-202411-0186
4452,186,2024-12-01,60900.0,5.51,3145.87,0.0,11451.76,7888.02,67609.61,2024-12-28,PAY-202412-0186
4453,186,2025-01-01,60900.0,13.75,7850.39,0.0,6209.21,6485.92,68473.68,2025-01-28,PAY-202501-0186
4454,186,2025-02-01,60900.0,9.48,5412.49,0.0,11305.79,9969.68,67648.6,2025-02-28,PAY-202502-0186
4455,186,2025-03-01,60900.0,14.34,8187.24,0.0,4610.87,5082.82,68615.29,2025-03-26,PAY-202503-0186
4456,186,2025-04-01,60900.0,9.44,5389.65,0.0,4580.29,4005.43,66864.51,2025-04-30,PAY-202504-0186
4457,186,2025-05-01,60900.0,2.21,1261.77,0.0,8836.32,9006.35,61991.74,2025-05-27,PAY-202505-0186
4458,186,2025-06-01,60900.0,1.33,759.35,0.0,14171.25,5091.38,70739.22,2025-06-30,PAY-202506-0186
4459,186,2025-07-01,60900.0,0.24,137.03,0.0,3396.22,10019.22,54414.03,2025-07-29,PAY-202507-0186
4460,186,2025-08-01,60900.0,11.31,6457.3,0.0,7887.37,8397.06,66847.61,2025-08-31,PAY-202508-0186
4461,186,2025-09-01,60900.0,13.94,7958.87,0.0,2570.06,4822.59,66606.34,2025-09-30,PAY-202509-0186
4462,186,2025-10-01,60900.0,17.25,9848.67,0.0,6301.92,7838.26,69212.33,2025-10-29,PAY-202510-0186
4463,186,2025-11-01,60900.0,12.22,6976.86,0.0,3277.89,7602.18,63552.57,2025-11-30,PAY-202511-0186
4464,186,2025-12-01,60900.0,13.81,7884.65,0.0,13235.05,7657.74,74361.96,2025-12-28,PAY-202512-0186
4465,187,2024-01-01,150200.0,5.1,7181.44,10519.27,14510.07,26991.21,155419.57,2024-01-30,PAY-202401-0187
4466,187,2024-02-01,150200.0,2.22,3126.04,0.0,918.06,10894.58,143349.52,2024-02-29,PAY-202402-0187
4467,187,2024-03-01,150200.0,12.25,17249.53,0.0,7183.95,13394.33,161239.15,2024-03-30,PAY-202403-0187
4468,187,2024-04-01,150200.0,10.09,14207.98,0.0,4305.98,21368.68,147345.28,2024-04-29,PAY-202404-0187
4469,187,2024-05-01,150200.0,8.54,12025.39,0.0,7089.26,18944.53,150370.12,2024-05-27,PAY-202405-0187
4470,187,2024-06-01,150200.0,9.94,13996.76,5355.62,4526.57,18575.09,155503.86,2024-06-28,PAY-202406-0187
4471,187,2024-07-01,150200.0,9.62,13546.16,0.0,961.32,21637.73,143069.75,2024-07-27,PAY-202407-0187
4472,187,2024-08-01,150200.0,14.42,20305.16,0.0,12344.41,10271.66,172577.91,2024-08-31,PAY-202408-0187
4473,187,2024-09-01,150200.0,14.47,20375.57,0.0,1599.54,22716.56,149458.55,2024-09-27,PAY-202409-0187
4474,187,2024-10-01,150200.0,10.72,15095.1,0.0,6922.06,24272.52,147944.64,2024-10-28,PAY-202410-0187
4475,187,2024-11-01,150200.0,12.23,17221.37,0.0,8923.58,11226.08,165118.87,2024-11-30,PAY-202411-0187
4476,187,2024-12-01,150200.0,10.57,14883.88,0.0,10163.11,16713.64,158533.35,2024-12-26,PAY-202412-0187
4477,187,2025-01-01,150200.0,5.69,8012.23,0.0,6453.66,23251.17,141414.72,2025-01-30,PAY-202501-0187
4478,187,2025-02-01,150200.0,11.78,16587.71,0.0,14165.73,12608.07,168345.37,2025-02-28,PAY-202502-0187
4479,187,2025-03-01,150200.0,1.03,1450.37,0.0,2837.29,21095.47,133392.19,2025-03-29,PAY-202503-0187
4480,187,2025-04-01,150200.0,13.27,18685.82,0.0,1269.63,11860.83,158294.62,2025-04-30,PAY-202504-0187
4481,187,2025-05-01,150200.0,2.03,2858.49,0.0,720.87,11507.04,142272.32,2025-05-27,PAY-202505-0187
4482,187,2025-06-01,150200.0,9.43,13278.62,0.0,6110.94,25723.62,143865.94,2025-07-01,PAY-202506-0187
4483,187,2025-07-01,150200.0,3.77,5308.63,0.0,12869.63,11315.67,157062.59,2025-07-29,PAY-202507-0187
4484,187,2025-08-01,150200.0,10.77,15165.51,0.0,3976.85,11569.7,157772.66,2025-08-26,PAY-202508-0187
4485,187,2025-09-01,150200.0,7.83,11025.62,13119.67,6761.43,18824.25,162282.47,2025-09-30,PAY-202509-0187
4486,187,2025-10-01,150200.0,0.03,42.24,0.0,10121.96,20358.75,140005.45,2025-10-30,PAY-202510-0187
4487,187,2025-11-01,150200.0,10.1,14222.06,0.0,490.04,22964.24,141947.86,2025-12-01,PAY-202511-0187
4488,187,2025-12-01,150200.0,5.11,7195.52,0.0,10617.7,10260.59,157752.63,2025-12-28,PAY-202512-0187
4489,188,2024-01-01,193800.0,12.41,22547.42,0.0,8738.5,10952.8,214133.12,2024-01-31,PAY-202401-0188
4490,188,2024-02-01,193800.0,8.01,14553.17,28193.25,7309.43,32094.23,211761.62,2024-02-26,PAY-202402-0188
4491,188,2024-03-01,193800.0,9.98,18132.41,0.0,2824.85,10635.78,204121.48,2024-03-27,PAY-202403-0188
4492,188,2024-04-01,193800.0,3.21,5832.17,0.0,876.68,15443.83,185065.02,2024-04-28,PAY-202404-0188
4493,188,2024-05-01,193800.0,5.05,9175.22,0.0,2450.54,30224.79,175200.97,2024-05-30,PAY-202405-0188
4494,188,2024-06-01,193800.0,5.71,10374.36,0.0,6331.86,18214.15,192292.07,2024-06-29,PAY-202406-0188
4495,188,2024-07-01,193800.0,12.28,22311.22,0.0,10947.49,28683.55,198375.16,2024-07-27,PAY-202407-0188
4496,188,2024-08-01,193800.0,16.39,29778.58,0.0,2002.15,34733.25,190847.48,2024-08-30,PAY-202408-0188
4497,188,2024-09-01,193800.0,3.97,7212.99,0.0,139.79,10099.19,191053.59,2024-09-28,PAY-202409-0188
4498,188,2024-10-01,193800.0,13.38,24309.79,0.0,14872.6,15119.97,217862.42,2024-10-26,PAY-202410-0188
4499,188,2024-11-01,193800.0,0.0,0.0,0.0,3291.89,16080.18,181011.71,2024-11-29,PAY-202411-0188
4500,188,2024-12-01,193800.0,2.03,3688.26,0.0,11010.95,12785.23,195713.98,2024-12-29,PAY-202412-0188
4501,188,2025-01-01,193800.0,3.21,5832.17,0.0,5478.0,30242.89,174867.28,2025-01-29,PAY-202501-0188
4502,188,2025-02-01,193800.0,1.24,2252.93,0.0,2129.92,21742.51,176440.34,2025-03-02,PAY-202502-0188
4503,188,2025-03-01,193800.0,0.08,145.35,0.0,12207.46,15966.42,190186.39,2025-03-31,PAY-202503-0188
4504,188,2025-04-01,193800.0,10.06,18277.76,14729.79,5552.93,11102.12,221258.36,2025-04-27,PAY-202504-0188
4505,188,2025-05-01,193800.0,6.93,12590.94,0.0,11020.74,23701.1,193710.58,2025-05-28,PAY-202505-0188
4506,188,2025-06-01,193800.0,9.9,17987.06,0.0,2559.41,10421.72,203924.75,2025-06-28,PAY-202506-0188
4507,188,2025-07-01,193800.0,11.45,20803.22,0.0,14261.42,13010.82,215853.82,2025-07-27,PAY-202507-0188
4508,188,2025-08-01,193800.0,9.33,16951.44,0.0,6876.79,33537.33,184090.9,2025-08-30,PAY-202508-0188
4509,188,2025-09-01,193800.0,11.29,20512.52,0.0,11957.45,32799.73,193470.24,2025-09-26,PAY-202509-0188
4510,188,2025-10-01,193800.0,7.65,13899.09,30119.48,14364.18,26366.35,225816.4,2025-10-27,PAY-202510-0188
4511,188,2025-11-01,193800.0,2.07,3760.93,0.0,13216.2,11163.59,199613.54,2025-12-01,PAY-202511-0188
4512,188,2025-12-01,193800.0,13.29,24146.27,0.0,12469.88,26331.99,204084.16,2025-12-30,PAY-202512-0188
4513,189,2024-01-01,147800.0,5.05,6997.41,0.0,11642.82,9341.96,157098.27,2024-01-29,PAY-202401-0189
4514,189,2024-02-01,147800.0,3.32,4600.27,0.0,10364.76,13559.9,149205.13,2024-02-28,PAY-202402-0189
4515,189,2024-03-01,147800.0,7.11,9851.79,0.0,9334.48,23383.82,143602.45,2024-03-27,PAY-202403-0189
4516,189,2024-04-01,147800.0,3.44,4766.55,0.0,750.7,14302.44,139014.81,2024-04-30,PAY-202404-0189
4517,189,2024-05-01,147800.0,5.91,8189.04,0.0,13085.96,15857.73,153217.27,2024-05-31,PAY-202405-0189
4518,189,2024-06-01,147800.0,9.72,13468.28,0.0,2225.07,17108.23,146385.12,2024-06-26,PAY-202406-0189
4519,189,2024-07-01,147800.0,9.74,13495.99,0.0,4749.87,8160.54,157885.32,2024-07-30,PAY-202407-0189
4520,189,2024-08-01,147800.0,3.51,4863.54,0.0,5148.63,14964.21,142847.96,2024-08-30,PAY-202408-0189
4521,189,2024-09-01,147800.0,5.56,7704.07,0.0,3820.84,17134.06,142190.85,2024-10-01,PAY-202409-0189
4522,189,2024-10-01,147800.0,13.37,18525.81,0.0,3711.08,12176.28,157860.61,2024-10-27,PAY-202410-0189
4523,189,2024-11-01,147800.0,10.48,14521.35,0.0,11541.31,8856.2,165006.46,2024-11-27,PAY-202411-0189
4524,189,2024-12-01,147800.0,18.38,25467.79,7958.77,14689.9,9680.8,186235.66,2024-12-29,PAY-202412-0189
4525,189,2025-01-01,147800.0,13.9,19260.19,0.0,629.45,20780.03,146909.61,2025-01-31,PAY-202501-0189
4526,189,2025-02-01,147800.0,13.72,19010.78,0.0,12110.14,21661.15,157259.77,2025-02-26,PAY-202502-0189
4527,189,2025-03-01,147800.0,1.06,1468.76,0.0,13362.83,24659.69,137971.9,2025-03-29,PAY-202503-0189
4528,189,2025-04-01,147800.0,11.82,16378.09,0.0,12944.31,16703.63,160418.77,2025-05-01,PAY-202504-0189
4529,189,2025-05-01,147800.0,7.73,10710.88,27024.78,3383.03,10292.29,178626.4,2025-05-26,PAY-202505-0189
4530,189,2025-06-01,147800.0,5.25,7274.53,0.0,9291.4,12228.45,152137.48,2025-06-28,PAY-202506-0189
4531,189,2025-07-01,147800.0,8.84,12248.92,0.0,4775.09,24408.79,140415.22,2025-07-26,PAY-202507-0189
4532,189,2025-08-01,147800.0,12.73,17639.01,0.0,2589.95,10120.4,157908.56,2025-08-29,PAY-202508-0189
4533,189,2025-09-01,147800.0,10.5,14549.06,0.0,11226.57,12189.14,161386.49,2025-09-30,PAY-202509-0189
4534,189,2025-10-01,147800.0,3.61,5002.11,0.0,2453.25,14320.81,140934.55,2025-10-28,PAY-202510-0189
4535,189,2025-11-01,147800.0,11.71,16225.67,0.0,1694.8,10774.5,154945.97,2025-12-01,PAY-202511-0189
4536,189,2025-12-01,147800.0,4.81,6664.86,0.0,12163.63,18747.45,147881.04,2025-12-31,PAY-202512-0189
4537,190,2024-01-01,98700.0,9.08,8401.84,0.0,14371.71,16595.45,104878.1,2024-01-31,PAY-202401-0190
4538,190,2024-02-01,98700.0,6.48,5996.03,0.0,10385.34,15410.92,99670.45,2024-02-27,PAY-202402-0190
4539,190,2024-03-01,98700.0,6.91,6393.91,0.0,4416.41,10616.81,98893.51,2024-03-26,PAY-202403-0190
4540,190,2024-04-01,98700.0,11.83,10946.45,0.0,12609.27,11338.9,110916.82,2024-04-30,PAY-202404-0190
4541,190,2024-05-01,98700.0,2.8,2590.88,0.0,4958.9,8411.71,97838.07,2024-05-26,PAY-202405-0190
4542,190,2024-06-01,98700.0,17.73,16405.79,0.0,154.87,9736.24,105524.42,2024-07-01,PAY-202406-0190
4543,190,2024-07-01,98700.0,0.0,0.0,0.0,7612.3,9417.65,96894.65,2024-07-30,PAY-202407-0190
4544,190,2024-08-01,98700.0,5.01,4635.82,0.0,4698.33,15046.12,92988.03,2024-08-29,PAY-202408-0190
4545,190,2024-09-01,98700.0,9.85,9114.33,0.0,9358.71,16531.32,100641.72,2024-09-29,PAY-202409-0190
4546,190,2024-10-01,98700.0,10.92,10104.41,0.0,9868.99,6987.43,111685.97,2024-10-30,PAY-202410-0190
4547,190,2024-11-01,98700.0,7.5,6939.84,0.0,6211.72,8373.8,103477.76,2024-11-29,PAY-202411-0190
4548,190,2024-12-01,98700.0,7.71,7134.16,0.0,7112.48,15132.96,97813.68,2024-12-27,PAY-202412-0190
4549,190,2025-01-01,98700.0,10.05,9299.39,0.0,8508.58,5160.02,111347.95,2025-01-26,PAY-202501-0190
4550,190,2025-02-01,98700.0,6.84,6329.14,0.0,5239.35,6009.15,104259.34,2025-03-02,PAY-202502-0190
4551,190,2025-03-01,98700.0,14.97,13851.93,0.0,9811.8,12283.37,110080.36,2025-03-27,PAY-202503-0190
4552,190,2025-04-01,98700.0,12.2,11288.81,0.0,4287.56,5850.31,108426.06,2025-04-29,PAY-202504-0190
4553,190,2025-05-01,98700.0,12.36,11436.86,0.0,2274.52,9012.0,103399.38,2025-05-31,PAY-202505-0190
4554,190,2025-06-01,98700.0,3.17,2933.24,0.0,6033.35,10527.93,97138.66,2025-06-29,PAY-202506-0190
4555,190,2025-07-01,98700.0,7.6,7032.38,0.0,12185.46,13220.65,104697.19,2025-07-27,PAY-202507-0190
4556,190,2025-08-01,98700.0,6.5,6014.53,0.0,10840.8,13455.81,102099.52,2025-08-27,PAY-202508-0190
4557,190,2025-09-01,98700.0,2.97,2748.18,18194.41,5028.37,8260.91,116410.05,2025-09-30,PAY-202509-0190
4558,190,2025-10-01,98700.0,9.8,9068.06,28408.81,5094.64,7431.04,133840.47,2025-10-31,PAY-202510-0190
4559,190,2025-11-01,98700.0,5.31,4913.41,27914.54,11404.25,5453.98,137478.22,2025-11-28,PAY-202511-0190
4560,190,2025-12-01,98700.0,11.28,10437.52,0.0,12775.01,7814.91,114097.62,2025-12-27,PAY-202512-0190
4561,191,2024-01-01,187200.0,2.65,4650.75,27482.82,2651.7,13055.18,208930.09,2024-01-27,PAY-202401-0191
4562,191,2024-02-01,187200.0,16.6,29133.0,0.0,5581.7,16565.22,205349.48,2024-03-02,PAY-202402-0191
4563,191,2024-03-01,187200.0,3.52,6177.6,0.0,1689.79,18424.9,176642.49,2024-03-27,PAY-202403-0191
4564,191,2024-04-01,187200.0,9.1,15970.5,0.0,8151.6,22398.88,188923.22,2024-04-29,PAY-202404-0191
4565,191,2024-05-01,187200.0,11.96,20989.8,0.0,126.54,27942.38,180373.96,2024-05-26,PAY-202405-0191
4566,191,2024-06-01,187200.0,5.15,9038.25,0.0,3932.16,22434.12,177736.29,2024-06-29,PAY-202406-0191
4567,191,2024-07-01,187200.0,12.26,21516.3,0.0,4583.92,12610.44,200689.78,2024-07-31,PAY-202407-0191
4568,191,2024-08-01,187200.0,1.85,3246.75,32811.44,2664.92,31945.48,193977.63,2024-08-29,PAY-202408-0191
4569,191,2024-09-01,187200.0,15.26,26781.3,0.0,7866.26,15311.42,206536.14,2024-09-28,PAY-202409-0191
4570,191,2024-10-01,187200.0,8.07,14162.85,0.0,11639.08,32716.79,180285.14,2024-10-31,PAY-202410-0191
4571,191,2024-11-01,187200.0,5.02,8810.1,0.0,14185.97,19077.26,191118.81,2024-11-28,PAY-202411-0191
4572,191,2024-12-01,187200.0,6.5,11407.5,0.0,1781.28,19954.54,180434.24,2024-12-27,PAY-202412-0191
4573,191,2025-01-01,187200.0,12.04,21130.2,0.0,9877.56,12080.6,206127.16,2025-01-27,PAY-202501-0191
4574,191,2025-02-01,187200.0,5.08,8915.4,0.0,6541.78,12884.6,189772.58,2025-02-26,PAY-202502-0191
4575,191,2025-03-01,187200.0,4.25,7458.75,0.0,256.62,26156.15,168759.22,2025-03-26,PAY-202503-0191
4576,191,2025-04-01,187200.0,6.89,12091.95,0.0,9176.01,22304.26,186163.7,2025-04-26,PAY-202504-0191
4577,191,2025-05-01,187200.0,2.12,3720.6,0.0,7283.96,21797.64,176406.92,2025-05-30,PAY-202505-0191
4578,191,2025-06-01,187200.0,17.1,30010.5,0.0,10500.27,12083.6,215627.17,2025-06-29,PAY-202506-0191
4579,191,2025-07-01,187200.0,5.17,9073.35,0.0,6697.7,29446.5,173524.55,2025-07-29,PAY-202507-0191
4580,191,2025-08-01,187200.0,12.16,21340.8,0.0,8910.92,24277.15,193174.57,2025-08-30,PAY-202508-0191
4581,191,2025-09-01,187200.0,9.05,15882.75,0.0,1448.03,13275.26,191255.52,2025-10-01,PAY-202509-0191
4582,191,2025-10-01,187200.0,3.08,5405.4,0.0,11030.34,9844.34,193791.4,2025-10-27,PAY-202510-0191
4583,191,2025-11-01,187200.0,7.97,13987.35,0.0,6333.73,9869.52,197651.56,2025-12-01,PAY-202511-0191
4584,191,2025-12-01,187200.0,11.92,20919.6,0.0,10593.46,10878.27,207834.79,2025-12-28,PAY-202512-0191
4585,192,2024-01-01,46700.0,7.06,3090.96,0.0,11219.94,5608.73,55402.17,2024-01-27,PAY-202401-0192
4586,192,2024-02-01,46700.0,13.97,6116.24,0.0,2828.28,2920.01,52724.51,2024-02-28,PAY-202402-0192
4587,192,2024-03-01,46700.0,13.11,5739.72,0.0,4899.56,3424.5,53914.78,2024-03-27,PAY-202403-0192
4588,192,2024-04-01,46700.0,12.59,5512.06,0.0,13487.17,5673.04,60026.19,2024-04-26,PAY-202404-0192
4589,192,2024-05-01,46700.0,5.7,2495.53,0.0,8297.26,3317.52,54175.27,2024-05-29,PAY-202405-0192
4590,192,2024-06-01,46700.0,2.6,1138.31,0.0,9239.17,6341.77,50735.71,2024-06-30,PAY-202406-0192
4591,192,2024-07-01,46700.0,4.93,2158.42,0.0,936.72,5073.64,44721.5,2024-07-30,PAY-202407-0192
4592,192,2024-08-01,46700.0,8.98,3931.56,0.0,2460.21,5111.81,47979.96,2024-08-29,PAY-202408-0192
4593,192,2024-09-01,46700.0,10.73,4697.73,0.0,12866.92,3411.45,60853.2,2024-09-30,PAY-202409-0192
4594,192,2024-10-01,46700.0,0.0,0.0,0.0,3102.14,7629.4,42172.74,2024-10-30,PAY-202410-0192
4595,192,2024-11-01,46700.0,7.96,3484.99,0.0,10097.62,7694.26,52588.35,2024-11-27,PAY-202411-0192
4596,192,2024-12-01,46700.0,8.79,3848.37,0.0,7254.78,7799.68,50003.47,2024-12-26,PAY-202412-0192
4597,192,2025-01-01,46700.0,6.61,2893.94,0.0,9525.0,7697.35,51421.59,2025-01-30,PAY-202501-0192
4598,192,2025-02-01,46700.0,14.46,6330.77,0.0,11250.64,6997.31,57284.1,2025-02-27,PAY-202502-0192
4599,192,2025-03-01,46700.0,10.11,4426.28,0.0,1571.32,4970.14,47727.46,2025-03-28,PAY-202503-0192
4600,192,2025-04-01,46700.0,14.55,6370.17,0.0,1629.9,8242.98,46457.09,2025-04-27,PAY-202504-0192
4601,192,2025-05-01,46700.0,6.92,3029.66,0.0,7587.62,3287.24,54030.04,2025-05-27,PAY-202505-0192
4602,192,2025-06-01,46700.0,12.69,5555.84,0.0,2285.32,6420.95,48120.21,2025-06-30,PAY-202506-0192
4603,192,2025-07-01,46700.0,16.18,7083.81,0.0,3357.09,7785.01,49355.89,2025-07-29,PAY-202507-0192
4604,192,2025-08-01,46700.0,14.56,6374.55,0.0,10924.84,2719.3,61280.09,2025-08-29,PAY-202508-0192
4605,192,2025-09-01,46700.0,2.54,1112.04,0.0,14068.43,6804.98,55075.49,2025-10-01,PAY-202509-0192
4606,192,2025-10-01,46700.0,6.73,2946.48,38343.37,7234.18,4676.24,90547.79,2025-10-31,PAY-202510-0192
4607,192,2025-11-01,46700.0,6.27,2745.08,31443.12,10850.28,7346.74,84391.74,2025-11-27,PAY-202511-0192
4608,192,2025-12-01,46700.0,10.45,4575.14,36459.89,8073.39,2944.84,92863.58,2025-12-31,PAY-202512-0192
4609,193,2024-01-01,196900.0,11.43,21099.07,0.0,3710.43,11766.32,209943.18,2024-01-27,PAY-202401-0193
4610,193,2024-02-01,196900.0,3.81,7033.02,0.0,6668.92,20333.41,190268.53,2024-02-29,PAY-202402-0193
4611,193,2024-03-01,196900.0,8.34,15395.12,0.0,10421.9,18863.93,203853.09,2024-03-30,PAY-202403-0193
4612,193,2024-04-01,196900.0,0.0,0.0,0.0,12798.43,26310.31,183388.12,2024-04-30,PAY-202404-0193
4613,193,2024-05-01,196900.0,15.21,28076.71,0.0,5249.15,22578.96,207646.9,2024-05-31,PAY-202405-0193
4614,193,2024-06-01,196900.0,5.44,10041.9,0.0,14860.14,30883.4,190918.64,2024-06-27,PAY-202406-0193
4615,193,2024-07-01,196900.0,8.28,15284.36,0.0,5653.06,27658.75,190178.67,2024-07-29,PAY-202407-0193
4616,193,2024-08-01,196900.0,6.45,11906.3,0.0,11455.79,25501.04,194761.05,2024-08-28,PAY-202408-0193
4617,193,2024-09-01,196900.0,13.73,25344.72,0.0,1413.01,18130.05,205527.68,2024-09-27,PAY-202409-0193
4618,193,2024-10-01,196900.0,0.0,0.0,0.0,7608.45,24320.22,180188.23,2024-10-27,PAY-202410-0193
4619,193,2024-11-01,196900.0,7.92,14619.83,0.0,3352.74,16828.6,198043.97,2024-11-29,PAY-202411-0193
4620,193,2024-12-01,196900.0,7.47,13789.15,0.0,135.49,21218.71,189605.93,2024-12-28,PAY-202412-0193
4621,193,2025-01-01,196900.0,5.73,10577.22,0.0,8689.97,25403.62,190763.57,2025-01-29,PAY-202501-0193
4622,193,2025-02-01,196900.0,16.63,30697.94,0.0,7127.69,29422.41,205303.22,2025-03-01,PAY-202502-0193
4623,193,2025-03-01,196900.0,3.56,6571.54,0.0,14826.94,17639.61,200658.87,2025-03-29,PAY-202503-0193
4624,193,2025-04-01,196900.0,11.86,21892.82,0.0,5945.36,10397.73,214340.45,2025-04-26,PAY-202504-0193
4625,193,2025-05-01,196900.0,9.78,18053.27,0.0,8929.33,17703.11,206179.49,2025-05-31,PAY-202505-0193
4626,193,2025-06-01,196900.0,14.31,26415.37,0.0,8387.25,27393.89,204308.73,2025-06-30,PAY-202506-0193
4627,193,2025-07-01,196900.0,4.66,8602.07,0.0,4136.99,34254.51,175384.55,2025-07-27,PAY-202507-0193
4628,193,2025-08-01,196900.0,4.34,8011.37,0.0,12029.74,31525.14,185415.97,2025-08-26,PAY-202508-0193
4629,193,2025-09-01,196900.0,13.48,24883.24,0.0,3637.98,31318.21,194103.01,2025-09-30,PAY-202509-0193
4630,193,2025-10-01,196900.0,10.13,18699.35,0.0,5150.44,20049.7,200700.09,2025-10-30,PAY-202510-0193
4631,193,2025-11-01,196900.0,0.28,516.86,0.0,7998.27,35371.39,170043.74,2025-11-28,PAY-202511-0193
4632,193,2025-12-01,196900.0,5.3,9783.47,0.0,8005.56,16633.86,198055.17,2025-12-28,PAY-202512-0193
4633,194,2024-01-01,135900.0,9.93,12651.44,26172.48,9943.22,15889.44,168777.7,2024-01-29,PAY-202401-0194
4634,194,2024-02-01,135900.0,12.19,15530.82,0.0,4900.01,9814.31,146516.52,2024-02-26,PAY-202402-0194
4635,194,2024-03-01,135900.0,4.6,5860.69,0.0,2093.11,14898.52,128955.28,2024-03-29,PAY-202403-0194
4636,194,2024-04-01,135900.0,0.0,0.0,0.0,8293.15,22725.9,121467.25,2024-04-26,PAY-202404-0194
4637,194,2024-05-01,135900.0,10.62,13530.54,0.0,2687.12,16240.51,135877.15,2024-05-28,PAY-202405-0194
4638,194,2024-06-01,135900.0,1.9,2420.72,0.0,1565.62,10707.17,129179.17,2024-06-30,PAY-202406-0194
4639,194,2024-07-01,135900.0,0.0,0.0,0.0,8597.02,10150.92,134346.1,2024-07-31,PAY-202407-0194
4640,194,2024-08-01,135900.0,0.0,0.0,0.0,4948.2,12185.58,128662.62,2024-08-30,PAY-202408-0194
4641,194,2024-09-01,135900.0,12.07,15377.93,0.0,9282.82,19813.69,140747.06,2024-09-28,PAY-202409-0194
4642,194,2024-10-01,135900.0,8.64,11007.9,0.0,11152.69,8667.46,149393.13,2024-10-28,PAY-202410-0194
4643,194,2024-11-01,135900.0,6.87,8752.81,0.0,12982.41,7052.39,150582.83,2024-11-29,PAY-202411-0194
4644,194,2024-12-01,135900.0,14.95,19047.23,0.0,13727.98,7629.65,161045.56,2024-12-27,PAY-202412-0194
4645,194,2025-01-01,135900.0,11.19,14256.76,17071.97,5855.66,18787.8,154296.59,2025-01-26,PAY-202501-0194
4646,194,2025-02-01,135900.0,16.08,20486.92,0.0,13041.58,17332.31,152096.19,2025-03-03,PAY-202502-0194
4647,194,2025-03-01,135900.0,1.04,1325.03,0.0,13667.41,23584.23,127308.21,2025-03-29,PAY-202503-0194
4648,194,2025-04-01,135900.0,7.83,9975.91,0.0,8369.37,20350.08,133895.2,2025-04-27,PAY-202504-0194
4649,194,2025-05-01,135900.0,0.0,0.0,0.0,14681.22,18542.96,132038.26,2025-05-28,PAY-202505-0194
4650,194,2025-06-01,135900.0,6.85,8727.33,0.0,8542.23,15675.38,137494.18,2025-06-29,PAY-202506-0194
4651,194,2025-07-01,135900.0,6.76,8612.66,0.0,13683.99,18342.64,139854.01,2025-07-30,PAY-202507-0194
4652,194,2025-08-01,135900.0,11.13,14180.32,0.0,6216.68,18150.27,138146.73,2025-08-26,PAY-202508-0194
4653,194,2025-09-01,135900.0,8.23,10485.53,27085.82,3060.67,13373.51,163158.51,2025-10-01,PAY-202509-0194
4654,194,2025-10-01,135900.0,11.12,14167.57,0.0,3463.89,23029.81,130501.65,2025-10-28,PAY-202510-0194
4655,194,2025-11-01,135900.0,11.52,14677.2,0.0,3780.98,17420.87,136937.31,2025-11-26,PAY-202511-0194
4656,194,2025-12-01,135900.0,18.77,23914.15,0.0,4113.88,12853.79,151074.24,2025-12-29,PAY-202512-0194
4657,195,2024-01-01,46000.0,6.42,2768.62,0.0,13936.88,7194.63,55510.87,2024-01-28,PAY-202401-0195
4658,195,2024-02-01,46000.0,3.29,1418.81,0.0,14099.98,4559.42,56959.37,2024-02-27,PAY-202402-0195
4659,195,2024-03-01,46000.0,9.23,3980.44,36855.64,9169.23,4908.4,91096.91,2024-03-29,PAY-202403-0195
4660,195,2024-04-01,46000.0,3.99,1720.69,0.0,13986.58,6893.35,54813.92,2024-04-27,PAY-202404-0195
4661,195,2024-05-01,46000.0,15.41,6645.56,0.0,2712.0,5941.75,49415.81,2024-05-28,PAY-202405-0195
4662,195,2024-06-01,46000.0,6.58,2837.62,0.0,13978.05,6172.15,56643.52,2024-06-28,PAY-202406-0195
4663,195,2024-07-01,46000.0,5.17,2229.56,0.0,440.99,5283.45,43387.1,2024-07-29,PAY-202407-0195
4664,195,2024-08-01,46000.0,5.64,2432.25,0.0,4553.61,4025.67,48960.19,2024-08-28,PAY-202408-0195
4665,195,2024-09-01,46000.0,11.59,4998.19,0.0,3342.56,4913.7,49427.05,2024-09-27,PAY-202409-0195
4666,195,2024-10-01,46000.0,7.21,3109.31,33843.13,3476.4,3646.84,82782.0,2024-10-26,PAY-202410-0195
4667,195,2024-11-01,46000.0,4.79,2065.69,0.0,1227.53,3120.34,46172.88,2024-11-28,PAY-202411-0195
4668,195,2024-12-01,46000.0,16.33,7042.31,0.0,3272.42,3294.02,53020.71,2024-12-30,PAY-202412-0195
4669,195,2025-01-01,46000.0,3.72,1604.25,30935.78,5915.8,6237.3,78218.53,2025-01-26,PAY-202501-0195
4670,195,2025-02-01,46000.0,8.18,3527.62,0.0,1019.84,6588.44,43959.02,2025-03-01,PAY-202502-0195
4671,195,2025-03-01,46000.0,11.26,4855.88,0.0,11682.01,3156.25,59381.64,2025-03-29,PAY-202503-0195
4672,195,2025-04-01,46000.0,0.0,0.0,0.0,6383.98,3918.79,48465.19,2025-05-01,PAY-202504-0195
4673,195,2025-05-01,46000.0,10.4,4485.0,0.0,3695.71,4372.1,49808.61,2025-05-28,PAY-202505-0195
4674,195,2025-06-01,46000.0,2.72,1173.0,0.0,4818.43,4241.85,47749.58,2025-06-27,PAY-202506-0195
4675,195,2025-07-01,46000.0,12.11,5222.44,0.0,4579.11,6373.98,49427.57,2025-07-28,PAY-202507-0195
4676,195,2025-08-01,46000.0,3.19,1375.69,0.0,12888.26,2906.39,57357.56,2025-08-26,PAY-202508-0195
4677,195,2025-09-01,46000.0,11.46,4942.12,0.0,4915.38,4502.1,51355.4,2025-09-26,PAY-202509-0195
4678,195,2025-10-01,46000.0,13.53,5834.81,0.0,821.09,7779.1,44876.8,2025-10-30,PAY-202510-0195
4679,195,2025-11-01,46000.0,12.31,5308.69,0.0,707.45,4144.91,47871.23,2025-11-26,PAY-202511-0195
4680,195,2025-12-01,46000.0,9.26,3993.38,0.0,6811.62,3910.09,52894.91,2025-12-27,PAY-202512-0195
4681,196,2024-01-01,49000.0,6.84,3142.12,0.0,9579.43,4721.68,56999.87,2024-01-27,PAY-202401-0196
4682,196,2024-02-01,49000.0,5.12,2352.0,0.0,13107.68,7111.57,57348.11,2024-03-02,PAY-202402-0196
4683,196,2024-03-01,49000.0,15.36,7056.0,0.0,12499.0,7826.95,60728.05,2024-03-26,PAY-202403-0196
4684,196,2024-04-01,49000.0,4.5,2067.19,0.0,4504.2,7582.8,47988.59,2024-04-30,PAY-202404-0196
4685,196,2024-05-01,49000.0,2.81,1290.84,0.0,3899.36,7847.97,46342.23,2024-05-30,PAY-202405-0196
4686,196,2024-06-01,49000.0,11.33,5204.72,0.0,5000.55,5560.66,53644.61,2024-06-30,PAY-202406-0196
4687,196,2024-07-01,49000.0,4.02,1846.69,11833.25,7947.77,5133.59,65494.12,2024-07-26,PAY-202407-0196
4688,196,2024-08-01,49000.0,3.25,1492.97,0.0,3594.69,6554.25,47533.41,2024-08-30,PAY-202408-0196
4689,196,2024-09-01,49000.0,0.78,358.31,0.0,6406.86,2688.46,53076.71,2024-09-29,PAY-202409-0196
4690,196,2024-10-01,49000.0,5.59,2567.91,0.0,13344.37,7622.98,57289.3,2024-10-30,PAY-202410-0196
4691,196,2024-11-01,49000.0,7.59,3486.66,32804.14,7198.79,5477.14,87012.45,2024-11-26,PAY-202411-0196
4692,196,2024-12-01,49000.0,9.22,4235.44,0.0,8322.78,3621.79,57936.43,2024-12-31,PAY-202412-0196
4693,196,2025-01-01,49000.0,12.76,5861.62,11353.87,6677.56,4397.5,68495.55,2025-01-28,PAY-202501-0196
4694,196,2025-02-01,49000.0,10.63,4883.16,0.0,3190.6,4535.78,52537.98,2025-02-27,PAY-202502-0196
4695,196,2025-03-01,49000.0,7.05,3238.59,0.0,12086.66,5710.53,58614.72,2025-03-26,PAY-202503-0196
4696,196,2025-04-01,49000.0,7.01,3220.22,0.0,12952.15,4719.25,60453.12,2025-05-01,PAY-202504-0196
4697,196,2025-05-01,49000.0,10.55,4846.41,0.0,4388.06,7987.8,50246.67,2025-05-29,PAY-202505-0196
4698,196,2025-06-01,49000.0,14.36,6596.62,21771.68,11134.6,8396.49,80106.41,2025-06-30,PAY-202506-0196
4699,196,2025-07-01,49000.0,8.63,3964.41,0.0,8832.76,2865.99,58931.18,2025-07-28,PAY-202507-0196
4700,196,2025-08-01,49000.0,5.65,2595.47,0.0,12204.49,3319.83,60480.13,2025-08-30,PAY-202508-0196
4701,196,2025-09-01,49000.0,3.04,1396.5,0.0,13329.88,6457.4,57268.98,2025-09-29,PAY-202509-0196
4702,196,2025-10-01,49000.0,0.77,353.72,0.0,13590.53,2785.43,60158.82,2025-10-30,PAY-202510-0196
4703,196,2025-11-01,49000.0,11.33,5204.72,0.0,11854.45,6842.08,59217.09,2025-11-26,PAY-202511-0196
4704,196,2025-12-01,49000.0,10.89,5002.59,25845.21,5104.26,3901.56,81050.5,2025-12-26,PAY-202512-0196
4705,197,2024-01-01,182600.0,10.89,18642.32,0.0,3509.29,31233.01,173518.6,2024-01-31,PAY-202401-0197
4706,197,2024-02-01,182600.0,7.36,12599.4,0.0,1427.99,11147.36,185480.03,2024-03-01,PAY-202402-0197
4707,197,2024-03-01,182600.0,15.03,25729.48,0.0,7831.01,30603.44,185557.05,2024-03-27,PAY-202403-0197
4708,197,2024-04-01,182600.0,5.58,9552.26,0.0,5847.94,26604.08,171396.12,2024-04-30,PAY-202404-0197
4709,197,2024-05-01,182600.0,12.78,21877.76,0.0,4463.11,26959.2,181981.67,2024-05-31,PAY-202405-0197
4710,197,2024-06-01,182600.0,7.81,13369.74,0.0,6867.32,17929.97,184907.09,2024-06-27,PAY-202406-0197
4711,197,2024-07-01,182600.0,4.96,8490.9,0.0,13152.63,28687.39,175556.14,2024-07-29,PAY-202407-0197
4712,197,2024-08-01,182600.0,10.96,18762.15,0.0,10649.68,17403.39,194608.44,2024-08-30,PAY-202408-0197
4713,197,2024-09-01,182600.0,10.05,17204.34,0.0,7774.69,11768.76,195810.27,2024-09-30,PAY-202409-0197
4714,197,2024-10-01,182600.0,9.78,16742.14,10021.07,6616.61,22988.41,192991.41,2024-10-31,PAY-202410-0197
4715,197,2024-11-01,182600.0,8.41,14396.87,0.0,9905.0,24858.2,182043.67,2024-12-01,PAY-202411-0197
4716,197,2024-12-01,182600.0,7.81,13369.74,0.0,12300.03,16233.35,192036.42,2024-12-30,PAY-202412-0197
4717,197,2025-01-01,182600.0,19.94,34134.79,0.0,9126.54,29541.81,196319.52,2025-01-26,PAY-202501-0197
4718,197,2025-02-01,182600.0,13.92,23829.3,0.0,13893.45,26948.05,193374.7,2025-03-02,PAY-202502-0197
4719,197,2025-03-01,182600.0,11.61,19874.87,0.0,14482.29,31098.11,185859.05,2025-03-26,PAY-202503-0197
4720,197,2025-04-01,182600.0,8.56,14653.65,0.0,11922.08,14022.66,195153.07,2025-04-29,PAY-202504-0197
4721,197,2025-05-01,182600.0,13.04,22322.85,0.0,2398.14,32747.26,174573.73,2025-05-30,PAY-202505-0197
4722,197,2025-06-01,182600.0,10.59,18128.76,11377.88,3264.57,9834.66,205536.55,2025-06-30,PAY-202506-0197
4723,197,2025-07-01,182600.0,8.13,13917.54,0.0,11279.78,29281.69,178515.63,2025-07-26,PAY-202507-0197
4724,197,2025-08-01,182600.0,6.48,11092.95,0.0,8671.83,23604.35,178760.43,2025-08-29,PAY-202508-0197
4725,197,2025-09-01,182600.0,7.6,13010.25,0.0,1196.8,31568.58,165238.47,2025-09-28,PAY-202509-0197
4726,197,2025-10-01,182600.0,0.0,0.0,0.0,13312.62,9668.0,186244.62,2025-10-30,PAY-202510-0197
4727,197,2025-11-01,182600.0,9.05,15492.47,0.0,12997.0,29157.99,181931.48,2025-11-30,PAY-202511-0197
4728,197,2025-12-01,182600.0,5.56,9518.02,0.0,2503.86,11631.18,182990.7,2025-12-29,PAY-202512-0197
4729,198,2024-01-01,239100.0,15.96,35775.34,0.0,5556.1,16549.28,263882.16,2024-01-29,PAY-202401-0198
4730,198,2024-02-01,239100.0,8.1,18156.66,0.0,8778.02,18824.69,247209.99,2024-02-28,PAY-202402-0198
4731,198,2024-03-01,239100.0,2.06,4617.62,34017.06,4696.21,27639.25,254791.64,2024-03-26,PAY-202403-0198
4732,198,2024-04-01,239100.0,7.75,17372.11,0.0,6970.19,35236.24,228206.06,2024-05-01,PAY-202404-0198
4733,198,2024-05-01,239100.0,2.77,6209.13,0.0,1898.05,24219.23,222987.95,2024-05-31,PAY-202405-0198
4734,198,2024-06-01,239100.0,10.37,23245.0,0.0,1827.91,19450.08,244722.83,2024-06-30,PAY-202406-0198
4735,198,2024-07-01,239100.0,9.45,21182.77,13701.69,12864.74,15860.59,270988.61,2024-07-30,PAY-202407-0198
4736,198,2024-08-01,239100.0,12.79,28669.58,0.0,4610.61,32044.51,240335.68,2024-08-28,PAY-202408-0198
4737,198,2024-09-01,239100.0,4.05,9078.33,0.0,3650.24,25214.76,226613.81,2024-09-30,PAY-202409-0198
4738,198,2024-10-01,239100.0,8.17,18313.57,23589.16,12395.28,36746.83,256651.18,2024-10-30,PAY-202410-0198
4739,198,2024-11-01,239100.0,1.17,2622.63,0.0,640.75,22142.15,220221.23,2024-11-27,PAY-202411-0198
4740,198,2024-12-01,239100.0,11.51,25800.38,0.0,10719.5,18376.25,257243.63,2024-12-26,PAY-202412-0198
4741,198,2025-01-01,239100.0,10.59,23738.15,0.0,13989.99,36668.31,240159.83,2025-01-30,PAY-202501-0198
4742,198,2025-02-01,239100.0,10.48,23491.58,0.0,5686.72,24452.14,243826.16,2025-03-01,PAY-202502-0198
4743,198,2025-03-01,239100.0,8.01,17954.92,29157.25,7644.86,30591.86,263265.17,2025-03-30,PAY-202503-0198
4744,198,2025-04-01,239100.0,10.07,22572.53,0.0,5298.45,36774.13,230196.85,2025-04-26,PAY-202504-0198
4745,198,2025-05-01,239100.0,16.02,35909.83,0.0,9399.47,28881.33,255527.97,2025-05-29,PAY-202505-0198
4746,198,2025-06-01,239100.0,6.57,14727.07,27150.42,4378.48,32645.68,252710.29,2025-06-26,PAY-202506-0198
4747,198,2025-07-01,239100.0,8.69,19479.18,0.0,12911.61,37455.85,234034.94,2025-07-27,PAY-202507-0198
4748,198,2025-08-01,239100.0,2.57,5760.82,0.0,8521.5,23053.76,230328.56,2025-08-26,PAY-202508-0198
4749,198,2025-09-01,239100.0,3.66,8204.12,15156.21,5893.31,33055.47,235298.17,2025-09-26,PAY-202509-0198
4750,198,2025-10-01,239100.0,8.49,19030.87,0.0,12574.79,40272.03,230433.63,2025-10-29,PAY-202510-0198
4751,198,2025-11-01,239100.0,13.52,30305.92,0.0,6854.04,38539.06,237720.9,2025-11-30,PAY-202511-0198
4752,198,2025-12-01,239100.0,6.72,15063.3,0.0,14951.53,32163.83,236951.0,2025-12-29,PAY-202512-0198
4753,199,2024-01-01,199400.0,6.82,12749.14,36993.94,4424.78,23481.58,230086.28,2024-01-29,PAY-202401-0199
4754,199,2024-02-01,199400.0,5.97,11160.17,0.0,3846.37,31148.28,183258.26,2024-03-02,PAY-202402-0199
4755,199,2024-03-01,199400.0,5.33,9963.77,0.0,524.43,12687.74,197200.46,2024-03-31,PAY-202403-0199
4756,199,2024-04-01,199400.0,9.47,17702.98,0.0,14231.85,26420.26,204914.57,2024-04-27,PAY-202404-0199
4757,199,2024-05-01,199400.0,0.51,953.38,0.0,13082.89,26425.64,187010.63,2024-05-28,PAY-202405-0199
4758,199,2024-06-01,199400.0,14.4,26919.0,0.0,3984.01,35252.06,195050.95,2024-06-26,PAY-202406-0199
4759,199,2024-07-01,199400.0,4.67,8729.98,28424.76,8202.94,13479.03,231278.65,2024-07-27,PAY-202407-0199
4760,199,2024-08-01,199400.0,11.61,21703.44,9994.85,6295.48,20914.8,216478.97,2024-08-30,PAY-202408-0199
4761,199,2024-09-01,199400.0,1.65,3084.47,0.0,3949.46,16688.02,189745.91,2024-09-28,PAY-202409-0199
4762,199,2024-10-01,199400.0,11.34,21198.71,0.0,7933.03,24979.14,203552.6,2024-10-30,PAY-202410-0199
4763,199,2024-11-01,199400.0,11.36,21236.1,0.0,3171.22,10530.12,213277.2,2024-11-29,PAY-202411-0199
4764,199,2024-12-01,199400.0,9.92,18544.2,0.0,673.55,22809.09,195808.66,2024-12-28,PAY-202412-0199
4765,199,2025-01-01,199400.0,3.03,5664.21,0.0,12908.45,27059.74,190912.92,2025-01-30,PAY-202501-0199
4766,199,2025-02-01,199400.0,9.25,17291.72,0.0,10380.83,10063.16,217009.39,2025-02-27,PAY-202502-0199
4767,199,2025-03-01,199400.0,2.08,3888.3,0.0,8048.72,32216.16,179120.86,2025-03-30,PAY-202503-0199
4768,199,2025-04-01,199400.0,6.74,12599.59,0.0,11478.91,32552.44,190926.06,2025-04-28,PAY-202504-0199
4769,199,2025-05-01,199400.0,13.15,24582.28,29741.92,12467.37,29850.08,236341.49,2025-05-30,PAY-202505-0199
4770,199,2025-06-01,199400.0,11.98,22395.11,0.0,6805.12,31896.34,196703.89,2025-06-26,PAY-202506-0199
4771,199,2025-07-01,199400.0,8.08,15104.55,0.0,13323.99,10521.44,217307.1,2025-07-29,PAY-202507-0199
4772,199,2025-08-01,199400.0,3.13,5851.14,0.0,14397.83,35506.26,184142.71,2025-08-26,PAY-202508-0199
4773,199,2025-09-01,199400.0,11.23,20993.08,0.0,12587.16,31245.76,201734.48,2025-10-01,PAY-202509-0199
4774,199,2025-10-01,199400.0,8.1,15141.94,0.0,526.72,17877.94,197190.72,2025-10-27,PAY-202510-0199
4775,199,2025-11-01,199400.0,0.0,0.0,0.0,11400.1,33329.5,177470.6,2025-11-30,PAY-202511-0199
4776,199,2025-12-01,199400.0,11.91,22264.26,0.0,8225.65,21458.31,208431.6,2025-12-31,PAY-202512-0199
4777,200,2024-01-01,83500.0,7.88,6168.56,0.0,7679.54,12124.1,85224.0,2024-01-27,PAY-202401-0200
4778,200,2024-02-01,83500.0,14.01,10967.2,0.0,11414.71,9054.4,96827.51,2024-02-28,PAY-202402-0200
4779,200,2024-03-01,83500.0,2.52,1972.69,30111.1,9075.64,10934.29,113725.14,2024-03-26,PAY-202403-0200
4780,200,2024-04-01,83500.0,0.0,0.0,0.0,5236.6,9739.83,78996.77,2024-05-01,PAY-202404-0200
4781,200,2024-05-01,83500.0,9.4,7358.44,0.0,14539.87,6197.17,99201.14,2024-05-27,PAY-202405-0200
4782,200,2024-06-01,83500.0,9.46,7405.41,0.0,5230.21,12723.58,83412.04,2024-06-26,PAY-202406-0200
4783,200,2024-07-01,83500.0,0.0,0.0,0.0,1017.3,13373.34,71143.96,2024-07-27,PAY-202407-0200
4784,200,2024-08-01,83500.0,3.11,2434.55,0.0,9168.2,12035.77,83066.98,2024-08-28,PAY-202408-0200
4785,200,2024-09-01,83500.0,21.78,17049.66,0.0,2009.26,7089.9,95469.02,2024-09-28,PAY-202409-0200
4786,200,2024-10-01,83500.0,6.47,5064.8,6980.9,10352.12,11659.16,94238.66,2024-10-31,PAY-202410-0200
4787,200,2024-11-01,83500.0,11.65,9119.77,0.0,8475.39,5907.04,95188.12,2024-11-28,PAY-202411-0200
4788,200,2024-12-01,83500.0,4.75,3718.36,0.0,3602.97,10154.35,80666.98,2024-12-26,PAY-202412-0200
4789,200,2025-01-01,83500.0,0.0,0.0,21895.24,9241.88,5247.37,109389.75,2025-01-31,PAY-202501-0200
4790,200,2025-02-01,83500.0,7.15,5597.11,0.0,2162.98,7182.35,84077.74,2025-03-01,PAY-202502-0200
4791,200,2025-03-01,83500.0,6.67,5221.36,30556.64,8370.31,5814.36,121833.95,2025-03-29,PAY-202503-0200
4792,200,2025-04-01,83500.0,6.0,4696.88,0.0,12983.25,10409.42,90770.71,2025-04-27,PAY-202504-0200
4793,200,2025-05-01,83500.0,7.43,5816.3,0.0,5597.91,14941.59,79972.62,2025-05-28,PAY-202505-0200
4794,200,2025-06-01,83500.0,9.32,7295.81,0.0,2782.83,4326.85,89251.79,2025-07-01,PAY-202506-0200
4795,200,2025-07-01,83500.0,7.25,5675.39,0.0,3209.77,8725.59,83659.57,2025-07-26,PAY-202507-0200
4796,200,2025-08-01,83500.0,1.68,1315.12,0.0,9327.85,4559.77,89583.2,2025-08-28,PAY-202508-0200
4797,200,2025-09-01,83500.0,10.43,8164.73,0.0,6474.32,11638.27,86500.78,2025-09-27,PAY-202509-0200
4798,200,2025-10-01,83500.0,0.0,0.0,5419.97,8192.33,9045.1,88067.2,2025-10-31,PAY-202510-0200
4799,200,2025-11-01,83500.0,0.0,0.0,0.0,14013.75,5818.95,91694.8,2025-11-26,PAY-202511-0200
4800,200,2025-12-01,83500.0,11.7,9158.91,16732.74,11886.34,8418.48,112859.51,2025-12-29,PAY-202512-0200
4801,201,2024-01-01,130200.0,10.54,12865.39,0.0,1051.18,12609.98,131506.59,2024-01-29,PAY-202401-0201
4802,201,2024-02-01,130200.0,7.71,9411.02,0.0,8750.89,6678.86,141683.05,2024-02-29,PAY-202402-0201
4803,201,2024-03-01,130200.0,1.02,1245.04,0.0,4694.83,7524.42,128615.45,2024-03-29,PAY-202403-0201
4804,201,2024-04-01,130200.0,4.46,5443.99,0.0,5003.08,20015.95,120631.12,2024-04-26,PAY-202404-0201
4805,201,2024-05-01,130200.0,6.69,8165.98,21148.82,9230.04,8024.46,160720.38,2024-05-26,PAY-202405-0201
4806,201,2024-06-01,130200.0,0.02,24.41,0.0,2574.98,8092.99,124706.4,2024-06-27,PAY-202406-0201
4807,201,2024-07-01,130200.0,4.3,5248.69,0.0,5710.12,7208.31,133950.5,2024-07-30,PAY-202407-0201
4808,201,2024-08-01,130200.0,11.26,13744.24,0.0,1133.56,13108.56,131969.24,2024-08-27,PAY-202408-0201
4809,201,2024-09-01,130200.0,15.14,18480.26,0.0,374.28,20450.72,128603.82,2024-09-28,PAY-202409-0201
4810,201,2024-10-01,130200.0,5.9,7201.69,0.0,10649.18,11237.9,136812.97,2024-10-29,PAY-202410-0201
4811,201,2024-11-01,130200.0,11.78,14378.96,0.0,14981.9,8388.1,151172.76,2024-11-27,PAY-202411-0201
4812,201,2024-12-01,130200.0,0.0,0.0,0.0,14892.15,7667.78,137424.37,2024-12-26,PAY-202412-0201
4813,201,2025-01-01,130200.0,11.3,13793.06,0.0,4595.9,13399.94,135189.02,2025-01-27,PAY-202501-0201
4814,201,2025-02-01,130200.0,3.98,4858.09,0.0,11393.64,11471.62,134980.11,2025-02-27,PAY-202502-0201
4815,201,2025-03-01,130200.0,9.54,11644.76,0.0,2163.37,17477.13,126531.0,2025-03-26,PAY-202503-0201
4816,201,2025-04-01,130200.0,6.76,8251.42,0.0,2716.26,21935.84,119231.84,2025-04-28,PAY-202504-0201
4817,201,2025-05-01,130200.0,14.6,17821.12,0.0,2128.74,18909.45,131240.41,2025-05-31,PAY-202505-0201
4818,201,2025-06-01,130200.0,3.63,4430.87,0.0,8750.12,11673.97,131707.02,2025-06-29,PAY-202506-0201
4819,201,2025-07-01,130200.0,11.14,13597.76,0.0,7116.91,9561.67,141353.0,2025-07-30,PAY-202507-0201
4820,201,2025-08-01,130200.0,6.6,8056.12,28604.1,6309.99,17097.38,156072.83,2025-08-28,PAY-202508-0201
4821,201,2025-09-01,130200.0,7.21,8800.71,37303.22,7054.87,7845.51,175513.29,2025-09-29,PAY-202509-0201
4822,201,2025-10-01,130200.0,7.08,8642.02,0.0,4501.62,15941.02,127402.62,2025-10-31,PAY-202510-0201
4823,201,2025-11-01,130200.0,3.77,4601.76,0.0,14220.28,20510.53,128511.51,2025-11-28,PAY-202511-0201
4824,201,2025-12-01,130200.0,7.93,9679.56,0.0,5261.33,12980.22,132160.67,2025-12-27,PAY-202512-0201
4825,202,2024-01-01,100700.0,7.69,7259.84,25124.04,1656.6,17537.99,117202.49,2024-01-30,PAY-202401-0202
4826,202,2024-02-01,100700.0,9.21,8694.82,0.0,12623.9,7270.02,114748.7,2024-02-29,PAY-202402-0202
4827,202,2024-03-01,100700.0,8.42,7949.01,0.0,6069.05,14950.75,99767.31,2024-03-28,PAY-202403-0202
4828,202,2024-04-01,100700.0,11.99,11319.31,0.0,12035.01,16619.18,107435.14,2024-04-28,PAY-202404-0202
4829,202,2024-05-01,100700.0,12.62,11914.07,0.0,6419.4,16539.48,102493.99,2024-05-30,PAY-202405-0202
4830,202,2024-06-01,100700.0,2.75,2596.17,0.0,1903.53,11104.11,94095.59,2024-06-26,PAY-202406-0202
4831,202,2024-07-01,100700.0,12.34,11649.73,0.0,7503.0,8559.55,111293.18,2024-07-29,PAY-202407-0202
4832,202,2024-08-01,100700.0,2.07,1954.21,0.0,7667.58,8055.37,102266.42,2024-08-31,PAY-202408-0202
4833,202,2024-09-01,100700.0,10.94,10328.04,0.0,1328.56,12425.59,99931.01,2024-09-30,PAY-202409-0202
4834,202,2024-10-01,100700.0,11.1,10479.09,15205.16,12695.56,6745.07,132334.74,2024-10-29,PAY-202410-0202
4835,202,2024-11-01,100700.0,0.0,0.0,0.0,755.28,12513.63,88941.65,2024-12-01,PAY-202411-0202
4836,202,2024-12-01,100700.0,8.46,7986.77,0.0,13999.35,15095.89,107590.23,2024-12-27,PAY-202412-0202
4837,202,2025-01-01,100700.0,5.66,5343.39,0.0,14429.22,13221.16,107251.45,2025-01-27,PAY-202501-0202
4838,202,2025-02-01,100700.0,4.21,3974.5,0.0,14694.71,8682.19,110687.02,2025-02-28,PAY-202502-0202
4839,202,2025-03-01,100700.0,14.75,13924.92,0.0,4056.29,17400.09,101281.12,2025-03-26,PAY-202503-0202
4840,202,2025-04-01,100700.0,4.73,4465.42,0.0,1759.03,12550.34,94374.11,2025-04-30,PAY-202504-0202
4841,202,2025-05-01,100700.0,3.97,3747.93,0.0,4114.82,7489.45,101073.3,2025-05-31,PAY-202505-0202
4842,202,2025-06-01,100700.0,8.38,7911.24,0.0,2522.59,18098.13,93035.7,2025-06-27,PAY-202506-0202
4843,202,2025-07-01,100700.0,11.43,10790.63,0.0,7375.02,17324.84,101540.81,2025-07-27,PAY-202507-0202
4844,202,2025-08-01,100700.0,7.29,6882.22,0.0,5389.19,9340.02,103631.39,2025-08-27,PAY-202508-0202
4845,202,2025-09-01,100700.0,13.83,13056.38,0.0,29.68,5304.95,108481.11,2025-09-30,PAY-202509-0202
4846,202,2025-10-01,100700.0,10.65,10054.27,0.0,3730.0,8853.52,105630.75,2025-10-31,PAY-202510-0202
4847,202,2025-11-01,100700.0,0.0,0.0,0.0,6801.56,12807.7,94693.86,2025-11-30,PAY-202511-0202
4848,202,2025-12-01,100700.0,5.35,5050.73,23065.53,8576.06,15221.7,122170.62,2025-12-26,PAY-202512-0202
4849,203,2024-01-01,194100.0,5.19,9444.18,0.0,1786.66,29849.04,175481.8,2024-01-26,PAY-202401-0203
4850,203,2024-02-01,194100.0,10.4,18924.75,0.0,12838.11,12035.15,213827.71,2024-03-01,PAY-202402-0203
4851,203,2024-03-01,194100.0,0.0,0.0,0.0,9416.63,30406.15,173110.48,2024-03-27,PAY-202403-0203
4852,203,2024-04-01,194100.0,20.75,37758.52,0.0,3023.12,21230.08,213651.56,2024-04-30,PAY-202404-0203
4853,203,2024-05-01,194100.0,10.66,19397.87,0.0,14176.06,24268.72,203405.21,2024-05-29,PAY-202405-0203
4854,203,2024-06-01,194100.0,8.74,15904.07,0.0,9266.64,19500.57,199770.14,2024-06-30,PAY-202406-0203
4855,203,2024-07-01,194100.0,13.91,25311.85,0.0,5052.58,23414.76,201049.67,2024-07-26,PAY-202407-0203
4856,203,2024-08-01,194100.0,19.72,35884.24,0.0,12999.01,23522.92,219460.33,2024-08-29,PAY-202408-0203
4857,203,2024-09-01,194100.0,12.35,22473.14,0.0,5827.62,10730.23,211670.53,2024-09-26,PAY-202409-0203
4858,203,2024-10-01,194100.0,12.74,23182.82,0.0,12239.03,34242.6,195279.25,2024-10-30,PAY-202410-0203
4859,203,2024-11-01,194100.0,8.65,15740.3,0.0,3286.77,20670.3,192456.77,2024-11-26,PAY-202411-0203
4860,203,2024-12-01,194100.0,7.29,13265.52,0.0,3664.78,20950.57,190079.73,2024-12-26,PAY-202412-0203
4861,203,2025-01-01,194100.0,5.62,10226.64,0.0,1277.44,12038.22,193565.86,2025-01-30,PAY-202501-0203
4862,203,2025-02-01,194100.0,3.87,7042.19,0.0,5540.7,16243.83,190439.06,2025-03-02,PAY-202502-0203
4863,203,2025-03-01,194100.0,4.56,8297.77,0.0,8599.97,30013.93,180983.81,2025-03-27,PAY-202503-0203
4864,203,2025-04-01,194100.0,1.25,2274.61,0.0,2836.69,16259.88,182951.42,2025-05-01,PAY-202504-0203
4865,203,2025-05-01,194100.0,7.62,13866.02,17705.66,4859.13,15740.07,214790.74,2025-05-29,PAY-202505-0203
4866,203,2025-06-01,194100.0,0.0,0.0,0.0,6697.17,19168.93,181628.24,2025-06-30,PAY-202506-0203
4867,203,2025-07-01,194100.0,8.95,16286.2,0.0,3755.74,24390.72,189751.22,2025-07-31,PAY-202507-0203
4868,203,2025-08-01,194100.0,7.82,14229.96,0.0,6066.33,20848.32,193547.97,2025-08-31,PAY-202508-0203
4869,203,2025-09-01,194100.0,8.73,15885.87,7049.61,2069.22,31941.19,187163.51,2025-10-01,PAY-202509-0203
4870,203,2025-10-01,194100.0,5.39,9808.12,9874.77,11549.87,32673.33,192659.43,2025-10-31,PAY-202510-0203
4871,203,2025-11-01,194100.0,23.38,42544.29,0.0,13809.76,26172.52,224281.53,2025-11-30,PAY-202511-0203
4872,203,2025-12-01,194100.0,14.8,26931.38,0.0,13836.64,16996.98,217871.04,2025-12-26,PAY-202512-0203
4873,204,2024-01-01,91900.0,1.78,1533.58,0.0,13360.24,6276.4,100517.42,2024-01-30,PAY-202401-0204
4874,204,2024-02-01,91900.0,9.16,7891.91,0.0,13308.64,10531.23,102569.32,2024-03-02,PAY-202402-0204
4875,204,2024-03-01,91900.0,4.96,4273.35,0.0,2039.15,7311.77,90900.73,2024-03-28,PAY-202403-0204
4876,204,2024-04-01,91900.0,2.93,2524.38,0.0,2889.8,8317.36,88996.82,2024-04-27,PAY-202404-0204
4877,204,2024-05-01,91900.0,1.3,1120.03,0.0,6816.51,4695.61,95140.93,2024-05-26,PAY-202405-0204
4878,204,2024-06-01,91900.0,10.16,8753.48,0.0,1420.52,13813.18,88260.82,2024-06-27,PAY-202406-0204
4879,204,2024-07-01,91900.0,4.59,3954.57,0.0,4980.23,11153.33,89681.47,2024-07-31,PAY-202407-0204
4880,204,2024-08-01,91900.0,12.84,11062.46,0.0,1041.65,6705.91,97298.2,2024-08-31,PAY-202408-0204
4881,204,2024-09-01,91900.0,12.97,11174.47,0.0,5189.27,4808.84,103454.9,2024-10-01,PAY-202409-0204
4882,204,2024-10-01,91900.0,14.87,12811.43,0.0,5963.74,15148.62,95526.55,2024-10-26,PAY-202410-0204
4883,204,2024-11-01,91900.0,3.74,3222.24,0.0,2593.4,5256.64,92459.0,2024-11-29,PAY-202411-0204
4884,204,2024-12-01,91900.0,10.38,8943.02,0.0,806.73,6121.67,95528.08,2024-12-27,PAY-202412-0204
4885,204,2025-01-01,91900.0,11.16,9615.04,0.0,6874.22,4948.93,103440.33,2025-01-31,PAY-202501-0204
4886,204,2025-02-01,91900.0,5.63,4850.6,0.0,13610.63,6990.42,103370.81,2025-02-27,PAY-202502-0204
4887,204,2025-03-01,91900.0,4.14,3566.87,0.0,14853.08,12087.52,98232.43,2025-03-26,PAY-202503-0204
4888,204,2025-04-01,91900.0,16.05,13828.08,0.0,1876.4,12418.66,95185.82,2025-04-28,PAY-202504-0204
4889,204,2025-05-01,91900.0,9.14,7874.68,0.0,10729.95,4732.73,105771.9,2025-05-31,PAY-202505-0204
4890,204,2025-06-01,91900.0,11.18,9632.27,0.0,11271.45,7275.77,105527.95,2025-07-01,PAY-202506-0204
4891,204,2025-07-01,91900.0,3.89,3351.48,0.0,11308.79,8323.14,98237.13,2025-07-31,PAY-202507-0204
4892,204,2025-08-01,91900.0,1.9,1636.97,35636.17,9826.37,15273.63,123725.88,2025-08-29,PAY-202508-0204
4893,204,2025-09-01,91900.0,5.15,4437.05,0.0,3281.45,12169.55,87448.95,2025-09-29,PAY-202509-0204
4894,204,2025-10-01,91900.0,7.38,6358.33,0.0,377.3,12026.5,86609.13,2025-10-28,PAY-202510-0204
4895,204,2025-11-01,91900.0,2.68,2308.99,0.0,5489.26,13187.03,86511.22,2025-12-01,PAY-202511-0204
4896,204,2025-12-01,91900.0,7.95,6849.42,0.0,14460.58,8288.15,104921.85,2025-12-27,PAY-202512-0204
4897,205,2024-01-01,153700.0,0.0,0.0,0.0,5245.83,26888.79,132057.04,2024-01-26,PAY-202401-0205
4898,205,2024-02-01,153700.0,2.4,3458.25,0.0,6147.48,11063.33,152242.4,2024-02-28,PAY-202402-0205
4899,205,2024-03-01,153700.0,11.35,16354.64,0.0,11241.8,10206.95,171089.49,2024-03-29,PAY-202403-0205
4900,205,2024-04-01,153700.0,11.02,15879.13,0.0,2749.09,16737.66,155590.56,2024-04-26,PAY-202404-0205
4901,205,2024-05-01,153700.0,6.04,8703.26,0.0,12709.56,21743.48,153369.34,2024-05-29,PAY-202405-0205
4902,205,2024-06-01,153700.0,2.91,4193.13,0.0,13978.23,23333.55,148537.81,2024-06-27,PAY-202406-0205
4903,205,2024-07-01,153700.0,2.86,4121.08,0.0,4140.93,9215.31,152746.7,2024-07-30,PAY-202407-0205
4904,205,2024-08-01,153700.0,6.13,8832.95,0.0,13258.11,15852.63,159938.43,2024-08-30,PAY-202408-0205
4905,205,2024-09-01,153700.0,11.22,16167.32,0.0,12843.89,13071.13,169640.08,2024-09-30,PAY-202409-0205
4906,205,2024-10-01,153700.0,12.64,18213.45,0.0,7006.22,9293.86,169625.81,2024-10-27,PAY-202410-0205
4907,205,2024-11-01,153700.0,5.52,7953.97,0.0,9586.68,14910.24,156330.41,2024-11-26,PAY-202411-0205
4908,205,2024-12-01,153700.0,2.23,3213.29,0.0,13989.74,23795.21,147107.82,2024-12-28,PAY-202412-0205
4909,205,2025-01-01,153700.0,9.34,13458.36,0.0,7250.59,13706.02,160702.93,2025-01-27,PAY-202501-0205
4910,205,2025-02-01,153700.0,3.88,5590.84,0.0,4698.11,13117.34,150871.61,2025-02-27,PAY-202502-0205
4911,205,2025-03-01,153700.0,5.41,7795.47,0.0,4608.58,16062.56,150041.49,2025-03-31,PAY-202503-0205
4912,205,2025-04-01,153700.0,14.63,21080.92,0.0,8215.26,26616.48,156379.7,2025-04-27,PAY-202504-0205
4913,205,2025-05-01,153700.0,12.14,17492.98,32672.05,6492.35,12735.75,197621.63,2025-05-31,PAY-202505-0205
4914,205,2025-06-01,153700.0,8.79,12665.84,0.0,2454.4,12815.68,156004.56,2025-06-27,PAY-202506-0205
4915,205,2025-07-01,153700.0,1.64,2363.14,18988.43,10364.35,23690.38,161725.54,2025-07-31,PAY-202507-0205
4916,205,2025-08-01,153700.0,9.06,13054.89,0.0,11496.22,9704.59,168546.52,2025-08-31,PAY-202508-0205
4917,205,2025-09-01,153700.0,13.31,19178.88,0.0,11611.65,18608.65,165881.88,2025-09-26,PAY-202509-0205
4918,205,2025-10-01,153700.0,6.12,8818.54,0.0,6953.99,7735.38,161737.15,2025-10-31,PAY-202510-0205
4919,205,2025-11-01,153700.0,14.76,21268.24,0.0,4600.85,14425.85,165143.24,2025-11-30,PAY-202511-0205
4920,205,2025-12-01,153700.0,14.46,20835.96,0.0,7506.64,24948.59,157094.01,2025-12-27,PAY-202512-0205
4921,206,2024-01-01,183200.0,16.32,28029.6,0.0,7923.53,15762.45,203390.68,2024-01-29,PAY-202401-0206
4922,206,2024-02-01,183200.0,9.53,16367.77,0.0,14896.09,18809.09,195654.77,2024-02-26,PAY-202402-0206
4923,206,2024-03-01,183200.0,10.94,18789.45,0.0,1475.09,11559.62,191904.92,2024-03-26,PAY-202403-0206
4924,206,2024-04-01,183200.0,15.07,25882.73,0.0,2414.97,30074.32,181423.38,2024-04-28,PAY-202404-0206
4925,206,2024-05-01,183200.0,10.24,17587.2,0.0,11246.28,11119.15,200914.33,2024-05-31,PAY-202405-0206
4926,206,2024-06-01,183200.0,5.49,9429.08,0.0,12947.85,11981.34,193595.59,2024-06-29,PAY-202406-0206
4927,206,2024-07-01,183200.0,5.76,9892.8,26395.53,14265.93,19255.22,214499.04,2024-07-27,PAY-202407-0206
4928,206,2024-08-01,183200.0,9.19,15783.82,0.0,1507.2,26545.22,173945.8,2024-08-30,PAY-202408-0206
4929,206,2024-09-01,183200.0,1.55,2662.12,0.0,14811.81,13985.97,186687.96,2024-09-26,PAY-202409-0206
4930,206,2024-10-01,183200.0,7.28,12503.4,0.0,3024.67,23322.77,175405.3,2024-10-30,PAY-202410-0206
4931,206,2024-11-01,183200.0,13.48,23151.9,0.0,9343.46,30890.17,184805.19,2024-11-26,PAY-202411-0206
4932,206,2024-12-01,183200.0,0.0,0.0,33265.57,486.51,9474.52,207477.56,2024-12-28,PAY-202412-0206
4933,206,2025-01-01,183200.0,15.67,26913.22,0.0,7122.66,11941.15,205294.73,2025-01-26,PAY-202501-0206
4934,206,2025-02-01,183200.0,13.61,23375.17,0.0,7445.73,11515.44,202505.46,2025-03-01,PAY-202502-0206
4935,206,2025-03-01,183200.0,5.7,9789.75,0.0,8321.64,10245.7,191065.69,2025-03-31,PAY-202503-0206
4936,206,2025-04-01,183200.0,10.72,18411.6,27061.93,5819.31,31244.88,203247.96,2025-04-28,PAY-202504-0206
4937,206,2025-05-01,183200.0,8.02,13774.35,0.0,9252.59,27051.91,179175.03,2025-05-26,PAY-202505-0206
4938,206,2025-06-01,183200.0,14.15,24302.62,0.0,3875.56,23016.97,188361.21,2025-06-28,PAY-202506-0206
4939,206,2025-07-01,183200.0,12.91,22172.92,0.0,9541.99,28724.26,186190.65,2025-07-28,PAY-202507-0206
4940,206,2025-08-01,183200.0,1.0,1717.5,0.0,13818.97,24132.79,174603.68,2025-08-26,PAY-202508-0206
4941,206,2025-09-01,183200.0,10.94,18789.45,0.0,6563.24,14481.85,194070.84,2025-09-30,PAY-202509-0206
4942,206,2025-10-01,183200.0,6.97,11970.98,0.0,1790.7,20414.21,176547.47,2025-10-27,PAY-202510-0206
4943,206,2025-11-01,183200.0,8.41,14444.18,0.0,10139.94,29096.87,178687.25,2025-11-30,PAY-202511-0206
4944,206,2025-12-01,183200.0,4.36,7488.3,0.0,7075.11,27721.94,170041.47,2025-12-30,PAY-202512-0206
4945,207,2024-01-01,96900.0,16.74,15207.24,0.0,10725.88,10739.74,112093.38,2024-01-29,PAY-202401-0207
4946,207,2024-02-01,96900.0,13.2,11991.38,5962.16,10353.89,6244.13,118963.3,2024-03-01,PAY-202402-0207
4947,207,2024-03-01,96900.0,4.3,3906.28,0.0,12521.84,6479.82,106848.3,2024-03-27,PAY-202403-0207
4948,207,2024-04-01,96900.0,1.33,1208.22,0.0,13186.73,12253.03,99041.92,2024-04-29,PAY-202404-0207
4949,207,2024-05-01,96900.0,6.07,5514.22,0.0,7356.15,6364.38,103405.99,2024-05-27,PAY-202405-0207
4950,207,2024-06-01,96900.0,10.17,9238.81,0.0,12562.52,5352.89,113348.44,2024-06-29,PAY-202406-0207
4951,207,2024-07-01,96900.0,9.2,8357.62,159138.81,1590.64,16219.31,249767.76,2024-07-27,PAY-202407-0207
4952,207,2024-08-01,96900.0,14.27,12963.4,0.0,8205.45,13332.06,104736.79,2024-08-31,PAY-202408-0207
4953,207,2024-09-01,96900.0,11.95,10855.83,0.0,11765.67,10709.18,108812.32,2024-09-30,PAY-202409-0207
4954,207,2024-10-01,96900.0,12.85,11673.42,10940.08,3853.4,15780.79,107586.11,2024-10-27,PAY-202410-0207
4955,207,2024-11-01,96900.0,9.63,8748.25,0.0,2024.3,15884.24,91788.31,2024-11-27,PAY-202411-0207
4956,207,2024-12-01,96900.0,1.05,953.86,0.0,12363.61,9766.69,100450.78,2024-12-26,PAY-202412-0207
4957,207,2025-01-01,96900.0,7.02,6377.23,0.0,5766.78,13271.0,95773.01,2025-01-29,PAY-202501-0207
4958,207,2025-02-01,96900.0,13.3,12082.22,0.0,12703.74,8114.95,113571.01,2025-03-03,PAY-202502-0207
4959,207,2025-03-01,96900.0,7.74,7031.31,0.0,5834.0,10418.97,99346.34,2025-03-31,PAY-202503-0207
4960,207,2025-04-01,96900.0,10.52,9556.76,0.0,6553.96,13538.11,99472.61,2025-04-27,PAY-202504-0207
4961,207,2025-05-01,96900.0,6.41,5823.08,0.0,14738.14,16579.33,100881.89,2025-05-31,PAY-202505-0207
4962,207,2025-06-01,96900.0,2.85,2589.05,0.0,13162.08,6634.25,106016.88,2025-06-28,PAY-202506-0207
4963,207,2025-07-01,96900.0,7.38,6704.27,9040.4,6098.58,8601.32,110141.93,2025-07-27,PAY-202507-0207
4964,207,2025-08-01,96900.0,9.55,8675.58,0.0,66.18,16531.79,89109.97,2025-08-27,PAY-202508-0207
4965,207,2025-09-01,96900.0,4.72,4287.82,0.0,696.31,16698.99,85185.14,2025-10-01,PAY-202509-0207
4966,207,2025-10-01,96900.0,6.82,6195.54,0.0,3870.41,14692.95,92273.0,2025-10-28,PAY-202510-0207
4967,207,2025-11-01,96900.0,3.3,2997.84,0.0,10542.24,13597.88,96842.2,2025-11-30,PAY-202511-0207
4968,207,2025-12-01,96900.0,13.6,12354.75,0.0,3331.97,6570.2,106016.52,2025-12-30,PAY-202512-0207
4969,208,2024-01-01,85200.0,6.53,5215.84,0.0,7550.84,6701.05,91265.63,2024-01-26,PAY-202401-0208
4970,208,2024-02-01,85200.0,15.26,12188.92,0.0,1607.05,8968.26,90027.71,2024-02-26,PAY-202402-0208
4971,208,2024-03-01,85200.0,15.64,12492.45,0.0,4745.89,6792.34,95646.0,2024-03-27,PAY-202403-0208
4972,208,2024-04-01,85200.0,7.59,6062.51,36905.72,5655.85,12231.34,121592.74,2024-05-01,PAY-202404-0208
4973,208,2024-05-01,85200.0,2.96,2364.3,0.0,5822.02,7480.92,85905.4,2024-05-31,PAY-202405-0208
4974,208,2024-06-01,85200.0,0.0,0.0,0.0,3466.33,13871.04,74795.29,2024-06-30,PAY-202406-0208
4975,208,2024-07-01,85200.0,0.64,511.2,0.0,3490.09,10351.25,78850.04,2024-07-26,PAY-202407-0208
4976,208,2024-08-01,85200.0,1.13,902.59,5597.66,1777.37,12689.43,80788.19,2024-08-29,PAY-202408-0208
4977,208,2024-09-01,85200.0,14.89,11893.39,0.0,11530.61,5981.96,102642.04,2024-09-30,PAY-202409-0208
4978,208,2024-10-01,85200.0,8.58,6853.27,0.0,8778.12,8961.61,91869.78,2024-10-26,PAY-202410-0208
4979,208,2024-11-01,85200.0,9.95,7947.56,0.0,3701.73,7992.17,88857.12,2024-12-01,PAY-202411-0208
4980,208,2024-12-01,85200.0,0.0,0.0,0.0,12963.41,5775.37,92388.04,2024-12-26,PAY-202412-0208
4981,208,2025-01-01,85200.0,2.01,1605.49,0.0,13614.11,7909.72,92509.88,2025-01-26,PAY-202501-0208
4982,208,2025-02-01,85200.0,12.44,9936.45,0.0,8884.13,12733.99,91286.59,2025-03-01,PAY-202502-0208
4983,208,2025-03-01,85200.0,9.43,7532.21,0.0,5120.49,7135.3,90717.4,2025-03-29,PAY-202503-0208
4984,208,2025-04-01,85200.0,7.26,5798.93,0.0,9592.38,12704.64,87886.67,2025-04-30,PAY-202504-0208
4985,208,2025-05-01,85200.0,10.82,8642.48,0.0,3406.24,8506.01,88742.71,2025-05-27,PAY-202505-0208
4986,208,2025-06-01,85200.0,16.18,12923.77,0.0,4390.78,12659.8,89854.75,2025-06-28,PAY-202506-0208
4987,208,2025-07-01,85200.0,6.89,5503.39,0.0,6342.77,9383.49,87662.67,2025-07-27,PAY-202507-0208
4988,208,2025-08-01,85200.0,8.35,6669.56,7263.02,1526.18,9362.63,91296.13,2025-08-26,PAY-202508-0208
4989,208,2025-09-01,85200.0,8.96,7156.8,0.0,6957.68,8265.68,91048.8,2025-09-28,PAY-202509-0208
4990,208,2025-10-01,85200.0,19.96,15943.05,0.0,7210.27,15279.6,93073.72,2025-10-27,PAY-202510-0208
4991,208,2025-11-01,85200.0,0.0,0.0,0.0,10839.9,6658.1,89381.8,2025-11-29,PAY-202511-0208
4992,208,2025-12-01,85200.0,11.42,9121.73,0.0,14680.5,10131.12,98871.11,2025-12-27,PAY-202512-0208
4993,209,2024-01-01,235700.0,7.43,16417.98,0.0,4447.6,14018.61,242546.97,2024-01-28,PAY-202401-0209
4994,209,2024-02-01,235700.0,10.83,23930.92,0.0,4864.76,25849.79,238645.89,2024-02-27,PAY-202402-0209
4995,209,2024-03-01,235700.0,4.71,10407.63,0.0,2429.96,17078.49,231459.1,2024-03-28,PAY-202403-0209
4996,209,2024-04-01,235700.0,7.76,17147.17,0.0,5916.41,27965.82,230797.76,2024-04-27,PAY-202404-0209
4997,209,2024-05-01,235700.0,11.56,25543.99,0.0,2789.05,27601.71,236431.33,2024-05-28,PAY-202405-0209
4998,209,2024-06-01,235700.0,23.56,52060.24,0.0,6730.42,24918.06,269572.6,2024-06-27,PAY-202406-0209
4999,209,2024-07-01,235700.0,12.04,26604.64,27844.59,5658.7,18123.84,277684.09,2024-07-29,PAY-202407-0209
5000,209,2024-08-01,235700.0,3.76,8308.42,0.0,12895.0,33430.01,223473.41,2024-08-28,PAY-202408-0209
5001,209,2024-09-01,235700.0,5.88,12992.96,0.0,8227.35,40000.67,216919.64,2024-09-29,PAY-202409-0209
5002,209,2024-10-01,235700.0,5.73,12661.51,0.0,2075.45,30284.26,220152.7,2024-10-27,PAY-202410-0209
5003,209,2024-11-01,235700.0,0.0,0.0,0.0,6468.56,27226.52,214942.04,2024-11-29,PAY-202411-0209
5004,209,2024-12-01,235700.0,6.35,14031.52,0.0,6096.55,32370.3,223457.77,2024-12-26,PAY-202412-0209
5005,209,2025-01-01,235700.0,11.66,25764.96,0.0,7755.19,40468.85,228751.3,2025-01-29,PAY-202501-0209
5006,209,2025-02-01,235700.0,1.63,3601.79,0.0,3506.34,13547.91,229260.22,2025-02-28,PAY-202502-0209
5007,209,2025-03-01,235700.0,13.24,29256.26,0.0,11661.31,19742.72,256874.85,2025-03-28,PAY-202503-0209
5008,209,2025-04-01,235700.0,10.44,23069.14,0.0,10309.56,40697.55,228381.15,2025-04-30,PAY-202504-0209
5009,209,2025-05-01,235700.0,4.33,9567.95,0.0,7113.98,29486.63,222895.3,2025-05-31,PAY-202505-0209
5010,209,2025-06-01,235700.0,7.29,16108.62,36668.19,8942.72,25554.21,271865.32,2025-06-28,PAY-202506-0209
5011,209,2025-07-01,235700.0,15.99,35332.9,0.0,4714.06,32676.39,243070.57,2025-07-31,PAY-202507-0209
5012,209,2025-08-01,235700.0,11.67,25787.05,0.0,6753.48,34359.62,233880.91,2025-08-30,PAY-202508-0209
5013,209,2025-09-01,235700.0,8.04,17765.89,0.0,6950.6,33560.94,226855.55,2025-09-28,PAY-202509-0209
5014,209,2025-10-01,235700.0,6.81,15047.97,0.0,6545.01,14143.57,243149.41,2025-10-31,PAY-202510-0209
5015,209,2025-11-01,235700.0,8.38,18517.18,0.0,3618.6,35723.47,222112.31,2025-11-28,PAY-202511-0209
5016,209,2025-12-01,235700.0,5.44,12020.7,0.0,2713.92,18221.38,232213.24,2025-12-29,PAY-202512-0209
5017,210,2024-01-01,174200.0,0.0,0.0,0.0,1953.57,25210.84,150942.73,2024-01-27,PAY-202401-0210
5018,210,2024-02-01,174200.0,18.21,29739.21,11162.23,14155.39,12044.06,217212.77,2024-02-26,PAY-202402-0210
5019,210,2024-03-01,174200.0,8.78,14338.84,7625.39,6971.83,17111.48,186024.58,2024-03-29,PAY-202403-0210
5020,210,2024-04-01,174200.0,9.99,16314.92,0.0,1810.38,19847.75,172477.55,2024-04-29,PAY-202404-0210
5021,210,2024-05-01,174200.0,7.71,12591.39,0.0,11691.57,12279.34,186203.62,2024-05-30,PAY-202405-0210
5022,210,2024-06-01,174200.0,4.32,7055.1,0.0,4334.25,27668.09,157921.26,2024-06-29,PAY-202406-0210
5023,210,2024-07-01,174200.0,7.07,11546.19,0.0,3490.33,17197.65,172038.87,2024-07-26,PAY-202407-0210
5024,210,2024-08-01,174200.0,0.0,0.0,0.0,14330.31,8888.08,179642.23,2024-08-30,PAY-202408-0210
5025,210,2024-09-01,174200.0,19.39,31666.29,0.0,2687.57,9380.05,199173.81,2024-09-27,PAY-202409-0210
5026,210,2024-10-01,174200.0,1.83,2988.62,0.0,14923.53,30992.46,161119.69,2024-10-30,PAY-202410-0210
5027,210,2024-11-01,174200.0,2.84,4638.07,39890.94,13357.25,12885.58,219200.68,2024-11-29,PAY-202411-0210
5028,210,2024-12-01,174200.0,5.8,9472.12,0.0,12432.38,10081.22,186023.28,2024-12-30,PAY-202412-0210
5029,210,2025-01-01,174200.0,14.44,23582.33,7500.85,6968.3,28798.34,183453.14,2025-01-26,PAY-202501-0210
5030,210,2025-02-01,174200.0,8.07,13179.32,0.0,12093.35,10530.4,188942.27,2025-02-27,PAY-202502-0210
5031,210,2025-03-01,174200.0,1.82,2972.29,0.0,11677.99,28823.55,160026.73,2025-03-31,PAY-202503-0210
5032,210,2025-04-01,174200.0,14.27,23304.69,6151.43,8749.54,13435.74,198969.92,2025-04-29,PAY-202504-0210
5033,210,2025-05-01,174200.0,11.66,19042.24,0.0,2753.1,29472.31,166523.03,2025-05-29,PAY-202505-0210
5034,210,2025-06-01,174200.0,10.69,17458.11,0.0,12792.17,28254.08,176196.2,2025-06-29,PAY-202506-0210
5035,210,2025-07-01,174200.0,11.58,18911.59,0.0,4179.56,18755.79,178535.36,2025-07-27,PAY-202507-0210
5036,210,2025-08-01,174200.0,19.97,32613.51,0.0,79.94,13744.03,193149.42,2025-08-30,PAY-202508-0210
5037,210,2025-09-01,174200.0,18.93,30915.06,18919.45,13944.42,14600.44,223378.49,2025-09-27,PAY-202509-0210
5038,210,2025-10-01,174200.0,4.57,7463.38,0.0,9236.73,22586.29,168313.82,2025-10-30,PAY-202510-0210
5039,210,2025-11-01,174200.0,16.12,26325.98,0.0,10483.21,13669.11,197340.08,2025-11-30,PAY-202511-0210
5040,210,2025-12-01,174200.0,9.92,16200.6,0.0,6930.26,12288.15,185042.71,2025-12-29,PAY-202512-0210
5041,211,2024-01-01,70700.0,10.5,6959.53,0.0,12917.68,5006.16,85571.05,2024-01-30,PAY-202401-0211
5042,211,2024-02-01,70700.0,0.0,0.0,18566.58,5220.93,3973.94,90513.57,2024-03-01,PAY-202402-0211
5043,211,2024-03-01,70700.0,7.15,4739.11,0.0,892.5,11167.62,65163.99,2024-03-31,PAY-202403-0211
5044,211,2024-04-01,70700.0,3.94,2611.48,0.0,5926.99,6578.39,72660.08,2024-04-27,PAY-202404-0211
5045,211,2024-05-01,70700.0,12.14,8046.54,0.0,2493.07,9458.8,71780.81,2024-05-28,PAY-202405-0211
5046,211,2024-06-01,70700.0,13.36,8855.17,0.0,8821.68,5968.55,82408.3,2024-07-01,PAY-202406-0211
5047,211,2024-07-01,70700.0,0.0,0.0,0.0,5604.52,7695.25,68609.27,2024-07-26,PAY-202407-0211
5048,211,2024-08-01,70700.0,7.89,5229.59,0.0,8191.97,6304.73,77816.83,2024-08-26,PAY-202408-0211
5049,211,2024-09-01,70700.0,13.61,9020.88,0.0,7427.43,6874.9,80273.41,2024-09-29,PAY-202409-0211
5050,211,2024-10-01,70700.0,7.07,4686.08,0.0,325.51,3944.87,71766.72,2024-10-26,PAY-202410-0211
5051,211,2024-11-01,70700.0,11.65,7721.77,0.0,13835.49,8728.33,83528.93,2024-11-27,PAY-202411-0211
5052,211,2024-12-01,70700.0,9.76,6469.05,0.0,2488.56,10627.21,69030.4,2024-12-28,PAY-202412-0211
5053,211,2025-01-01,70700.0,9.71,6435.91,0.0,14167.45,11642.53,79660.83,2025-01-27,PAY-202501-0211
5054,211,2025-02-01,70700.0,6.64,4401.07,0.0,4192.39,8518.49,70774.97,2025-02-26,PAY-202502-0211
5055,211,2025-03-01,70700.0,1.92,1272.6,0.0,2600.29,4976.86,69596.03,2025-03-27,PAY-202503-0211
5056,211,2025-04-01,70700.0,2.39,1584.12,0.0,2599.7,12334.5,62549.32,2025-04-27,PAY-202504-0211
5057,211,2025-05-01,70700.0,11.55,7655.48,0.0,611.06,10975.92,67990.62,2025-05-31,PAY-202505-0211
5058,211,2025-06-01,70700.0,8.1,5368.78,0.0,5160.79,12481.75,68747.82,2025-06-26,PAY-202506-0211
5059,211,2025-07-01,70700.0,7.31,4845.16,0.0,10940.78,12627.75,73858.19,2025-07-28,PAY-202507-0211
5060,211,2025-08-01,70700.0,5.88,3897.34,0.0,10768.7,11783.57,73582.47,2025-08-27,PAY-202508-0211
5061,211,2025-09-01,70700.0,6.47,4288.4,0.0,8713.43,11008.75,72693.08,2025-09-30,PAY-202509-0211
5062,211,2025-10-01,70700.0,13.23,8769.01,0.0,11750.52,9268.18,81951.35,2025-10-27,PAY-202510-0211
5063,211,2025-11-01,70700.0,6.32,4188.98,0.0,2433.02,11345.53,65976.47,2025-11-29,PAY-202511-0211
5064,211,2025-12-01,70700.0,1.29,855.03,0.0,8881.43,4750.63,75685.83,2025-12-30,PAY-202512-0211
5065,212,2024-01-01,157400.0,11.72,17294.33,24751.57,11106.28,28328.34,182223.84,2024-01-27,PAY-202401-0212
5066,212,2024-02-01,157400.0,6.98,10299.86,0.0,12474.8,24007.56,156167.1,2024-02-28,PAY-202402-0212
5067,212,2024-03-01,157400.0,8.16,12041.1,35789.63,862.98,23831.91,182261.8,2024-03-30,PAY-202403-0212
5068,212,2024-04-01,157400.0,16.04,23669.02,0.0,13615.1,20387.19,174296.93,2024-04-30,PAY-202404-0212
5069,212,2024-05-01,157400.0,7.9,11657.44,0.0,846.63,10788.76,159115.31,2024-05-29,PAY-202405-0212
5070,212,2024-06-01,157400.0,9.45,13944.66,0.0,1128.81,17278.14,155195.33,2024-06-30,PAY-202406-0212
5071,212,2024-07-01,157400.0,2.11,3113.57,0.0,2400.8,26417.05,136497.32,2024-07-29,PAY-202407-0212
5072,212,2024-08-01,157400.0,6.9,10181.81,0.0,11623.11,13357.94,165846.98,2024-08-26,PAY-202408-0212
5073,212,2024-09-01,157400.0,11.05,16305.66,0.0,13525.31,14865.91,172365.06,2024-09-26,PAY-202409-0212
5074,212,2024-10-01,157400.0,0.22,324.64,0.0,2712.17,17002.98,143433.83,2024-10-31,PAY-202410-0212
5075,212,2024-11-01,157400.0,9.0,13280.62,0.0,7224.26,12619.62,165285.26,2024-11-29,PAY-202411-0212
5076,212,2024-12-01,157400.0,8.5,12542.81,0.0,6353.28,27325.08,148971.01,2024-12-29,PAY-202412-0212
5077,212,2025-01-01,157400.0,8.21,12114.88,0.0,10016.7,18278.94,161252.64,2025-01-29,PAY-202501-0212
5078,212,2025-02-01,157400.0,13.19,19463.49,0.0,1543.28,26402.56,152004.21,2025-03-03,PAY-202502-0212
5079,212,2025-03-01,157400.0,9.67,14269.29,26728.38,1806.98,24416.63,175788.02,2025-03-27,PAY-202503-0212
5080,212,2025-04-01,157400.0,15.39,22709.87,24987.87,2375.09,23049.26,184423.57,2025-04-30,PAY-202504-0212
5081,212,2025-05-01,157400.0,3.03,4471.14,0.0,4731.08,10682.06,155920.16,2025-05-26,PAY-202505-0212
5082,212,2025-06-01,157400.0,8.68,12808.42,0.0,10577.26,9154.9,171630.78,2025-07-01,PAY-202506-0212
5083,212,2025-07-01,157400.0,8.42,12424.76,0.0,4977.97,8073.25,166729.48,2025-07-26,PAY-202507-0212
5084,212,2025-08-01,157400.0,2.65,3910.41,0.0,10796.93,10725.96,161381.38,2025-08-30,PAY-202508-0212
5085,212,2025-09-01,157400.0,12.78,18858.49,0.0,4492.69,21501.59,159249.59,2025-09-26,PAY-202509-0212
5086,212,2025-10-01,157400.0,19.62,28951.76,0.0,6624.25,26640.31,166335.7,2025-10-29,PAY-202510-0212
5087,212,2025-11-01,157400.0,7.91,11672.19,0.0,3913.92,20259.02,152727.09,2025-11-27,PAY-202511-0212
5088,212,2025-12-01,157400.0,10.53,15538.33,0.0,11118.73,25466.7,158590.36,2025-12-27,PAY-202512-0212
5089,213,2024-01-01,183100.0,8.42,14453.46,0.0,7525.78,14778.86,190300.38,2024-01-28,PAY-202401-0213
5090,213,2024-02-01,183100.0,4.43,7604.37,0.0,10131.09,25826.91,175008.55,2024-03-01,PAY-202402-0213
5091,213,2024-03-01,183100.0,0.0,0.0,0.0,8860.51,26672.91,165287.6,2024-03-26,PAY-202403-0213
5092,213,2024-04-01,183100.0,4.47,7673.03,0.0,8140.97,20881.27,178032.73,2024-04-29,PAY-202404-0213
5093,213,2024-05-01,183100.0,1.04,1785.23,0.0,5733.06,22831.75,167786.54,2024-05-27,PAY-202405-0213
5094,213,2024-06-01,183100.0,16.52,28357.61,0.0,11363.31,23172.87,199648.05,2024-06-30,PAY-202406-0213
5095,213,2024-07-01,183100.0,7.42,12736.89,0.0,1429.13,29925.67,167340.35,2024-07-26,PAY-202407-0213
5096,213,2024-08-01,183100.0,6.27,10762.85,0.0,7009.05,22077.69,178794.21,2024-08-28,PAY-202408-0213
5097,213,2024-09-01,183100.0,12.45,21371.2,0.0,4124.06,30183.06,178412.2,2024-09-28,PAY-202409-0213
5098,213,2024-10-01,183100.0,2.39,4102.58,0.0,11784.15,17706.88,181279.85,2024-10-30,PAY-202410-0213
5099,213,2024-11-01,183100.0,4.17,7158.07,0.0,12443.13,22043.99,180657.21,2024-11-28,PAY-202411-0213
5100,213,2024-12-01,183100.0,8.34,14316.13,0.0,10659.02,20528.69,187546.46,2024-12-29,PAY-202412-0213
5101,213,2025-01-01,183100.0,13.14,22555.63,0.0,269.84,21244.91,184680.56,2025-01-29,PAY-202501-0213
5102,213,2025-02-01,183100.0,10.51,18041.07,0.0,9876.93,27695.6,183322.4,2025-02-28,PAY-202502-0213
5103,213,2025-03-01,183100.0,9.24,15861.04,0.0,3250.6,27724.66,174486.98,2025-03-28,PAY-202503-0213
5104,213,2025-04-01,183100.0,8.39,14401.96,0.0,1202.3,23094.09,175610.17,2025-04-27,PAY-202504-0213
5105,213,2025-05-01,183100.0,10.0,17165.62,0.0,2589.2,29853.53,173001.29,2025-05-26,PAY-202505-0213
5106,213,2025-06-01,183100.0,9.01,15466.23,0.0,7999.25,17549.57,189015.91,2025-07-01,PAY-202506-0213
5107,213,2025-07-01,183100.0,2.85,4892.2,0.0,6086.03,27172.28,166905.95,2025-07-28,PAY-202507-0213
5108,213,2025-08-01,183100.0,8.23,14127.31,0.0,8287.06,13646.7,191867.67,2025-08-28,PAY-202508-0213
5109,213,2025-09-01,183100.0,2.63,4514.56,0.0,9691.79,11312.5,185993.85,2025-09-27,PAY-202509-0213
5110,213,2025-10-01,183100.0,8.41,14436.29,0.0,3685.26,15665.76,185555.79,2025-10-28,PAY-202510-0213
5111,213,2025-11-01,183100.0,5.6,9612.75,0.0,2625.05,9427.42,185910.38,2025-11-26,PAY-202511-0213
5112,213,2025-12-01,183100.0,20.7,35532.84,0.0,9826.86,18543.36,209916.34,2025-12-31,PAY-202512-0213
5113,214,2024-01-01,142600.0,7.8,10427.62,0.0,2015.68,14517.43,140525.87,2024-01-28,PAY-202401-0214
5114,214,2024-02-01,142600.0,0.98,1310.14,0.0,13377.83,22480.04,134807.93,2024-02-26,PAY-202402-0214
5115,214,2024-03-01,142600.0,7.33,9799.29,0.0,5419.6,10730.18,147088.71,2024-03-26,PAY-202403-0214
5116,214,2024-04-01,142600.0,10.6,14170.88,0.0,4275.6,7859.25,153187.23,2024-05-01,PAY-202404-0214
5117,214,2024-05-01,142600.0,16.37,21884.64,0.0,1123.07,20798.51,144809.2,2024-05-26,PAY-202405-0214
5118,214,2024-06-01,142600.0,5.05,6751.22,0.0,3684.15,21274.78,131760.59,2024-06-30,PAY-202406-0214
5119,214,2024-07-01,142600.0,0.09,120.32,0.0,2017.03,12652.07,132085.28,2024-07-29,PAY-202407-0214
5120,214,2024-08-01,142600.0,12.08,16149.45,38237.32,3332.89,22927.68,177391.98,2024-08-31,PAY-202408-0214
5121,214,2024-09-01,142600.0,1.1,1470.56,38778.17,13976.46,9791.43,187033.76,2024-09-29,PAY-202409-0214
5122,214,2024-10-01,142600.0,5.82,7780.61,0.0,4805.56,12338.93,142847.24,2024-10-26,PAY-202410-0214
5123,214,2024-11-01,142600.0,6.71,8970.43,0.0,11225.43,22534.22,140261.64,2024-11-26,PAY-202411-0214
5124,214,2024-12-01,142600.0,7.65,10227.09,0.0,6538.9,9536.22,149829.77,2024-12-28,PAY-202412-0214
5125,214,2025-01-01,142600.0,11.45,15307.22,0.0,7885.82,24544.47,141248.57,2025-01-26,PAY-202501-0214
5126,214,2025-02-01,142600.0,4.58,6122.89,16394.75,6945.43,10835.47,161227.6,2025-03-01,PAY-202502-0214
5127,214,2025-03-01,142600.0,6.63,8863.48,33915.68,9885.52,23024.29,172240.39,2025-03-31,PAY-202503-0214
5128,214,2025-04-01,142600.0,7.93,10601.42,39406.36,13290.89,21710.15,184188.52,2025-04-26,PAY-202504-0214
5129,214,2025-05-01,142600.0,8.75,11697.66,37789.98,9258.27,12378.37,188967.54,2025-05-26,PAY-202505-0214
5130,214,2025-06-01,142600.0,8.49,11350.07,0.0,4495.05,24531.46,133913.66,2025-07-01,PAY-202506-0214
5131,214,2025-07-01,142600.0,10.18,13609.39,17213.81,13498.92,12463.48,174458.64,2025-07-31,PAY-202507-0214
5132,214,2025-08-01,142600.0,12.22,16336.61,0.0,2680.16,15840.42,145776.35,2025-08-29,PAY-202508-0214
5133,214,2025-09-01,142600.0,9.96,13315.28,0.0,7149.13,14920.1,148144.31,2025-09-26,PAY-202509-0214
5134,214,2025-10-01,142600.0,10.27,13729.71,0.0,10388.2,21775.75,144942.16,2025-10-30,PAY-202510-0214
5135,214,2025-11-01,142600.0,0.09,120.32,0.0,9355.14,7964.26,144111.2,2025-11-28,PAY-202511-0214
5136,214,2025-12-01,142600.0,8.25,11029.22,0.0,12132.78,15905.55,149856.45,2025-12-28,PAY-202512-0214
5137,215,2024-01-01,43600.0,10.4,4251.0,24266.77,296.59,2670.52,69743.84,2024-01-29,PAY-202401-0215
5138,215,2024-02-01,43600.0,11.64,4757.85,0.0,8469.48,3157.36,53669.97,2024-03-02,PAY-202402-0215
5139,215,2024-03-01,43600.0,4.54,1855.72,0.0,13233.07,3806.89,54881.9,2024-03-27,PAY-202403-0215
5140,215,2024-04-01,43600.0,4.7,1921.12,0.0,3999.13,3695.16,45825.09,2024-04-29,PAY-202404-0215
5141,215,2024-05-01,43600.0,5.13,2096.89,0.0,4030.02,4608.17,45118.74,2024-05-28,PAY-202405-0215
5142,215,2024-06-01,43600.0,10.68,4365.45,0.0,7514.75,4383.27,51096.93,2024-06-28,PAY-202406-0215
5143,215,2024-07-01,43600.0,13.17,5383.24,0.0,11412.83,2241.1,58154.97,2024-07-28,PAY-202407-0215
5144,215,2024-08-01,43600.0,5.96,2436.15,0.0,11590.66,4275.59,53351.22,2024-08-27,PAY-202408-0215
5145,215,2024-09-01,43600.0,12.54,5125.72,0.0,11415.98,4549.35,55592.35,2024-09-30,PAY-202409-0215
5146,215,2024-10-01,43600.0,8.62,3523.42,29087.5,2594.35,5103.09,73702.18,2024-10-31,PAY-202410-0215
5147,215,2024-11-01,43600.0,7.38,3016.57,0.0,948.29,2248.51,45316.35,2024-11-26,PAY-202411-0215
5148,215,2024-12-01,43600.0,6.94,2836.73,0.0,3407.05,7136.08,42707.7,2024-12-31,PAY-202412-0215
5149,215,2025-01-01,43600.0,11.73,4794.64,0.0,7225.63,7528.36,48091.91,2025-01-27,PAY-202501-0215
5150,215,2025-02-01,43600.0,9.63,3936.26,30413.96,3516.84,6602.34,74864.72,2025-03-02,PAY-202502-0215
5151,215,2025-03-01,43600.0,19.38,7921.57,32932.91,8723.27,3429.08,89748.67,2025-03-30,PAY-202503-0215
5152,215,2025-04-01,43600.0,3.74,1528.73,28518.66,748.66,4950.11,69445.94,2025-05-01,PAY-202504-0215
5153,215,2025-05-01,43600.0,10.59,4328.66,0.0,11055.59,3844.12,55140.13,2025-05-29,PAY-202505-0215
5154,215,2025-06-01,43600.0,5.35,2186.81,0.0,13597.94,3664.59,55720.16,2025-06-27,PAY-202506-0215
5155,215,2025-07-01,43600.0,3.65,1491.94,0.0,5942.69,4306.5,46728.13,2025-07-30,PAY-202507-0215
5156,215,2025-08-01,43600.0,7.95,3249.56,0.0,12648.62,7638.39,51859.79,2025-08-28,PAY-202508-0215
5157,215,2025-09-01,43600.0,8.69,3552.04,0.0,3846.11,4527.08,46471.07,2025-09-29,PAY-202509-0215
5158,215,2025-10-01,43600.0,22.59,9233.66,0.0,13152.59,6459.44,59526.81,2025-10-29,PAY-202510-0215
5159,215,2025-11-01,43600.0,7.08,2893.95,0.0,12137.03,7647.78,50983.2,2025-11-26,PAY-202511-0215
5160,215,2025-12-01,43600.0,2.35,960.56,0.0,4454.02,6113.63,42900.95,2025-12-30,PAY-202512-0215
5161,216,2024-01-01,40600.0,9.37,3566.46,0.0,7762.94,5243.93,46685.47,2024-01-26,PAY-202401-0216
5162,216,2024-02-01,40600.0,0.0,0.0,0.0,2237.29,4539.04,38298.25,2024-03-02,PAY-202402-0216
5163,216,2024-03-01,40600.0,7.54,2869.91,0.0,12646.85,2088.55,54028.21,2024-03-30,PAY-202403-0216
5164,216,2024-04-01,40600.0,8.08,3075.45,0.0,615.15,4428.44,39862.16,2024-04-30,PAY-202404-0216
5165,216,2024-05-01,40600.0,11.97,4556.08,0.0,4350.84,3276.6,46230.32,2024-05-29,PAY-202405-0216
5166,216,2024-06-01,40600.0,12.87,4898.64,0.0,6426.07,3811.12,48113.59,2024-06-26,PAY-202406-0216
5167,216,2024-07-01,40600.0,5.48,2085.83,0.0,3719.68,3439.27,42966.24,2024-07-29,PAY-202407-0216
5168,216,2024-08-01,40600.0,7.25,2759.53,0.0,3684.71,2172.77,44871.47,2024-08-29,PAY-202408-0216
5169,216,2024-09-01,40600.0,4.17,1587.21,0.0,9988.08,2147.45,50027.84,2024-09-29,PAY-202409-0216
5170,216,2024-10-01,40600.0,2.36,898.27,0.0,11871.88,6805.34,46564.81,2024-10-30,PAY-202410-0216
5171,216,2024-11-01,40600.0,9.55,3634.97,0.0,2745.55,2998.04,43982.48,2024-11-29,PAY-202411-0216
5172,216,2024-12-01,40600.0,1.63,620.42,0.0,7130.62,5062.93,43288.11,2024-12-28,PAY-202412-0216
5173,216,2025-01-01,40600.0,5.93,2257.11,0.0,9214.63,6099.85,45971.89,2025-01-29,PAY-202501-0216
5174,216,2025-02-01,40600.0,3.02,1149.49,0.0,7606.0,3766.97,45588.52,2025-03-02,PAY-202502-0216
5175,216,2025-03-01,40600.0,10.75,4091.72,0.0,10143.79,6296.41,48539.1,2025-03-26,PAY-202503-0216
5176,216,2025-04-01,40600.0,17.01,6474.43,0.0,11271.45,5052.4,53293.48,2025-04-27,PAY-202504-0216
5177,216,2025-05-01,40600.0,1.49,567.13,0.0,12198.1,5705.47,47659.76,2025-05-31,PAY-202505-0216
5178,216,2025-06-01,40600.0,0.0,0.0,0.0,12717.26,6019.85,47297.41,2025-06-29,PAY-202506-0216
5179,216,2025-07-01,40600.0,7.38,2809.01,34534.21,11982.3,5395.68,84529.84,2025-07-26,PAY-202507-0216
5180,216,2025-08-01,40600.0,8.08,3075.45,0.0,9552.01,5043.75,48183.71,2025-08-27,PAY-202508-0216
5181,216,2025-09-01,40600.0,9.09,3459.88,0.0,10417.04,2339.73,52137.19,2025-10-01,PAY-202509-0216
5182,216,2025-10-01,40600.0,5.77,2196.21,0.0,6338.81,5725.44,43409.58,2025-10-26,PAY-202510-0216
5183,216,2025-11-01,40600.0,7.0,2664.38,0.0,6022.09,5847.52,43438.95,2025-11-26,PAY-202511-0216
5184,216,2025-12-01,40600.0,9.84,3745.35,0.0,3088.99,6457.9,40976.44,2025-12-26,PAY-202512-0216
5185,217,2024-01-01,39500.0,13.2,4888.12,0.0,2442.89,6755.34,40075.67,2024-01-31,PAY-202401-0217
5186,217,2024-02-01,39500.0,0.0,0.0,0.0,222.45,2959.16,36763.29,2024-03-01,PAY-202402-0217
5187,217,2024-03-01,39500.0,6.16,2281.12,0.0,11501.07,4588.56,48693.63,2024-03-30,PAY-202403-0217
5188,217,2024-04-01,39500.0,9.07,3358.73,39831.87,12246.02,6753.06,88183.56,2024-04-29,PAY-202404-0217
5189,217,2024-05-01,39500.0,3.41,1262.77,10387.15,10536.42,6934.26,54752.08,2024-05-27,PAY-202405-0217
5190,217,2024-06-01,39500.0,16.66,6169.41,0.0,3500.71,2439.39,46730.73,2024-07-01,PAY-202406-0217
5191,217,2024-07-01,39500.0,4.82,1784.91,0.0,91.14,4146.53,37229.52,2024-07-28,PAY-202407-0217
5192,217,2024-08-01,39500.0,7.79,2884.73,0.0,2574.24,4990.85,39968.12,2024-08-27,PAY-202408-0217
5193,217,2024-09-01,39500.0,10.78,3991.97,30128.72,8870.38,5502.56,76988.51,2024-10-01,PAY-202409-0217
5194,217,2024-10-01,39500.0,5.04,1866.38,0.0,13264.15,5438.93,49191.6,2024-10-27,PAY-202410-0217
5195,217,2024-11-01,39500.0,0.0,0.0,0.0,4537.3,7056.43,36980.87,2024-11-30,PAY-202411-0217
5196,217,2024-12-01,39500.0,5.86,2170.03,0.0,1694.32,3817.4,39546.95,2024-12-30,PAY-202412-0217
5197,217,2025-01-01,39500.0,13.15,4869.61,0.0,6278.2,2112.54,48535.27,2025-01-29,PAY-202501-0217
5198,217,2025-02-01,39500.0,6.32,2340.38,0.0,952.64,3720.79,39072.23,2025-03-02,PAY-202502-0217
5199,217,2025-03-01,39500.0,3.77,1396.08,0.0,29.88,3302.21,37623.75,2025-03-30,PAY-202503-0217
5200,217,2025-04-01,39500.0,12.63,4677.05,0.0,14378.85,3369.43,55186.47,2025-04-30,PAY-202504-0217
5201,217,2025-05-01,39500.0,6.35,2351.48,0.0,11137.49,3402.2,49586.77,2025-05-27,PAY-202505-0217
5202,217,2025-06-01,39500.0,5.45,2018.2,0.0,10460.62,5994.73,45984.09,2025-07-01,PAY-202506-0217
5203,217,2025-07-01,39500.0,8.75,3240.23,0.0,11105.71,4367.44,49478.5,2025-07-30,PAY-202507-0217
5204,217,2025-08-01,39500.0,11.85,4388.2,21501.66,12900.49,2003.66,76286.69,2025-08-31,PAY-202508-0217
5205,217,2025-09-01,39500.0,19.91,7372.92,0.0,9613.4,5381.17,51105.15,2025-10-01,PAY-202509-0217
5206,217,2025-10-01,39500.0,12.14,4495.59,35905.99,7915.56,6410.09,81407.05,2025-10-26,PAY-202510-0217
5207,217,2025-11-01,39500.0,13.8,5110.31,27767.2,3788.97,5941.27,70225.21,2025-12-01,PAY-202511-0217
5208,217,2025-12-01,39500.0,5.47,2025.61,0.0,13518.79,5333.54,49710.86,2025-12-26,PAY-202512-0217
5209,218,2024-01-01,199100.0,2.87,5357.03,0.0,2995.7,21570.47,185882.26,2024-01-26,PAY-202401-0218
5210,218,2024-02-01,199100.0,8.31,15511.13,6903.97,8986.16,13994.71,216506.55,2024-03-02,PAY-202402-0218
5211,218,2024-03-01,199100.0,8.54,15940.44,0.0,6694.0,11195.42,210539.02,2024-03-26,PAY-202403-0218
5212,218,2024-04-01,199100.0,2.61,4871.73,0.0,8091.32,23351.56,188711.49,2024-04-26,PAY-202404-0218
5213,218,2024-05-01,199100.0,7.12,13289.93,0.0,6031.67,23639.14,194782.46,2024-05-30,PAY-202405-0218
5214,218,2024-06-01,199100.0,10.0,18665.62,0.0,8254.02,26812.13,199207.51,2024-06-28,PAY-202406-0218
5215,218,2024-07-01,199100.0,9.8,18292.31,0.0,12636.71,18399.3,211629.72,2024-07-26,PAY-202407-0218
5216,218,2024-08-01,199100.0,10.52,19636.24,0.0,288.61,13767.7,205257.15,2024-08-30,PAY-202408-0218
5217,218,2024-09-01,199100.0,9.45,17639.02,0.0,14489.11,34580.33,196647.8,2024-09-27,PAY-202409-0218
5218,218,2024-10-01,199100.0,5.46,10191.43,0.0,7003.9,17088.62,199206.71,2024-10-26,PAY-202410-0218
5219,218,2024-11-01,199100.0,5.43,10135.43,0.0,32.73,34208.9,175059.26,2024-12-01,PAY-202411-0218
5220,218,2024-12-01,199100.0,2.01,3751.79,25994.43,13415.19,32177.61,210083.8,2024-12-27,PAY-202412-0218
5221,218,2025-01-01,199100.0,16.92,31582.24,0.0,6092.17,13382.73,223391.68,2025-01-30,PAY-202501-0218
5222,218,2025-02-01,199100.0,8.07,15063.16,9671.41,251.15,26129.3,197956.42,2025-03-01,PAY-202502-0218
5223,218,2025-03-01,199100.0,6.88,12841.95,31509.35,2628.45,33840.62,212239.13,2025-03-27,PAY-202503-0218
5224,218,2025-04-01,199100.0,3.36,6271.65,0.0,13235.45,17218.06,201389.04,2025-04-27,PAY-202504-0218
5225,218,2025-05-01,199100.0,22.68,42333.64,0.0,8922.93,26266.83,224089.74,2025-05-27,PAY-202505-0218
5226,218,2025-06-01,199100.0,2.63,4909.06,0.0,5010.12,23463.87,185555.31,2025-06-29,PAY-202506-0218
5227,218,2025-07-01,199100.0,5.86,10938.06,0.0,1218.34,10238.47,201017.93,2025-07-31,PAY-202507-0218
5228,218,2025-08-01,199100.0,10.08,18814.95,0.0,9928.86,26979.54,200864.27,2025-08-28,PAY-202508-0218
5229,218,2025-09-01,199100.0,11.0,20532.19,0.0,13153.58,15518.54,217267.23,2025-09-30,PAY-202509-0218
5230,218,2025-10-01,199100.0,12.79,23873.33,8150.87,13890.5,34720.49,210294.21,2025-10-29,PAY-202510-0218
5231,218,2025-11-01,199100.0,17.04,31806.22,0.0,134.32,24224.81,206815.73,2025-11-28,PAY-202511-0218
5232,218,2025-12-01,199100.0,10.53,19654.9,0.0,6076.04,31084.91,193746.03,2025-12-31,PAY-202512-0218
5233,219,2024-01-01,130100.0,2.72,3317.55,26351.57,9735.38,14096.56,155407.94,2024-01-27,PAY-202401-0219
5234,219,2024-02-01,130100.0,6.72,8196.3,0.0,4404.66,12854.69,129846.27,2024-02-27,PAY-202402-0219
5235,219,2024-03-01,130100.0,9.54,11635.82,0.0,13370.96,11719.93,143386.85,2024-03-28,PAY-202403-0219
5236,219,2024-04-01,130100.0,18.34,22369.07,0.0,10476.02,13691.58,149253.51,2024-04-30,PAY-202404-0219
5237,219,2024-05-01,130100.0,1.01,1231.88,0.0,10498.68,20291.67,121538.89,2024-05-28,PAY-202405-0219
5238,219,2024-06-01,130100.0,14.01,17087.82,0.0,4175.72,6780.15,144583.39,2024-06-27,PAY-202406-0219
5239,219,2024-07-01,130100.0,8.9,10855.22,0.0,12406.04,11104.95,142256.31,2024-07-30,PAY-202407-0219
5240,219,2024-08-01,130100.0,12.19,14867.99,0.0,1782.85,21291.67,125459.17,2024-08-30,PAY-202408-0219
5241,219,2024-09-01,130100.0,7.49,9135.46,0.0,7476.19,15262.06,131449.59,2024-09-28,PAY-202409-0219
5242,219,2024-10-01,130100.0,3.79,4622.62,0.0,6000.99,9080.35,131643.26,2024-10-27,PAY-202410-0219
5243,219,2024-11-01,130100.0,11.75,14331.33,0.0,3462.32,7155.14,140738.51,2024-11-29,PAY-202411-0219
5244,219,2024-12-01,130100.0,11.27,13745.88,0.0,9064.79,17074.43,135836.24,2024-12-30,PAY-202412-0219
5245,219,2025-01-01,130100.0,12.86,15685.18,0.0,8779.61,8692.66,145872.13,2025-01-30,PAY-202501-0219
5246,219,2025-02-01,130100.0,7.93,9672.12,0.0,12248.95,22873.24,129147.83,2025-03-03,PAY-202502-0219
5247,219,2025-03-01,130100.0,5.0,6098.44,0.0,2023.33,7359.07,130862.7,2025-03-28,PAY-202503-0219
5248,219,2025-04-01,130100.0,0.21,256.13,0.0,7866.52,9625.77,128596.88,2025-04-29,PAY-202504-0219
5249,219,2025-05-01,130100.0,12.1,14758.22,0.0,1932.16,12996.74,133793.64,2025-05-29,PAY-202505-0219
5250,219,2025-06-01,130100.0,10.12,12343.24,20879.67,13971.24,16372.16,160921.99,2025-06-27,PAY-202506-0219
5251,219,2025-07-01,130100.0,3.17,3866.41,0.0,5171.29,16826.54,122311.16,2025-07-30,PAY-202507-0219
5252,219,2025-08-01,130100.0,5.31,6476.54,0.0,14219.75,17621.99,133174.3,2025-08-27,PAY-202508-0219
5253,219,2025-09-01,130100.0,5.67,6915.63,0.0,11058.55,19885.31,128188.87,2025-10-01,PAY-202509-0219
5254,219,2025-10-01,130100.0,0.59,719.62,0.0,3230.04,19215.05,114834.61,2025-10-31,PAY-202510-0219
5255,219,2025-11-01,130100.0,3.91,4768.98,0.0,14588.06,15908.25,133548.79,2025-11-29,PAY-202511-0219
5256,219,2025-12-01,130100.0,2.33,2841.87,0.0,6764.1,9672.65,130033.32,2025-12-29,PAY-202512-0219
5257,220,2024-01-01,128700.0,5.94,7166.98,9249.63,3822.1,9323.88,139614.83,2024-01-30,PAY-202401-0220
5258,220,2024-02-01,128700.0,4.31,5200.28,0.0,12112.19,21412.81,124599.66,2024-02-27,PAY-202402-0220
5259,220,2024-03-01,128700.0,0.0,0.0,12004.97,7918.2,9607.19,139015.98,2024-03-30,PAY-202403-0220
5260,220,2024-04-01,128700.0,18.11,21850.85,39686.47,6036.76,6925.74,189348.34,2024-04-26,PAY-202404-0220
5261,220,2024-05-01,128700.0,14.26,17205.58,0.0,745.06,22812.79,123837.85,2024-05-31,PAY-202405-0220
5262,220,2024-06-01,128700.0,4.1,4946.91,0.0,5983.44,20490.31,119140.04,2024-07-01,PAY-202406-0220
5263,220,2024-07-01,128700.0,9.36,11293.42,0.0,1010.08,19692.8,121310.7,2024-07-31,PAY-202407-0220
5264,220,2024-08-01,128700.0,10.09,12174.22,0.0,3402.43,6999.77,137276.88,2024-08-28,PAY-202408-0220
5265,220,2024-09-01,128700.0,13.96,16843.61,0.0,8460.34,10077.79,143926.16,2024-09-26,PAY-202409-0220
5266,220,2024-10-01,128700.0,3.91,4717.66,23080.52,8623.68,11812.3,153309.56,2024-10-31,PAY-202410-0220
5267,220,2024-11-01,128700.0,13.46,16240.33,0.0,7051.16,6990.0,145001.49,2024-11-30,PAY-202411-0220
5268,220,2024-12-01,128700.0,5.26,6346.52,0.0,9666.41,20368.97,124343.96,2024-12-29,PAY-202412-0220
5269,220,2025-01-01,128700.0,1.32,1592.66,0.0,11134.24,17596.74,123830.16,2025-01-31,PAY-202501-0220
5270,220,2025-02-01,128700.0,11.62,14020.26,0.0,13628.86,11947.97,144401.15,2025-03-03,PAY-202502-0220
5271,220,2025-03-01,128700.0,14.45,17434.83,0.0,834.17,9490.94,137478.06,2025-03-28,PAY-202503-0220
5272,220,2025-04-01,128700.0,20.94,25265.42,0.0,464.7,22036.46,132393.66,2025-04-29,PAY-202504-0220
5273,220,2025-05-01,128700.0,2.0,2413.12,0.0,14136.14,8146.66,137102.6,2025-05-28,PAY-202505-0220
5274,220,2025-06-01,128700.0,11.49,13863.4,0.0,9306.62,8528.09,143341.93,2025-06-30,PAY-202506-0220
5275,220,2025-07-01,128700.0,5.95,7179.05,0.0,12409.25,15556.72,132731.58,2025-07-26,PAY-202507-0220
5276,220,2025-08-01,128700.0,11.92,14382.23,0.0,12859.6,13165.85,142775.98,2025-08-27,PAY-202508-0220
5277,220,2025-09-01,128700.0,0.65,784.27,0.0,1277.63,17458.75,113303.15,2025-09-27,PAY-202509-0220
5278,220,2025-10-01,128700.0,1.69,2039.09,0.0,41.67,16736.06,114044.7,2025-10-29,PAY-202510-0220
5279,220,2025-11-01,128700.0,4.12,4971.04,23416.73,8578.06,22800.77,142865.06,2025-11-27,PAY-202511-0220
5280,220,2025-12-01,128700.0,8.39,10123.06,0.0,9774.56,18691.12,129906.5,2025-12-28,PAY-202512-0220
5281,221,2024-01-01,136100.0,4.79,6111.74,0.0,100.91,11191.25,131121.4,2024-01-28,PAY-202401-0221
5282,221,2024-02-01,136100.0,11.3,14418.09,0.0,1807.74,9695.45,142630.38,2024-02-27,PAY-202402-0221
5283,221,2024-03-01,136100.0,13.13,16753.06,0.0,9849.73,15335.89,147366.9,2024-03-30,PAY-202403-0221
5284,221,2024-04-01,136100.0,11.0,14035.31,0.0,6070.56,7030.28,149175.59,2024-04-29,PAY-202404-0221
5285,221,2024-05-01,136100.0,16.09,20529.83,0.0,2946.74,9804.99,149771.58,2024-05-29,PAY-202405-0221
5286,221,2024-06-01,136100.0,10.08,12861.45,0.0,5244.18,10799.3,143406.33,2024-06-26,PAY-202406-0221
5287,221,2024-07-01,136100.0,1.92,2449.8,0.0,11426.93,9978.04,139998.69,2024-07-26,PAY-202407-0221
5288,221,2024-08-01,136100.0,14.82,18909.39,0.0,5002.89,17810.29,142201.99,2024-08-30,PAY-202408-0221
5289,221,2024-09-01,136100.0,4.97,6341.41,0.0,1064.74,10313.1,133193.05,2024-09-29,PAY-202409-0221
5290,221,2024-10-01,136100.0,12.55,16013.02,0.0,6894.33,10164.5,148842.85,2024-10-31,PAY-202410-0221
5291,221,2024-11-01,136100.0,15.87,20249.13,0.0,4408.85,24432.65,136325.33,2024-11-28,PAY-202411-0221
5292,221,2024-12-01,136100.0,10.28,13116.64,0.0,4299.17,17578.86,135936.95,2024-12-28,PAY-202412-0221
5293,221,2025-01-01,136100.0,0.52,663.49,0.0,385.09,20071.08,117077.5,2025-01-30,PAY-202501-0221
5294,221,2025-02-01,136100.0,3.41,4350.95,0.0,1930.06,10794.64,131586.37,2025-02-26,PAY-202502-0221
5295,221,2025-03-01,136100.0,14.61,18641.45,0.0,13272.82,19045.52,148968.75,2025-03-29,PAY-202503-0221
5296,221,2025-04-01,136100.0,7.15,9122.95,0.0,1143.25,20199.58,126166.62,2025-04-26,PAY-202504-0221
5297,221,2025-05-01,136100.0,8.4,10717.88,0.0,9448.12,24099.15,132166.85,2025-05-31,PAY-202505-0221
5298,221,2025-06-01,136100.0,11.79,15043.3,0.0,11718.73,13126.35,149735.68,2025-06-29,PAY-202506-0221
5299,221,2025-07-01,136100.0,11.48,14647.76,0.0,14415.2,9750.15,155412.81,2025-07-30,PAY-202507-0221
5300,221,2025-08-01,136100.0,9.39,11981.05,0.0,1176.85,13027.19,136230.71,2025-08-27,PAY-202508-0221
5301,221,2025-09-01,136100.0,6.96,8880.52,0.0,555.59,21206.09,124330.02,2025-09-30,PAY-202509-0221
5302,221,2025-10-01,136100.0,6.44,8217.04,0.0,7633.25,12896.93,139053.36,2025-10-30,PAY-202510-0221
5303,221,2025-11-01,136100.0,12.29,15681.27,0.0,10933.8,21096.71,141618.36,2025-11-28,PAY-202511-0221
5304,221,2025-12-01,136100.0,10.77,13741.85,0.0,6778.38,11604.2,145016.03,2025-12-30,PAY-202512-0221
5305,222,2024-01-01,57500.0,6.71,3617.11,0.0,5486.18,7377.02,59226.27,2024-01-26,PAY-202401-0222
5306,222,2024-02-01,57500.0,13.41,7228.83,0.0,703.37,6551.93,58880.27,2024-02-29,PAY-202402-0222
5307,222,2024-03-01,57500.0,7.35,3962.11,14976.98,8817.48,9544.65,75711.92,2024-03-26,PAY-202403-0222
5308,222,2024-04-01,57500.0,3.74,2016.09,0.0,4784.0,5205.39,59094.7,2024-04-30,PAY-202404-0222
5309,222,2024-05-01,57500.0,4.21,2269.45,0.0,275.62,8564.52,51480.55,2024-05-30,PAY-202405-0222
5310,222,2024-06-01,57500.0,3.11,1676.48,0.0,10677.65,3993.34,65860.79,2024-06-26,PAY-202406-0222
5311,222,2024-07-01,57500.0,6.64,3579.38,0.0,362.0,4437.32,57004.06,2024-07-29,PAY-202407-0222
5312,222,2024-08-01,57500.0,14.17,7638.52,0.0,2404.78,9899.79,57643.51,2024-08-31,PAY-202408-0222
5313,222,2024-09-01,57500.0,3.97,2140.08,22980.95,13730.08,6941.31,89409.8,2024-09-29,PAY-202409-0222
5314,222,2024-10-01,57500.0,8.94,4819.22,0.0,4180.52,10141.46,56358.28,2024-10-31,PAY-202410-0222
5315,222,2024-11-01,57500.0,4.72,2544.38,20568.56,8107.27,4007.85,84712.36,2024-11-28,PAY-202411-0222
5316,222,2024-12-01,57500.0,6.7,3611.72,0.0,10467.22,3551.81,68027.13,2024-12-29,PAY-202412-0222
5317,222,2025-01-01,57500.0,0.45,242.58,0.0,6559.94,7362.34,56940.18,2025-01-27,PAY-202501-0222
5318,222,2025-02-01,57500.0,6.9,3719.53,0.0,5138.19,5995.99,60361.73,2025-02-27,PAY-202502-0222
5319,222,2025-03-01,57500.0,7.03,3789.61,11645.57,14781.8,5117.36,82599.62,2025-03-26,PAY-202503-0222
5320,222,2025-04-01,57500.0,10.7,5767.97,0.0,7608.43,3274.33,67602.07,2025-04-29,PAY-202504-0222
5321,222,2025-05-01,57500.0,9.12,4916.25,0.0,7583.84,10088.04,59912.05,2025-05-30,PAY-202505-0222
5322,222,2025-06-01,57500.0,2.01,1083.52,0.0,14532.32,7334.44,65781.4,2025-06-26,PAY-202506-0222
5323,222,2025-07-01,57500.0,13.42,7234.22,0.0,10734.58,7356.15,68112.65,2025-07-30,PAY-202507-0222
5324,222,2025-08-01,57500.0,9.05,4878.52,34368.35,12334.87,7578.28,101503.46,2025-08-28,PAY-202508-0222
5325,222,2025-09-01,57500.0,8.99,4846.17,0.0,1182.91,4367.7,59161.38,2025-09-27,PAY-202509-0222
5326,222,2025-10-01,57500.0,7.95,4285.55,0.0,5678.58,3594.46,63869.67,2025-10-30,PAY-202510-0222
5327,222,2025-11-01,57500.0,5.41,2916.33,0.0,5077.55,3226.67,62267.21,2025-11-27,PAY-202511-0222
5328,222,2025-12-01,57500.0,9.09,4900.08,0.0,3614.53,7794.59,58220.02,2025-12-26,PAY-202512-0222
5329,223,2024-01-01,141500.0,10.38,13769.72,0.0,6049.17,12506.47,148812.42,2024-01-29,PAY-202401-0223
5330,223,2024-02-01,141500.0,0.0,0.0,0.0,10083.54,9998.56,141584.98,2024-02-26,PAY-202402-0223
5331,223,2024-03-01,141500.0,5.31,7044.05,0.0,9009.3,15727.71,141825.64,2024-03-26,PAY-202403-0223
5332,223,2024-04-01,141500.0,6.73,8927.77,0.0,14279.59,13758.98,150948.38,2024-04-28,PAY-202404-0223
5333,223,2024-05-01,141500.0,9.28,12310.5,0.0,10896.14,24708.08,139998.56,2024-05-26,PAY-202405-0223
5334,223,2024-06-01,141500.0,13.97,18532.08,0.0,10183.44,19563.58,150651.94,2024-06-27,PAY-202406-0223
5335,223,2024-07-01,141500.0,4.14,5491.97,0.0,13431.0,8545.28,151877.69,2024-07-26,PAY-202407-0223
5336,223,2024-08-01,141500.0,5.51,7309.36,0.0,11188.47,22211.77,137786.06,2024-08-30,PAY-202408-0223
5337,223,2024-09-01,141500.0,5.44,7216.5,0.0,3658.21,12083.95,140290.76,2024-09-29,PAY-202409-0223
5338,223,2024-10-01,141500.0,3.99,5292.98,0.0,14967.03,9508.12,152251.89,2024-10-29,PAY-202410-0223
5339,223,2024-11-01,141500.0,6.26,8304.28,0.0,4900.75,21035.78,133669.25,2024-11-29,PAY-202411-0223
5340,223,2024-12-01,141500.0,11.85,15719.77,0.0,5449.53,25032.62,137636.68,2024-12-27,PAY-202412-0223
5341,223,2025-01-01,141500.0,2.73,3621.52,0.0,1105.09,16909.35,129317.26,2025-01-26,PAY-202501-0223
5342,223,2025-02-01,141500.0,10.14,13451.34,0.0,7292.43,17293.86,144949.91,2025-03-01,PAY-202502-0223
5343,223,2025-03-01,141500.0,0.0,0.0,36739.73,7754.05,7965.66,178028.12,2025-03-26,PAY-202503-0223
5344,223,2025-04-01,141500.0,5.19,6884.86,0.0,622.95,14355.92,134651.89,2025-04-29,PAY-202504-0223
5345,223,2025-05-01,141500.0,6.35,8423.67,0.0,5564.47,9452.84,146035.3,2025-05-30,PAY-202505-0223
5346,223,2025-06-01,141500.0,16.37,21715.83,0.0,1315.95,18724.32,145807.46,2025-06-28,PAY-202506-0223
5347,223,2025-07-01,141500.0,6.63,8795.11,0.0,9357.66,17887.0,141765.77,2025-07-26,PAY-202507-0223
5348,223,2025-08-01,141500.0,0.0,0.0,0.0,8799.62,17971.56,132328.06,2025-08-27,PAY-202508-0223
5349,223,2025-09-01,141500.0,0.0,0.0,30927.3,9586.42,9708.47,172305.25,2025-09-27,PAY-202509-0223
5350,223,2025-10-01,141500.0,8.17,10838.02,14180.23,2371.19,10754.57,158134.87,2025-10-29,PAY-202510-0223
5351,223,2025-11-01,141500.0,11.07,14685.05,0.0,8526.36,19880.01,144831.4,2025-11-28,PAY-202511-0223
5352,223,2025-12-01,141500.0,9.88,13106.44,0.0,1681.71,19018.27,137269.88,2025-12-27,PAY-202512-0223
5353,224,2024-01-01,153300.0,8.84,12704.74,0.0,624.9,20086.37,146543.27,2024-01-30,PAY-202401-0224
5354,224,2024-02-01,153300.0,13.81,19847.56,0.0,1995.72,26936.5,148206.78,2024-02-28,PAY-202402-0224
5355,224,2024-03-01,153300.0,5.3,7617.09,0.0,14212.84,26287.55,148842.38,2024-03-31,PAY-202403-0224
5356,224,2024-04-01,153300.0,12.47,17921.73,0.0,12169.8,27224.96,156166.57,2024-04-30,PAY-202404-0224
5357,224,2024-05-01,153300.0,0.0,0.0,0.0,657.67,13361.31,140596.36,2024-05-30,PAY-202405-0224
5358,224,2024-06-01,153300.0,3.48,5001.41,0.0,4222.74,13351.01,149173.14,2024-06-28,PAY-202406-0224
5359,224,2024-07-01,153300.0,0.0,0.0,0.0,1358.44,18774.18,135884.26,2024-07-31,PAY-202407-0224
5360,224,2024-08-01,153300.0,6.63,9528.55,0.0,10775.49,19527.6,154076.44,2024-08-28,PAY-202408-0224
5361,224,2024-09-01,153300.0,7.77,11166.95,0.0,7940.89,13312.75,159095.09,2024-09-28,PAY-202409-0224
5362,224,2024-10-01,153300.0,8.57,12316.7,0.0,5972.05,15759.05,155829.7,2024-10-27,PAY-202410-0224
5363,224,2024-11-01,153300.0,8.31,11943.03,0.0,10287.43,10642.55,164887.91,2024-11-29,PAY-202411-0224
5364,224,2024-12-01,153300.0,3.36,4828.95,0.0,784.99,21603.57,137310.37,2024-12-29,PAY-202412-0224
5365,224,2025-01-01,153300.0,7.05,10132.17,38932.76,6125.83,23824.63,184666.13,2025-01-27,PAY-202501-0224
5366,224,2025-02-01,153300.0,0.51,732.97,0.0,6345.86,16586.12,143792.71,2025-02-28,PAY-202502-0224
5367,224,2025-03-01,153300.0,14.82,21299.12,0.0,9605.2,22766.59,161437.73,2025-03-29,PAY-202503-0224
5368,224,2025-04-01,153300.0,6.48,9312.98,11885.91,11996.65,8918.29,177577.25,2025-04-30,PAY-202504-0224
5369,224,2025-05-01,153300.0,5.56,7990.76,0.0,1065.09,26695.06,135660.79,2025-05-31,PAY-202505-0224
5370,224,2025-06-01,153300.0,15.94,22908.77,20442.67,10190.86,20316.1,186526.2,2025-06-26,PAY-202506-0224
5371,224,2025-07-01,153300.0,1.79,2572.57,0.0,12134.45,13963.23,154043.79,2025-07-26,PAY-202507-0224
5372,224,2025-08-01,153300.0,2.37,3406.13,0.0,6600.57,8897.38,154409.32,2025-08-27,PAY-202508-0224
5373,224,2025-09-01,153300.0,2.52,3621.71,0.0,4533.33,11833.92,149621.12,2025-09-30,PAY-202509-0224
5374,224,2025-10-01,153300.0,7.66,11008.86,0.0,6635.06,12953.13,157990.79,2025-10-31,PAY-202510-0224
5375,224,2025-11-01,153300.0,10.16,14601.83,0.0,3963.22,22518.83,149346.22,2025-11-27,PAY-202511-0224
5376,224,2025-12-01,153300.0,11.7,16815.09,33407.77,10415.95,27345.17,186593.64,2025-12-29,PAY-202512-0224
5377,225,2024-01-01,104500.0,20.86,20436.28,0.0,4789.77,11477.29,118248.76,2024-01-30,PAY-202401-0225
5378,225,2024-02-01,104500.0,0.0,0.0,0.0,1199.28,13959.96,91739.32,2024-03-01,PAY-202402-0225
5379,225,2024-03-01,104500.0,11.04,10815.75,0.0,7972.76,11130.77,112157.74,2024-03-31,PAY-202403-0225
5380,225,2024-04-01,104500.0,5.21,5104.17,0.0,12714.19,10721.7,111596.66,2024-04-27,PAY-202404-0225
5381,225,2024-05-01,104500.0,5.07,4967.02,0.0,5825.15,6896.71,108395.46,2024-05-27,PAY-202405-0225
5382,225,2024-06-01,104500.0,4.9,4800.47,0.0,4834.04,13474.81,100659.7,2024-06-28,PAY-202406-0225
5383,225,2024-07-01,104500.0,3.46,3389.72,0.0,8393.49,10604.5,105678.71,2024-07-26,PAY-202407-0225
5384,225,2024-08-01,104500.0,16.42,16086.47,0.0,7030.61,15712.58,111904.5,2024-08-27,PAY-202408-0225
5385,225,2024-09-01,104500.0,12.21,11961.98,0.0,10410.97,16739.17,110133.78,2024-10-01,PAY-202409-0225
5386,225,2024-10-01,104500.0,8.12,7955.06,14287.57,12833.08,16170.58,123405.13,2024-10-26,PAY-202410-0225
5387,225,2024-11-01,104500.0,14.76,14460.19,0.0,2459.14,13423.14,107996.19,2024-11-29,PAY-202411-0225
5388,225,2024-12-01,104500.0,0.44,431.06,0.0,3255.21,16776.45,91409.82,2024-12-27,PAY-202412-0225
5389,225,2025-01-01,104500.0,1.35,1322.58,0.0,9055.57,11733.0,103145.15,2025-01-31,PAY-202501-0225
5390,225,2025-02-01,104500.0,0.0,0.0,0.0,8482.84,16916.4,96066.44,2025-02-28,PAY-202502-0225
5391,225,2025-03-01,104500.0,4.5,4408.59,0.0,2790.65,12841.72,98857.52,2025-03-27,PAY-202503-0225
5392,225,2025-04-01,104500.0,8.81,8631.05,0.0,11446.3,16303.26,108274.09,2025-04-29,PAY-202504-0225
5393,225,2025-05-01,104500.0,8.51,8337.14,0.0,12891.99,14092.48,111636.65,2025-05-28,PAY-202505-0225
5394,225,2025-06-01,104500.0,8.75,8572.27,0.0,7100.97,8441.35,111731.89,2025-07-01,PAY-202506-0225
5395,225,2025-07-01,104500.0,0.94,920.91,0.0,10813.95,17009.53,99225.33,2025-07-31,PAY-202507-0225
5396,225,2025-08-01,104500.0,12.02,11775.84,0.0,2049.91,14544.45,103781.3,2025-08-26,PAY-202508-0225
5397,225,2025-09-01,104500.0,9.2,9013.12,0.0,3770.43,18695.55,98588.0,2025-09-26,PAY-202509-0225
5398,225,2025-10-01,104500.0,11.67,11432.95,0.0,2833.48,15565.16,103201.27,2025-10-27,PAY-202510-0225
5399,225,2025-11-01,104500.0,0.0,0.0,0.0,4400.03,8110.7,100789.33,2025-11-28,PAY-202511-0225
5400,225,2025-12-01,104500.0,9.56,9365.81,0.0,1059.03,13253.59,101671.25,2025-12-27,PAY-202512-0225
5401,226,2024-01-01,212400.0,2.06,4101.98,0.0,136.39,29193.7,187444.67,2024-01-28,PAY-202401-0226
5402,226,2024-02-01,212400.0,6.01,11967.41,0.0,12930.27,19683.8,217613.88,2024-02-28,PAY-202402-0226
5403,226,2024-03-01,212400.0,10.67,21246.64,0.0,1902.57,21361.18,214188.03,2024-03-29,PAY-202403-0226
5404,226,2024-04-01,212400.0,8.46,16845.98,0.0,8525.91,27445.42,210326.47,2024-04-26,PAY-202404-0226
5405,226,2024-05-01,212400.0,3.74,7447.28,0.0,14390.97,14052.64,220185.61,2024-05-26,PAY-202405-0226
5406,226,2024-06-01,212400.0,8.03,15989.74,0.0,5900.21,18471.36,215818.59,2024-06-27,PAY-202406-0226
5407,226,2024-07-01,212400.0,0.34,677.03,0.0,2320.88,31976.69,183421.22,2024-07-29,PAY-202407-0226
5408,226,2024-08-01,212400.0,13.75,27379.69,0.0,10870.6,14776.93,235873.36,2024-08-27,PAY-202408-0226
5409,226,2024-09-01,212400.0,6.97,13879.01,0.0,7011.59,16648.91,216641.69,2024-09-26,PAY-202409-0226
5410,226,2024-10-01,212400.0,13.59,27061.09,0.0,10889.65,29944.08,220406.66,2024-10-26,PAY-202410-0226
5411,226,2024-11-01,212400.0,5.37,10693.01,0.0,6027.14,18868.75,210251.4,2024-11-29,PAY-202411-0226
5412,226,2024-12-01,212400.0,5.38,10712.92,33092.93,51.74,26041.62,230215.97,2024-12-26,PAY-202412-0226
5413,226,2025-01-01,212400.0,4.18,8323.42,0.0,11963.56,19871.62,212815.36,2025-01-28,PAY-202501-0226
5414,226,2025-02-01,212400.0,12.38,24651.68,0.0,7551.35,19020.55,225582.48,2025-03-03,PAY-202502-0226
5415,226,2025-03-01,212400.0,4.45,8861.06,0.0,10918.89,11658.03,220521.92,2025-03-29,PAY-202503-0226
5416,226,2025-04-01,212400.0,11.22,22341.83,0.0,4462.67,12101.27,227103.23,2025-04-29,PAY-202504-0226
5417,226,2025-05-01,212400.0,6.09,12126.71,0.0,10130.96,34602.19,200055.48,2025-05-29,PAY-202505-0226
5418,226,2025-06-01,212400.0,0.0,0.0,0.0,5502.36,15231.33,202671.03,2025-06-29,PAY-202506-0226
5419,226,2025-07-01,212400.0,5.15,10254.94,0.0,5568.75,36188.81,192034.88,2025-07-29,PAY-202507-0226
5420,226,2025-08-01,212400.0,2.1,4181.62,0.0,206.9,11724.75,205063.77,2025-08-31,PAY-202508-0226
5421,226,2025-09-01,212400.0,8.17,16268.51,0.0,12072.75,28909.08,211832.18,2025-09-28,PAY-202509-0226
5422,226,2025-10-01,212400.0,2.05,4082.06,0.0,11907.9,36681.22,191708.74,2025-10-28,PAY-202510-0226
5423,226,2025-11-01,212400.0,12.63,25149.49,0.0,10933.93,18426.59,230056.83,2025-11-29,PAY-202511-0226
5424,226,2025-12-01,212400.0,7.54,15014.02,0.0,8925.19,28448.76,207890.45,2025-12-27,PAY-202512-0226
5425,227,2024-01-01,46700.0,7.11,3112.85,37385.9,14714.1,6578.52,95334.33,2024-01-30,PAY-202401-0227
5426,227,2024-02-01,46700.0,11.28,4938.52,0.0,11228.42,7426.4,55440.54,2024-03-02,PAY-202402-0227
5427,227,2024-03-01,46700.0,12.82,5612.76,0.0,14958.84,7128.62,60142.98,2024-03-28,PAY-202403-0227
5428,227,2024-04-01,46700.0,7.9,3458.72,0.0,10590.99,4928.83,55820.88,2024-04-30,PAY-202404-0227
5429,227,2024-05-01,46700.0,4.14,1812.54,0.0,13331.16,7275.99,54567.71,2024-05-26,PAY-202405-0227
5430,227,2024-06-01,46700.0,0.0,0.0,0.0,8958.23,7194.45,48463.78,2024-06-27,PAY-202406-0227
5431,227,2024-07-01,46700.0,4.57,2000.8,0.0,6254.19,7631.3,47323.69,2024-07-28,PAY-202407-0227
5432,227,2024-08-01,46700.0,4.91,2149.66,0.0,1976.82,3685.38,47141.1,2024-08-30,PAY-202408-0227
5433,227,2024-09-01,46700.0,8.54,3738.92,0.0,5715.09,3128.86,53025.15,2024-09-27,PAY-202409-0227
5434,227,2024-10-01,46700.0,6.27,2745.08,0.0,8785.86,8008.72,50222.22,2024-10-30,PAY-202410-0227
5435,227,2024-11-01,46700.0,11.44,5008.57,0.0,1119.45,7598.7,45229.32,2024-11-26,PAY-202411-0227
5436,227,2024-12-01,46700.0,4.94,2162.79,0.0,4324.75,7997.94,45189.6,2024-12-27,PAY-202412-0227
5437,227,2025-01-01,46700.0,7.71,3375.53,0.0,61.26,2779.6,47357.19,2025-01-31,PAY-202501-0227
5438,227,2025-02-01,46700.0,13.92,6094.35,0.0,11119.69,8331.39,55582.65,2025-02-27,PAY-202502-0227
5439,227,2025-03-01,46700.0,9.71,4251.16,0.0,2896.63,5926.47,47921.32,2025-03-30,PAY-202503-0227
5440,227,2025-04-01,46700.0,7.7,3371.16,0.0,4562.79,5356.58,49277.37,2025-04-27,PAY-202504-0227
5441,227,2025-05-01,46700.0,4.99,2184.68,0.0,13937.16,3316.17,59505.67,2025-05-29,PAY-202505-0227
5442,227,2025-06-01,46700.0,4.83,2114.63,0.0,11197.85,6560.92,53451.56,2025-06-26,PAY-202506-0227
5443,227,2025-07-01,46700.0,3.75,1641.8,0.0,11615.27,5530.5,54426.57,2025-07-27,PAY-202507-0227
5444,227,2025-08-01,46700.0,5.29,2316.03,0.0,7887.89,5649.99,51253.93,2025-08-29,PAY-202508-0227
5445,227,2025-09-01,46700.0,11.78,5157.43,28004.26,14587.97,4096.34,90353.32,2025-09-29,PAY-202509-0227
5446,227,2025-10-01,46700.0,6.89,3016.53,0.0,5766.3,2802.68,52680.15,2025-10-31,PAY-202510-0227
5447,227,2025-11-01,46700.0,1.25,547.27,0.0,10850.05,5829.07,52268.25,2025-11-28,PAY-202511-0227
5448,227,2025-12-01,46700.0,16.84,7372.76,0.0,7013.08,8281.8,52804.04,2025-12-30,PAY-202512-0227
5449,228,2024-01-01,142200.0,9.6,12798.0,0.0,13047.61,12120.05,155925.56,2024-01-26,PAY-202401-0228
5450,228,2024-02-01,142200.0,0.97,1293.13,0.0,4868.51,15029.06,133332.58,2024-02-29,PAY-202402-0228
5451,228,2024-03-01,142200.0,5.79,7718.79,0.0,8510.54,21839.27,136590.06,2024-03-27,PAY-202403-0228
5452,228,2024-04-01,142200.0,8.55,11398.22,178455.35,8123.65,25061.11,315116.11,2024-04-30,PAY-202404-0228
5453,228,2024-05-01,142200.0,16.52,22023.22,0.0,6671.61,10831.8,160063.03,2024-05-26,PAY-202405-0228
5454,228,2024-06-01,142200.0,2.46,3279.49,24005.11,8608.95,9711.14,168382.41,2024-06-26,PAY-202406-0228
5455,228,2024-07-01,142200.0,12.88,17170.65,0.0,1986.13,8939.31,152417.47,2024-07-28,PAY-202407-0228
5456,228,2024-08-01,142200.0,15.0,19996.88,0.0,4779.84,15421.65,151555.07,2024-08-30,PAY-202408-0228
5457,228,2024-09-01,142200.0,4.86,6478.99,0.0,4166.75,16339.36,136506.38,2024-09-30,PAY-202409-0228
5458,228,2024-10-01,142200.0,6.61,8811.96,0.0,4837.11,21004.22,134844.85,2024-10-28,PAY-202410-0228
5459,228,2024-11-01,142200.0,2.82,3759.41,0.0,5280.98,25433.29,125807.1,2024-11-27,PAY-202411-0228
5460,228,2024-12-01,142200.0,6.98,9305.21,0.0,6464.3,7215.76,150753.75,2024-12-26,PAY-202412-0228
5461,228,2025-01-01,142200.0,7.82,10425.04,0.0,6696.16,16741.57,142579.63,2025-01-29,PAY-202501-0228
5462,228,2025-02-01,142200.0,11.3,15064.31,0.0,12837.54,12492.57,157609.28,2025-02-26,PAY-202502-0228
5463,228,2025-03-01,142200.0,13.45,17930.53,0.0,6220.85,13633.71,152717.67,2025-03-28,PAY-202503-0228
5464,228,2025-04-01,142200.0,4.26,5679.11,11129.38,3850.32,12702.69,150156.12,2025-04-26,PAY-202504-0228
5465,228,2025-05-01,142200.0,0.0,0.0,0.0,8830.93,15841.11,135189.82,2025-05-28,PAY-202505-0228
5466,228,2025-06-01,142200.0,7.89,10518.36,33058.64,12497.82,10836.61,187438.21,2025-06-29,PAY-202506-0228
5467,228,2025-07-01,142200.0,9.47,12624.69,0.0,14971.67,7424.05,162372.31,2025-07-27,PAY-202507-0228
5468,228,2025-08-01,142200.0,9.25,12331.41,0.0,12308.73,23142.22,143697.92,2025-08-31,PAY-202508-0228
5469,228,2025-09-01,142200.0,6.37,8492.01,5695.79,3677.26,10696.02,149369.04,2025-09-30,PAY-202509-0228
5470,228,2025-10-01,142200.0,8.62,11491.54,0.0,14049.15,9954.68,157786.01,2025-10-27,PAY-202510-0228
5471,228,2025-11-01,142200.0,15.58,20770.09,0.0,6168.18,10314.7,158823.57,2025-12-01,PAY-202511-0228
5472,228,2025-12-01,142200.0,9.91,13211.27,0.0,727.67,18413.51,137725.43,2025-12-30,PAY-202512-0228
5473,229,2024-01-01,153100.0,6.13,8798.47,0.0,14746.79,23116.83,153528.43,2024-01-28,PAY-202401-0229
5474,229,2024-02-01,153100.0,5.5,7894.22,0.0,3188.87,20949.68,143233.41,2024-02-26,PAY-202402-0229
5475,229,2024-03-01,153100.0,7.15,10262.48,0.0,6498.88,8972.85,160888.51,2024-03-30,PAY-202403-0229
5476,229,2024-04-01,153100.0,16.18,23223.36,0.0,7271.86,24465.75,159129.47,2024-04-30,PAY-202404-0229
5477,229,2024-05-01,153100.0,7.08,10162.01,0.0,2023.94,13083.26,152202.69,2024-05-27,PAY-202405-0229
5478,229,2024-06-01,153100.0,7.9,11338.97,0.0,1642.74,14871.4,151210.31,2024-06-30,PAY-202406-0229
5479,229,2024-07-01,153100.0,5.59,8023.4,0.0,197.74,13979.64,147341.5,2024-07-26,PAY-202407-0229
5480,229,2024-08-01,153100.0,13.49,19362.37,0.0,5309.06,22981.78,154789.65,2024-08-31,PAY-202408-0229
5481,229,2024-09-01,153100.0,17.8,25548.56,0.0,14817.86,27034.21,166432.21,2024-09-26,PAY-202409-0229
5482,229,2024-10-01,153100.0,10.25,14711.95,0.0,7473.98,20376.17,154909.76,2024-10-27,PAY-202410-0229
5483,229,2024-11-01,153100.0,8.41,12070.98,0.0,10152.46,25334.26,149989.18,2024-11-30,PAY-202411-0229
5484,229,2024-12-01,153100.0,8.18,11740.86,0.0,11419.03,8553.77,167706.12,2024-12-31,PAY-202412-0229
5485,229,2025-01-01,153100.0,0.0,0.0,0.0,16.35,21929.97,131186.38,2025-01-28,PAY-202501-0229
5486,229,2025-02-01,153100.0,11.73,16836.22,0.0,9760.1,23751.4,155944.92,2025-02-26,PAY-202502-0229
5487,229,2025-03-01,153100.0,8.67,12444.16,0.0,14541.7,14696.17,165389.69,2025-03-30,PAY-202503-0229
5488,229,2025-04-01,153100.0,10.14,14554.07,0.0,11440.59,14265.25,164829.41,2025-04-28,PAY-202504-0229
5489,229,2025-05-01,153100.0,4.44,6372.79,0.0,13065.07,16982.42,155555.44,2025-05-28,PAY-202505-0229
5490,229,2025-06-01,153100.0,6.08,8726.7,0.0,3410.37,18870.77,146366.3,2025-06-29,PAY-202506-0229
5491,229,2025-07-01,153100.0,5.94,8525.76,0.0,7067.47,18255.15,150438.08,2025-07-29,PAY-202507-0229
5492,229,2025-08-01,153100.0,13.11,18816.95,0.0,5479.49,26535.37,150861.07,2025-08-31,PAY-202508-0229
5493,229,2025-09-01,153100.0,6.11,8769.76,0.0,7702.28,16120.95,153451.09,2025-09-28,PAY-202509-0229
5494,229,2025-10-01,153100.0,18.41,26424.1,0.0,10301.04,22017.69,167807.45,2025-10-27,PAY-202510-0229
5495,229,2025-11-01,153100.0,10.15,14568.42,23269.38,10858.63,24355.59,177440.84,2025-11-28,PAY-202511-0229
5496,229,2025-12-01,153100.0,1.62,2325.21,0.0,7800.0,15545.18,147680.03,2025-12-30,PAY-202512-0229
5497,230,2024-01-01,139200.0,7.36,9604.8,0.0,4146.81,17284.7,135666.91,2024-01-27,PAY-202401-0230
5498,230,2024-02-01,139200.0,4.74,6185.7,0.0,11496.8,10005.83,146876.67,2024-02-29,PAY-202402-0230
5499,230,2024-03-01,139200.0,0.0,0.0,27498.88,10838.57,13777.56,163759.89,2024-03-30,PAY-202403-0230
5500,230,2024-04-01,139200.0,16.0,20880.0,0.0,2486.2,14560.14,148006.06,2024-04-29,PAY-202404-0230
5501,230,2024-05-01,139200.0,11.52,15033.6,0.0,7745.31,8745.3,153233.61,2024-05-29,PAY-202405-0230
5502,230,2024-06-01,139200.0,10.67,13924.35,0.0,37.32,14250.07,138911.6,2024-06-30,PAY-202406-0230
5503,230,2024-07-01,139200.0,8.83,11523.15,0.0,14499.1,23513.46,141708.79,2024-07-26,PAY-202407-0230
5504,230,2024-08-01,139200.0,1.09,1422.45,0.0,14725.89,16544.2,138804.14,2024-08-26,PAY-202408-0230
5505,230,2024-09-01,139200.0,5.58,7281.9,0.0,7509.79,12296.53,141695.16,2024-09-27,PAY-202409-0230
5506,230,2024-10-01,139200.0,12.21,15934.05,0.0,12349.93,21829.52,145654.46,2024-10-30,PAY-202410-0230
5507,230,2024-11-01,139200.0,2.74,3575.7,0.0,9342.86,17703.95,134414.61,2024-11-26,PAY-202411-0230
5508,230,2024-12-01,139200.0,0.0,0.0,0.0,13917.77,11222.81,141894.96,2024-12-29,PAY-202412-0230
5509,230,2025-01-01,139200.0,6.86,8952.3,0.0,3300.95,15533.11,135920.14,2025-01-29,PAY-202501-0230
5510,230,2025-02-01,139200.0,7.29,9513.45,0.0,14187.6,7448.14,155452.91,2025-02-27,PAY-202502-0230
5511,230,2025-03-01,139200.0,8.68,11327.4,0.0,3419.98,19252.79,134694.59,2025-03-30,PAY-202503-0230
5512,230,2025-04-01,139200.0,11.64,15190.2,29795.03,11948.64,24666.82,171467.05,2025-04-28,PAY-202504-0230
5513,230,2025-05-01,139200.0,11.19,14602.95,0.0,13093.82,19889.0,147007.77,2025-05-31,PAY-202505-0230
5514,230,2025-06-01,139200.0,9.29,12123.45,0.0,834.43,23039.6,129118.28,2025-06-28,PAY-202506-0230
5515,230,2025-07-01,139200.0,13.98,18243.9,0.0,14766.46,17472.42,154737.94,2025-07-31,PAY-202507-0230
5516,230,2025-08-01,139200.0,0.41,535.05,0.0,9406.8,15015.8,134126.05,2025-08-29,PAY-202508-0230
5517,230,2025-09-01,139200.0,10.52,13728.6,0.0,3037.88,16457.35,139509.13,2025-09-30,PAY-202509-0230
5518,230,2025-10-01,139200.0,11.13,14524.65,0.0,10282.36,22214.8,141792.21,2025-10-31,PAY-202510-0230
5519,230,2025-11-01,139200.0,1.8,2349.0,0.0,7712.83,13343.23,135918.6,2025-11-26,PAY-202511-0230
5520,230,2025-12-01,139200.0,0.49,639.45,0.0,9037.92,17054.43,131822.94,2025-12-28,PAY-202512-0230
5521,231,2024-01-01,187600.0,4.27,7509.86,0.0,14813.49,27966.23,181957.12,2024-01-31,PAY-202401-0231
5522,231,2024-02-01,187600.0,4.69,8248.54,0.0,6074.81,22791.65,179131.7,2024-03-01,PAY-202402-0231
5523,231,2024-03-01,187600.0,11.77,20700.49,0.0,7675.9,19404.08,196572.31,2024-03-30,PAY-202403-0231
5524,231,2024-04-01,187600.0,4.93,8670.64,10444.41,253.41,21061.53,185906.93,2024-04-26,PAY-202404-0231
5525,231,2024-05-01,187600.0,3.72,6542.55,0.0,8905.17,25994.54,177053.18,2024-05-27,PAY-202405-0231
5526,231,2024-06-01,187600.0,4.94,8688.23,27105.88,10018.5,10059.38,223353.23,2024-06-28,PAY-202406-0231
5527,231,2024-07-01,187600.0,13.59,23901.41,0.0,8207.73,29067.95,190641.19,2024-07-26,PAY-202407-0231
5528,231,2024-08-01,187600.0,8.07,14193.11,0.0,8506.09,28624.85,181674.35,2024-08-30,PAY-202408-0231
5529,231,2024-09-01,187600.0,7.1,12487.12,0.0,12710.02,28503.56,184293.58,2024-09-26,PAY-202409-0231
5530,231,2024-10-01,187600.0,7.45,13102.69,0.0,2007.23,29095.78,173614.14,2024-10-31,PAY-202410-0231
5531,231,2024-11-01,187600.0,14.46,25431.53,0.0,105.64,19178.85,193958.32,2024-12-01,PAY-202411-0231
5532,231,2024-12-01,187600.0,4.25,7474.69,0.0,14485.86,10273.77,199286.78,2024-12-26,PAY-202412-0231
5533,231,2025-01-01,187600.0,14.58,25642.58,25514.77,3291.69,28386.44,213662.6,2025-01-30,PAY-202501-0231
5534,231,2025-02-01,187600.0,9.05,15916.69,0.0,5814.33,24176.09,185154.93,2025-02-27,PAY-202502-0231
5535,231,2025-03-01,187600.0,7.2,12663.0,0.0,13579.34,21851.56,191990.78,2025-03-29,PAY-202503-0231
5536,231,2025-04-01,187600.0,20.5,36054.38,0.0,9112.08,20455.11,212311.35,2025-04-26,PAY-202504-0231
5537,231,2025-05-01,187600.0,2.72,4783.8,0.0,4742.74,19640.6,177485.94,2025-05-28,PAY-202505-0231
5538,231,2025-06-01,187600.0,6.23,10957.01,0.0,9212.75,30408.61,177361.15,2025-07-01,PAY-202506-0231
5539,231,2025-07-01,187600.0,1.84,3236.1,0.0,14948.16,14038.33,191745.93,2025-07-28,PAY-202507-0231
5540,231,2025-08-01,187600.0,12.76,22441.65,0.0,199.05,21253.01,188987.69,2025-08-27,PAY-202508-0231
5541,231,2025-09-01,187600.0,16.45,28931.44,0.0,11489.13,29862.61,198157.96,2025-10-01,PAY-202509-0231
5542,231,2025-10-01,187600.0,16.35,28755.56,0.0,3270.31,17255.0,202370.87,2025-10-28,PAY-202510-0231
5543,231,2025-11-01,187600.0,14.12,24833.55,0.0,10220.18,28101.0,194552.73,2025-11-29,PAY-202511-0231
5544,231,2025-12-01,187600.0,7.01,12328.84,0.0,491.02,12476.75,187943.11,2025-12-26,PAY-202512-0231
5545,232,2024-01-01,122700.0,6.17,7097.43,0.0,9268.01,16909.93,122155.51,2024-01-31,PAY-202401-0232
5546,232,2024-02-01,122700.0,0.0,0.0,0.0,4107.73,19249.4,107558.33,2024-02-28,PAY-202402-0232
5547,232,2024-03-01,122700.0,18.18,20912.68,17867.56,7636.51,9472.53,159644.22,2024-03-26,PAY-202403-0232
5548,232,2024-04-01,122700.0,10.34,11894.23,0.0,4628.53,13845.67,125377.09,2024-04-26,PAY-202404-0232
5549,232,2024-05-01,122700.0,5.54,6372.73,0.0,10523.41,18138.81,121457.33,2024-05-27,PAY-202405-0232
5550,232,2024-06-01,122700.0,14.64,16840.58,0.0,11899.18,19706.62,131733.14,2024-06-27,PAY-202406-0232
5551,232,2024-07-01,122700.0,3.14,3611.98,139529.06,14857.2,7950.72,272747.52,2024-07-31,PAY-202407-0232
5552,232,2024-08-01,122700.0,10.03,11537.63,0.0,12287.03,18520.06,128004.6,2024-08-30,PAY-202408-0232
5553,232,2024-09-01,122700.0,7.14,8213.23,6311.61,9583.05,20145.42,126662.47,2024-09-29,PAY-202409-0232
5554,232,2024-10-01,122700.0,11.19,12872.0,0.0,8065.9,20071.55,123566.35,2024-10-27,PAY-202410-0232
5555,232,2024-11-01,122700.0,7.68,8834.4,0.0,14602.84,18964.33,127172.91,2024-12-01,PAY-202411-0232
5556,232,2024-12-01,122700.0,0.75,862.73,0.0,6395.28,10791.46,119166.55,2024-12-29,PAY-202412-0232
5557,232,2025-01-01,122700.0,8.38,9639.62,0.0,8617.57,10815.73,130141.46,2025-01-27,PAY-202501-0232
5558,232,2025-02-01,122700.0,13.24,15230.14,0.0,6348.88,19792.64,124486.38,2025-02-28,PAY-202502-0232
5559,232,2025-03-01,122700.0,7.85,9029.95,0.0,995.9,9611.19,123114.66,2025-03-27,PAY-202503-0232
5560,232,2025-04-01,122700.0,11.88,13665.71,0.0,7196.49,18231.96,125330.24,2025-04-30,PAY-202504-0232
5561,232,2025-05-01,122700.0,2.77,3186.37,0.0,13029.06,11798.68,127116.75,2025-05-29,PAY-202505-0232
5562,232,2025-06-01,122700.0,7.87,9052.96,0.0,10596.28,8689.82,133659.42,2025-07-01,PAY-202506-0232
5563,232,2025-07-01,122700.0,4.88,5613.52,0.0,9938.2,9859.9,128391.82,2025-07-30,PAY-202507-0232
5564,232,2025-08-01,122700.0,11.73,13493.17,0.0,8393.4,17987.22,126599.35,2025-08-31,PAY-202508-0232
5565,232,2025-09-01,122700.0,8.16,9386.55,24772.72,1330.92,15054.97,143135.22,2025-10-01,PAY-202509-0232
5566,232,2025-10-01,122700.0,11.45,13171.08,0.0,9637.99,22021.08,123487.99,2025-10-27,PAY-202510-0232
5567,232,2025-11-01,122700.0,13.44,15460.2,0.0,4501.29,12131.22,130530.27,2025-12-01,PAY-202511-0232
5568,232,2025-12-01,122700.0,11.46,13182.58,0.0,8249.85,16133.55,127998.88,2025-12-28,PAY-202512-0232
5569,233,2024-01-01,60300.0,9.37,5296.98,0.0,8746.17,9263.44,65079.71,2024-01-26,PAY-202401-0233
5570,233,2024-02-01,60300.0,3.01,1701.59,0.0,13655.73,5365.85,70291.47,2024-02-29,PAY-202402-0233
5571,233,2024-03-01,60300.0,7.99,4516.85,0.0,10635.28,6062.62,69389.51,2024-03-31,PAY-202403-0233
5572,233,2024-04-01,60300.0,5.33,3013.12,0.0,11145.16,7501.27,66957.01,2024-04-30,PAY-202404-0233
5573,233,2024-05-01,60300.0,6.28,3550.16,0.0,1234.97,7930.93,57154.2,2024-05-28,PAY-202405-0233
5574,233,2024-06-01,60300.0,6.13,3465.37,0.0,13850.23,7794.9,69820.7,2024-06-29,PAY-202406-0233
5575,233,2024-07-01,60300.0,3.1,1752.47,5102.81,196.92,4281.48,63070.72,2024-07-27,PAY-202407-0233
5576,233,2024-08-01,60300.0,0.0,0.0,28254.15,6067.34,7340.65,87280.84,2024-08-31,PAY-202408-0233
5577,233,2024-09-01,60300.0,4.66,2634.36,0.0,4300.19,10841.72,56392.83,2024-09-27,PAY-202409-0233
5578,233,2024-10-01,60300.0,8.97,5070.85,0.0,4497.78,5158.63,64710.0,2024-10-29,PAY-202410-0233
5579,233,2024-11-01,60300.0,1.26,712.29,0.0,13340.39,8543.32,65809.36,2024-11-28,PAY-202411-0233
5580,233,2024-12-01,60300.0,8.08,4567.73,0.0,3050.93,6831.44,61087.22,2024-12-29,PAY-202412-0233
5581,233,2025-01-01,60300.0,17.5,9892.97,0.0,11039.16,4022.01,77210.12,2025-01-31,PAY-202501-0233
5582,233,2025-02-01,60300.0,13.12,7416.9,0.0,8040.22,5277.46,70479.66,2025-03-03,PAY-202502-0233
5583,233,2025-03-01,60300.0,16.22,9169.37,0.0,14566.4,9056.13,74979.64,2025-03-26,PAY-202503-0233
5584,233,2025-04-01,60300.0,9.96,5630.51,0.0,6371.29,9699.64,62602.16,2025-04-28,PAY-202504-0233
5585,233,2025-05-01,60300.0,13.84,7823.93,0.0,11236.52,7523.51,71836.94,2025-05-31,PAY-202505-0233
5586,233,2025-06-01,60300.0,4.38,2476.07,0.0,10606.2,4482.18,68900.09,2025-06-30,PAY-202506-0233
5587,233,2025-07-01,60300.0,4.78,2702.19,0.0,6234.24,6561.52,62674.91,2025-07-26,PAY-202507-0233
5588,233,2025-08-01,60300.0,0.0,0.0,0.0,5663.31,6272.01,59691.3,2025-08-29,PAY-202508-0233
5589,233,2025-09-01,60300.0,13.93,7874.8,0.0,22.43,10833.48,57363.75,2025-10-01,PAY-202509-0233
5590,233,2025-10-01,60300.0,15.7,8875.41,0.0,3607.65,4378.17,68404.89,2025-10-26,PAY-202510-0233
5591,233,2025-11-01,60300.0,5.23,2956.58,0.0,12735.44,4018.44,71973.58,2025-12-01,PAY-202511-0233
5592,233,2025-12-01,60300.0,6.73,3804.55,0.0,3302.7,7825.94,59581.31,2025-12-30,PAY-202512-0233
5593,234,2024-01-01,189100.0,4.23,7499.0,36487.55,3131.35,20215.42,216002.48,2024-01-29,PAY-202401-0234
5594,234,2024-02-01,189100.0,9.91,17568.57,0.0,13366.55,21456.97,198578.15,2024-03-01,PAY-202402-0234
5595,234,2024-03-01,189100.0,13.62,24145.71,0.0,1406.81,30700.72,183951.8,2024-03-30,PAY-202403-0234
5596,234,2024-04-01,189100.0,0.0,0.0,10240.2,4566.44,29471.77,174434.87,2024-04-26,PAY-202404-0234
5597,234,2024-05-01,189100.0,10.05,17816.77,0.0,403.53,13491.64,193828.66,2024-05-27,PAY-202405-0234
5598,234,2024-06-01,189100.0,6.62,11736.02,0.0,5256.93,20712.08,185380.87,2024-06-29,PAY-202406-0234
5599,234,2024-07-01,189100.0,8.57,15193.0,0.0,6514.21,17006.16,193801.05,2024-07-29,PAY-202407-0234
5600,234,2024-08-01,189100.0,10.29,18242.24,0.0,1650.66,18888.24,190104.66,2024-08-29,PAY-202408-0234
5601,234,2024-09-01,189100.0,7.06,12516.06,0.0,5694.15,11089.39,196220.82,2024-09-30,PAY-202409-0234
5602,234,2024-10-01,189100.0,7.48,13260.64,0.0,5350.56,31692.68,176018.52,2024-10-29,PAY-202410-0234
5603,234,2024-11-01,189100.0,6.93,12285.59,0.0,9505.59,18206.92,192684.26,2024-11-27,PAY-202411-0234
5604,234,2024-12-01,189100.0,12.85,22780.64,0.0,7289.51,20238.86,198931.29,2024-12-28,PAY-202412-0234
5605,234,2025-01-01,189100.0,10.09,17887.68,0.0,4479.46,10560.77,200906.37,2025-01-27,PAY-202501-0234
5606,234,2025-02-01,189100.0,9.1,16132.59,0.0,14531.19,32052.83,187710.95,2025-03-02,PAY-202502-0234
5607,234,2025-03-01,189100.0,1.65,2925.14,0.0,14592.04,27718.97,178898.21,2025-03-28,PAY-202503-0234
5608,234,2025-04-01,189100.0,6.11,10831.88,0.0,10929.11,33516.1,177344.89,2025-04-28,PAY-202504-0234
5609,234,2025-05-01,189100.0,12.49,22142.43,0.0,13880.39,15743.77,209379.05,2025-05-30,PAY-202505-0234
5610,234,2025-06-01,189100.0,8.19,14519.33,0.0,2110.23,22568.68,183160.88,2025-06-30,PAY-202506-0234
5611,234,2025-07-01,189100.0,11.3,20032.78,0.0,11.9,20980.05,188164.63,2025-07-27,PAY-202507-0234
5612,234,2025-08-01,189100.0,16.83,29836.43,0.0,991.57,32198.0,187730.0,2025-08-28,PAY-202508-0234
5613,234,2025-09-01,189100.0,13.19,23383.4,0.0,11084.06,11512.4,212055.06,2025-10-01,PAY-202509-0234
5614,234,2025-10-01,189100.0,8.47,15015.72,0.0,8703.89,14321.77,198497.84,2025-10-28,PAY-202510-0234
5615,234,2025-11-01,189100.0,5.45,9661.83,14125.0,11725.02,20713.73,203898.12,2025-11-30,PAY-202511-0234
5616,234,2025-12-01,189100.0,0.0,0.0,0.0,12358.49,14707.31,186751.18,2025-12-27,PAY-202512-0234
5617,235,2024-01-01,138700.0,7.16,9310.24,0.0,121.16,7186.79,140944.61,2024-01-28,PAY-202401-0235
5618,235,2024-02-01,138700.0,6.37,8282.99,0.0,6612.18,18666.54,134928.63,2024-02-29,PAY-202402-0235
5619,235,2024-03-01,138700.0,9.95,12938.11,11801.17,10475.48,21438.98,152475.78,2024-03-30,PAY-202403-0235
5620,235,2024-04-01,138700.0,7.23,9401.26,8496.68,10450.65,15597.51,151451.08,2024-04-27,PAY-202404-0235
5621,235,2024-05-01,138700.0,6.4,8322.0,12214.56,1264.62,8595.64,151905.54,2024-05-26,PAY-202405-0235
5622,235,2024-06-01,138700.0,0.0,0.0,0.0,6497.01,16579.07,128617.94,2024-06-27,PAY-202406-0235
5623,235,2024-07-01,138700.0,3.3,4291.03,0.0,14179.33,7201.54,149968.82,2024-07-30,PAY-202407-0235
5624,235,2024-08-01,138700.0,10.38,13497.24,20963.77,680.06,19040.8,154800.27,2024-08-31,PAY-202408-0235
5625,235,2024-09-01,138700.0,16.58,21559.18,0.0,6348.67,9258.73,157349.12,2024-09-29,PAY-202409-0235
5626,235,2024-10-01,138700.0,7.51,9765.35,0.0,6098.19,16814.47,137749.07,2024-10-26,PAY-202410-0235
5627,235,2024-11-01,138700.0,9.64,12535.01,0.0,6417.21,17360.27,140291.95,2024-11-27,PAY-202411-0235
5628,235,2024-12-01,138700.0,12.76,16591.99,0.0,12129.53,8235.07,159186.45,2024-12-28,PAY-202412-0235
5629,235,2025-01-01,138700.0,3.95,5136.23,0.0,11145.69,7155.65,147826.27,2025-01-26,PAY-202501-0235
5630,235,2025-02-01,138700.0,9.83,12782.07,11833.32,2775.29,15990.21,150100.47,2025-02-28,PAY-202502-0235
5631,235,2025-03-01,138700.0,4.3,5591.34,0.0,10370.74,12977.86,141684.22,2025-03-31,PAY-202503-0235
5632,235,2025-04-01,138700.0,12.32,16019.85,16425.43,12464.14,9967.81,173641.61,2025-05-01,PAY-202504-0235
5633,235,2025-05-01,138700.0,8.76,11390.74,15124.66,2301.04,14214.4,153302.04,2025-05-29,PAY-202505-0235
5634,235,2025-06-01,138700.0,9.49,12339.97,16026.3,3841.42,20251.53,150656.16,2025-06-30,PAY-202506-0235
5635,235,2025-07-01,138700.0,4.09,5318.28,0.0,1431.73,22440.15,123009.86,2025-07-29,PAY-202507-0235
5636,235,2025-08-01,138700.0,11.54,15005.61,0.0,3087.1,20281.34,136511.37,2025-08-27,PAY-202508-0235
5637,235,2025-09-01,138700.0,18.42,23951.76,0.0,12793.21,11945.37,163499.6,2025-09-26,PAY-202509-0235
5638,235,2025-10-01,138700.0,2.96,3848.92,0.0,3481.61,24556.97,121473.56,2025-10-27,PAY-202510-0235
5639,235,2025-11-01,138700.0,6.3,8191.97,0.0,2641.51,13650.43,135883.05,2025-11-27,PAY-202511-0235
5640,235,2025-12-01,138700.0,9.16,11910.86,0.0,1434.09,18894.15,133150.8,2025-12-30,PAY-202512-0235
5641,236,2024-01-01,66100.0,11.93,7392.87,0.0,12755.05,4283.5,81964.42,2024-01-27,PAY-202401-0236
5642,236,2024-02-01,66100.0,5.2,3222.38,0.0,4601.21,5226.63,68696.96,2024-02-26,PAY-202402-0236
5643,236,2024-03-01,66100.0,0.0,0.0,0.0,9626.14,6429.56,69296.58,2024-03-30,PAY-202403-0236
5644,236,2024-04-01,66100.0,14.8,9171.38,0.0,14592.86,10150.24,79714.0,2024-04-27,PAY-202404-0236
5645,236,2024-05-01,66100.0,11.8,7312.31,0.0,8965.57,6188.25,76189.63,2024-05-29,PAY-202405-0236
5646,236,2024-06-01,66100.0,0.0,0.0,0.0,4998.85,5166.06,65932.79,2024-06-27,PAY-202406-0236
5647,236,2024-07-01,66100.0,4.96,3073.65,0.0,4476.02,10215.12,63434.55,2024-07-30,PAY-202407-0236
5648,236,2024-08-01,66100.0,15.84,9815.85,0.0,11895.77,4793.85,83017.77,2024-08-30,PAY-202408-0236
5649,236,2024-09-01,66100.0,15.24,9444.04,0.0,6440.98,5604.68,76380.34,2024-10-01,PAY-202409-0236
5650,236,2024-10-01,66100.0,12.69,7863.83,33358.39,14261.33,5431.92,116151.63,2024-10-29,PAY-202410-0236
5651,236,2024-11-01,66100.0,7.12,4412.18,0.0,7103.3,11080.9,66534.58,2024-11-27,PAY-202411-0236
5652,236,2024-12-01,66100.0,8.41,5211.57,0.0,8592.73,8778.54,71125.76,2024-12-28,PAY-202412-0236
5653,236,2025-01-01,66100.0,7.35,4554.7,0.0,7078.47,5299.03,72434.14,2025-01-29,PAY-202501-0236
5654,236,2025-02-01,66100.0,13.64,8452.54,0.0,1381.73,9220.06,66714.21,2025-03-01,PAY-202502-0236
5655,236,2025-03-01,66100.0,3.62,2243.27,0.0,6064.26,10300.34,64107.19,2025-03-30,PAY-202503-0236
5656,236,2025-04-01,66100.0,3.97,2460.16,0.0,4012.67,9870.31,62702.52,2025-04-29,PAY-202504-0236
5657,236,2025-05-01,66100.0,13.05,8086.92,0.0,5545.98,5421.36,74311.54,2025-05-31,PAY-202505-0236
5658,236,2025-06-01,66100.0,7.78,4821.17,0.0,9293.83,6884.46,73330.54,2025-06-28,PAY-202506-0236
5659,236,2025-07-01,66100.0,14.89,9227.15,21545.64,14889.29,5188.38,106573.7,2025-07-29,PAY-202507-0236
5660,236,2025-08-01,66100.0,4.64,2875.35,0.0,10469.54,4673.47,74771.42,2025-08-29,PAY-202508-0236
5661,236,2025-09-01,66100.0,7.73,4790.18,0.0,14234.58,11243.25,73881.51,2025-09-29,PAY-202509-0236
5662,236,2025-10-01,66100.0,3.39,2100.74,0.0,4766.71,5309.96,67657.49,2025-10-27,PAY-202510-0236
5663,236,2025-11-01,66100.0,8.04,4982.29,0.0,10481.13,9317.61,72245.81,2025-11-29,PAY-202511-0236
5664,236,2025-12-01,66100.0,0.61,378.01,0.0,9506.86,9886.14,66098.73,2025-12-30,PAY-202512-0236
5665,237,2024-01-01,224100.0,5.56,11681.21,0.0,11219.06,15694.28,231305.99,2024-01-27,PAY-202401-0237
5666,237,2024-02-01,224100.0,0.82,1722.77,0.0,10606.11,40043.36,196385.52,2024-02-29,PAY-202402-0237
5667,237,2024-03-01,224100.0,11.47,24097.75,0.0,2261.02,14213.21,236245.56,2024-03-29,PAY-202403-0237
5668,237,2024-04-01,224100.0,11.58,24328.86,27433.38,12951.17,31535.24,257278.17,2024-04-29,PAY-202404-0237
5669,237,2024-05-01,224100.0,0.0,0.0,0.0,11174.2,27142.27,208131.93,2024-05-27,PAY-202405-0237
5670,237,2024-06-01,224100.0,14.67,30820.75,0.0,3187.54,30413.8,227694.49,2024-06-29,PAY-202406-0237
5671,237,2024-07-01,224100.0,20.49,43048.21,0.0,7503.17,23707.89,250943.49,2024-07-31,PAY-202407-0237
5672,237,2024-08-01,224100.0,8.23,17290.72,0.0,6194.38,14155.24,233429.86,2024-08-31,PAY-202408-0237
5673,237,2024-09-01,224100.0,4.79,10063.49,0.0,4440.53,24908.84,213695.18,2024-10-01,PAY-202409-0237
5674,237,2024-10-01,224100.0,22.12,46472.74,0.0,9126.28,37116.44,242582.58,2024-10-30,PAY-202410-0237
5675,237,2024-11-01,224100.0,1.41,2962.32,0.0,1157.46,14007.06,214212.72,2024-11-27,PAY-202411-0237
5676,237,2024-12-01,224100.0,8.1,17017.59,0.0,7501.4,14162.18,234456.81,2024-12-30,PAY-202412-0237
5677,237,2025-01-01,224100.0,8.9,18698.34,0.0,10419.57,13779.91,239438.0,2025-01-27,PAY-202501-0237
5678,237,2025-02-01,224100.0,14.73,30946.81,33224.11,7109.76,22262.13,273118.55,2025-03-01,PAY-202502-0237
5679,237,2025-03-01,224100.0,9.8,20589.19,0.0,11625.23,33732.58,222581.84,2025-03-26,PAY-202503-0237
5680,237,2025-04-01,224100.0,5.51,11576.17,0.0,9203.17,34934.36,209944.98,2025-04-30,PAY-202504-0237
5681,237,2025-05-01,224100.0,3.24,6807.04,0.0,286.48,37315.09,193878.43,2025-05-29,PAY-202505-0237
5682,237,2025-06-01,224100.0,6.29,13214.9,0.0,8607.61,14637.58,231284.93,2025-06-26,PAY-202506-0237
5683,237,2025-07-01,224100.0,2.97,6239.78,0.0,5973.48,16928.45,219384.81,2025-07-28,PAY-202507-0237
5684,237,2025-08-01,224100.0,8.24,17311.73,0.0,6630.32,16563.83,231478.22,2025-08-31,PAY-202508-0237
5685,237,2025-09-01,224100.0,5.18,10882.86,0.0,2162.25,28048.32,209096.79,2025-10-01,PAY-202509-0237
5686,237,2025-10-01,224100.0,0.53,1113.5,0.0,12636.72,19844.03,218006.19,2025-10-29,PAY-202510-0237
5687,237,2025-11-01,224100.0,14.28,30001.39,0.0,12239.17,28622.1,237718.46,2025-11-29,PAY-202511-0237
5688,237,2025-12-01,224100.0,5.51,11576.17,0.0,13961.22,36276.12,213361.27,2025-12-30,PAY-202512-0237
5689,238,2024-01-01,204900.0,1.66,3188.76,0.0,4508.63,15978.12,196619.27,2024-01-30,PAY-202401-0238
5690,238,2024-02-01,204900.0,7.16,13753.91,0.0,12697.21,12373.93,218977.19,2024-03-02,PAY-202402-0238
5691,238,2024-03-01,204900.0,8.34,16020.62,27471.09,10537.74,20454.1,238475.35,2024-03-28,PAY-202403-0238
5692,238,2024-04-01,204900.0,0.0,0.0,0.0,1326.47,21166.12,185060.35,2024-05-01,PAY-202404-0238
5693,238,2024-05-01,204900.0,9.66,18556.26,28867.48,8260.56,16063.87,244520.43,2024-05-27,PAY-202405-0238
5694,238,2024-06-01,204900.0,2.76,5301.79,0.0,492.92,35708.18,174986.53,2024-06-26,PAY-202406-0238
5695,238,2024-07-01,204900.0,16.56,31810.72,0.0,11779.01,25460.57,223029.16,2024-07-26,PAY-202407-0238
5696,238,2024-08-01,204900.0,10.62,20400.36,0.0,10776.23,25366.46,210710.13,2024-08-28,PAY-202408-0238
5697,238,2024-09-01,204900.0,6.0,11525.62,0.0,508.31,30338.64,186595.29,2024-09-27,PAY-202409-0238
5698,238,2024-10-01,204900.0,4.27,8202.4,0.0,4082.63,17487.52,199697.51,2024-10-29,PAY-202410-0238
5699,238,2024-11-01,204900.0,7.48,14368.61,0.0,6288.93,23084.86,202472.68,2024-11-27,PAY-202411-0238
5700,238,2024-12-01,204900.0,11.06,21245.57,0.0,4104.48,31409.85,198840.2,2024-12-28,PAY-202412-0238
5701,238,2025-01-01,204900.0,7.87,15117.78,24717.31,11957.14,17311.85,239380.38,2025-01-31,PAY-202501-0238
5702,238,2025-02-01,204900.0,6.91,13273.68,7490.56,6512.41,26240.4,205936.25,2025-02-26,PAY-202502-0238
5703,238,2025-03-01,204900.0,8.29,15924.57,13786.59,8166.06,13008.04,229769.18,2025-03-26,PAY-202503-0238
5704,238,2025-04-01,204900.0,4.98,9566.27,0.0,8675.13,29167.32,193974.08,2025-05-01,PAY-202504-0238
5705,238,2025-05-01,204900.0,6.28,12063.49,0.0,11574.89,11511.87,217026.51,2025-05-28,PAY-202505-0238
5706,238,2025-06-01,204900.0,0.0,0.0,0.0,13840.51,34048.68,184691.83,2025-06-26,PAY-202506-0238
5707,238,2025-07-01,204900.0,12.87,24722.47,0.0,8427.32,33730.85,204318.94,2025-07-29,PAY-202507-0238
5708,238,2025-08-01,204900.0,9.49,18229.7,0.0,6062.98,24743.29,204449.39,2025-08-26,PAY-202508-0238
5709,238,2025-09-01,204900.0,4.13,7933.47,0.0,1085.31,26782.43,187136.35,2025-09-26,PAY-202509-0238
5710,238,2025-10-01,204900.0,17.49,33597.2,0.0,2165.69,35677.29,204985.6,2025-10-27,PAY-202510-0238
5711,238,2025-11-01,204900.0,8.44,16212.71,0.0,13429.78,35138.21,199404.28,2025-11-28,PAY-202511-0238
5712,238,2025-12-01,204900.0,2.82,5417.04,0.0,13322.33,36786.46,186852.91,2025-12-27,PAY-202512-0238
5713,239,2024-01-01,144200.0,12.28,16601.02,0.0,1120.31,8360.69,153560.64,2024-01-29,PAY-202401-0239
5714,239,2024-02-01,144200.0,9.99,13505.23,0.0,10069.5,16314.25,151460.48,2024-03-01,PAY-202402-0239
5715,239,2024-03-01,144200.0,9.97,13478.19,37227.32,5732.36,8706.63,191931.24,2024-03-29,PAY-202403-0239
5716,239,2024-04-01,144200.0,5.87,7935.51,156551.66,1296.16,16498.88,293484.45,2024-04-27,PAY-202404-0239
5717,239,2024-05-01,144200.0,10.25,13856.72,0.0,11740.36,9042.63,160754.45,2024-05-31,PAY-202405-0239
5718,239,2024-06-01,144200.0,6.69,9044.04,0.0,12713.94,7514.13,158443.85,2024-06-27,PAY-202406-0239
5719,239,2024-07-01,144200.0,10.78,14573.21,0.0,6958.96,23470.87,142261.3,2024-07-27,PAY-202407-0239
5720,239,2024-08-01,144200.0,0.0,0.0,0.0,7811.32,22263.12,129748.2,2024-08-26,PAY-202408-0239
5721,239,2024-09-01,144200.0,5.83,7881.43,0.0,1788.47,22963.81,130906.09,2024-09-29,PAY-202409-0239
5722,239,2024-10-01,144200.0,16.61,22454.64,0.0,4486.11,9772.91,161367.84,2024-10-29,PAY-202410-0239
5723,239,2024-11-01,144200.0,4.16,5623.8,0.0,1126.24,24633.21,126316.83,2024-11-27,PAY-202411-0239
5724,239,2024-12-01,144200.0,4.98,6732.34,0.0,7146.55,16771.89,141307.0,2024-12-29,PAY-202412-0239
5725,239,2025-01-01,144200.0,5.76,7786.8,0.0,12902.79,10725.29,154164.3,2025-01-26,PAY-202501-0239
5726,239,2025-02-01,144200.0,1.93,2609.12,0.0,11829.27,8703.89,149934.5,2025-03-03,PAY-202502-0239
5727,239,2025-03-01,144200.0,0.0,0.0,0.0,9219.99,9294.53,144125.46,2025-03-29,PAY-202503-0239
5728,239,2025-04-01,144200.0,6.85,9260.34,0.0,8663.93,12576.38,149547.89,2025-04-27,PAY-202504-0239
5729,239,2025-05-01,144200.0,8.68,11734.27,0.0,1784.56,12533.09,145185.74,2025-05-26,PAY-202505-0239
5730,239,2025-06-01,144200.0,7.74,10463.51,13311.4,13801.22,11292.78,170483.35,2025-06-26,PAY-202506-0239
5731,239,2025-07-01,144200.0,7.28,9841.65,0.0,9951.89,25315.11,138678.43,2025-07-27,PAY-202507-0239
5732,239,2025-08-01,144200.0,8.22,11112.41,0.0,6097.8,11957.82,149452.39,2025-08-28,PAY-202508-0239
5733,239,2025-09-01,144200.0,13.11,17723.08,0.0,14975.11,10499.93,166398.26,2025-10-01,PAY-202509-0239
5734,239,2025-10-01,144200.0,7.05,9530.72,0.0,4678.32,8616.92,149792.12,2025-10-27,PAY-202510-0239
5735,239,2025-11-01,144200.0,5.13,6935.12,0.0,4244.94,20719.57,134660.49,2025-11-26,PAY-202511-0239
5736,239,2025-12-01,144200.0,6.59,8908.86,0.0,6998.17,17385.39,142721.64,2025-12-31,PAY-202512-0239
5737,240,2024-01-01,99200.0,10.9,10137.0,0.0,7808.95,16758.57,100387.38,2024-01-28,PAY-202401-0240
5738,240,2024-02-01,99200.0,15.06,14005.8,0.0,9067.64,11494.19,110779.25,2024-03-01,PAY-202402-0240
5739,240,2024-03-01,99200.0,4.86,4519.8,0.0,875.31,9721.77,94873.34,2024-03-30,PAY-202403-0240
5740,240,2024-04-01,99200.0,8.49,7895.7,0.0,10511.34,9354.09,108252.95,2024-04-29,PAY-202404-0240
5741,240,2024-05-01,99200.0,9.69,9011.7,0.0,9951.12,10142.78,108020.04,2024-05-28,PAY-202405-0240
5742,240,2024-06-01,99200.0,3.04,2827.2,0.0,7572.99,16392.47,93207.72,2024-06-27,PAY-202406-0240
5743,240,2024-07-01,99200.0,8.1,7533.0,0.0,10866.16,10836.51,106762.65,2024-07-29,PAY-202407-0240
5744,240,2024-08-01,99200.0,0.67,623.1,0.0,11406.32,9623.52,101605.9,2024-08-28,PAY-202408-0240
5745,240,2024-09-01,99200.0,0.0,0.0,18397.36,119.92,5250.87,112466.41,2024-09-26,PAY-202409-0240
5746,240,2024-10-01,99200.0,9.83,9141.9,35065.75,9808.64,8499.36,144716.93,2024-10-27,PAY-202410-0240
5747,240,2024-11-01,99200.0,6.08,5654.4,33644.41,7638.66,17284.98,128852.49,2024-11-29,PAY-202411-0240
5748,240,2024-12-01,99200.0,9.01,8379.3,0.0,3910.16,15115.0,96374.46,2024-12-30,PAY-202412-0240
5749,240,2025-01-01,99200.0,7.91,7356.3,0.0,12120.4,16269.13,102407.57,2025-01-26,PAY-202501-0240
5750,240,2025-02-01,99200.0,3.12,2901.6,0.0,14706.98,10271.22,106537.36,2025-03-02,PAY-202502-0240
5751,240,2025-03-01,99200.0,7.77,7226.1,0.0,10084.74,17704.8,98806.04,2025-03-26,PAY-202503-0240
5752,240,2025-04-01,99200.0,1.83,1701.9,0.0,8044.48,5059.4,103886.98,2025-04-29,PAY-202504-0240
5753,240,2025-05-01,99200.0,14.95,13903.5,0.0,7522.53,6395.59,114230.44,2025-05-28,PAY-202505-0240
5754,240,2025-06-01,99200.0,1.22,1134.6,0.0,9894.01,6765.53,103463.08,2025-06-27,PAY-202506-0240
5755,240,2025-07-01,99200.0,7.02,6528.6,0.0,2714.72,12131.03,96312.29,2025-07-28,PAY-202507-0240
5756,240,2025-08-01,99200.0,2.79,2594.7,14720.13,4901.13,6965.9,114450.06,2025-08-27,PAY-202508-0240
5757,240,2025-09-01,99200.0,10.85,10090.5,0.0,9089.94,12639.51,105740.93,2025-09-26,PAY-202509-0240
5758,240,2025-10-01,99200.0,6.34,5896.2,8229.43,10894.35,12107.54,112112.44,2025-10-29,PAY-202510-0240
5759,240,2025-11-01,99200.0,5.41,5031.3,0.0,1737.33,9770.54,96198.09,2025-11-26,PAY-202511-0240
5760,240,2025-12-01,99200.0,12.27,11411.1,0.0,14040.19,9435.29,115216.0,2025-12-26,PAY-202512-0240
5761,241,2024-01-01,140300.0,8.15,10719.8,0.0,14185.39,12749.68,152455.51,2024-01-28,PAY-202401-0241
5762,241,2024-02-01,140300.0,10.58,13916.01,0.0,14155.19,23934.33,144436.87,2024-02-27,PAY-202402-0241
5763,241,2024-03-01,140300.0,3.09,4064.32,0.0,7959.19,9408.91,142914.6,2024-03-26,PAY-202403-0241
5764,241,2024-04-01,140300.0,0.98,1289.01,0.0,6550.21,9161.0,138978.22,2024-05-01,PAY-202404-0241
5765,241,2024-05-01,140300.0,8.54,11232.77,0.0,5390.76,15940.71,140982.82,2024-05-26,PAY-202405-0241
5766,241,2024-06-01,140300.0,6.41,8431.15,0.0,6965.42,11397.18,144299.39,2024-06-27,PAY-202406-0241
5767,241,2024-07-01,140300.0,11.13,14639.43,0.0,257.9,8342.58,146854.75,2024-07-28,PAY-202407-0241
5768,241,2024-08-01,140300.0,7.6,9996.38,15069.45,13000.83,24218.43,154148.23,2024-08-27,PAY-202408-0241
5769,241,2024-09-01,140300.0,9.03,11877.27,0.0,9198.97,22911.88,138464.36,2024-09-27,PAY-202409-0241
5770,241,2024-10-01,140300.0,0.0,0.0,0.0,7658.08,23546.65,124411.43,2024-10-31,PAY-202410-0241
5771,241,2024-11-01,140300.0,17.44,22939.05,0.0,7042.96,14492.82,155789.19,2024-11-29,PAY-202411-0241
5772,241,2024-12-01,140300.0,7.18,9443.94,0.0,13256.79,9365.88,153634.85,2024-12-26,PAY-202412-0241
5773,241,2025-01-01,140300.0,11.49,15112.94,0.0,9623.39,19310.54,145725.79,2025-01-30,PAY-202501-0241
5774,241,2025-02-01,140300.0,3.82,5024.49,0.0,5782.89,20803.84,130303.54,2025-03-01,PAY-202502-0241
5775,241,2025-03-01,140300.0,9.54,12548.08,0.0,8388.68,19971.41,141265.35,2025-03-26,PAY-202503-0241
5776,241,2025-04-01,140300.0,1.49,1959.82,0.0,3410.17,17198.04,128471.95,2025-04-26,PAY-202504-0241
5777,241,2025-05-01,140300.0,10.26,13495.11,0.0,1460.2,22042.25,133213.06,2025-05-30,PAY-202505-0241
5778,241,2025-06-01,140300.0,6.22,8181.24,0.0,10780.87,11585.35,147676.76,2025-06-27,PAY-202506-0241
5779,241,2025-07-01,140300.0,8.15,10719.8,0.0,6037.46,17515.36,139541.9,2025-07-28,PAY-202507-0241
5780,241,2025-08-01,140300.0,11.49,15112.94,0.0,8288.24,24484.71,139216.47,2025-08-29,PAY-202508-0241
5781,241,2025-09-01,140300.0,1.84,2420.18,0.0,8885.35,12597.25,139008.28,2025-09-26,PAY-202509-0241
5782,241,2025-10-01,140300.0,4.58,6024.13,0.0,4173.86,17519.07,132978.92,2025-10-31,PAY-202510-0241
5783,241,2025-11-01,140300.0,10.29,13534.57,19668.57,14471.23,17346.28,170628.09,2025-11-26,PAY-202511-0241
5784,241,2025-12-01,140300.0,18.49,24320.13,0.0,5389.29,9809.69,160199.73,2025-12-30,PAY-202512-0241
5785,242,2024-01-01,109200.0,7.31,7483.61,0.0,6437.26,10815.61,112305.26,2024-01-31,PAY-202401-0242
5786,242,2024-02-01,109200.0,10.96,11220.3,16604.58,6895.47,8775.17,135145.18,2024-02-28,PAY-202402-0242
5787,242,2024-03-01,109200.0,7.47,7647.41,0.0,13405.2,6638.19,123614.42,2024-03-28,PAY-202403-0242
5788,242,2024-04-01,109200.0,17.71,18130.61,0.0,6215.62,18611.79,114934.44,2024-04-29,PAY-202404-0242
5789,242,2024-05-01,109200.0,0.0,0.0,0.0,1036.68,13803.64,96433.04,2024-05-30,PAY-202405-0242
5790,242,2024-06-01,109200.0,8.47,8671.16,17520.0,9525.27,12728.75,132187.68,2024-06-27,PAY-202406-0242
5791,242,2024-07-01,109200.0,0.0,0.0,0.0,5977.02,14173.23,101003.79,2024-07-31,PAY-202407-0242
5792,242,2024-08-01,109200.0,0.0,0.0,0.0,5966.55,9283.74,105882.81,2024-08-29,PAY-202408-0242
5793,242,2024-09-01,109200.0,9.49,9715.39,0.0,7483.46,18369.81,108029.04,2024-09-28,PAY-202409-0242
5794,242,2024-10-01,109200.0,8.7,8906.62,0.0,12173.88,13005.23,117275.27,2024-10-31,PAY-202410-0242
5795,242,2024-11-01,109200.0,6.58,6736.27,0.0,11159.2,18249.94,108845.53,2024-11-27,PAY-202411-0242
5796,242,2024-12-01,109200.0,7.47,7647.41,0.0,7684.26,16345.38,108186.29,2024-12-28,PAY-202412-0242
5797,242,2025-01-01,109200.0,23.49,24047.89,29830.33,4617.21,15683.2,152012.23,2025-01-28,PAY-202501-0242
5798,242,2025-02-01,109200.0,6.71,6869.36,0.0,13096.58,13982.61,115183.33,2025-02-28,PAY-202502-0242
5799,242,2025-03-01,109200.0,10.55,10800.56,0.0,4729.88,9460.27,115270.17,2025-03-30,PAY-202503-0242
5800,242,2025-04-01,109200.0,4.75,4862.81,0.0,5762.59,17300.83,102524.57,2025-04-30,PAY-202504-0242
5801,242,2025-05-01,109200.0,9.48,9705.15,0.0,224.19,9400.11,109729.23,2025-05-28,PAY-202505-0242
5802,242,2025-06-01,109200.0,6.81,6971.74,0.0,3587.43,16289.97,103469.2,2025-06-27,PAY-202506-0242
5803,242,2025-07-01,109200.0,5.95,6091.31,0.0,9308.74,10257.36,114342.69,2025-07-30,PAY-202507-0242
5804,242,2025-08-01,109200.0,17.09,17495.89,0.0,2719.25,8614.94,120800.2,2025-08-26,PAY-202508-0242
5805,242,2025-09-01,109200.0,13.89,14219.89,0.0,8067.31,16964.87,114522.33,2025-09-30,PAY-202509-0242
5806,242,2025-10-01,109200.0,8.68,8886.15,0.0,691.35,5747.55,113029.95,2025-10-27,PAY-202510-0242
5807,242,2025-11-01,109200.0,0.0,0.0,0.0,5884.65,18304.84,96779.81,2025-12-01,PAY-202511-0242
5808,242,2025-12-01,109200.0,6.19,6337.01,0.0,1359.69,7702.0,109194.7,2025-12-29,PAY-202512-0242
5809,243,2024-01-01,235600.0,21.52,47532.3,0.0,2354.61,16032.22,269454.69,2024-01-27,PAY-202401-0243
5810,243,2024-02-01,235600.0,6.85,15129.94,8045.45,6960.16,40190.88,225544.67,2024-02-27,PAY-202402-0243
5811,243,2024-03-01,235600.0,13.52,29862.3,0.0,5387.74,19153.32,251696.72,2024-03-27,PAY-202403-0243
5812,243,2024-04-01,235600.0,15.21,33595.09,0.0,5736.75,18209.31,256722.53,2024-04-26,PAY-202404-0243
5813,243,2024-05-01,235600.0,9.09,20077.54,0.0,14793.04,36876.79,233593.79,2024-05-26,PAY-202405-0243
5814,243,2024-06-01,235600.0,3.79,8371.16,0.0,1816.65,18843.68,226944.13,2024-06-27,PAY-202406-0243
5815,243,2024-07-01,235600.0,0.0,0.0,0.0,4531.06,35677.04,204454.02,2024-07-28,PAY-202407-0243
5816,243,2024-08-01,235600.0,11.42,25223.92,10292.83,6269.8,32344.39,245042.16,2024-08-26,PAY-202408-0243
5817,243,2024-09-01,235600.0,3.93,8680.39,13377.58,3652.78,23224.82,238085.93,2024-09-27,PAY-202409-0243
5818,243,2024-10-01,235600.0,8.88,19613.7,0.0,7308.2,30270.21,232251.69,2024-10-26,PAY-202410-0243
5819,243,2024-11-01,235600.0,1.75,3865.31,5758.76,10631.0,31627.9,224227.17,2024-11-29,PAY-202411-0243
5820,243,2024-12-01,235600.0,6.67,14732.36,10117.87,12625.3,23313.68,249761.85,2024-12-31,PAY-202412-0243
5821,243,2025-01-01,235600.0,8.17,18045.49,0.0,10500.21,13739.9,250405.8,2025-01-31,PAY-202501-0243
5822,243,2025-02-01,235600.0,9.34,20629.72,0.0,14547.41,21247.25,249529.88,2025-03-03,PAY-202502-0243
5823,243,2025-03-01,235600.0,2.43,5367.26,0.0,14962.51,36646.73,219283.04,2025-03-27,PAY-202503-0243
5824,243,2025-04-01,235600.0,13.98,30878.33,0.0,4284.82,35658.69,235104.46,2025-05-01,PAY-202504-0243
5825,243,2025-05-01,235600.0,5.02,11087.92,0.0,3257.93,34533.54,215412.31,2025-05-26,PAY-202505-0243
5826,243,2025-06-01,235600.0,0.0,0.0,0.0,9763.34,26136.05,219227.29,2025-06-30,PAY-202506-0243
5827,243,2025-07-01,235600.0,7.45,16455.19,0.0,4272.96,23321.99,233006.16,2025-07-29,PAY-202507-0243
5828,243,2025-08-01,235600.0,8.17,18045.49,0.0,12568.0,25376.93,240836.56,2025-08-31,PAY-202508-0243
5829,243,2025-09-01,235600.0,8.8,19437.0,15349.79,11354.05,17777.32,263963.52,2025-09-30,PAY-202509-0243
5830,243,2025-10-01,235600.0,14.81,32711.59,0.0,1566.15,14238.8,255638.94,2025-10-29,PAY-202510-0243
5831,243,2025-11-01,235600.0,6.82,15063.68,0.0,6418.62,24665.82,232416.48,2025-11-29,PAY-202511-0243
5832,243,2025-12-01,235600.0,7.4,16344.75,0.0,5169.01,31958.75,225155.01,2025-12-31,PAY-202512-0243
5833,244,2024-01-01,86300.0,2.48,2006.47,0.0,6271.36,5717.62,88860.21,2024-01-30,PAY-202401-0244
5834,244,2024-02-01,86300.0,12.1,9789.66,0.0,1298.11,12171.59,85216.18,2024-02-28,PAY-202402-0244
5835,244,2024-03-01,86300.0,8.92,7216.84,0.0,824.16,11744.01,82596.99,2024-03-31,PAY-202403-0244
5836,244,2024-04-01,86300.0,5.9,4773.47,0.0,2338.19,7073.82,86337.84,2024-05-01,PAY-202404-0244
5837,244,2024-05-01,86300.0,0.0,0.0,21746.11,8206.42,14719.06,101533.47,2024-05-26,PAY-202405-0244
5838,244,2024-06-01,86300.0,15.22,12313.93,0.0,12388.58,11412.26,99590.25,2024-06-27,PAY-202406-0244
5839,244,2024-07-01,86300.0,1.86,1504.86,0.0,2032.25,6541.1,83296.01,2024-07-29,PAY-202407-0244
5840,244,2024-08-01,86300.0,5.04,4077.68,0.0,5336.04,6057.45,89656.27,2024-08-27,PAY-202408-0244
5841,244,2024-09-01,86300.0,9.79,7920.72,0.0,9536.38,12397.86,91359.24,2024-10-01,PAY-202409-0244
5842,244,2024-10-01,86300.0,2.02,1634.31,0.0,6211.28,14542.41,79603.18,2024-10-26,PAY-202410-0244
5843,244,2024-11-01,86300.0,0.53,428.8,34603.11,9094.11,6475.39,123950.63,2024-11-26,PAY-202411-0244
5844,244,2024-12-01,86300.0,0.0,0.0,31126.02,6803.34,8091.9,116137.46,2024-12-27,PAY-202412-0244
5845,244,2025-01-01,86300.0,11.6,9385.12,0.0,8068.11,14500.32,89252.91,2025-01-27,PAY-202501-0244
5846,244,2025-02-01,86300.0,5.27,4263.76,0.0,10545.59,5135.67,95973.68,2025-02-27,PAY-202502-0244
5847,244,2025-03-01,86300.0,22.64,18317.17,0.0,5168.69,11705.02,98080.84,2025-03-30,PAY-202503-0244
5848,244,2025-04-01,86300.0,3.03,2451.46,0.0,5699.84,6656.31,87794.99,2025-04-29,PAY-202504-0244
5849,244,2025-05-01,86300.0,3.39,2742.72,0.0,8030.59,7207.87,89865.44,2025-05-29,PAY-202505-0244
5850,244,2025-06-01,86300.0,5.17,4182.85,0.0,3025.58,11977.7,81530.73,2025-06-29,PAY-202506-0244
5851,244,2025-07-01,86300.0,9.22,7459.56,0.0,1073.68,15370.56,79462.68,2025-07-27,PAY-202507-0244
5852,244,2025-08-01,86300.0,5.65,4571.2,0.0,2091.92,5372.36,87590.76,2025-08-28,PAY-202508-0244
5853,244,2025-09-01,86300.0,11.06,8948.23,0.0,455.01,8666.12,87037.12,2025-09-28,PAY-202509-0244
5854,244,2025-10-01,86300.0,3.11,2516.18,0.0,6419.55,7600.34,87635.39,2025-10-29,PAY-202510-0244
5855,244,2025-11-01,86300.0,1.09,881.88,0.0,11895.24,6786.87,92290.25,2025-11-28,PAY-202511-0244
5856,244,2025-12-01,86300.0,0.0,0.0,10057.5,2746.18,7452.39,91651.29,2025-12-28,PAY-202512-0244
5857,245,2024-01-01,123300.0,0.0,0.0,0.0,12116.98,10154.73,125262.25,2024-01-28,PAY-202401-0245
5858,245,2024-02-01,123300.0,5.41,6253.62,0.0,4710.23,18208.72,116055.13,2024-03-01,PAY-202402-0245
5859,245,2024-03-01,123300.0,6.5,7513.59,0.0,6160.99,14643.3,122331.28,2024-03-30,PAY-202403-0245
5860,245,2024-04-01,123300.0,4.84,5594.74,0.0,6387.91,8804.76,126477.89,2024-04-30,PAY-202404-0245
5861,245,2024-05-01,123300.0,14.22,16437.43,0.0,5514.12,8093.51,137158.04,2024-05-28,PAY-202405-0245
5862,245,2024-06-01,123300.0,14.14,16344.96,0.0,2071.35,6258.19,135458.12,2024-06-29,PAY-202406-0245
5863,245,2024-07-01,123300.0,6.33,7317.08,0.0,14560.42,12878.05,132299.45,2024-07-29,PAY-202407-0245
5864,245,2024-08-01,123300.0,0.0,0.0,0.0,5007.04,7925.9,120381.14,2024-08-31,PAY-202408-0245
5865,245,2024-09-01,123300.0,5.17,5976.2,19759.55,1895.6,13334.93,137596.42,2024-09-29,PAY-202409-0245
5866,245,2024-10-01,123300.0,5.0,5779.69,0.0,2689.85,21306.92,110462.62,2024-10-31,PAY-202410-0245
5867,245,2024-11-01,123300.0,4.71,5444.47,0.0,326.77,13231.38,115839.86,2024-11-27,PAY-202411-0245
5868,245,2024-12-01,123300.0,4.51,5213.28,0.0,13160.04,20053.69,121619.63,2024-12-26,PAY-202412-0245
5869,245,2025-01-01,123300.0,4.73,5467.58,0.0,1653.71,13171.06,117250.23,2025-01-31,PAY-202501-0245
5870,245,2025-02-01,123300.0,6.07,7016.54,0.0,65.56,8526.78,121855.32,2025-02-27,PAY-202502-0245
5871,245,2025-03-01,123300.0,4.82,5571.62,0.0,7401.42,14982.61,121290.43,2025-03-31,PAY-202503-0245
5872,245,2025-04-01,123300.0,9.04,10449.67,0.0,10488.52,17864.92,126373.27,2025-04-26,PAY-202504-0245
5873,245,2025-05-01,123300.0,9.8,11328.19,0.0,5173.33,14063.24,125738.28,2025-05-30,PAY-202505-0245
5874,245,2025-06-01,123300.0,3.45,3987.98,0.0,13158.31,12153.12,128293.17,2025-06-30,PAY-202506-0245
5875,245,2025-07-01,123300.0,14.36,16599.26,0.0,9831.59,13521.6,136209.25,2025-07-27,PAY-202507-0245
5876,245,2025-08-01,123300.0,3.1,3583.41,0.0,9164.46,8312.15,127735.72,2025-08-28,PAY-202508-0245
5877,245,2025-09-01,123300.0,0.0,0.0,0.0,10209.51,21341.81,112167.7,2025-09-27,PAY-202509-0245
5878,245,2025-10-01,123300.0,9.9,11443.78,0.0,2896.02,16505.43,121134.37,2025-10-27,PAY-202510-0245
5879,245,2025-11-01,123300.0,3.91,4519.72,0.0,13896.97,17364.73,124351.96,2025-11-28,PAY-202511-0245
5880,245,2025-12-01,123300.0,9.61,11108.56,0.0,10766.52,12491.77,132683.31,2025-12-29,PAY-202512-0245
5881,246,2024-01-01,209500.0,0.0,0.0,0.0,6679.01,21244.38,194934.63,2024-01-29,PAY-202401-0246
5882,246,2024-02-01,209500.0,14.96,29382.38,0.0,10063.54,33589.41,215356.51,2024-03-01,PAY-202402-0246
5883,246,2024-03-01,209500.0,11.36,22311.75,0.0,65.16,12309.65,219567.26,2024-03-27,PAY-202403-0246
5884,246,2024-04-01,209500.0,0.5,982.03,0.0,12381.62,11212.16,211651.49,2024-04-26,PAY-202404-0246
5885,246,2024-05-01,209500.0,0.61,1198.08,0.0,10800.62,24582.52,196916.18,2024-05-30,PAY-202405-0246
5886,246,2024-06-01,209500.0,16.36,32132.06,0.0,1897.5,32728.9,210800.66,2024-06-30,PAY-202406-0246
5887,246,2024-07-01,209500.0,4.31,8465.11,0.0,14892.77,16262.88,216595.0,2024-07-29,PAY-202407-0246
5888,246,2024-08-01,209500.0,3.83,7522.36,0.0,5715.38,36266.45,186471.29,2024-08-30,PAY-202408-0246
5889,246,2024-09-01,209500.0,0.0,0.0,0.0,14659.7,25188.91,198970.79,2024-09-29,PAY-202409-0246
5890,246,2024-10-01,209500.0,6.25,12275.39,0.0,11100.99,12811.6,220064.78,2024-10-27,PAY-202410-0246
5891,246,2024-11-01,209500.0,6.86,13473.47,0.0,12777.32,27908.53,207842.26,2024-11-28,PAY-202411-0246
5892,246,2024-12-01,209500.0,11.58,22743.84,0.0,4290.6,22318.57,214215.87,2024-12-30,PAY-202412-0246
5893,246,2025-01-01,209500.0,1.0,1964.06,0.0,8434.37,20564.8,199333.63,2025-01-29,PAY-202501-0246
5894,246,2025-02-01,209500.0,0.4,785.62,0.0,10727.88,11891.18,209122.32,2025-02-27,PAY-202502-0246
5895,246,2025-03-01,209500.0,10.25,20131.64,0.0,9324.47,31271.58,207684.53,2025-03-26,PAY-202503-0246
5896,246,2025-04-01,209500.0,13.03,25591.73,0.0,13957.93,20666.35,228383.31,2025-05-01,PAY-202504-0246
5897,246,2025-05-01,209500.0,0.14,274.97,0.0,13119.3,12584.22,210310.05,2025-05-28,PAY-202505-0246
5898,246,2025-06-01,209500.0,13.41,26338.08,0.0,1645.87,19870.55,217613.4,2025-06-30,PAY-202506-0246
5899,246,2025-07-01,209500.0,8.19,16085.67,0.0,13418.65,27967.54,211036.78,2025-07-30,PAY-202507-0246
5900,246,2025-08-01,209500.0,13.46,26436.28,0.0,3251.06,24744.03,214443.31,2025-08-30,PAY-202508-0246
5901,246,2025-09-01,209500.0,7.65,15025.08,0.0,11359.98,30500.84,205384.22,2025-09-28,PAY-202509-0246
5902,246,2025-10-01,209500.0,0.0,0.0,0.0,1022.07,18151.06,192371.01,2025-10-28,PAY-202510-0246
5903,246,2025-11-01,209500.0,7.24,14219.81,0.0,5228.56,20959.44,207988.93,2025-11-30,PAY-202511-0246
5904,246,2025-12-01,209500.0,13.3,26122.03,0.0,10306.55,33179.13,212749.45,2025-12-27,PAY-202512-0246
5905,247,2024-01-01,43000.0,3.53,1423.03,0.0,9817.95,3684.12,50556.86,2024-01-31,PAY-202401-0247
5906,247,2024-02-01,43000.0,6.06,2442.94,0.0,4654.41,3937.23,46160.12,2024-03-01,PAY-202402-0247
5907,247,2024-03-01,43000.0,7.12,2870.25,6472.2,9587.43,2726.38,59203.5,2024-03-29,PAY-202403-0247
5908,247,2024-04-01,43000.0,0.0,0.0,0.0,4766.42,3725.44,44040.98,2024-04-26,PAY-202404-0247
5909,247,2024-05-01,43000.0,16.36,6595.12,0.0,12234.63,5218.43,56611.32,2024-05-26,PAY-202405-0247
5910,247,2024-06-01,43000.0,3.49,1406.91,37449.95,558.03,7117.15,75297.74,2024-07-01,PAY-202406-0247
5911,247,2024-07-01,43000.0,10.53,4244.91,36411.02,7906.73,5273.44,86289.22,2024-07-31,PAY-202407-0247
5912,247,2024-08-01,43000.0,7.57,3051.66,0.0,10525.9,4586.86,51990.7,2024-08-26,PAY-202408-0247
5913,247,2024-09-01,43000.0,14.29,5760.66,0.0,13917.65,4521.8,58156.51,2024-09-30,PAY-202409-0247
5914,247,2024-10-01,43000.0,10.03,4043.34,0.0,1692.34,5329.31,43406.37,2024-10-29,PAY-202410-0247
5915,247,2024-11-01,43000.0,6.83,2753.34,0.0,5780.7,4141.43,47392.61,2024-12-01,PAY-202411-0247
5916,247,2024-12-01,43000.0,3.53,1423.03,0.0,3029.47,3263.56,44188.94,2024-12-29,PAY-202412-0247
5917,247,2025-01-01,43000.0,11.99,4833.47,35442.48,10791.26,6984.44,87082.77,2025-01-28,PAY-202501-0247
5918,247,2025-02-01,43000.0,0.0,0.0,0.0,8044.65,4245.82,46798.83,2025-02-28,PAY-202502-0247
5919,247,2025-03-01,43000.0,11.23,4527.09,0.0,8086.78,5437.27,50176.6,2025-03-29,PAY-202503-0247
5920,247,2025-04-01,43000.0,2.5,1007.81,0.0,10583.84,5198.97,49392.68,2025-04-27,PAY-202504-0247
5921,247,2025-05-01,43000.0,14.26,5748.56,0.0,3591.23,3533.33,48806.46,2025-05-31,PAY-202505-0247
5922,247,2025-06-01,43000.0,8.81,3551.53,0.0,11416.27,3061.7,54906.1,2025-06-27,PAY-202506-0247
5923,247,2025-07-01,43000.0,11.22,4523.06,0.0,9891.87,2676.94,54737.99,2025-07-31,PAY-202507-0247
5924,247,2025-08-01,43000.0,8.41,3390.28,0.0,8393.37,2521.94,52261.71,2025-08-28,PAY-202508-0247
5925,247,2025-09-01,43000.0,0.0,0.0,0.0,4015.27,4527.55,42487.72,2025-09-30,PAY-202509-0247
5926,247,2025-10-01,43000.0,3.7,1491.56,0.0,13035.1,2174.04,55352.62,2025-10-27,PAY-202510-0247
5927,247,2025-11-01,43000.0,11.36,4579.5,32604.26,5114.59,3030.93,82267.42,2025-11-29,PAY-202511-0247
5928,247,2025-12-01,43000.0,8.83,3559.59,0.0,11309.25,4553.69,53315.15,2025-12-30,PAY-202512-0247
5929,248,2024-01-01,56600.0,13.9,7375.69,0.0,3329.68,5159.95,62145.42,2024-01-31,PAY-202401-0248
5930,248,2024-02-01,56600.0,10.02,5316.86,0.0,11079.79,3280.53,69716.12,2024-02-28,PAY-202402-0248
5931,248,2024-03-01,56600.0,3.17,1682.08,0.0,7767.88,9771.45,56278.51,2024-03-29,PAY-202403-0248
5932,248,2024-04-01,56600.0,4.02,2133.11,13349.36,12056.88,6267.04,77872.31,2024-04-27,PAY-202404-0248
5933,248,2024-05-01,56600.0,8.51,4515.62,0.0,114.81,9570.65,51659.78,2024-05-29,PAY-202405-0248
5934,248,2024-06-01,56600.0,0.0,0.0,0.0,10830.9,2888.66,64542.24,2024-06-29,PAY-202406-0248
5935,248,2024-07-01,56600.0,16.37,8686.33,0.0,3356.4,9194.88,59447.85,2024-07-27,PAY-202407-0248
5936,248,2024-08-01,56600.0,10.21,5417.68,0.0,11900.37,6281.95,67636.1,2024-08-31,PAY-202408-0248
5937,248,2024-09-01,56600.0,14.14,7503.04,0.0,1739.3,9296.36,56545.98,2024-09-30,PAY-202409-0248
5938,248,2024-10-01,56600.0,0.1,53.06,0.0,4785.59,7931.26,53507.39,2024-10-29,PAY-202410-0248
5939,248,2024-11-01,56600.0,14.22,7545.49,0.0,13823.13,4289.97,73678.65,2024-11-30,PAY-202411-0248
5940,248,2024-12-01,56600.0,19.16,10166.77,20490.49,1244.16,3368.48,85132.94,2024-12-27,PAY-202412-0248
5941,248,2025-01-01,56600.0,1.4,742.88,0.0,4179.87,4253.49,57269.26,2025-01-31,PAY-202501-0248
5942,248,2025-02-01,56600.0,11.86,6293.21,128215.24,3249.09,7817.33,186540.21,2025-02-26,PAY-202502-0248
5943,248,2025-03-01,56600.0,8.01,4250.31,0.0,9879.7,9075.22,61654.79,2025-03-31,PAY-202503-0248
5944,248,2025-04-01,56600.0,0.28,148.58,0.0,14781.83,3521.18,68009.23,2025-04-30,PAY-202504-0248
5945,248,2025-05-01,56600.0,10.46,5550.34,0.0,11755.55,9476.42,64429.47,2025-05-26,PAY-202505-0248
5946,248,2025-06-01,56600.0,12.17,6457.71,0.0,8738.46,6323.11,65473.06,2025-06-29,PAY-202506-0248
5947,248,2025-07-01,56600.0,4.99,2647.82,0.0,9148.71,5404.32,62992.21,2025-07-29,PAY-202507-0248
5948,248,2025-08-01,56600.0,13.83,7338.54,0.0,6828.88,5007.94,65759.48,2025-08-30,PAY-202508-0248
5949,248,2025-09-01,56600.0,0.0,0.0,0.0,10218.92,6685.7,60133.22,2025-09-27,PAY-202509-0248
5950,248,2025-10-01,56600.0,0.53,281.23,0.0,11684.68,2948.3,65617.61,2025-10-30,PAY-202510-0248
5951,248,2025-11-01,56600.0,8.68,4605.82,0.0,2285.09,9718.33,53772.58,2025-11-28,PAY-202511-0248
5952,248,2025-12-01,56600.0,8.13,4313.98,0.0,14796.2,5625.02,70085.16,2025-12-31,PAY-202512-0248
5953,249,2024-01-01,230700.0,4.42,9559.63,0.0,11704.97,30253.67,221710.93,2024-01-31,PAY-202401-0249
5954,249,2024-02-01,230700.0,12.05,26061.89,0.0,12566.83,28913.45,240415.27,2024-02-28,PAY-202402-0249
5955,249,2024-03-01,230700.0,10.65,23033.95,0.0,9356.5,11933.44,251157.01,2024-03-26,PAY-202403-0249
5956,249,2024-04-01,230700.0,12.29,26580.97,0.0,4267.71,31681.81,229866.87,2024-04-29,PAY-202404-0249
5957,249,2024-05-01,230700.0,7.38,15961.56,8990.62,7392.63,30745.43,232299.38,2024-05-26,PAY-202405-0249
5958,249,2024-06-01,230700.0,11.01,23812.57,38063.95,557.13,32591.65,260542.0,2024-06-26,PAY-202406-0249
5959,249,2024-07-01,230700.0,5.77,12479.43,29809.37,13642.96,24103.0,262528.76,2024-07-26,PAY-202407-0249
5960,249,2024-08-01,230700.0,18.27,39514.58,0.0,2018.25,21991.33,250241.5,2024-08-30,PAY-202408-0249
5961,249,2024-09-01,230700.0,3.94,8521.48,0.0,10041.37,36868.26,212394.59,2024-09-28,PAY-202409-0249
5962,249,2024-10-01,230700.0,18.53,40076.92,0.0,12952.76,39082.15,244647.53,2024-10-27,PAY-202410-0249
5963,249,2024-11-01,230700.0,8.17,17670.18,0.0,4335.34,26542.31,226163.21,2024-11-27,PAY-202411-0249
5964,249,2024-12-01,230700.0,1.12,2422.35,0.0,13416.46,29533.29,217005.52,2024-12-26,PAY-202412-0249
5965,249,2025-01-01,230700.0,14.84,32096.14,0.0,6043.79,28633.9,240206.03,2025-01-28,PAY-202501-0249
5966,249,2025-02-01,230700.0,8.63,18665.07,0.0,14554.49,32855.02,231064.54,2025-03-01,PAY-202502-0249
5967,249,2025-03-01,230700.0,12.26,26516.08,0.0,5810.08,20041.38,242984.78,2025-03-27,PAY-202503-0249
5968,249,2025-04-01,230700.0,14.12,30538.91,0.0,344.19,17763.18,243819.92,2025-04-29,PAY-202504-0249
5969,249,2025-05-01,230700.0,9.69,20957.65,0.0,12259.3,23761.38,240155.57,2025-05-28,PAY-202505-0249
5970,249,2025-06-01,230700.0,5.04,10900.58,0.0,7776.72,20843.54,228533.76,2025-06-30,PAY-202506-0249
5971,249,2025-07-01,230700.0,12.88,27857.03,0.0,12874.67,29297.01,242134.69,2025-07-27,PAY-202507-0249
5972,249,2025-08-01,230700.0,8.0,17302.5,0.0,7470.9,15389.91,240083.49,2025-08-26,PAY-202508-0249
5973,249,2025-09-01,230700.0,11.43,24720.95,6203.39,13208.7,31787.96,243045.08,2025-09-27,PAY-202509-0249
5974,249,2025-10-01,230700.0,0.0,0.0,18689.3,744.44,20658.09,229475.65,2025-10-31,PAY-202510-0249
5975,249,2025-11-01,230700.0,10.23,22125.57,0.0,262.02,14114.72,238972.87,2025-11-26,PAY-202511-0249
5976,249,2025-12-01,230700.0,4.81,10403.13,0.0,5068.81,17787.27,228384.67,2025-12-27,PAY-202512-0249
5977,250,2024-01-01,175800.0,16.27,26814.99,0.0,1718.12,30600.91,173732.2,2024-01-27,PAY-202401-0250
5978,250,2024-02-01,175800.0,11.12,18327.15,0.0,13186.62,24698.08,182615.69,2024-02-27,PAY-202402-0250
5979,250,2024-03-01,175800.0,9.2,15162.75,0.0,4804.02,18407.16,177359.61,2024-03-31,PAY-202403-0250
5980,250,2024-04-01,175800.0,10.43,17189.94,0.0,5720.84,25079.61,173631.17,2024-04-27,PAY-202404-0250
5981,250,2024-05-01,175800.0,3.01,4960.86,0.0,1341.14,10120.39,171981.61,2024-05-31,PAY-202405-0250
5982,250,2024-06-01,175800.0,16.12,26567.78,6834.53,12311.33,22242.88,199270.76,2024-06-26,PAY-202406-0250
5983,250,2024-07-01,175800.0,17.96,29600.33,0.0,7815.62,25407.56,187808.39,2024-07-28,PAY-202407-0250
5984,250,2024-08-01,175800.0,9.96,16415.33,0.0,7975.42,9815.11,190375.64,2024-08-30,PAY-202408-0250
5985,250,2024-09-01,175800.0,15.95,26287.59,0.0,14225.33,16467.17,199845.75,2024-09-28,PAY-202409-0250
5986,250,2024-10-01,175800.0,5.15,8487.84,24031.43,14149.88,26067.58,196401.57,2024-10-30,PAY-202410-0250
5987,250,2024-11-01,175800.0,4.01,6608.98,0.0,9324.56,14049.05,177684.49,2024-11-28,PAY-202411-0250
5988,250,2024-12-01,175800.0,8.2,13514.62,0.0,9500.36,18323.75,180491.23,2024-12-26,PAY-202412-0250
5989,250,2025-01-01,175800.0,10.17,16761.43,0.0,6262.26,12684.18,186139.51,2025-01-31,PAY-202501-0250
5990,250,2025-02-01,175800.0,6.03,9938.19,32610.44,1235.21,31302.23,188281.61,2025-03-03,PAY-202502-0250
5991,250,2025-03-01,175800.0,10.69,17618.46,0.0,7798.69,16761.25,184455.9,2025-03-30,PAY-202503-0250
5992,250,2025-04-01,175800.0,9.53,15706.63,0.0,6882.96,24728.55,173661.04,2025-04-28,PAY-202504-0250
5993,250,2025-05-01,175800.0,3.01,4960.86,0.0,12702.06,28714.46,164748.46,2025-05-31,PAY-202505-0250
5994,250,2025-06-01,175800.0,10.59,17453.64,0.0,14902.62,28516.75,179639.51,2025-06-26,PAY-202506-0250
5995,250,2025-07-01,175800.0,12.32,20304.9,17209.8,8227.2,13637.13,207904.77,2025-07-31,PAY-202507-0250
5996,250,2025-08-01,175800.0,8.86,14602.39,0.0,12930.27,18677.79,184654.87,2025-08-27,PAY-202508-0250
5997,250,2025-09-01,175800.0,13.76,22678.2,0.0,9281.01,15422.59,192336.62,2025-09-27,PAY-202509-0250
5998,250,2025-10-01,175800.0,1.91,3147.92,25458.53,1871.88,15838.74,190439.59,2025-10-31,PAY-202510-0250
5999,250,2025-11-01,175800.0,10.34,17041.61,0.0,3491.71,31614.25,164719.07,2025-12-01,PAY-202511-0250
6000,250,2025-12-01,175800.0,2.15,3543.47,0.0,9714.58,26101.18,162956.87,2025-12-26,PAY-202512-0250
6001,251,2024-01-01,243400.0,2.43,5544.96,0.0,7287.33,27324.5,228907.79,2024-01-26,PAY-202401-0251
6002,251,2024-02-01,243400.0,4.85,11067.09,0.0,7180.74,39690.09,221957.74,2024-02-27,PAY-202402-0251
6003,251,2024-03-01,243400.0,3.29,7507.37,0.0,8140.39,42489.07,216558.69,2024-03-29,PAY-202403-0251
6004,251,2024-04-01,243400.0,5.26,12002.66,0.0,6486.63,28812.57,233076.72,2024-05-01,PAY-202404-0251
6005,251,2024-05-01,243400.0,6.93,15813.39,0.0,368.62,35227.83,224354.18,2024-05-29,PAY-202405-0251
6006,251,2024-06-01,243400.0,12.19,27816.06,0.0,11734.75,17279.08,265671.73,2024-06-29,PAY-202406-0251
6007,251,2024-07-01,243400.0,6.39,14581.18,0.0,2383.73,25621.46,234743.45,2024-07-29,PAY-202407-0251
6008,251,2024-08-01,243400.0,0.07,159.73,0.0,12462.04,28461.79,227559.98,2024-08-30,PAY-202408-0251
6009,251,2024-09-01,243400.0,13.7,31261.69,0.0,2920.74,32534.2,245048.23,2024-09-26,PAY-202409-0251
6010,251,2024-10-01,243400.0,3.81,8693.94,0.0,14842.66,22449.37,244487.23,2024-10-27,PAY-202410-0251
6011,251,2024-11-01,243400.0,7.71,17593.26,0.0,9612.36,33559.31,237046.31,2024-12-01,PAY-202411-0251
6012,251,2024-12-01,243400.0,10.23,23343.58,0.0,9137.94,26845.55,249035.97,2024-12-30,PAY-202412-0251
6013,251,2025-01-01,243400.0,9.0,20536.88,0.0,12126.35,30066.73,245996.5,2025-01-26,PAY-202501-0251
6014,251,2025-02-01,243400.0,13.47,30736.86,0.0,5120.98,27251.25,252006.59,2025-03-01,PAY-202502-0251
6015,251,2025-03-01,243400.0,10.4,23731.5,0.0,4840.74,31258.4,240713.84,2025-03-29,PAY-202503-0251
6016,251,2025-04-01,243400.0,3.69,8420.12,0.0,374.06,38705.13,213489.05,2025-04-30,PAY-202504-0251
6017,251,2025-05-01,243400.0,18.89,43104.62,0.0,11130.78,12949.56,284685.84,2025-05-26,PAY-202505-0251
6018,251,2025-06-01,243400.0,8.97,20468.42,0.0,13776.84,41951.15,235694.11,2025-06-28,PAY-202506-0251
6019,251,2025-07-01,243400.0,7.26,16566.41,0.0,6612.25,40392.82,226185.84,2025-07-29,PAY-202507-0251
6020,251,2025-08-01,243400.0,12.82,29253.64,0.0,8271.54,18133.6,262791.58,2025-08-26,PAY-202508-0251
6021,251,2025-09-01,243400.0,9.25,21107.34,0.0,2086.13,42459.82,224133.65,2025-09-28,PAY-202509-0251
6022,251,2025-10-01,243400.0,10.0,22818.75,0.0,5263.78,15106.77,256375.76,2025-10-30,PAY-202510-0251
6023,251,2025-11-01,243400.0,20.46,46687.16,0.0,9724.31,38797.17,261014.3,2025-11-28,PAY-202511-0251
6024,251,2025-12-01,243400.0,6.62,15106.01,0.0,590.67,39794.65,219302.03,2025-12-28,PAY-202512-0251
6025,252,2024-01-01,174700.0,6.41,10498.38,0.0,65.44,22440.39,162823.43,2024-01-28,PAY-202401-0252
6026,252,2024-02-01,174700.0,8.58,14052.43,0.0,10560.09,12844.49,186468.03,2024-02-29,PAY-202402-0252
6027,252,2024-03-01,174700.0,13.36,21881.17,0.0,13334.9,16674.33,193241.74,2024-03-29,PAY-202403-0252
6028,252,2024-04-01,174700.0,0.47,769.77,172300.38,9396.89,23328.19,333838.85,2024-04-27,PAY-202404-0252
6029,252,2024-05-01,174700.0,0.0,0.0,0.0,270.27,11044.15,163926.12,2024-05-27,PAY-202405-0252
6030,252,2024-06-01,174700.0,5.06,8287.33,0.0,197.89,23355.12,159830.1,2024-06-29,PAY-202406-0252
6031,252,2024-07-01,174700.0,0.0,0.0,0.0,541.93,14985.91,160256.02,2024-07-30,PAY-202407-0252
6032,252,2024-08-01,174700.0,5.88,9630.34,0.0,344.37,23759.86,160914.85,2024-08-30,PAY-202408-0252
6033,252,2024-09-01,174700.0,10.51,17213.41,0.0,14931.95,12415.34,194430.02,2024-09-27,PAY-202409-0252
6034,252,2024-10-01,174700.0,3.55,5814.23,0.0,3162.31,11439.11,172237.43,2024-10-30,PAY-202410-0252
6035,252,2024-11-01,174700.0,0.87,1424.9,10885.19,627.72,26505.43,161132.38,2024-11-29,PAY-202411-0252
6036,252,2024-12-01,174700.0,8.35,13675.73,0.0,297.19,11826.0,176846.92,2024-12-28,PAY-202412-0252
6037,252,2025-01-01,174700.0,12.31,20161.47,0.0,13570.48,23524.59,184907.36,2025-01-29,PAY-202501-0252
6038,252,2025-02-01,174700.0,0.0,0.0,0.0,10526.24,21776.06,163450.18,2025-02-28,PAY-202502-0252
6039,252,2025-03-01,174700.0,12.1,19817.53,0.0,14177.86,25422.52,183272.87,2025-03-28,PAY-202503-0252
6040,252,2025-04-01,174700.0,12.09,19801.15,0.0,10459.29,16153.13,188807.31,2025-05-01,PAY-202504-0252
6041,252,2025-05-01,174700.0,12.77,20914.87,27470.03,4156.34,17615.64,209625.6,2025-05-31,PAY-202505-0252
6042,252,2025-06-01,174700.0,14.09,23076.78,0.0,5512.18,18001.24,185287.72,2025-06-29,PAY-202506-0252
6043,252,2025-07-01,174700.0,19.01,31134.82,0.0,10805.42,21061.4,195578.84,2025-07-29,PAY-202507-0252
6044,252,2025-08-01,174700.0,6.22,10187.19,0.0,5428.31,15637.53,174677.97,2025-08-28,PAY-202508-0252
6045,252,2025-09-01,174700.0,8.55,14003.3,0.0,4954.6,10224.47,183433.43,2025-09-29,PAY-202509-0252
6046,252,2025-10-01,174700.0,5.92,9695.85,0.0,13444.85,30882.38,166958.32,2025-10-31,PAY-202510-0252
6047,252,2025-11-01,174700.0,8.01,13118.88,0.0,5309.04,28584.38,164543.54,2025-11-27,PAY-202511-0252
6048,252,2025-12-01,174700.0,15.66,25648.14,0.0,13088.71,20242.13,193194.72,2025-12-28,PAY-202512-0252
6049,253,2024-01-01,219800.0,1.27,2616.99,0.0,12842.24,29887.43,205371.8,2024-01-28,PAY-202401-0253
6050,253,2024-02-01,219800.0,3.69,7603.71,0.0,14170.5,28991.08,212583.13,2024-02-29,PAY-202402-0253
6051,253,2024-03-01,219800.0,14.89,30682.71,0.0,3237.51,38953.59,214766.63,2024-03-28,PAY-202403-0253
6052,253,2024-04-01,219800.0,13.1,26994.19,0.0,3605.06,11827.18,238572.07,2024-05-01,PAY-202404-0253
6053,253,2024-05-01,219800.0,6.18,12734.66,0.0,7091.43,25977.77,213648.32,2024-05-26,PAY-202405-0253
6054,253,2024-06-01,219800.0,12.27,25283.87,0.0,13516.38,19297.25,239303.0,2024-06-27,PAY-202406-0253
6055,253,2024-07-01,219800.0,9.71,20008.67,0.0,9756.67,33033.51,216531.83,2024-07-30,PAY-202407-0253
6056,253,2024-08-01,219800.0,15.5,31939.69,0.0,9853.31,29529.61,232063.39,2024-08-28,PAY-202408-0253
6057,253,2024-09-01,219800.0,8.37,17247.43,0.0,14630.95,23294.64,228383.74,2024-09-30,PAY-202409-0253
6058,253,2024-10-01,219800.0,13.13,27056.01,0.0,12997.81,11895.05,247958.77,2024-10-26,PAY-202410-0253
6059,253,2024-11-01,219800.0,21.21,43705.86,0.0,11856.68,20108.74,255253.8,2024-11-26,PAY-202411-0253
6060,253,2024-12-01,219800.0,10.99,22646.27,0.0,10810.96,28016.7,225240.53,2024-12-30,PAY-202412-0253
6061,253,2025-01-01,219800.0,8.25,17000.16,0.0,6952.22,31929.49,211822.89,2025-01-26,PAY-202501-0253
6062,253,2025-02-01,219800.0,11.61,23923.86,11897.58,2583.23,39158.58,219046.09,2025-03-02,PAY-202502-0253
6063,253,2025-03-01,219800.0,6.17,12714.06,0.0,8507.17,30904.45,210116.78,2025-03-29,PAY-202503-0253
6064,253,2025-04-01,219800.0,19.94,41088.86,0.0,11074.56,36906.2,235057.22,2025-04-30,PAY-202504-0253
6065,253,2025-05-01,219800.0,8.9,18339.56,0.0,9524.04,37337.68,210325.92,2025-05-31,PAY-202505-0253
6066,253,2025-06-01,219800.0,6.64,13682.55,0.0,10284.38,17896.02,225870.91,2025-06-26,PAY-202506-0253
6067,253,2025-07-01,219800.0,3.82,7871.59,9819.75,8386.42,21024.16,224853.6,2025-07-28,PAY-202507-0253
6068,253,2025-08-01,219800.0,13.49,27797.83,9642.93,10458.03,11129.03,256569.76,2025-08-28,PAY-202508-0253
6069,253,2025-09-01,219800.0,12.34,25428.11,11474.7,8434.9,19895.14,245242.57,2025-09-28,PAY-202509-0253
6070,253,2025-10-01,219800.0,5.51,11354.04,0.0,970.95,36959.64,195165.35,2025-10-30,PAY-202510-0253
6071,253,2025-11-01,219800.0,10.88,22419.6,0.0,10256.7,30201.32,222274.98,2025-11-27,PAY-202511-0253
6072,253,2025-12-01,219800.0,0.46,947.89,0.0,11258.95,28718.47,203288.37,2025-12-28,PAY-202512-0253
6073,254,2024-01-01,225800.0,8.92,18882.53,0.0,11962.31,32568.23,224076.61,2024-01-26,PAY-202401-0254
6074,254,2024-02-01,225800.0,10.26,21719.14,13365.02,5288.89,12146.92,254026.13,2024-02-27,PAY-202402-0254
6075,254,2024-03-01,225800.0,16.54,35013.11,0.0,2769.76,24813.95,238768.92,2024-03-28,PAY-202403-0254
6076,254,2024-04-01,225800.0,4.15,8785.03,0.0,6511.97,31122.85,209974.15,2024-04-27,PAY-202404-0254
6077,254,2024-05-01,225800.0,1.61,3408.17,0.0,5159.19,31600.05,202767.31,2024-05-30,PAY-202405-0254
6078,254,2024-06-01,225800.0,3.52,7451.4,0.0,3351.67,16938.85,219664.22,2024-07-01,PAY-202406-0254
6079,254,2024-07-01,225800.0,1.32,2794.28,0.0,5228.42,21335.57,212487.13,2024-07-26,PAY-202407-0254
6080,254,2024-08-01,225800.0,14.68,31075.72,0.0,11348.98,39962.96,228261.74,2024-08-30,PAY-202408-0254
6081,254,2024-09-01,225800.0,15.74,33319.61,0.0,9387.14,28450.36,240056.39,2024-09-28,PAY-202409-0254
6082,254,2024-10-01,225800.0,9.6,20322.0,21682.28,13528.16,20226.43,261106.01,2024-10-28,PAY-202410-0254
6083,254,2024-11-01,225800.0,14.11,29869.11,0.0,10263.95,31504.27,234428.79,2024-12-01,PAY-202411-0254
6084,254,2024-12-01,225800.0,8.67,18353.31,31770.41,2035.69,16763.85,261195.56,2024-12-26,PAY-202412-0254
6085,254,2025-01-01,225800.0,7.52,15918.9,0.0,2996.95,24272.15,220443.7,2025-01-29,PAY-202501-0254
6086,254,2025-02-01,225800.0,6.33,13399.82,34520.44,12687.84,30892.62,255515.48,2025-03-01,PAY-202502-0254
6087,254,2025-03-01,225800.0,6.45,13653.84,0.0,6347.68,32481.05,213320.47,2025-03-31,PAY-202503-0254
6088,254,2025-04-01,225800.0,0.26,550.39,0.0,6381.03,37208.71,195522.71,2025-04-27,PAY-202504-0254
6089,254,2025-05-01,225800.0,9.32,19729.28,0.0,431.21,18849.79,227110.7,2025-05-26,PAY-202505-0254
6090,254,2025-06-01,225800.0,7.8,16511.62,0.0,11753.04,24266.68,229797.98,2025-06-27,PAY-202506-0254
6091,254,2025-07-01,225800.0,11.73,24830.94,26750.27,888.16,28051.72,250217.65,2025-07-26,PAY-202507-0254
6092,254,2025-08-01,225800.0,8.47,17929.93,0.0,6472.31,11882.29,238319.95,2025-08-27,PAY-202508-0254
6093,254,2025-09-01,225800.0,7.19,15220.33,0.0,8965.69,39171.03,210814.99,2025-09-29,PAY-202509-0254
6094,254,2025-10-01,225800.0,3.64,7705.43,0.0,14115.37,20412.19,227208.61,2025-10-26,PAY-202510-0254
6095,254,2025-11-01,225800.0,8.36,17697.07,0.0,10816.55,35404.49,218909.13,2025-11-30,PAY-202511-0254
6096,254,2025-12-01,225800.0,11.69,24746.27,0.0,12313.33,38130.7,224728.9,2025-12-31,PAY-202512-0254
6097,255,2024-01-01,49700.0,2.28,1062.34,0.0,6610.7,6857.15,50515.89,2024-01-26,PAY-202401-0255
6098,255,2024-02-01,49700.0,8.44,3932.51,0.0,14284.02,3876.14,64040.39,2024-02-27,PAY-202402-0255
6099,255,2024-03-01,49700.0,9.17,4272.65,0.0,7965.24,6077.66,55860.23,2024-03-26,PAY-202403-0255
6100,255,2024-04-01,49700.0,4.41,2054.78,0.0,5162.34,8530.95,48386.17,2024-05-01,PAY-202404-0255
6101,255,2024-05-01,49700.0,5.06,2357.64,0.0,2283.8,3423.46,50917.98,2024-05-30,PAY-202405-0255
6102,255,2024-06-01,49700.0,9.15,4263.33,0.0,6011.07,4851.46,55122.94,2024-07-01,PAY-202406-0255
6103,255,2024-07-01,49700.0,2.33,1085.63,0.0,2635.56,7152.11,46269.08,2024-07-26,PAY-202407-0255
6104,255,2024-08-01,49700.0,9.75,4542.89,0.0,1987.72,4822.67,51407.94,2024-08-28,PAY-202408-0255
6105,255,2024-09-01,49700.0,3.52,1640.1,0.0,6998.37,6402.81,51935.66,2024-09-26,PAY-202409-0255
6106,255,2024-10-01,49700.0,13.31,6201.63,16593.24,8857.05,7320.97,74030.95,2024-10-31,PAY-202410-0255
6107,255,2024-11-01,49700.0,19.69,9174.31,0.0,13429.5,5853.36,66450.45,2024-12-01,PAY-202411-0255
6108,255,2024-12-01,49700.0,3.7,1723.97,0.0,4487.32,5301.21,50610.08,2024-12-30,PAY-202412-0255
6109,255,2025-01-01,49700.0,10.67,4971.55,0.0,13730.27,3031.32,65370.5,2025-01-26,PAY-202501-0255
6110,255,2025-02-01,49700.0,4.37,2036.15,0.0,12836.31,6778.16,57794.3,2025-03-02,PAY-202502-0255
6111,255,2025-03-01,49700.0,13.2,6150.38,0.0,1780.54,6636.3,50994.62,2025-03-28,PAY-202503-0255
6112,255,2025-04-01,49700.0,1.67,778.12,10147.71,8768.2,8614.7,60779.33,2025-04-29,PAY-202504-0255
6113,255,2025-05-01,49700.0,10.4,4845.75,0.0,5847.4,7539.18,52853.97,2025-05-28,PAY-202505-0255
6114,255,2025-06-01,49700.0,3.64,1696.01,0.0,13645.53,3865.26,61176.28,2025-06-27,PAY-202506-0255
6115,255,2025-07-01,49700.0,6.97,3247.58,0.0,12627.79,3397.65,62177.72,2025-07-30,PAY-202507-0255
6116,255,2025-08-01,49700.0,2.84,1323.26,6875.13,7551.3,3961.91,61487.78,2025-08-30,PAY-202508-0255
6117,255,2025-09-01,49700.0,12.11,5642.5,0.0,1469.25,6038.19,50773.56,2025-09-29,PAY-202509-0255
6118,255,2025-10-01,49700.0,3.82,1779.88,0.0,1132.74,4567.14,48045.48,2025-10-27,PAY-202510-0255
6119,255,2025-11-01,49700.0,10.76,5013.49,0.0,6527.24,5612.42,55628.31,2025-11-26,PAY-202511-0255
6120,255,2025-12-01,49700.0,6.28,2926.09,0.0,8473.2,6894.27,54205.02,2025-12-29,PAY-202512-0255
6121,256,2024-01-01,195600.0,7.43,13624.76,27521.43,5193.86,24906.02,217034.03,2024-01-30,PAY-202401-0256
6122,256,2024-02-01,195600.0,8.74,16026.98,0.0,1214.63,31734.25,181107.36,2024-02-26,PAY-202402-0256
6123,256,2024-03-01,195600.0,4.19,7683.41,0.0,4766.94,10043.24,198007.11,2024-03-27,PAY-202403-0256
6124,256,2024-04-01,195600.0,88.83,162892.01,32163.98,5659.26,30298.28,366016.97,2024-04-27,PAY-202404-0256
6125,256,2024-05-01,195600.0,15.65,28698.19,0.0,8324.27,10650.02,221972.44,2024-05-27,PAY-202405-0256
6126,256,2024-06-01,195600.0,4.11,7536.71,0.0,4645.18,18583.69,189198.2,2024-06-26,PAY-202406-0256
6127,256,2024-07-01,195600.0,13.86,25415.77,0.0,4743.13,19945.23,205813.67,2024-07-29,PAY-202407-0256
6128,256,2024-08-01,195600.0,15.49,28404.79,27700.09,712.86,9996.36,242421.38,2024-08-31,PAY-202408-0256
6129,256,2024-09-01,195600.0,3.92,7188.3,0.0,4097.14,27194.22,179691.22,2024-09-29,PAY-202409-0256
6130,256,2024-10-01,195600.0,0.72,1320.3,0.0,4463.96,11529.63,189854.63,2024-10-31,PAY-202410-0256
6131,256,2024-11-01,195600.0,9.51,17438.96,0.0,3601.4,20560.56,196079.8,2024-11-30,PAY-202411-0256
6132,256,2024-12-01,195600.0,5.26,9645.52,7643.09,3653.8,23751.68,192790.73,2024-12-27,PAY-202412-0256
6133,256,2025-01-01,195600.0,17.34,31797.22,0.0,1075.06,31936.63,196535.65,2025-01-28,PAY-202501-0256
6134,256,2025-02-01,195600.0,8.17,14981.74,13559.85,5629.45,12336.79,217434.25,2025-02-28,PAY-202502-0256
6135,256,2025-03-01,195600.0,3.99,7316.66,0.0,43.83,15756.12,187204.37,2025-03-31,PAY-202503-0256
6136,256,2025-04-01,195600.0,2.26,4144.27,0.0,5424.93,15782.18,189387.02,2025-04-26,PAY-202504-0256
6137,256,2025-05-01,195600.0,13.45,24663.94,0.0,11103.48,27201.77,204165.65,2025-05-26,PAY-202505-0256
6138,256,2025-06-01,195600.0,5.14,9425.47,0.0,10081.78,23078.13,192029.12,2025-07-01,PAY-202506-0256
6139,256,2025-07-01,195600.0,8.22,15073.43,0.0,6166.12,20341.16,196498.39,2025-07-26,PAY-202507-0256
6140,256,2025-08-01,195600.0,12.78,23435.32,0.0,8480.1,26754.83,200760.59,2025-08-26,PAY-202508-0256
6141,256,2025-09-01,195600.0,5.58,10232.33,0.0,10521.21,34962.8,181390.74,2025-10-01,PAY-202509-0256
6142,256,2025-10-01,195600.0,7.77,14248.24,0.0,189.46,28827.76,181209.94,2025-10-30,PAY-202510-0256
6143,256,2025-11-01,195600.0,7.92,14523.3,0.0,9720.24,20673.63,199169.91,2025-11-27,PAY-202511-0256
6144,256,2025-12-01,195600.0,11.42,20941.42,5809.72,1941.02,16314.47,207977.69,2025-12-31,PAY-202512-0256
6145,257,2024-01-01,186300.0,10.95,19124.86,6762.39,7108.34,9528.97,209766.62,2024-01-26,PAY-202401-0257
6146,257,2024-02-01,186300.0,6.9,12051.28,0.0,4034.91,18159.39,184226.8,2024-02-26,PAY-202402-0257
6147,257,2024-03-01,186300.0,8.32,14531.4,0.0,10069.38,29609.31,181291.47,2024-03-28,PAY-202403-0257
6148,257,2024-04-01,186300.0,6.14,10723.89,12584.21,96.3,18307.86,191396.54,2024-04-26,PAY-202404-0257
6149,257,2024-05-01,186300.0,0.61,1065.4,0.0,8762.11,11264.71,184862.8,2024-05-28,PAY-202405-0257
6150,257,2024-06-01,186300.0,9.29,16225.57,0.0,4558.98,15600.84,191483.71,2024-06-28,PAY-202406-0257
6151,257,2024-07-01,186300.0,17.46,30494.98,0.0,7089.16,24254.13,199630.01,2024-07-28,PAY-202407-0257
6152,257,2024-08-01,186300.0,3.58,6252.69,0.0,12340.54,23847.36,181045.87,2024-08-29,PAY-202408-0257
6153,257,2024-09-01,186300.0,4.13,7213.3,0.0,1173.71,19951.76,174735.25,2024-10-01,PAY-202409-0257
6154,257,2024-10-01,186300.0,3.65,6374.95,0.0,1744.94,27606.37,166813.52,2024-10-30,PAY-202410-0257
6155,257,2024-11-01,186300.0,11.62,20295.06,0.0,11251.25,29815.35,188030.96,2024-11-27,PAY-202411-0257
6156,257,2024-12-01,186300.0,10.24,17884.8,0.0,6011.88,12571.78,197624.9,2024-12-29,PAY-202412-0257
6157,257,2025-01-01,186300.0,7.21,12592.72,0.0,5725.24,28117.69,176500.27,2025-01-30,PAY-202501-0257
6158,257,2025-02-01,186300.0,3.41,5955.78,0.0,378.89,18117.55,174517.12,2025-02-27,PAY-202502-0257
6159,257,2025-03-01,186300.0,8.46,14775.92,0.0,2933.96,29805.91,174203.97,2025-03-30,PAY-202503-0257
6160,257,2025-04-01,186300.0,0.18,314.38,0.0,4297.43,33358.48,157553.33,2025-04-27,PAY-202504-0257
6161,257,2025-05-01,186300.0,8.72,15230.03,0.0,3261.23,25185.15,179606.11,2025-05-31,PAY-202505-0257
6162,257,2025-06-01,186300.0,12.36,21587.51,0.0,4330.35,18537.13,193680.73,2025-06-26,PAY-202506-0257
6163,257,2025-07-01,186300.0,1.74,3039.02,0.0,11811.88,30766.89,170384.01,2025-07-27,PAY-202507-0257
6164,257,2025-08-01,186300.0,0.34,593.83,0.0,3071.9,14604.73,175361.0,2025-08-28,PAY-202508-0257
6165,257,2025-09-01,186300.0,15.9,27770.34,0.0,1656.75,28824.28,186902.81,2025-09-29,PAY-202509-0257
6166,257,2025-10-01,186300.0,4.94,8628.02,0.0,10262.97,13531.91,191659.08,2025-10-31,PAY-202510-0257
6167,257,2025-11-01,186300.0,13.68,23892.97,11494.91,7670.38,12044.35,217313.91,2025-11-29,PAY-202511-0257
6168,257,2025-12-01,186300.0,7.23,12627.65,0.0,11056.83,14333.39,195651.09,2025-12-29,PAY-202512-0257
6169,258,2024-01-01,99400.0,7.19,6700.18,0.0,408.2,8203.76,98304.62,2024-01-28,PAY-202401-0258
6170,258,2024-02-01,99400.0,10.19,9495.81,0.0,14654.36,9977.26,113572.91,2024-03-01,PAY-202402-0258
6171,258,2024-03-01,99400.0,3.58,3336.11,0.0,13904.59,7766.97,108873.73,2024-03-30,PAY-202403-0258
6172,258,2024-04-01,99400.0,8.66,8070.04,0.0,14419.37,5008.64,116880.77,2024-04-28,PAY-202404-0258
6173,258,2024-05-01,99400.0,6.09,5675.12,0.0,7296.32,12766.51,99604.93,2024-05-31,PAY-202405-0258
6174,258,2024-06-01,99400.0,1.4,1304.62,0.0,10934.05,13887.41,97751.26,2024-06-26,PAY-202406-0258
6175,258,2024-07-01,99400.0,9.69,9029.87,0.0,8649.8,7310.5,109769.17,2024-07-27,PAY-202407-0258
6176,258,2024-08-01,99400.0,6.68,6224.93,0.0,10604.2,17220.57,99008.56,2024-08-26,PAY-202408-0258
6177,258,2024-09-01,99400.0,7.21,6718.82,0.0,2515.01,17052.62,91581.21,2024-09-29,PAY-202409-0258
6178,258,2024-10-01,99400.0,1.95,1817.16,0.0,3345.81,5802.36,98760.61,2024-10-28,PAY-202410-0258
6179,258,2024-11-01,99400.0,15.96,14872.73,30998.94,10283.87,12451.96,143103.58,2024-11-26,PAY-202411-0258
6180,258,2024-12-01,99400.0,12.38,11536.61,0.0,2555.08,11606.26,101885.43,2024-12-28,PAY-202412-0258
6181,258,2025-01-01,99400.0,12.82,11946.64,0.0,7778.91,5233.9,113891.65,2025-01-30,PAY-202501-0258
6182,258,2025-02-01,99400.0,6.47,6029.23,29378.32,11590.15,17194.22,129203.48,2025-03-03,PAY-202502-0258
6183,258,2025-03-01,99400.0,0.0,0.0,33958.42,5019.99,10761.64,127616.77,2025-03-30,PAY-202503-0258
6184,258,2025-04-01,99400.0,17.76,16550.1,0.0,12547.67,11697.71,116800.06,2025-04-28,PAY-202504-0258
6185,258,2025-05-01,99400.0,7.69,7166.12,0.0,7155.96,8650.95,105071.13,2025-05-30,PAY-202505-0258
6186,258,2025-06-01,99400.0,4.26,3969.79,0.0,9004.01,9049.78,103324.02,2025-06-27,PAY-202506-0258
6187,258,2025-07-01,99400.0,10.08,9393.3,9348.36,4187.39,16001.09,106327.96,2025-07-28,PAY-202507-0258
6188,258,2025-08-01,99400.0,13.84,12897.15,0.0,5339.19,14503.46,103132.88,2025-08-30,PAY-202508-0258
6189,258,2025-09-01,99400.0,7.88,7343.18,0.0,9943.64,17826.11,98860.71,2025-09-26,PAY-202509-0258
6190,258,2025-10-01,99400.0,14.39,13409.68,0.0,7387.74,13134.67,107062.75,2025-10-31,PAY-202510-0258
6191,258,2025-11-01,99400.0,13.41,12496.44,0.0,12978.86,9019.54,115855.76,2025-11-27,PAY-202511-0258
6192,258,2025-12-01,99400.0,2.62,2441.51,19277.71,12436.36,7143.0,126412.58,2025-12-29,PAY-202512-0258
6193,259,2024-01-01,47100.0,4.63,2044.43,0.0,5497.85,4512.74,50129.54,2024-01-27,PAY-202401-0259
6194,259,2024-02-01,47100.0,12.79,5647.58,0.0,11299.42,2987.85,61059.15,2024-03-01,PAY-202402-0259
6195,259,2024-03-01,47100.0,0.0,0.0,0.0,6157.81,5343.05,47914.76,2024-03-30,PAY-202403-0259
6196,259,2024-04-01,47100.0,7.25,3201.33,0.0,1330.2,7493.3,44138.23,2024-04-27,PAY-202404-0259
6197,259,2024-05-01,47100.0,0.85,375.33,0.0,10346.12,5967.43,51854.02,2024-05-30,PAY-202405-0259
6198,259,2024-06-01,47100.0,5.62,2481.58,0.0,803.28,5602.65,44782.21,2024-06-27,PAY-202406-0259
6199,259,2024-07-01,47100.0,6.51,2874.57,0.0,1707.43,3623.57,48058.43,2024-07-26,PAY-202407-0259
6200,259,2024-08-01,47100.0,6.21,2742.1,0.0,6390.27,5378.24,50854.13,2024-08-27,PAY-202408-0259
6201,259,2024-09-01,47100.0,5.24,2313.79,0.0,10434.11,3058.65,56789.25,2024-09-27,PAY-202409-0259
6202,259,2024-10-01,47100.0,2.51,1108.32,0.0,10365.8,4936.41,53637.71,2024-10-26,PAY-202410-0259
6203,259,2024-11-01,47100.0,19.46,8592.81,0.0,3631.15,5234.07,54089.89,2024-11-30,PAY-202411-0259
6204,259,2024-12-01,47100.0,17.34,7656.69,0.0,8675.94,6973.66,56458.97,2024-12-26,PAY-202412-0259
6205,259,2025-01-01,47100.0,2.19,967.02,0.0,9030.77,2699.62,54398.17,2025-01-29,PAY-202501-0259
6206,259,2025-02-01,47100.0,15.91,7025.26,0.0,9020.65,6945.63,56200.28,2025-02-28,PAY-202502-0259
6207,259,2025-03-01,47100.0,6.0,2649.38,0.0,4993.62,3732.11,51010.89,2025-03-31,PAY-202503-0259
6208,259,2025-04-01,47100.0,8.65,3819.52,0.0,14515.29,7667.16,57767.65,2025-05-01,PAY-202504-0259
6209,259,2025-05-01,47100.0,7.68,3391.2,0.0,8789.95,6999.32,52281.83,2025-05-26,PAY-202505-0259
6210,259,2025-06-01,47100.0,4.7,2075.34,0.0,12759.17,8473.04,53461.47,2025-06-27,PAY-202506-0259
6211,259,2025-07-01,47100.0,12.92,5704.99,0.0,2311.91,7931.68,47185.22,2025-07-28,PAY-202507-0259
6212,259,2025-08-01,47100.0,8.63,3810.68,33305.27,1046.1,6030.02,79232.03,2025-08-31,PAY-202508-0259
6213,259,2025-09-01,47100.0,5.62,2481.58,0.0,8364.77,7732.02,50214.33,2025-10-01,PAY-202509-0259
6214,259,2025-10-01,47100.0,1.48,653.51,0.0,14721.82,8163.77,54311.56,2025-10-28,PAY-202510-0259
6215,259,2025-11-01,47100.0,3.53,1558.72,0.0,13014.69,7853.64,53819.77,2025-11-26,PAY-202511-0259
6216,259,2025-12-01,47100.0,0.0,0.0,0.0,14871.87,6681.93,55289.94,2025-12-29,PAY-202512-0259
6217,260,2024-01-01,87500.0,8.06,6611.72,0.0,1822.71,10540.25,85394.18,2024-01-27,PAY-202401-0260
6218,260,2024-02-01,87500.0,2.02,1657.03,0.0,3916.8,7312.12,85761.71,2024-02-27,PAY-202402-0260
6219,260,2024-03-01,87500.0,6.67,5471.48,0.0,8322.88,7996.11,93298.25,2024-03-26,PAY-202403-0260
6220,260,2024-04-01,87500.0,14.85,12181.64,0.0,3264.42,4974.7,97971.36,2024-04-27,PAY-202404-0260
6221,260,2024-05-01,87500.0,14.0,11484.38,32013.44,7054.4,8924.35,129127.87,2024-05-31,PAY-202405-0260
6222,260,2024-06-01,87500.0,7.84,6431.25,0.0,11627.55,11447.55,94111.25,2024-07-01,PAY-202406-0260
6223,260,2024-07-01,87500.0,7.56,6201.56,0.0,10436.45,7854.09,96283.92,2024-07-30,PAY-202407-0260
6224,260,2024-08-01,87500.0,17.4,14273.44,0.0,2034.17,7532.3,96275.31,2024-08-31,PAY-202408-0260
6225,260,2024-09-01,87500.0,10.6,8695.31,39484.5,9169.18,14228.52,130620.47,2024-10-01,PAY-202409-0260
6226,260,2024-10-01,87500.0,6.36,5217.19,21920.93,11646.0,6515.58,119768.54,2024-10-31,PAY-202410-0260
6227,260,2024-11-01,87500.0,0.87,713.67,0.0,13885.94,9135.86,92963.75,2024-11-30,PAY-202411-0260
6228,260,2024-12-01,87500.0,9.97,8178.52,35707.07,3236.89,11446.84,123175.64,2024-12-27,PAY-202412-0260
6229,260,2025-01-01,87500.0,12.15,9966.8,0.0,6792.32,9814.74,94444.38,2025-01-27,PAY-202501-0260
6230,260,2025-02-01,87500.0,4.84,3970.31,0.0,9852.93,12412.72,88910.52,2025-02-26,PAY-202502-0260
6231,260,2025-03-01,87500.0,9.46,7760.16,0.0,2703.9,5883.37,92080.69,2025-03-27,PAY-202503-0260
6232,260,2025-04-01,87500.0,6.18,5069.53,0.0,11024.63,15125.47,88468.69,2025-04-26,PAY-202504-0260
6233,260,2025-05-01,87500.0,7.08,5807.81,0.0,7878.16,13383.01,87802.96,2025-05-31,PAY-202505-0260
6234,260,2025-06-01,87500.0,0.0,0.0,0.0,12140.67,9059.16,90581.51,2025-06-27,PAY-202506-0260
6235,260,2025-07-01,87500.0,6.89,5651.95,0.0,3520.33,7931.64,88740.64,2025-07-26,PAY-202507-0260
6236,260,2025-08-01,87500.0,12.85,10541.02,24049.73,9732.2,7901.29,123921.66,2025-08-28,PAY-202508-0260
6237,260,2025-09-01,87500.0,4.84,3970.31,0.0,11411.69,10662.5,92219.5,2025-09-28,PAY-202509-0260
6238,260,2025-10-01,87500.0,8.26,6775.78,0.0,14778.75,4725.55,104328.98,2025-10-31,PAY-202510-0260
6239,260,2025-11-01,87500.0,4.22,3461.72,0.0,12127.65,12951.04,90138.33,2025-11-26,PAY-202511-0260
6240,260,2025-12-01,87500.0,9.8,8039.06,0.0,4614.76,9054.14,91099.68,2025-12-31,PAY-202512-0260
6241,261,2024-01-01,73700.0,6.92,4781.29,0.0,1362.92,10088.06,69756.15,2024-01-30,PAY-202401-0261
6242,261,2024-02-01,73700.0,3.3,2280.09,0.0,976.88,6907.69,70049.28,2024-02-28,PAY-202402-0261
6243,261,2024-03-01,73700.0,14.66,10129.14,33094.73,4275.11,6644.85,114554.13,2024-03-28,PAY-202403-0261
6244,261,2024-04-01,73700.0,12.64,8733.45,0.0,8087.28,10455.71,80065.02,2024-04-27,PAY-202404-0261
6245,261,2024-05-01,73700.0,4.98,3440.87,0.0,4798.78,11645.07,70294.58,2024-05-27,PAY-202405-0261
6246,261,2024-06-01,73700.0,10.49,7247.93,0.0,4871.82,4579.28,81240.47,2024-07-01,PAY-202406-0261
6247,261,2024-07-01,73700.0,10.69,7386.12,0.0,7628.56,11585.99,77128.69,2024-07-29,PAY-202407-0261
6248,261,2024-08-01,73700.0,11.21,7745.41,0.0,10010.96,11558.75,79897.62,2024-08-26,PAY-202408-0261
6249,261,2024-09-01,73700.0,0.0,0.0,11987.19,5749.96,9591.71,81845.44,2024-09-27,PAY-202409-0261
6250,261,2024-10-01,73700.0,13.03,9002.92,0.0,8904.48,5365.78,86241.62,2024-10-31,PAY-202410-0261
6251,261,2024-11-01,73700.0,5.15,3558.33,0.0,3627.93,7347.16,73539.1,2024-11-29,PAY-202411-0261
6252,261,2024-12-01,73700.0,6.21,4290.72,0.0,9959.48,13256.21,74693.99,2024-12-30,PAY-202412-0261
6253,261,2025-01-01,73700.0,21.19,14640.97,0.0,2518.21,7009.36,83849.82,2025-01-27,PAY-202501-0261
6254,261,2025-02-01,73700.0,9.51,6570.82,0.0,1399.06,6080.71,75589.17,2025-02-26,PAY-202502-0261
6255,261,2025-03-01,73700.0,6.07,4193.99,0.0,8126.49,10913.81,75106.67,2025-03-30,PAY-202503-0261
6256,261,2025-04-01,73700.0,0.0,0.0,0.0,12536.62,11283.21,74953.41,2025-04-28,PAY-202504-0261
6257,261,2025-05-01,73700.0,14.95,10329.52,0.0,9805.58,11911.84,81923.26,2025-05-28,PAY-202505-0261
6258,261,2025-06-01,73700.0,1.27,877.49,19862.39,2665.12,10819.78,86285.22,2025-06-28,PAY-202506-0261
6259,261,2025-07-01,73700.0,2.98,2058.99,0.0,3023.58,6558.42,72224.15,2025-07-30,PAY-202507-0261
6260,261,2025-08-01,73700.0,6.34,4380.54,0.0,3451.08,5966.52,75565.1,2025-08-27,PAY-202508-0261
6261,261,2025-09-01,73700.0,15.08,10419.34,0.0,1537.91,12854.65,72802.6,2025-09-30,PAY-202509-0261
6262,261,2025-10-01,73700.0,11.87,8201.43,0.0,13537.95,6122.42,89316.96,2025-10-26,PAY-202510-0261
6263,261,2025-11-01,73700.0,7.21,4981.66,0.0,11640.69,7153.05,83169.3,2025-11-28,PAY-202511-0261
6264,261,2025-12-01,73700.0,9.54,6591.54,0.0,3736.34,9069.71,74958.17,2025-12-29,PAY-202512-0261
6265,262,2024-01-01,117200.0,5.0,5493.75,0.0,14170.72,14308.13,122556.34,2024-01-28,PAY-202401-0262
6266,262,2024-02-01,117200.0,8.7,9559.12,14414.6,5100.39,18549.51,127724.6,2024-03-01,PAY-202402-0262
6267,262,2024-03-01,117200.0,8.37,9196.54,0.0,2446.34,17425.93,111416.95,2024-03-30,PAY-202403-0262
6268,262,2024-04-01,117200.0,12.84,14107.95,0.0,14039.2,18154.85,127192.3,2024-04-28,PAY-202404-0262
6269,262,2024-05-01,117200.0,12.84,14107.95,0.0,13187.07,19894.84,124600.18,2024-05-31,PAY-202405-0262
6270,262,2024-06-01,117200.0,10.47,11503.91,0.0,3731.08,12364.55,120070.44,2024-06-30,PAY-202406-0262
6271,262,2024-07-01,117200.0,6.19,6801.26,0.0,6329.24,10838.5,119492.0,2024-07-28,PAY-202407-0262
6272,262,2024-08-01,117200.0,11.71,12866.36,0.0,12592.6,13025.86,129633.1,2024-08-28,PAY-202408-0262
6273,262,2024-09-01,117200.0,7.54,8284.58,21026.74,12038.52,13828.94,144720.9,2024-09-26,PAY-202409-0262
6274,262,2024-10-01,117200.0,2.59,2845.76,25717.13,8830.54,10034.19,144559.24,2024-10-30,PAY-202410-0262
6275,262,2024-11-01,117200.0,5.98,6570.53,0.0,6829.94,20098.98,110501.49,2024-11-28,PAY-202411-0262
6276,262,2024-12-01,117200.0,8.42,9251.48,0.0,9157.81,11984.34,123624.95,2024-12-29,PAY-202412-0262
6277,262,2025-01-01,117200.0,12.55,13789.31,0.0,6504.57,12715.8,124778.08,2025-01-30,PAY-202501-0262
6278,262,2025-02-01,117200.0,7.08,7779.15,0.0,3873.21,6109.89,122742.47,2025-03-03,PAY-202502-0262
6279,262,2025-03-01,117200.0,1.95,2142.56,29509.8,12827.05,6198.99,155480.42,2025-03-29,PAY-202503-0262
6280,262,2025-04-01,117200.0,8.28,9097.65,0.0,1275.05,9834.5,117738.2,2025-04-29,PAY-202504-0262
6281,262,2025-05-01,117200.0,8.57,9416.29,0.0,1211.9,20537.97,107290.22,2025-05-27,PAY-202505-0262
6282,262,2025-06-01,117200.0,8.93,9811.84,0.0,3910.65,20355.5,110566.99,2025-07-01,PAY-202506-0262
6283,262,2025-07-01,117200.0,12.6,13844.25,0.0,6720.46,10990.3,126774.41,2025-07-29,PAY-202507-0262
6284,262,2025-08-01,117200.0,13.09,14382.64,0.0,6282.47,16950.22,120914.89,2025-08-26,PAY-202508-0262
6285,262,2025-09-01,117200.0,5.03,5526.71,0.0,1148.6,16951.37,106923.94,2025-09-29,PAY-202509-0262
6286,262,2025-10-01,117200.0,4.92,5405.85,0.0,10293.37,11716.1,121183.12,2025-10-31,PAY-202510-0262
6287,262,2025-11-01,117200.0,2.8,3076.5,0.0,8444.63,16878.74,111842.39,2025-11-27,PAY-202511-0262
6288,262,2025-12-01,117200.0,11.49,12624.64,0.0,10414.41,20633.69,119605.36,2025-12-28,PAY-202512-0262
6289,263,2024-01-01,160400.0,15.24,22917.15,0.0,9594.92,17089.31,175822.76,2024-01-30,PAY-202401-0263
6290,263,2024-02-01,160400.0,6.42,9654.08,0.0,13244.15,28709.21,154589.02,2024-02-28,PAY-202402-0263
6291,263,2024-03-01,160400.0,6.79,10210.46,0.0,13639.97,21484.41,162766.02,2024-03-29,PAY-202403-0263
6292,263,2024-04-01,160400.0,15.33,23052.49,0.0,10611.14,24513.68,169549.95,2024-04-27,PAY-202404-0263
6293,263,2024-05-01,160400.0,10.53,15834.49,0.0,4663.0,10849.92,170047.57,2024-05-31,PAY-202405-0263
6294,263,2024-06-01,160400.0,10.18,15308.17,0.0,3964.4,11730.56,167942.01,2024-06-30,PAY-202406-0263
6295,263,2024-07-01,160400.0,2.05,3082.69,0.0,7074.43,22679.12,147878.0,2024-07-30,PAY-202407-0263
6296,263,2024-08-01,160400.0,11.39,17127.71,0.0,4967.0,17313.79,165180.92,2024-08-28,PAY-202408-0263
6297,263,2024-09-01,160400.0,3.35,5037.56,0.0,12667.27,14910.3,163194.53,2024-10-01,PAY-202409-0263
6298,263,2024-10-01,160400.0,2.33,3503.74,0.0,8083.76,26188.21,145799.29,2024-10-29,PAY-202410-0263
6299,263,2024-11-01,160400.0,6.27,9428.51,0.0,2586.44,15868.53,156546.42,2024-11-28,PAY-202411-0263
6300,263,2024-12-01,160400.0,5.07,7624.01,0.0,11843.78,21139.77,158728.02,2024-12-27,PAY-202412-0263
6301,263,2025-01-01,160400.0,6.89,10360.84,0.0,4312.83,13118.18,161955.49,2025-01-31,PAY-202501-0263
6302,263,2025-02-01,160400.0,0.8,1203.0,0.0,8389.32,9099.52,160892.8,2025-03-01,PAY-202502-0263
6303,263,2025-03-01,160400.0,12.79,19232.96,0.0,7682.23,12622.76,174692.43,2025-03-31,PAY-202503-0263
6304,263,2025-04-01,160400.0,13.64,20511.15,0.0,326.03,9677.03,171560.15,2025-04-27,PAY-202504-0263
6305,263,2025-05-01,160400.0,0.0,0.0,0.0,8671.58,20553.77,148517.81,2025-05-26,PAY-202505-0263
6306,263,2025-06-01,160400.0,12.89,19383.34,0.0,9155.85,12365.48,176573.71,2025-06-28,PAY-202506-0263
6307,263,2025-07-01,160400.0,3.95,5939.81,0.0,7555.73,15711.75,158183.79,2025-07-31,PAY-202507-0263
6308,263,2025-08-01,160400.0,12.28,18466.05,0.0,5254.17,15861.35,168258.87,2025-08-29,PAY-202508-0263
6309,263,2025-09-01,160400.0,7.66,11518.73,12568.22,4913.22,11078.59,178321.58,2025-09-27,PAY-202509-0263
6310,263,2025-10-01,160400.0,8.14,12240.53,0.0,3234.48,14359.94,161515.07,2025-10-28,PAY-202510-0263
6311,263,2025-11-01,160400.0,7.07,10631.51,0.0,8927.0,16422.65,163535.86,2025-11-30,PAY-202511-0263
6312,263,2025-12-01,160400.0,14.06,21142.73,0.0,11081.24,13120.51,179503.46,2025-12-26,PAY-202512-0263
6313,264,2024-01-01,133800.0,1.8,2257.88,0.0,10113.98,9308.48,136863.38,2024-01-27,PAY-202401-0264
6314,264,2024-02-01,133800.0,11.04,13848.3,0.0,10194.41,8234.19,149608.52,2024-03-02,PAY-202402-0264
6315,264,2024-03-01,133800.0,13.51,16946.61,0.0,13532.65,14491.09,149788.17,2024-03-27,PAY-202403-0264
6316,264,2024-04-01,133800.0,11.58,14525.66,0.0,13288.63,11933.48,149680.81,2024-04-28,PAY-202404-0264
6317,264,2024-05-01,133800.0,19.62,24610.84,0.0,13292.13,9700.19,162002.78,2024-05-29,PAY-202405-0264
6318,264,2024-06-01,133800.0,5.36,6723.45,0.0,5821.86,23096.04,123249.27,2024-06-29,PAY-202406-0264
6319,264,2024-07-01,133800.0,12.79,16043.46,0.0,10449.31,15551.2,144741.57,2024-07-30,PAY-202407-0264
6320,264,2024-08-01,133800.0,7.47,9370.18,0.0,9081.8,20843.8,131408.18,2024-08-28,PAY-202408-0264
6321,264,2024-09-01,133800.0,14.17,17774.49,0.0,14492.83,21626.06,144441.26,2024-09-30,PAY-202409-0264
6322,264,2024-10-01,133800.0,7.96,9984.83,0.0,4302.81,10854.59,137233.05,2024-10-28,PAY-202410-0264
6323,264,2024-11-01,133800.0,6.06,7601.51,0.0,10692.93,9096.24,142998.2,2024-11-28,PAY-202411-0264
6324,264,2024-12-01,133800.0,14.53,18226.07,0.0,6691.88,14685.95,144032.0,2024-12-28,PAY-202412-0264
6325,264,2025-01-01,133800.0,5.54,6949.24,0.0,13038.19,23428.3,130359.13,2025-01-27,PAY-202501-0264
6326,264,2025-02-01,133800.0,0.94,1179.11,0.0,6985.96,16388.42,125576.65,2025-02-28,PAY-202502-0264
6327,264,2025-03-01,133800.0,5.42,6798.71,35524.18,337.91,21763.23,154697.57,2025-03-29,PAY-202503-0264
6328,264,2025-04-01,133800.0,11.1,13923.56,0.0,1207.76,17070.27,131861.05,2025-04-28,PAY-202504-0264
6329,264,2025-05-01,133800.0,14.96,18765.45,0.0,1324.0,12205.46,141683.99,2025-05-29,PAY-202505-0264
6330,264,2025-06-01,133800.0,8.56,10737.45,0.0,9776.11,10307.27,144006.29,2025-06-30,PAY-202506-0264
6331,264,2025-07-01,133800.0,14.59,18301.33,0.0,11831.5,17880.43,146052.4,2025-07-26,PAY-202507-0264
6332,264,2025-08-01,133800.0,1.21,1517.79,0.0,4166.45,7272.65,132211.59,2025-08-29,PAY-202508-0264
6333,264,2025-09-01,133800.0,56.74,71173.24,0.0,5356.03,15495.55,194833.72,2025-09-27,PAY-202509-0264
6334,264,2025-10-01,133800.0,6.56,8228.7,0.0,10835.27,12663.19,140200.78,2025-10-30,PAY-202510-0264
6335,264,2025-11-01,133800.0,7.43,9320.01,0.0,12007.35,18077.75,137049.61,2025-11-29,PAY-202511-0264
6336,264,2025-12-01,133800.0,8.42,10561.84,0.0,5129.35,9826.02,139665.17,2025-12-27,PAY-202512-0264
6337,265,2024-01-01,135000.0,11.45,14491.41,0.0,1952.01,13973.89,137469.53,2024-01-26,PAY-202401-0265
6338,265,2024-02-01,135000.0,5.78,7315.31,0.0,13731.32,18527.93,137518.7,2024-02-26,PAY-202402-0265
6339,265,2024-03-01,135000.0,8.7,11010.94,0.0,552.29,14935.58,131627.65,2024-03-30,PAY-202403-0265
6340,265,2024-04-01,135000.0,7.77,9833.91,0.0,1052.09,19660.0,126226.0,2024-04-28,PAY-202404-0265
6341,265,2024-05-01,135000.0,3.37,4265.16,0.0,11301.96,13097.36,137469.76,2024-05-29,PAY-202405-0265
6342,265,2024-06-01,135000.0,7.43,9403.59,26000.25,11480.75,15557.72,166326.87,2024-06-30,PAY-202406-0265
6343,265,2024-07-01,135000.0,7.28,9213.75,0.0,12503.22,24188.0,132528.97,2024-07-26,PAY-202407-0265
6344,265,2024-08-01,135000.0,7.17,9074.53,0.0,10242.71,12335.84,141981.4,2024-08-27,PAY-202408-0265
6345,265,2024-09-01,135000.0,8.16,10327.5,0.0,6717.33,23056.57,128988.26,2024-09-29,PAY-202409-0265
6346,265,2024-10-01,135000.0,8.38,10605.94,0.0,4679.38,12127.54,138157.78,2024-10-29,PAY-202410-0265
6347,265,2024-11-01,135000.0,5.84,7391.25,0.0,1395.14,18031.78,125754.61,2024-12-01,PAY-202411-0265
6348,265,2024-12-01,135000.0,14.36,18174.38,0.0,7302.91,6751.05,153726.24,2024-12-31,PAY-202412-0265
6349,265,2025-01-01,135000.0,2.15,2721.09,0.0,8753.26,13768.16,132706.19,2025-01-31,PAY-202501-0265
6350,265,2025-02-01,135000.0,4.4,5568.75,0.0,12508.41,16359.68,136717.48,2025-02-27,PAY-202502-0265
6351,265,2025-03-01,135000.0,21.9,27717.19,0.0,237.34,13293.76,149660.77,2025-03-27,PAY-202503-0265
6352,265,2025-04-01,135000.0,2.81,3556.41,0.0,5146.4,17287.0,126415.81,2025-04-28,PAY-202504-0265
6353,265,2025-05-01,135000.0,1.23,1556.72,27466.64,1016.99,19356.68,145683.67,2025-05-31,PAY-202505-0265
6354,265,2025-06-01,135000.0,11.67,14769.84,0.0,3473.36,19561.41,133681.79,2025-06-30,PAY-202506-0265
6355,265,2025-07-01,135000.0,0.0,0.0,0.0,7445.69,22690.11,119755.58,2025-07-26,PAY-202507-0265
6356,265,2025-08-01,135000.0,6.82,8631.56,0.0,12572.64,18691.18,137513.02,2025-08-30,PAY-202508-0265
6357,265,2025-09-01,135000.0,18.73,23705.16,0.0,2621.03,9480.18,151846.01,2025-09-28,PAY-202509-0265
6358,265,2025-10-01,135000.0,0.28,354.38,7353.15,13135.06,16085.44,139757.15,2025-10-29,PAY-202510-0265
6359,265,2025-11-01,135000.0,0.0,0.0,21959.37,6766.01,11025.81,152699.57,2025-11-30,PAY-202511-0265
6360,265,2025-12-01,135000.0,0.5,632.81,0.0,1354.33,14713.89,122273.25,2025-12-31,PAY-202512-0265
6361,266,2024-01-01,130000.0,12.49,15222.19,0.0,2514.89,14193.0,133544.08,2024-01-28,PAY-202401-0266
6362,266,2024-02-01,130000.0,13.62,16599.38,0.0,39.94,12031.61,134607.71,2024-02-28,PAY-202402-0266
6363,266,2024-03-01,130000.0,5.44,6630.0,0.0,250.31,21662.54,115217.77,2024-03-31,PAY-202403-0266
6364,266,2024-04-01,130000.0,11.42,13918.12,0.0,10830.11,19734.24,135013.99,2024-04-29,PAY-202404-0266
6365,266,2024-05-01,130000.0,14.95,18220.31,0.0,12574.54,23266.7,137528.15,2024-05-30,PAY-202405-0266
6366,266,2024-06-01,130000.0,16.94,20645.62,0.0,10229.38,19255.82,141619.18,2024-06-29,PAY-202406-0266
6367,266,2024-07-01,130000.0,6.77,8250.94,0.0,13885.07,21110.52,131025.49,2024-07-29,PAY-202407-0266
6368,266,2024-08-01,130000.0,0.0,0.0,0.0,3056.8,22882.43,110174.37,2024-08-28,PAY-202408-0266
6369,266,2024-09-01,130000.0,3.9,4753.12,28601.06,129.94,12505.27,150978.85,2024-09-28,PAY-202409-0266
6370,266,2024-10-01,130000.0,5.87,7154.06,0.0,13510.53,22901.36,127763.23,2024-10-28,PAY-202410-0266
6371,266,2024-11-01,130000.0,6.71,8177.81,0.0,1178.02,10049.63,129306.2,2024-11-30,PAY-202411-0266
6372,266,2024-12-01,130000.0,7.06,8604.38,0.0,11637.3,12663.09,137578.59,2024-12-27,PAY-202412-0266
6373,266,2025-01-01,130000.0,13.59,16562.81,0.0,7334.39,16679.16,137218.04,2025-01-28,PAY-202501-0266
6374,266,2025-02-01,130000.0,14.37,17513.44,0.0,12100.97,7478.27,152136.14,2025-03-02,PAY-202502-0266
6375,266,2025-03-01,130000.0,7.14,8701.88,0.0,10588.23,17948.34,131341.77,2025-03-26,PAY-202503-0266
6376,266,2025-04-01,130000.0,13.49,16440.94,0.0,14566.88,15862.61,145145.21,2025-04-29,PAY-202504-0266
6377,266,2025-05-01,130000.0,9.79,11931.56,0.0,12114.77,20687.6,133358.73,2025-05-26,PAY-202505-0266
6378,266,2025-06-01,130000.0,8.32,10140.0,0.0,5177.43,16992.09,128325.34,2025-06-27,PAY-202506-0266
6379,266,2025-07-01,130000.0,12.53,15270.94,0.0,14136.96,8141.0,151266.9,2025-07-27,PAY-202507-0266
6380,266,2025-08-01,130000.0,8.36,10188.75,0.0,11433.07,16165.78,135456.04,2025-08-30,PAY-202508-0266
6381,266,2025-09-01,130000.0,18.29,22290.94,0.0,11481.44,18876.54,144895.84,2025-09-27,PAY-202509-0266
6382,266,2025-10-01,130000.0,0.81,987.19,0.0,975.46,10863.6,121099.05,2025-10-29,PAY-202510-0266
6383,266,2025-11-01,130000.0,5.42,6605.62,0.0,1907.03,16753.24,121759.41,2025-11-27,PAY-202511-0266
6384,266,2025-12-01,130000.0,7.37,8982.19,0.0,2354.79,18146.42,123190.56,2025-12-28,PAY-202512-0266
6385,267,2024-01-01,241800.0,10.2,23122.12,0.0,11168.44,19702.14,256388.42,2024-01-26,PAY-202401-0267
6386,267,2024-02-01,241800.0,14.34,32506.99,0.0,11032.58,15283.85,270055.72,2024-02-26,PAY-202402-0267
6387,267,2024-03-01,241800.0,7.88,17862.97,0.0,2321.06,40525.28,221458.75,2024-03-28,PAY-202403-0267
6388,267,2024-04-01,241800.0,0.89,2017.52,8050.46,10855.94,14860.0,247863.92,2024-04-27,PAY-202404-0267
6389,267,2024-05-01,241800.0,12.21,27678.54,35892.88,5345.38,18244.06,292472.74,2024-05-26,PAY-202405-0267
6390,267,2024-06-01,241800.0,11.77,26681.12,0.0,4810.92,13315.66,259976.38,2024-06-26,PAY-202406-0267
6391,267,2024-07-01,241800.0,0.0,0.0,0.0,4452.49,26228.39,220024.1,2024-07-30,PAY-202407-0267
6392,267,2024-08-01,241800.0,7.98,18089.66,29927.35,13405.55,31473.43,271749.13,2024-08-31,PAY-202408-0267
6393,267,2024-09-01,241800.0,0.05,113.34,0.0,9208.67,21616.99,229505.02,2024-09-28,PAY-202409-0267
6394,267,2024-10-01,241800.0,4.68,10608.97,0.0,6101.66,38476.02,220034.61,2024-10-29,PAY-202410-0267
6395,267,2024-11-01,241800.0,3.49,7911.39,0.0,12003.3,22322.91,239391.78,2024-11-28,PAY-202411-0267
6396,267,2024-12-01,241800.0,12.05,27315.84,24542.66,14606.3,30876.09,277388.71,2024-12-26,PAY-202412-0267
6397,267,2025-01-01,241800.0,8.58,19449.79,0.0,14081.39,39050.53,236280.65,2025-01-30,PAY-202501-0267
6398,267,2025-02-01,241800.0,1.57,3558.99,0.0,2290.51,25197.22,222452.28,2025-03-03,PAY-202502-0267
6399,267,2025-03-01,241800.0,12.4,28109.25,26634.33,11006.14,15327.04,292222.68,2025-03-29,PAY-202503-0267
6400,267,2025-04-01,241800.0,0.83,1881.51,0.0,13765.77,35609.33,221837.95,2025-05-01,PAY-202504-0267
6401,267,2025-05-01,241800.0,9.65,21875.34,0.0,9237.89,12632.85,260280.38,2025-05-31,PAY-202505-0267
6402,267,2025-06-01,241800.0,3.93,8908.82,0.0,9546.72,17120.61,243134.93,2025-06-28,PAY-202506-0267
6403,267,2025-07-01,241800.0,6.17,13986.62,0.0,11100.8,24804.99,242082.43,2025-07-27,PAY-202507-0267
6404,267,2025-08-01,241800.0,10.52,23847.52,0.0,7551.87,16048.98,257150.41,2025-08-31,PAY-202508-0267
6405,267,2025-09-01,241800.0,10.61,24051.54,33369.33,5337.59,32146.04,272412.42,2025-09-27,PAY-202509-0267
6406,267,2025-10-01,241800.0,14.68,33277.72,0.0,5715.43,31525.11,249268.04,2025-10-29,PAY-202510-0267
6407,267,2025-11-01,241800.0,7.59,17205.58,0.0,457.15,18174.14,241288.59,2025-11-28,PAY-202511-0267
6408,267,2025-12-01,241800.0,9.53,21603.32,0.0,11994.46,34358.36,241039.42,2025-12-31,PAY-202512-0267
6409,268,2024-01-01,100000.0,5.81,5446.88,17084.19,3455.92,13606.63,112380.36,2024-01-31,PAY-202401-0268
6410,268,2024-02-01,100000.0,8.91,8353.12,0.0,14054.74,13236.16,109171.7,2024-02-29,PAY-202402-0268
6411,268,2024-03-01,100000.0,10.2,9562.5,0.0,1990.04,13154.86,98397.68,2024-03-26,PAY-202403-0268
6412,268,2024-04-01,100000.0,7.51,7040.62,0.0,2368.51,5396.57,104012.56,2024-05-01,PAY-202404-0268
6413,268,2024-05-01,100000.0,0.0,0.0,0.0,13693.03,8475.31,105217.72,2024-05-28,PAY-202405-0268
6414,268,2024-06-01,100000.0,9.66,9056.25,0.0,11025.24,8303.15,111778.34,2024-06-27,PAY-202406-0268
6415,268,2024-07-01,100000.0,9.82,9206.25,0.0,14089.13,6881.72,116413.66,2024-07-28,PAY-202407-0268
6416,268,2024-08-01,100000.0,4.6,4312.5,16713.7,13514.51,15548.23,118992.48,2024-08-28,PAY-202408-0268
6417,268,2024-09-01,100000.0,1.58,1481.25,0.0,7675.79,17031.57,92125.47,2024-10-01,PAY-202409-0268
6418,268,2024-10-01,100000.0,15.38,14418.75,37541.17,13702.91,17320.43,148342.4,2024-10-29,PAY-202410-0268
6419,268,2024-11-01,100000.0,10.46,9806.25,18303.62,4320.54,5372.84,127057.57,2024-11-27,PAY-202411-0268
6420,268,2024-12-01,100000.0,6.85,6421.88,0.0,6277.64,9661.96,103037.56,2024-12-28,PAY-202412-0268
6421,268,2025-01-01,100000.0,2.31,2165.62,0.0,3952.35,17410.05,88707.92,2025-01-29,PAY-202501-0268
6422,268,2025-02-01,100000.0,3.89,3646.88,0.0,9104.81,9433.85,103317.84,2025-03-03,PAY-202502-0268
6423,268,2025-03-01,100000.0,14.51,13603.12,0.0,3857.63,6084.61,111376.14,2025-03-30,PAY-202503-0268
6424,268,2025-04-01,100000.0,8.69,8146.87,0.0,8766.35,9296.27,107616.95,2025-04-29,PAY-202504-0268
6425,268,2025-05-01,100000.0,5.25,4921.88,0.0,3893.78,5458.6,103357.06,2025-05-29,PAY-202505-0268
6426,268,2025-06-01,100000.0,10.55,9890.62,0.0,12614.96,10608.4,111897.18,2025-06-27,PAY-202506-0268
6427,268,2025-07-01,100000.0,3.93,3684.38,0.0,8382.96,11900.96,100166.38,2025-07-30,PAY-202507-0268
6428,268,2025-08-01,100000.0,15.5,14531.25,0.0,13201.1,9518.73,118213.62,2025-08-31,PAY-202508-0268
6429,268,2025-09-01,100000.0,14.76,13837.5,0.0,14649.69,13104.72,115382.47,2025-09-27,PAY-202509-0268
6430,268,2025-10-01,100000.0,5.67,5315.62,18627.35,14384.72,10416.98,127910.71,2025-10-27,PAY-202510-0268
6431,268,2025-11-01,100000.0,4.86,4556.25,0.0,2070.78,12690.52,93936.51,2025-11-26,PAY-202511-0268
6432,268,2025-12-01,100000.0,0.0,0.0,0.0,11990.47,16285.77,95704.7,2025-12-30,PAY-202512-0268
6433,269,2024-01-01,117000.0,0.59,647.16,0.0,13831.57,13181.13,118297.6,2024-01-30,PAY-202401-0269
6434,269,2024-02-01,117000.0,1.3,1425.94,0.0,11298.54,19577.8,110146.68,2024-02-26,PAY-202402-0269
6435,269,2024-03-01,117000.0,8.68,9520.88,0.0,9230.98,9109.79,126642.07,2024-03-26,PAY-202403-0269
6436,269,2024-04-01,117000.0,6.37,6987.09,0.0,1818.8,16816.88,108989.01,2024-04-28,PAY-202404-0269
6437,269,2024-05-01,117000.0,1.27,1393.03,0.0,7815.83,17982.09,108226.77,2024-05-28,PAY-202405-0269
6438,269,2024-06-01,117000.0,6.59,7228.41,0.0,8401.79,20310.73,112319.47,2024-06-30,PAY-202406-0269
6439,269,2024-07-01,117000.0,10.53,11550.09,0.0,1101.27,16668.84,112982.52,2024-07-26,PAY-202407-0269
6440,269,2024-08-01,117000.0,10.64,11670.75,0.0,12133.19,16969.68,123834.26,2024-08-28,PAY-202408-0269
6441,269,2024-09-01,117000.0,0.0,0.0,0.0,6607.5,14379.68,109227.82,2024-09-30,PAY-202409-0269
6442,269,2024-10-01,117000.0,7.36,8073.0,0.0,1394.64,17035.69,109431.95,2024-10-29,PAY-202410-0269
6443,269,2024-11-01,117000.0,1.08,1184.62,0.0,844.43,14434.52,104594.53,2024-12-01,PAY-202411-0269
6444,269,2024-12-01,117000.0,12.51,13721.91,0.0,9862.62,11840.36,128744.17,2024-12-26,PAY-202412-0269
6445,269,2025-01-01,117000.0,11.92,13074.75,0.0,3837.71,13615.21,120297.25,2025-01-30,PAY-202501-0269
6446,269,2025-02-01,117000.0,3.51,3850.03,0.0,9401.84,17230.35,113021.52,2025-03-01,PAY-202502-0269
6447,269,2025-03-01,117000.0,4.17,4573.97,0.0,4975.93,16326.14,110223.76,2025-03-27,PAY-202503-0269
6448,269,2025-04-01,117000.0,5.69,6241.22,0.0,2501.99,17627.08,108116.13,2025-05-01,PAY-202504-0269
6449,269,2025-05-01,117000.0,0.0,0.0,0.0,2783.57,19324.63,100458.94,2025-05-30,PAY-202505-0269
6450,269,2025-06-01,117000.0,9.68,10617.75,0.0,10753.56,19555.28,118816.03,2025-06-26,PAY-202506-0269
6451,269,2025-07-01,117000.0,6.64,7283.25,0.0,2313.94,11531.19,115066.0,2025-07-26,PAY-202507-0269
6452,269,2025-08-01,117000.0,12.85,14094.84,0.0,7649.3,11064.72,127679.42,2025-08-30,PAY-202508-0269
6453,269,2025-09-01,117000.0,2.51,2753.16,0.0,10222.63,18501.73,111474.06,2025-09-29,PAY-202509-0269
6454,269,2025-10-01,117000.0,4.9,5374.69,0.0,9587.08,13491.23,118470.54,2025-10-30,PAY-202510-0269
6455,269,2025-11-01,117000.0,0.47,515.53,0.0,4178.13,18044.01,103649.65,2025-11-27,PAY-202511-0269
6456,269,2025-12-01,117000.0,2.98,3268.69,0.0,4032.01,10119.85,114180.85,2025-12-28,PAY-202512-0269
6457,270,2024-01-01,185300.0,2.09,3630.72,0.0,7124.16,12795.47,183259.41,2024-01-27,PAY-202401-0270
6458,270,2024-02-01,185300.0,12.98,22548.69,0.0,3009.99,31851.53,179007.15,2024-02-28,PAY-202402-0270
6459,270,2024-03-01,185300.0,4.51,7834.72,0.0,10255.19,26346.97,177042.94,2024-03-30,PAY-202403-0270
6460,270,2024-04-01,185300.0,8.62,14974.56,0.0,13856.49,26127.79,188003.26,2024-04-29,PAY-202404-0270
6461,270,2024-05-01,185300.0,6.1,10596.84,0.0,10628.06,32519.75,174005.15,2024-05-26,PAY-202405-0270
6462,270,2024-06-01,185300.0,1.65,2866.36,0.0,965.55,24588.34,164543.57,2024-06-30,PAY-202406-0270
6463,270,2024-07-01,185300.0,7.16,12438.26,0.0,13309.84,31632.71,179415.39,2024-07-29,PAY-202407-0270
6464,270,2024-08-01,185300.0,11.0,19109.06,0.0,11409.19,29476.4,186341.85,2024-08-31,PAY-202408-0270
6465,270,2024-09-01,185300.0,1.96,3404.89,26598.36,7395.3,15460.01,207238.54,2024-09-27,PAY-202409-0270
6466,270,2024-10-01,185300.0,12.05,20933.11,0.0,6093.89,28226.18,184100.82,2024-10-26,PAY-202410-0270
6467,270,2024-11-01,185300.0,3.75,6514.45,0.0,11679.75,19763.72,183730.48,2024-11-26,PAY-202411-0270
6468,270,2024-12-01,185300.0,5.59,9710.88,0.0,6609.0,23690.74,177929.14,2024-12-27,PAY-202412-0270
6469,270,2025-01-01,185300.0,10.65,18501.05,0.0,119.04,28751.65,175168.44,2025-01-30,PAY-202501-0270
6470,270,2025-02-01,185300.0,4.68,8130.04,0.0,5264.44,21413.49,177280.99,2025-02-27,PAY-202502-0270
6471,270,2025-03-01,185300.0,8.19,14227.57,8859.0,11764.25,29430.47,190720.35,2025-03-26,PAY-202503-0270
6472,270,2025-04-01,185300.0,6.43,11170.12,0.0,4909.22,20716.91,180662.43,2025-05-01,PAY-202504-0270
6473,270,2025-05-01,185300.0,8.65,15026.67,0.0,13829.47,12747.87,201408.27,2025-05-30,PAY-202505-0270
6474,270,2025-06-01,185300.0,0.0,0.0,0.0,8121.75,27213.9,166207.85,2025-06-28,PAY-202506-0270
6475,270,2025-07-01,185300.0,0.0,0.0,0.0,9003.04,20818.02,173485.02,2025-07-29,PAY-202507-0270
6476,270,2025-08-01,185300.0,11.08,19248.04,0.0,8515.88,21788.87,191275.05,2025-08-28,PAY-202508-0270
6477,270,2025-09-01,185300.0,13.19,22913.5,0.0,10412.37,32268.01,186357.86,2025-10-01,PAY-202509-0270
6478,270,2025-10-01,185300.0,3.45,5993.3,0.0,14562.42,15879.7,189976.02,2025-10-27,PAY-202510-0270
6479,270,2025-11-01,185300.0,6.78,11778.13,0.0,4500.18,9385.64,192192.67,2025-11-28,PAY-202511-0270
6480,270,2025-12-01,185300.0,9.47,16451.17,0.0,6579.5,15094.8,193235.87,2025-12-30,PAY-202512-0270
6481,271,2024-01-01,156700.0,11.47,16850.15,0.0,14801.47,17734.7,170616.92,2024-01-28,PAY-202401-0271
6482,271,2024-02-01,156700.0,0.0,0.0,0.0,4088.48,25776.78,135011.7,2024-02-28,PAY-202402-0271
6483,271,2024-03-01,156700.0,3.57,5244.55,0.0,2313.62,15839.8,148418.37,2024-03-30,PAY-202403-0271
6484,271,2024-04-01,156700.0,6.34,9313.86,0.0,7268.34,13280.65,160001.55,2024-05-01,PAY-202404-0271
6485,271,2024-05-01,156700.0,11.52,16923.6,0.0,6043.51,22105.19,157561.92,2024-05-29,PAY-202405-0271
6486,271,2024-06-01,156700.0,20.49,30101.09,0.0,9436.9,23100.76,173137.23,2024-06-29,PAY-202406-0271
6487,271,2024-07-01,156700.0,6.86,10077.77,0.0,12788.49,13924.15,165642.11,2024-07-30,PAY-202407-0271
6488,271,2024-08-01,156700.0,0.97,1424.99,25975.53,2297.36,18646.21,167751.67,2024-08-28,PAY-202408-0271
6489,271,2024-09-01,156700.0,10.01,14705.32,0.0,11083.29,26688.09,155800.52,2024-09-27,PAY-202409-0271
6490,271,2024-10-01,156700.0,14.6,21448.31,0.0,5466.46,8702.27,174912.5,2024-10-26,PAY-202410-0271
6491,271,2024-11-01,156700.0,8.54,12545.79,0.0,14238.77,27591.81,155892.75,2024-12-01,PAY-202411-0271
6492,271,2024-12-01,156700.0,3.47,5097.65,0.0,11770.02,24914.68,148652.99,2024-12-27,PAY-202412-0271
6493,271,2025-01-01,156700.0,12.79,18789.31,0.0,12913.43,21556.45,166846.29,2025-01-29,PAY-202501-0271
6494,271,2025-02-01,156700.0,11.32,16629.79,0.0,4800.38,10661.67,167468.5,2025-02-27,PAY-202502-0271
6495,271,2025-03-01,156700.0,2.87,4216.21,0.0,6251.77,12266.59,154901.39,2025-03-30,PAY-202503-0271
6496,271,2025-04-01,156700.0,9.91,14558.41,0.0,7165.39,18264.92,160158.88,2025-04-28,PAY-202504-0271
6497,271,2025-05-01,156700.0,12.99,19083.12,0.0,37.92,19266.77,156554.27,2025-05-26,PAY-202505-0271
6498,271,2025-06-01,156700.0,13.91,20434.66,0.0,12452.04,9509.21,180077.49,2025-06-30,PAY-202506-0271
6499,271,2025-07-01,156700.0,7.67,11267.71,0.0,14072.38,20203.25,161836.84,2025-07-26,PAY-202507-0271
6500,271,2025-08-01,156700.0,6.21,9122.88,0.0,5619.66,9230.86,162211.68,2025-08-30,PAY-202508-0271
6501,271,2025-09-01,156700.0,14.14,20772.54,0.0,4160.05,9790.15,171842.44,2025-09-28,PAY-202509-0271
6502,271,2025-10-01,156700.0,1.95,2864.67,0.0,2478.17,12031.6,150011.24,2025-10-26,PAY-202510-0271
6503,271,2025-11-01,156700.0,10.19,14969.75,0.0,4133.89,18865.85,156937.79,2025-11-30,PAY-202511-0271
6504,271,2025-12-01,156700.0,1.15,1689.42,0.0,11399.31,18373.92,151414.81,2025-12-31,PAY-202512-0271
6505,272,2024-01-01,195200.0,13.33,24393.9,0.0,8555.47,16665.15,211484.22,2024-01-29,PAY-202401-0272
6506,272,2024-02-01,195200.0,6.71,12279.3,0.0,5688.53,17861.02,195306.81,2024-02-26,PAY-202402-0272
6507,272,2024-03-01,195200.0,14.34,26242.2,0.0,5424.67,17448.73,209418.14,2024-03-30,PAY-202403-0272
6508,272,2024-04-01,195200.0,10.46,19141.8,0.0,11906.87,15095.22,211153.45,2024-04-28,PAY-202404-0272
6509,272,2024-05-01,195200.0,1.88,3440.4,0.0,11487.53,23388.01,186739.92,2024-05-31,PAY-202405-0272
6510,272,2024-06-01,195200.0,15.12,27669.6,0.0,5044.28,20177.54,207736.34,2024-06-30,PAY-202406-0272
6511,272,2024-07-01,195200.0,15.76,28840.8,0.0,2112.96,9827.83,216325.93,2024-07-30,PAY-202407-0272
6512,272,2024-08-01,195200.0,12.41,22710.3,0.0,9187.37,32537.37,194560.3,2024-08-29,PAY-202408-0272
6513,272,2024-09-01,195200.0,4.19,7667.7,0.0,14241.92,15875.39,201234.23,2024-09-26,PAY-202409-0272
6514,272,2024-10-01,195200.0,6.47,11840.1,0.0,5399.13,21529.72,190909.51,2024-10-26,PAY-202410-0272
6515,272,2024-11-01,195200.0,8.73,15975.9,0.0,9959.85,12546.03,208589.72,2024-11-28,PAY-202411-0272
6516,272,2024-12-01,195200.0,4.48,8198.4,0.0,6935.15,31553.12,178780.43,2024-12-28,PAY-202412-0272
6517,272,2025-01-01,195200.0,16.46,30121.8,0.0,3942.46,26589.68,202674.58,2025-01-31,PAY-202501-0272
6518,272,2025-02-01,195200.0,8.72,15957.6,0.0,8048.39,13147.49,206058.5,2025-02-28,PAY-202502-0272
6519,272,2025-03-01,195200.0,0.0,0.0,0.0,7024.48,22460.22,179764.26,2025-03-29,PAY-202503-0272
6520,272,2025-04-01,195200.0,9.7,17751.0,0.0,3348.76,16620.74,199679.02,2025-05-01,PAY-202504-0272
6521,272,2025-05-01,195200.0,6.26,11455.8,0.0,4635.31,19745.66,191545.45,2025-05-28,PAY-202505-0272
6522,272,2025-06-01,195200.0,7.63,13962.9,0.0,5611.39,15190.38,199583.91,2025-07-01,PAY-202506-0272
6523,272,2025-07-01,195200.0,6.16,11272.8,0.0,3566.81,13428.54,196611.07,2025-07-28,PAY-202507-0272
6524,272,2025-08-01,195200.0,12.04,22033.2,0.0,5242.77,10207.96,212268.01,2025-08-31,PAY-202508-0272
6525,272,2025-09-01,195200.0,13.6,24888.0,0.0,11786.35,30991.47,200882.88,2025-09-29,PAY-202509-0272
6526,272,2025-10-01,195200.0,9.42,17238.6,0.0,4521.18,22138.39,194821.39,2025-10-30,PAY-202510-0272
6527,272,2025-11-01,195200.0,6.3,11529.0,19307.45,664.67,29741.44,196959.68,2025-11-30,PAY-202511-0272
6528,272,2025-12-01,195200.0,7.79,14255.7,0.0,3937.37,26007.62,187385.45,2025-12-27,PAY-202512-0272
6529,273,2024-01-01,84500.0,8.1,6416.72,0.0,3575.04,12372.17,82119.59,2024-01-31,PAY-202401-0273
6530,273,2024-02-01,84500.0,3.99,3160.83,0.0,9571.25,9102.77,88129.31,2024-02-28,PAY-202402-0273
6531,273,2024-03-01,84500.0,10.89,8626.92,8561.67,6006.71,10738.04,96957.26,2024-03-29,PAY-202403-0273
6532,273,2024-04-01,84500.0,10.3,8159.53,0.0,1440.24,12238.92,81860.85,2024-04-29,PAY-202404-0273
6533,273,2024-05-01,84500.0,15.7,12437.34,0.0,7337.1,13115.79,91158.65,2024-05-31,PAY-202405-0273
6534,273,2024-06-01,84500.0,14.28,11312.44,0.0,4362.69,10332.34,89842.79,2024-07-01,PAY-202406-0273
6535,273,2024-07-01,84500.0,4.57,3620.3,0.0,5100.68,4683.52,88537.46,2024-07-31,PAY-202407-0273
6536,273,2024-08-01,84500.0,12.1,9585.47,0.0,14082.45,8320.9,99847.02,2024-08-29,PAY-202408-0273
6537,273,2024-09-01,84500.0,3.25,2574.61,21151.78,2864.45,13283.73,97807.11,2024-09-26,PAY-202409-0273
6538,273,2024-10-01,84500.0,11.48,9094.31,21104.11,9236.62,4568.17,119366.87,2024-10-26,PAY-202410-0273
6539,273,2024-11-01,84500.0,5.42,4293.66,0.0,6574.94,4612.4,90756.2,2024-11-29,PAY-202411-0273
6540,273,2024-12-01,84500.0,2.88,2281.5,0.0,11858.66,7187.77,91452.39,2024-12-26,PAY-202412-0273
6541,273,2025-01-01,84500.0,9.4,7446.56,0.0,6487.14,10787.25,87646.45,2025-01-30,PAY-202501-0273
6542,273,2025-02-01,84500.0,0.0,0.0,0.0,10198.56,8595.59,86102.97,2025-03-03,PAY-202502-0273
6543,273,2025-03-01,84500.0,0.0,0.0,0.0,11238.92,8236.34,87502.58,2025-03-27,PAY-202503-0273
6544,273,2025-04-01,84500.0,7.11,5632.45,0.0,11559.76,14367.96,87324.25,2025-04-29,PAY-202504-0273
6545,273,2025-05-01,84500.0,8.41,6662.3,0.0,10152.84,8102.05,93213.09,2025-05-27,PAY-202505-0273
6546,273,2025-06-01,84500.0,6.15,4871.95,0.0,7302.11,6863.08,89810.98,2025-07-01,PAY-202506-0273
6547,273,2025-07-01,84500.0,0.1,79.22,0.0,10548.46,10753.89,84373.79,2025-07-26,PAY-202507-0273
6548,273,2025-08-01,84500.0,3.91,3097.45,0.0,6816.82,5684.24,88730.03,2025-08-30,PAY-202508-0273
6549,273,2025-09-01,84500.0,9.96,7890.19,0.0,11686.36,14847.92,89228.63,2025-09-27,PAY-202509-0273
6550,273,2025-10-01,84500.0,10.91,8642.77,0.0,12304.09,12499.8,92947.06,2025-10-30,PAY-202510-0273
6551,273,2025-11-01,84500.0,7.92,6274.12,14523.67,706.93,9367.03,96637.69,2025-11-28,PAY-202511-0273
6552,273,2025-12-01,84500.0,13.78,10916.34,0.0,9528.79,14941.75,90003.38,2025-12-27,PAY-202512-0273
6553,274,2024-01-01,75900.0,9.99,7108.51,0.0,12765.99,12901.1,82873.4,2024-01-28,PAY-202401-0274
6554,274,2024-02-01,75900.0,4.26,3031.26,0.0,11578.36,9397.25,81112.37,2024-02-29,PAY-202402-0274
6555,274,2024-03-01,75900.0,6.6,4696.31,0.0,13266.58,13175.5,80687.39,2024-03-28,PAY-202403-0274
6556,274,2024-04-01,75900.0,0.99,704.45,0.0,335.2,10737.36,66202.29,2024-05-01,PAY-202404-0274
6557,274,2024-05-01,75900.0,7.46,5308.26,6804.24,6844.15,10908.28,83948.37,2024-05-28,PAY-202405-0274
6558,274,2024-06-01,75900.0,13.56,9648.79,0.0,6554.29,7394.06,84709.02,2024-06-27,PAY-202406-0274
6559,274,2024-07-01,75900.0,11.43,8133.16,0.0,377.85,5512.91,78898.1,2024-07-28,PAY-202407-0274
6560,274,2024-08-01,75900.0,15.01,10680.55,0.0,14874.94,7890.6,93564.89,2024-08-31,PAY-202408-0274
6561,274,2024-09-01,75900.0,6.49,4618.04,0.0,8869.46,6404.0,82983.5,2024-09-26,PAY-202409-0274
6562,274,2024-10-01,75900.0,14.73,10481.32,0.0,7598.7,11329.32,82650.7,2024-10-29,PAY-202410-0274
6563,274,2024-11-01,75900.0,7.03,5002.28,0.0,8749.11,4667.84,84983.55,2024-11-27,PAY-202411-0274
6564,274,2024-12-01,75900.0,15.36,10929.6,0.0,14353.71,11656.67,89526.64,2024-12-27,PAY-202412-0274
6565,274,2025-01-01,75900.0,7.89,5614.23,26931.8,2495.87,12347.1,98594.8,2025-01-29,PAY-202501-0274
6566,274,2025-02-01,75900.0,11.54,8211.43,8787.19,7338.48,10128.74,90108.36,2025-03-02,PAY-202502-0274
6567,274,2025-03-01,75900.0,15.38,10943.83,0.0,2201.2,7082.16,81962.87,2025-03-30,PAY-202503-0274
6568,274,2025-04-01,75900.0,7.03,5002.28,0.0,5914.72,11276.39,75540.61,2025-04-28,PAY-202504-0274
6569,274,2025-05-01,75900.0,9.09,6468.1,0.0,3961.59,10002.48,76327.21,2025-05-29,PAY-202505-0274
6570,274,2025-06-01,75900.0,14.44,10274.96,0.0,10501.0,5579.58,91096.38,2025-07-01,PAY-202506-0274
6571,274,2025-07-01,75900.0,7.33,5215.75,0.0,4202.46,12917.38,72400.83,2025-07-26,PAY-202507-0274
6572,274,2025-08-01,75900.0,1.4,996.19,0.0,11959.39,10578.88,78276.7,2025-08-31,PAY-202508-0274
6573,274,2025-09-01,75900.0,18.72,13320.45,0.0,13576.28,7175.52,95621.21,2025-09-27,PAY-202509-0274
6574,274,2025-10-01,75900.0,5.65,4020.33,0.0,6752.18,8839.1,77833.41,2025-10-26,PAY-202510-0274
6575,274,2025-11-01,75900.0,8.79,6254.63,0.0,2165.77,5828.37,78492.03,2025-12-01,PAY-202511-0274
6576,274,2025-12-01,75900.0,13.78,9805.33,0.0,1504.01,9647.24,77562.1,2025-12-29,PAY-202512-0274
6577,275,2024-01-01,229200.0,4.96,10657.8,0.0,10834.16,26745.08,223946.88,2024-01-26,PAY-202401-0275
6578,275,2024-02-01,229200.0,2.96,6360.3,0.0,13467.13,37142.82,211884.61,2024-02-26,PAY-202402-0275
6579,275,2024-03-01,229200.0,9.27,19918.91,0.0,10061.41,16400.55,242779.77,2024-03-26,PAY-202403-0275
6580,275,2024-04-01,229200.0,0.0,0.0,0.0,7833.41,17369.33,219664.08,2024-04-28,PAY-202404-0275
6581,275,2024-05-01,229200.0,6.56,14095.8,0.0,894.98,14363.5,229827.28,2024-05-27,PAY-202405-0275
6582,275,2024-06-01,229200.0,9.23,19832.96,0.0,8125.54,38616.62,218541.88,2024-06-26,PAY-202406-0275
6583,275,2024-07-01,229200.0,6.65,14289.19,0.0,7622.37,37634.29,213477.27,2024-07-29,PAY-202407-0275
6584,275,2024-08-01,229200.0,0.28,601.65,0.0,7030.69,25848.63,210983.71,2024-08-31,PAY-202408-0275
6585,275,2024-09-01,229200.0,15.97,34315.54,0.0,14870.77,31167.08,247219.23,2024-09-29,PAY-202409-0275
6586,275,2024-10-01,229200.0,8.52,18307.35,0.0,14569.86,18528.75,243548.46,2024-10-29,PAY-202410-0275
6587,275,2024-11-01,229200.0,15.16,32575.05,0.0,11106.94,22579.17,250302.82,2024-11-29,PAY-202411-0275
6588,275,2024-12-01,229200.0,6.7,14396.62,0.0,7241.7,36439.11,214399.21,2024-12-31,PAY-202412-0275
6589,275,2025-01-01,229200.0,3.6,7735.5,0.0,14376.92,26327.84,224984.58,2025-01-26,PAY-202501-0275
6590,275,2025-02-01,229200.0,9.35,20090.81,0.0,7853.29,26839.07,230305.03,2025-03-02,PAY-202502-0275
6591,275,2025-03-01,229200.0,6.92,14869.35,15493.15,7515.06,35711.63,231365.93,2025-03-27,PAY-202503-0275
6592,275,2025-04-01,229200.0,2.11,4533.86,36011.69,10069.29,22994.71,256820.13,2025-04-28,PAY-202504-0275
6593,275,2025-05-01,229200.0,15.35,32983.31,0.0,11937.68,19108.71,255012.28,2025-05-29,PAY-202505-0275
6594,275,2025-06-01,229200.0,4.89,10507.39,0.0,1637.82,29721.21,211624.0,2025-06-29,PAY-202506-0275
6595,275,2025-07-01,229200.0,0.0,0.0,30127.34,10270.29,18333.67,251263.96,2025-07-31,PAY-202507-0275
6596,275,2025-08-01,229200.0,14.64,31457.7,32461.96,3752.59,35225.4,261646.85,2025-08-26,PAY-202508-0275
6597,275,2025-09-01,229200.0,5.48,11775.15,0.0,10789.77,33827.52,217937.4,2025-10-01,PAY-202509-0275
6598,275,2025-10-01,229200.0,4.96,10657.8,15442.87,5044.4,31185.06,229160.01,2025-10-26,PAY-202510-0275
6599,275,2025-11-01,229200.0,0.0,0.0,0.0,8942.75,31801.05,206341.7,2025-11-26,PAY-202511-0275
6600,275,2025-12-01,229200.0,16.7,35884.12,0.0,11060.89,22596.66,253548.35,2025-12-30,PAY-202512-0275
6601,276,2024-01-01,129800.0,1.55,1886.16,18898.71,8172.44,16269.79,142487.52,2024-01-29,PAY-202401-0276
6602,276,2024-02-01,129800.0,8.29,10087.89,0.0,6935.57,9445.51,137377.95,2024-02-28,PAY-202402-0276
6603,276,2024-03-01,129800.0,12.56,15283.95,0.0,1004.77,10691.09,135397.63,2024-03-29,PAY-202403-0276
6604,276,2024-04-01,129800.0,10.11,12302.61,0.0,11714.38,12242.82,141574.17,2024-04-27,PAY-202404-0276
6605,276,2024-05-01,129800.0,7.7,9369.94,0.0,51.71,9429.99,129791.66,2024-05-29,PAY-202405-0276
6606,276,2024-06-01,129800.0,0.0,0.0,0.0,13938.33,6913.27,136825.06,2024-07-01,PAY-202406-0276
6607,276,2024-07-01,129800.0,3.95,4806.66,0.0,5502.58,11153.04,128956.2,2024-07-26,PAY-202407-0276
6608,276,2024-08-01,129800.0,8.94,10878.86,0.0,12645.64,16673.19,136651.31,2024-08-27,PAY-202408-0276
6609,276,2024-09-01,129800.0,4.06,4940.51,0.0,5520.86,10384.36,129877.01,2024-09-30,PAY-202409-0276
6610,276,2024-10-01,129800.0,9.02,10976.21,0.0,2881.86,20650.59,123007.48,2024-10-31,PAY-202410-0276
6611,276,2024-11-01,129800.0,11.41,13884.54,19288.88,6729.52,21430.06,148272.88,2024-11-28,PAY-202411-0276
6612,276,2024-12-01,129800.0,12.81,15588.17,0.0,7200.27,12194.63,140393.81,2024-12-28,PAY-202412-0276
6613,276,2025-01-01,129800.0,1.87,2275.56,0.0,3265.08,18137.58,117203.06,2025-01-28,PAY-202501-0276
6614,276,2025-02-01,129800.0,18.98,23096.29,0.0,13141.23,18882.34,147155.18,2025-02-28,PAY-202502-0276
6615,276,2025-03-01,129800.0,11.84,14407.8,33273.25,1326.41,21860.23,156947.23,2025-03-27,PAY-202503-0276
6616,276,2025-04-01,129800.0,7.99,9722.83,0.0,8570.35,12693.61,135399.57,2025-05-01,PAY-202504-0276
6617,276,2025-05-01,129800.0,13.45,16366.97,0.0,7232.87,16246.35,137153.49,2025-05-27,PAY-202505-0276
6618,276,2025-06-01,129800.0,19.83,24130.63,0.0,11375.5,16663.3,148642.83,2025-06-26,PAY-202506-0276
6619,276,2025-07-01,129800.0,0.81,985.67,0.0,7394.16,20951.36,117228.47,2025-07-31,PAY-202507-0276
6620,276,2025-08-01,129800.0,6.87,8359.93,6143.04,6162.08,14115.38,136349.67,2025-08-26,PAY-202508-0276
6621,276,2025-09-01,129800.0,0.0,0.0,0.0,4551.97,8676.36,125675.61,2025-10-01,PAY-202509-0276
6622,276,2025-10-01,129800.0,8.96,10903.2,0.0,4949.39,22742.64,122909.95,2025-10-28,PAY-202510-0276
6623,276,2025-11-01,129800.0,9.83,11961.88,0.0,3477.89,17198.11,128041.66,2025-11-30,PAY-202511-0276
6624,276,2025-12-01,129800.0,7.8,9491.62,0.0,3132.51,14053.23,128370.9,2025-12-30,PAY-202512-0276
6625,277,2024-01-01,54400.0,4.73,2412.3,0.0,11340.81,5927.47,62225.64,2024-01-29,PAY-202401-0277
6626,277,2024-02-01,54400.0,0.0,0.0,0.0,12985.04,5800.44,61584.6,2024-02-26,PAY-202402-0277
6627,277,2024-03-01,54400.0,9.87,5033.7,14793.54,4652.46,9380.0,69499.7,2024-03-31,PAY-202403-0277
6628,277,2024-04-01,54400.0,15.28,7792.8,0.0,13968.3,8370.8,67790.3,2024-04-29,PAY-202404-0277
6629,277,2024-05-01,54400.0,5.04,2570.4,0.0,10024.45,4369.03,62625.82,2024-05-26,PAY-202405-0277
6630,277,2024-06-01,54400.0,10.2,5202.0,0.0,7086.29,4391.36,62296.93,2024-06-27,PAY-202406-0277
6631,277,2024-07-01,54400.0,0.16,81.6,0.0,3962.95,8315.69,50128.86,2024-07-31,PAY-202407-0277
6632,277,2024-08-01,54400.0,10.29,5247.9,0.0,10879.42,5077.32,65450.0,2024-08-29,PAY-202408-0277
6633,277,2024-09-01,54400.0,6.03,3075.3,0.0,3960.41,8860.48,52575.23,2024-09-26,PAY-202409-0277
6634,277,2024-10-01,54400.0,4.19,2136.9,0.0,4532.92,4706.57,56363.25,2024-10-30,PAY-202410-0277
6635,277,2024-11-01,54400.0,4.2,2142.0,0.0,8799.73,7676.83,57664.9,2024-11-29,PAY-202411-0277
6636,277,2024-12-01,54400.0,6.03,3075.3,0.0,3258.25,3547.9,57185.65,2024-12-26,PAY-202412-0277
6637,277,2025-01-01,54400.0,9.91,5054.1,0.0,5805.25,8776.78,56482.57,2025-01-28,PAY-202501-0277
6638,277,2025-02-01,54400.0,1.44,734.4,0.0,771.97,6923.25,48983.12,2025-03-02,PAY-202502-0277
6639,277,2025-03-01,54400.0,6.01,3065.1,0.0,5398.18,6819.79,56043.49,2025-03-28,PAY-202503-0277
6640,277,2025-04-01,54400.0,7.79,3972.9,0.0,6203.35,3550.02,61026.23,2025-04-26,PAY-202504-0277
6641,277,2025-05-01,54400.0,2.5,1275.0,38367.71,8641.96,5493.67,97191.0,2025-05-29,PAY-202505-0277
6642,277,2025-06-01,54400.0,16.98,8659.8,0.0,10104.16,5202.93,67961.03,2025-06-28,PAY-202506-0277
6643,277,2025-07-01,54400.0,3.73,1902.3,0.0,7676.04,8308.64,55669.7,2025-07-27,PAY-202507-0277
6644,277,2025-08-01,54400.0,4.65,2371.5,0.0,10246.85,4205.74,62812.61,2025-08-30,PAY-202508-0277
6645,277,2025-09-01,54400.0,3.11,1586.1,0.0,14149.1,7531.08,62604.12,2025-09-27,PAY-202509-0277
6646,277,2025-10-01,54400.0,16.99,8664.9,0.0,9132.83,4543.31,67654.42,2025-10-31,PAY-202510-0277
6647,277,2025-11-01,54400.0,10.76,5487.6,0.0,12874.07,7964.9,64796.77,2025-11-26,PAY-202511-0277
6648,277,2025-12-01,54400.0,3.32,1693.2,0.0,5684.34,6893.42,54884.12,2025-12-30,PAY-202512-0277
6649,278,2024-01-01,72800.0,13.53,9234.23,0.0,12982.53,9791.17,85225.59,2024-01-29,PAY-202401-0278
6650,278,2024-02-01,72800.0,9.0,6142.5,23179.1,13972.32,11038.84,105055.08,2024-02-29,PAY-202402-0278
6651,278,2024-03-01,72800.0,9.29,6340.42,31863.54,6642.89,7810.85,109836.0,2024-03-29,PAY-202403-0278
6652,278,2024-04-01,72800.0,6.28,4286.1,0.0,5618.78,4026.89,78677.99,2024-05-01,PAY-202404-0278
6653,278,2024-05-01,72800.0,4.25,2900.62,0.0,8475.01,11451.72,72723.91,2024-05-27,PAY-202405-0278
6654,278,2024-06-01,72800.0,9.69,6613.42,0.0,7455.04,9216.75,77651.71,2024-07-01,PAY-202406-0278
6655,278,2024-07-01,72800.0,5.27,3596.77,0.0,13841.97,4300.2,85938.54,2024-07-26,PAY-202407-0278
6656,278,2024-08-01,72800.0,17.08,11657.1,20323.17,3575.44,7024.24,101331.47,2024-08-27,PAY-202408-0278
6657,278,2024-09-01,72800.0,1.65,1126.12,0.0,6291.64,5413.85,74803.91,2024-09-26,PAY-202409-0278
6658,278,2024-10-01,72800.0,15.68,10701.6,0.0,14502.54,9821.49,88182.65,2024-10-27,PAY-202410-0278
6659,278,2024-11-01,72800.0,7.44,5077.8,0.0,2459.45,5462.69,74874.56,2024-11-27,PAY-202411-0278
6660,278,2024-12-01,72800.0,9.5,6483.75,10008.41,9251.74,12432.75,86111.15,2024-12-28,PAY-202412-0278
6661,278,2025-01-01,72800.0,12.17,8306.02,0.0,338.37,7436.35,74008.04,2025-01-31,PAY-202501-0278
6662,278,2025-02-01,72800.0,4.85,3310.12,0.0,12517.78,12649.09,75978.81,2025-03-01,PAY-202502-0278
6663,278,2025-03-01,72800.0,12.32,8408.4,0.0,14614.67,10337.84,85485.23,2025-03-31,PAY-202503-0278
6664,278,2025-04-01,72800.0,0.0,0.0,0.0,5982.4,6893.63,71888.77,2025-04-27,PAY-202504-0278
6665,278,2025-05-01,72800.0,4.4,3003.0,0.0,6564.69,11967.89,70399.8,2025-05-28,PAY-202505-0278
6666,278,2025-06-01,72800.0,3.38,2306.85,0.0,8981.79,4495.02,79593.62,2025-06-30,PAY-202506-0278
6667,278,2025-07-01,72800.0,1.73,1180.72,0.0,7235.91,11539.07,69677.56,2025-07-26,PAY-202507-0278
6668,278,2025-08-01,72800.0,6.93,4729.72,0.0,12922.29,6147.02,84304.99,2025-08-30,PAY-202508-0278
6669,278,2025-09-01,72800.0,9.93,6777.22,0.0,8335.3,6358.71,81553.81,2025-09-29,PAY-202509-0278
6670,278,2025-10-01,72800.0,11.51,7855.57,0.0,5109.64,4649.18,81116.03,2025-10-30,PAY-202510-0278
6671,278,2025-11-01,72800.0,9.2,6279.0,0.0,11470.03,8563.95,81985.08,2025-11-26,PAY-202511-0278
6672,278,2025-12-01,72800.0,4.67,3187.28,0.0,5431.65,12754.64,68664.29,2025-12-27,PAY-202512-0278
6673,279,2024-01-01,113700.0,9.85,10499.48,0.0,96.92,9344.5,114951.9,2024-01-29,PAY-202401-0279
6674,279,2024-02-01,113700.0,8.62,9188.38,0.0,14900.37,20031.78,117756.97,2024-02-28,PAY-202402-0279
6675,279,2024-03-01,113700.0,12.68,13516.09,0.0,447.95,13919.95,113744.09,2024-03-29,PAY-202403-0279
6676,279,2024-04-01,113700.0,11.88,12663.34,0.0,9563.12,12286.64,123639.82,2024-04-29,PAY-202404-0279
6677,279,2024-05-01,113700.0,8.15,8687.39,11314.92,3430.27,14407.15,122725.43,2024-05-27,PAY-202405-0279
6678,279,2024-06-01,113700.0,3.51,3741.44,0.0,3736.6,6795.95,114382.09,2024-06-29,PAY-202406-0279
6679,279,2024-07-01,113700.0,4.74,5052.54,36476.67,9321.48,16284.19,148266.5,2024-07-28,PAY-202407-0279
6680,279,2024-08-01,113700.0,5.25,5596.17,0.0,14466.87,19320.53,114442.51,2024-08-30,PAY-202408-0279
6681,279,2024-09-01,113700.0,6.42,6843.32,0.0,9927.5,13665.94,116804.88,2024-09-29,PAY-202409-0279
6682,279,2024-10-01,113700.0,9.34,9955.86,0.0,11651.04,8042.27,127264.63,2024-10-30,PAY-202410-0279
6683,279,2024-11-01,113700.0,11.58,12343.56,0.0,12395.5,16026.79,122412.27,2024-11-28,PAY-202411-0279
6684,279,2024-12-01,113700.0,7.74,8250.36,0.0,12083.49,14071.5,119962.35,2024-12-29,PAY-202412-0279
6685,279,2025-01-01,113700.0,8.08,8612.77,0.0,12261.51,12689.56,121884.72,2025-01-31,PAY-202501-0279
6686,279,2025-02-01,113700.0,8.72,9294.98,0.0,4645.64,7382.68,120257.94,2025-02-26,PAY-202502-0279
6687,279,2025-03-01,113700.0,5.42,5777.38,0.0,11403.63,13694.85,117186.16,2025-03-30,PAY-202503-0279
6688,279,2025-04-01,113700.0,3.37,3592.21,5157.12,4862.72,16055.11,111256.94,2025-04-27,PAY-202504-0279
6689,279,2025-05-01,113700.0,0.0,0.0,0.0,4683.29,15806.66,102576.63,2025-05-27,PAY-202505-0279
6690,279,2025-06-01,113700.0,4.52,4818.04,0.0,2207.09,8038.3,112686.83,2025-07-01,PAY-202506-0279
6691,279,2025-07-01,113700.0,10.37,11053.77,0.0,54.4,16374.01,108434.16,2025-07-29,PAY-202507-0279
6692,279,2025-08-01,113700.0,4.49,4786.06,0.0,5498.61,9699.39,114285.28,2025-08-29,PAY-202508-0279
6693,279,2025-09-01,113700.0,6.81,7259.03,0.0,7474.34,7717.23,120716.14,2025-10-01,PAY-202509-0279
6694,279,2025-10-01,113700.0,10.33,11011.13,35395.53,4035.9,11819.89,152322.67,2025-10-29,PAY-202510-0279
6695,279,2025-11-01,113700.0,10.6,11298.94,0.0,11095.82,17212.98,118881.78,2025-11-28,PAY-202511-0279
6696,279,2025-12-01,113700.0,2.6,2771.44,0.0,10214.19,14127.2,112558.43,2025-12-28,PAY-202512-0279
6697,280,2024-01-01,90200.0,12.99,10984.67,0.0,12378.55,7204.77,106358.45,2024-01-31,PAY-202401-0280
6698,280,2024-02-01,90200.0,13.64,11534.33,0.0,7219.22,15163.63,93789.92,2024-02-28,PAY-202402-0280
6699,280,2024-03-01,90200.0,2.35,1987.22,0.0,8142.79,15518.97,84811.04,2024-03-27,PAY-202403-0280
6700,280,2024-04-01,90200.0,3.88,3281.03,0.0,8592.97,8877.5,93196.5,2024-04-29,PAY-202404-0280
6701,280,2024-05-01,90200.0,13.96,11804.93,0.0,3568.62,11022.51,94551.04,2024-05-29,PAY-202405-0280
6702,280,2024-06-01,90200.0,7.27,6147.69,0.0,9663.96,9508.14,96503.51,2024-06-26,PAY-202406-0280
6703,280,2024-07-01,90200.0,0.0,0.0,0.0,5033.59,15975.96,79257.63,2024-07-27,PAY-202407-0280
6704,280,2024-08-01,90200.0,1.0,845.62,0.0,6020.04,5395.05,91670.61,2024-08-31,PAY-202408-0280
6705,280,2024-09-01,90200.0,6.75,5707.97,0.0,5133.61,12761.53,88280.05,2024-09-30,PAY-202409-0280
6706,280,2024-10-01,90200.0,2.18,1843.46,0.0,104.51,8789.79,83358.18,2024-10-31,PAY-202410-0280
6707,280,2024-11-01,90200.0,5.93,5014.56,20129.99,9139.57,14442.2,110041.92,2024-11-29,PAY-202411-0280
6708,280,2024-12-01,90200.0,8.16,6900.3,0.0,415.63,6024.14,91491.79,2024-12-26,PAY-202412-0280
6709,280,2025-01-01,90200.0,15.31,12946.52,0.0,693.3,14458.17,89381.65,2025-01-27,PAY-202501-0280
6710,280,2025-02-01,90200.0,6.55,5538.84,0.0,10813.06,5991.32,100560.58,2025-02-27,PAY-202502-0280
6711,280,2025-03-01,90200.0,13.36,11297.55,0.0,14542.97,9786.27,106254.25,2025-03-26,PAY-202503-0280
6712,280,2025-04-01,90200.0,15.14,12802.76,0.0,8630.24,14488.79,97144.21,2025-04-29,PAY-202504-0280
6713,280,2025-05-01,90200.0,15.17,12828.13,0.0,7582.81,11468.09,99142.85,2025-05-26,PAY-202505-0280
6714,280,2025-06-01,90200.0,9.42,7965.79,0.0,14470.0,11916.53,100719.26,2025-06-28,PAY-202506-0280
6715,280,2025-07-01,90200.0,0.0,0.0,0.0,12158.31,5416.72,96941.59,2025-07-27,PAY-202507-0280
6716,280,2025-08-01,90200.0,10.3,8709.94,0.0,9688.87,5486.56,103112.25,2025-08-30,PAY-202508-0280
6717,280,2025-09-01,90200.0,13.24,11196.08,0.0,290.96,13744.91,87942.13,2025-09-28,PAY-202509-0280
6718,280,2025-10-01,90200.0,7.59,6418.29,0.0,6892.36,12671.19,90839.46,2025-10-26,PAY-202510-0280
6719,280,2025-11-01,90200.0,16.72,14138.85,0.0,14447.58,15236.24,103550.19,2025-11-28,PAY-202511-0280
6720,280,2025-12-01,90200.0,12.3,10401.19,0.0,7016.16,7303.41,100313.94,2025-12-29,PAY-202512-0280
6721,281,2024-01-01,98500.0,10.84,10010.06,0.0,1954.29,12624.52,97839.83,2024-01-30,PAY-202401-0281
6722,281,2024-02-01,98500.0,13.43,12401.77,0.0,3566.02,5822.5,108645.29,2024-02-28,PAY-202402-0281
6723,281,2024-03-01,98500.0,9.67,8929.64,0.0,14287.05,17318.27,104398.42,2024-03-29,PAY-202403-0281
6724,281,2024-04-01,98500.0,0.0,0.0,0.0,3534.52,16756.87,85277.65,2024-04-29,PAY-202404-0281
6725,281,2024-05-01,98500.0,5.5,5078.91,0.0,6916.32,7125.55,103369.68,2024-05-28,PAY-202405-0281
6726,281,2024-06-01,98500.0,13.99,12918.89,0.0,9530.35,7454.67,113494.57,2024-06-28,PAY-202406-0281
6727,281,2024-07-01,98500.0,3.96,3656.81,0.0,9339.54,10846.54,100649.81,2024-07-29,PAY-202407-0281
6728,281,2024-08-01,98500.0,6.88,6353.25,0.0,14617.29,9744.7,109725.84,2024-08-29,PAY-202408-0281
6729,281,2024-09-01,98500.0,2.78,2567.16,36640.13,11290.25,15827.3,133170.24,2024-09-27,PAY-202409-0281
6730,281,2024-10-01,98500.0,16.92,15624.56,0.0,12998.23,13217.38,113905.41,2024-10-27,PAY-202410-0281
6731,281,2024-11-01,98500.0,16.41,15153.61,0.0,8570.32,14693.92,107530.01,2024-11-27,PAY-202411-0281
6732,281,2024-12-01,98500.0,3.58,3305.91,0.0,8009.11,5165.26,104649.76,2024-12-28,PAY-202412-0281
6733,281,2025-01-01,98500.0,8.74,8070.84,0.0,7063.5,15990.36,97643.98,2025-01-26,PAY-202501-0281
6734,281,2025-02-01,98500.0,4.6,4247.81,0.0,10814.92,12193.43,101369.3,2025-02-26,PAY-202502-0281
6735,281,2025-03-01,98500.0,11.07,10222.45,0.0,6284.25,9462.28,105544.42,2025-03-27,PAY-202503-0281
6736,281,2025-04-01,98500.0,10.55,9742.27,0.0,1911.67,16180.35,93973.59,2025-04-29,PAY-202504-0281
6737,281,2025-05-01,98500.0,12.06,11136.66,0.0,11688.09,13810.03,107514.72,2025-05-27,PAY-202505-0281
6738,281,2025-06-01,98500.0,9.66,8920.41,0.0,3925.49,6894.28,104451.62,2025-06-26,PAY-202506-0281
6739,281,2025-07-01,98500.0,22.68,20943.56,0.0,11728.35,7882.04,123289.87,2025-07-30,PAY-202507-0281
6740,281,2025-08-01,98500.0,2.86,2641.03,0.0,10767.49,8362.25,103546.27,2025-08-31,PAY-202508-0281
6741,281,2025-09-01,98500.0,0.0,0.0,0.0,13685.56,13616.65,98568.91,2025-09-27,PAY-202509-0281
6742,281,2025-10-01,98500.0,6.03,5568.33,0.0,1631.0,14026.08,91673.25,2025-10-29,PAY-202510-0281
6743,281,2025-11-01,98500.0,0.16,147.75,0.0,2734.19,8904.01,92477.93,2025-11-26,PAY-202511-0281
6744,281,2025-12-01,98500.0,0.54,498.66,0.0,14400.02,9128.35,104270.33,2025-12-30,PAY-202512-0281
6745,282,2024-01-01,135700.0,2.99,3803.84,0.0,191.22,6988.32,132706.74,2024-01-26,PAY-202401-0282
6746,282,2024-02-01,135700.0,3.39,4312.72,0.0,1888.11,17552.65,124348.18,2024-02-27,PAY-202402-0282
6747,282,2024-03-01,135700.0,3.23,4109.17,0.0,4949.39,16090.42,128668.14,2024-03-31,PAY-202403-0282
6748,282,2024-04-01,135700.0,10.59,13472.47,0.0,12016.91,9670.78,151518.6,2024-04-30,PAY-202404-0282
6749,282,2024-05-01,135700.0,5.47,6958.87,0.0,3635.36,20790.81,125503.42,2024-05-31,PAY-202405-0282
6750,282,2024-06-01,135700.0,7.1,9032.53,0.0,9246.85,18858.36,135121.02,2024-07-01,PAY-202406-0282
6751,282,2024-07-01,135700.0,12.47,15864.18,0.0,7149.99,23265.91,135448.26,2024-07-28,PAY-202407-0282
6752,282,2024-08-01,135700.0,4.17,5305.02,0.0,8926.93,20715.11,129216.84,2024-08-27,PAY-202408-0282
6753,282,2024-09-01,135700.0,6.68,8498.21,0.0,13691.64,19870.28,138019.57,2024-09-29,PAY-202409-0282
6754,282,2024-10-01,135700.0,9.83,12505.6,0.0,3544.16,12508.57,139241.19,2024-10-26,PAY-202410-0282
6755,282,2024-11-01,135700.0,0.0,0.0,0.0,2148.74,16712.78,121135.96,2024-11-30,PAY-202411-0282
6756,282,2024-12-01,135700.0,0.0,0.0,38998.64,834.03,12088.13,163444.54,2024-12-29,PAY-202412-0282
6757,282,2025-01-01,135700.0,9.73,12378.38,0.0,12969.98,18162.06,142886.3,2025-01-28,PAY-202501-0282
6758,282,2025-02-01,135700.0,10.46,13307.08,0.0,7548.57,11185.01,145370.64,2025-03-03,PAY-202502-0282
6759,282,2025-03-01,135700.0,18.32,23306.47,0.0,4771.48,18404.4,145373.55,2025-03-26,PAY-202503-0282
6760,282,2025-04-01,135700.0,8.79,11182.53,0.0,4262.1,18098.13,133046.5,2025-04-26,PAY-202504-0282
6761,282,2025-05-01,135700.0,12.1,15393.47,0.0,7390.64,9318.39,149165.72,2025-05-31,PAY-202505-0282
6762,282,2025-06-01,135700.0,7.02,8930.76,0.0,11020.61,14597.75,141053.62,2025-06-28,PAY-202506-0282
6763,282,2025-07-01,135700.0,9.49,12073.06,0.0,4014.59,16856.32,134931.33,2025-07-30,PAY-202507-0282
6764,282,2025-08-01,135700.0,16.34,20787.54,0.0,14339.37,18849.85,151977.06,2025-08-29,PAY-202508-0282
6765,282,2025-09-01,135700.0,0.0,0.0,0.0,4157.65,21844.62,118013.03,2025-10-01,PAY-202509-0282
6766,282,2025-10-01,135700.0,10.07,12810.93,0.0,8849.46,10017.27,147343.12,2025-10-31,PAY-202510-0282
6767,282,2025-11-01,135700.0,18.68,23764.46,0.0,7700.76,16627.55,150537.67,2025-11-27,PAY-202511-0282
6768,282,2025-12-01,135700.0,9.41,11971.28,0.0,2971.92,21378.26,129264.94,2025-12-30,PAY-202512-0282
6769,283,2024-01-01,83500.0,16.25,12720.7,12746.03,295.41,9400.62,99861.52,2024-01-28,PAY-202401-0283
6770,283,2024-02-01,83500.0,4.85,3796.64,0.0,9436.07,13274.28,83458.43,2024-02-27,PAY-202402-0283
6771,283,2024-03-01,83500.0,7.84,6137.25,39501.61,6346.51,5276.47,130208.9,2024-03-27,PAY-202403-0283
6772,283,2024-04-01,83500.0,8.17,6395.58,0.0,11372.29,14307.11,86960.76,2024-04-26,PAY-202404-0283
6773,283,2024-05-01,83500.0,0.0,0.0,0.0,8081.0,6246.97,85334.03,2024-05-29,PAY-202405-0283
6774,283,2024-06-01,83500.0,2.16,1690.88,0.0,3625.91,7939.96,80876.83,2024-06-28,PAY-202406-0283
6775,283,2024-07-01,83500.0,2.52,1972.69,0.0,5996.42,5537.45,85931.66,2024-07-27,PAY-202407-0283
6776,283,2024-08-01,83500.0,12.11,9479.86,0.0,12282.8,9466.53,95796.13,2024-08-26,PAY-202408-0283
6777,283,2024-09-01,83500.0,12.36,9675.56,0.0,5347.42,9975.06,88547.92,2024-09-29,PAY-202409-0283
6778,283,2024-10-01,83500.0,9.62,7530.66,25571.55,14495.38,11057.61,120039.98,2024-10-31,PAY-202410-0283
6779,283,2024-11-01,83500.0,12.12,9487.69,10315.99,13430.41,13052.43,103681.66,2024-12-01,PAY-202411-0283
6780,283,2024-12-01,83500.0,7.18,5620.59,0.0,5113.33,7491.73,86742.19,2024-12-26,PAY-202412-0283
6781,283,2025-01-01,83500.0,14.01,10967.2,0.0,2344.04,13000.25,83810.99,2025-01-26,PAY-202501-0283
6782,283,2025-02-01,83500.0,8.04,6293.81,0.0,3488.55,12867.51,80414.85,2025-02-26,PAY-202502-0283
6783,283,2025-03-01,83500.0,8.29,6489.52,0.0,11560.42,4993.12,96556.82,2025-03-26,PAY-202503-0283
6784,283,2025-04-01,83500.0,6.67,5221.36,0.0,12334.43,12129.11,88926.68,2025-04-28,PAY-202504-0283
6785,283,2025-05-01,83500.0,11.42,8939.72,0.0,5239.45,12239.42,85439.75,2025-05-31,PAY-202505-0283
6786,283,2025-06-01,83500.0,5.89,4610.77,0.0,9168.61,6931.39,90347.99,2025-06-26,PAY-202506-0283
6787,283,2025-07-01,83500.0,12.88,10082.62,0.0,13117.29,5369.87,101330.04,2025-07-31,PAY-202507-0283
6788,283,2025-08-01,83500.0,2.34,1831.78,0.0,11346.76,8060.46,88618.08,2025-08-26,PAY-202508-0283
6789,283,2025-09-01,83500.0,2.51,1964.86,0.0,5884.98,12832.32,78517.52,2025-09-27,PAY-202509-0283
6790,283,2025-10-01,83500.0,11.44,8955.38,0.0,9477.05,5602.01,96330.42,2025-10-28,PAY-202510-0283
6791,283,2025-11-01,83500.0,7.56,5918.06,0.0,261.74,12683.52,76996.28,2025-11-26,PAY-202511-0283
6792,283,2025-12-01,83500.0,5.73,4485.52,0.0,2011.92,13424.26,76573.18,2025-12-31,PAY-202512-0283
6793,284,2024-01-01,208000.0,12.45,24277.5,0.0,8046.7,20261.05,220063.15,2024-01-31,PAY-202401-0284
6794,284,2024-02-01,208000.0,4.96,9672.0,0.0,4739.14,10650.34,211760.8,2024-02-26,PAY-202402-0284
6795,284,2024-03-01,208000.0,7.0,13650.0,0.0,14093.22,18854.35,216888.87,2024-03-28,PAY-202403-0284
6796,284,2024-04-01,208000.0,15.0,29250.0,0.0,4715.88,25606.67,216359.21,2024-04-29,PAY-202404-0284
6797,284,2024-05-01,208000.0,15.7,30615.0,0.0,5377.49,28033.62,215958.87,2024-05-30,PAY-202405-0284
6798,284,2024-06-01,208000.0,15.86,30927.0,0.0,13158.97,18676.19,233409.78,2024-07-01,PAY-202406-0284
6799,284,2024-07-01,208000.0,6.59,12850.5,0.0,14465.28,11048.38,224267.4,2024-07-30,PAY-202407-0284
6800,284,2024-08-01,208000.0,14.15,27592.5,31791.17,569.13,11593.31,256359.49,2024-08-28,PAY-202408-0284
6801,284,2024-09-01,208000.0,3.26,6357.0,0.0,6263.97,12997.11,207623.86,2024-09-26,PAY-202409-0284
6802,284,2024-10-01,208000.0,3.47,6766.5,0.0,8998.44,23530.41,200234.53,2024-10-30,PAY-202410-0284
6803,284,2024-11-01,208000.0,0.0,0.0,0.0,8359.02,24946.09,191412.93,2024-11-27,PAY-202411-0284
6804,284,2024-12-01,208000.0,16.36,31902.0,32973.7,13437.47,28150.24,258162.93,2024-12-29,PAY-202412-0284
6805,284,2025-01-01,208000.0,3.68,7176.0,0.0,8322.94,13479.36,210019.58,2025-01-30,PAY-202501-0284
6806,284,2025-02-01,208000.0,7.37,14371.5,0.0,8034.85,19926.58,210479.77,2025-03-02,PAY-202502-0284
6807,284,2025-03-01,208000.0,3.45,6727.5,0.0,5298.32,21769.35,198256.47,2025-03-30,PAY-202503-0284
6808,284,2025-04-01,208000.0,11.48,22386.0,17268.11,527.77,26386.37,221795.51,2025-04-28,PAY-202504-0284
6809,284,2025-05-01,208000.0,6.12,11934.0,0.0,11381.18,24901.63,206413.55,2025-05-27,PAY-202505-0284
6810,284,2025-06-01,208000.0,1.48,2886.0,0.0,2641.46,11326.79,202200.67,2025-06-29,PAY-202506-0284
6811,284,2025-07-01,208000.0,10.21,19909.5,0.0,10718.03,14634.27,223993.26,2025-07-26,PAY-202507-0284
6812,284,2025-08-01,208000.0,0.83,1618.5,0.0,14752.74,13435.51,210935.73,2025-08-31,PAY-202508-0284
6813,284,2025-09-01,208000.0,3.81,7429.5,0.0,4355.75,14573.29,205211.96,2025-09-27,PAY-202509-0284
6814,284,2025-10-01,208000.0,0.0,0.0,0.0,5275.57,18044.69,195230.88,2025-10-29,PAY-202510-0284
6815,284,2025-11-01,208000.0,0.88,1716.0,0.0,10907.28,29650.34,190972.94,2025-11-26,PAY-202511-0284
6816,284,2025-12-01,208000.0,8.89,17335.5,0.0,3329.18,31184.2,197480.48,2025-12-30,PAY-202512-0284
6817,285,2024-01-01,38000.0,0.0,0.0,0.0,13264.62,5655.56,45609.06,2024-01-30,PAY-202401-0285
6818,285,2024-02-01,38000.0,0.59,210.19,0.0,8545.39,2410.01,44345.57,2024-02-28,PAY-202402-0285
6819,285,2024-03-01,38000.0,7.99,2846.44,0.0,4260.83,4610.21,40497.06,2024-03-29,PAY-202403-0285
6820,285,2024-04-01,38000.0,5.28,1881.0,0.0,1191.46,3814.39,37258.07,2024-04-28,PAY-202404-0285
6821,285,2024-05-01,38000.0,17.96,6398.25,0.0,14157.29,3771.86,54783.68,2024-05-30,PAY-202405-0285
6822,285,2024-06-01,38000.0,17.17,6116.81,0.0,6741.61,2237.79,48620.63,2024-06-30,PAY-202406-0285
6823,285,2024-07-01,38000.0,3.66,1303.88,0.0,7371.35,2398.82,44276.41,2024-07-29,PAY-202407-0285
6824,285,2024-08-01,38000.0,10.79,3843.94,0.0,6466.61,3634.41,44676.14,2024-08-30,PAY-202408-0285
6825,285,2024-09-01,38000.0,11.75,4185.94,0.0,12315.4,2923.71,51577.63,2024-09-28,PAY-202409-0285
6826,285,2024-10-01,38000.0,5.01,1784.81,0.0,11257.41,4388.68,46653.54,2024-10-31,PAY-202410-0285
6827,285,2024-11-01,38000.0,0.52,185.25,0.0,3142.64,6504.07,34823.82,2024-11-26,PAY-202411-0285
6828,285,2024-12-01,38000.0,7.94,2828.62,0.0,2020.54,4514.52,38334.64,2024-12-28,PAY-202412-0285
6829,285,2025-01-01,38000.0,7.14,2543.62,0.0,11376.33,2956.8,48963.15,2025-01-29,PAY-202501-0285
6830,285,2025-02-01,38000.0,5.82,2073.38,0.0,7231.66,3095.25,44209.79,2025-03-03,PAY-202502-0285
6831,285,2025-03-01,38000.0,10.21,3637.31,0.0,5677.92,5296.31,42018.92,2025-03-29,PAY-202503-0285
6832,285,2025-04-01,38000.0,4.25,1514.06,32396.77,12594.74,2432.19,82073.38,2025-04-28,PAY-202504-0285
6833,285,2025-05-01,38000.0,2.24,798.0,0.0,10099.47,1962.32,46935.15,2025-05-26,PAY-202505-0285
6834,285,2025-06-01,38000.0,8.55,3045.94,0.0,9971.8,2584.17,48433.57,2025-06-28,PAY-202506-0285
6835,285,2025-07-01,38000.0,9.93,3537.56,0.0,4351.09,3486.97,42401.68,2025-07-31,PAY-202507-0285
6836,285,2025-08-01,38000.0,2.12,755.25,16973.55,8847.81,2054.87,62521.74,2025-08-31,PAY-202508-0285
6837,285,2025-09-01,38000.0,12.64,4503.0,0.0,9987.12,4795.58,47694.54,2025-09-30,PAY-202509-0285
6838,285,2025-10-01,38000.0,0.0,0.0,0.0,8520.43,4350.12,42170.31,2025-10-31,PAY-202510-0285
6839,285,2025-11-01,38000.0,5.11,1820.44,0.0,7806.43,4262.85,43364.02,2025-11-28,PAY-202511-0285
6840,285,2025-12-01,38000.0,6.71,2390.44,0.0,5875.92,1965.16,44301.2,2025-12-28,PAY-202512-0285
6841,286,2024-01-01,179700.0,4.82,8120.19,0.0,3296.39,24666.08,166450.5,2024-01-26,PAY-202401-0286
6842,286,2024-02-01,179700.0,5.17,8709.83,7781.38,3351.02,12661.75,186880.48,2024-02-28,PAY-202402-0286
6843,286,2024-03-01,179700.0,17.36,29246.17,0.0,3390.38,9399.89,202936.66,2024-03-31,PAY-202403-0286
6844,286,2024-04-01,179700.0,3.75,6317.58,0.0,4169.7,19209.71,170977.57,2024-04-30,PAY-202404-0286
6845,286,2024-05-01,179700.0,20.21,34047.53,0.0,9657.27,16322.5,207082.3,2024-05-28,PAY-202405-0286
6846,286,2024-06-01,179700.0,10.19,17166.97,0.0,5812.29,20945.47,181733.79,2024-06-29,PAY-202406-0286
6847,286,2024-07-01,179700.0,8.46,14252.46,0.0,5388.39,21176.38,178164.47,2024-07-29,PAY-202407-0286
6848,286,2024-08-01,179700.0,10.38,17487.06,0.0,5052.36,19552.15,182687.27,2024-08-28,PAY-202408-0286
6849,286,2024-09-01,179700.0,20.65,34788.8,0.0,835.3,12861.37,202462.73,2024-09-27,PAY-202409-0286
6850,286,2024-10-01,179700.0,3.03,5104.6,12855.92,14308.84,9894.98,202074.38,2024-10-29,PAY-202410-0286
6851,286,2024-11-01,179700.0,2.4,4043.25,0.0,6774.12,28795.29,161722.08,2024-11-26,PAY-202411-0286
6852,286,2024-12-01,179700.0,4.23,7126.23,0.0,1182.19,17604.33,170404.09,2024-12-30,PAY-202412-0286
6853,286,2025-01-01,179700.0,8.16,13747.05,0.0,12390.99,11374.57,194463.47,2025-01-30,PAY-202501-0286
6854,286,2025-02-01,179700.0,0.0,0.0,0.0,2490.03,29123.52,153066.51,2025-02-26,PAY-202502-0286
6855,286,2025-03-01,179700.0,8.11,13662.82,0.0,6192.27,19061.92,180493.17,2025-03-31,PAY-202503-0286
6856,286,2025-04-01,179700.0,16.47,27746.8,0.0,1721.38,13182.8,195985.38,2025-04-30,PAY-202504-0286
6857,286,2025-05-01,179700.0,8.76,14757.86,0.0,7908.07,15851.1,186514.83,2025-05-28,PAY-202505-0286
6858,286,2025-06-01,179700.0,6.54,11017.86,0.0,9213.17,22620.89,177310.14,2025-06-29,PAY-202506-0286
6859,286,2025-07-01,179700.0,4.91,8271.82,0.0,6244.26,16609.68,177606.4,2025-07-29,PAY-202507-0286
6860,286,2025-08-01,179700.0,12.49,21041.75,0.0,4844.39,21872.22,183713.92,2025-08-28,PAY-202508-0286
6861,286,2025-09-01,179700.0,3.87,6519.74,0.0,2329.39,12366.45,176182.68,2025-09-28,PAY-202509-0286
6862,286,2025-10-01,179700.0,17.23,29027.17,0.0,2237.63,21522.64,189442.16,2025-10-29,PAY-202510-0286
6863,286,2025-11-01,179700.0,17.67,29768.43,0.0,1057.45,29269.5,181256.38,2025-11-27,PAY-202511-0286
6864,286,2025-12-01,179700.0,9.28,15633.9,0.0,4503.05,9955.71,189881.24,2025-12-26,PAY-202512-0286
6865,287,2024-01-01,211800.0,7.94,15765.86,0.0,13072.31,35739.55,204898.62,2024-01-26,PAY-202401-0287
6866,287,2024-02-01,211800.0,13.15,26110.97,0.0,5703.89,21070.77,222544.09,2024-03-01,PAY-202402-0287
6867,287,2024-03-01,211800.0,13.47,26746.37,0.0,13801.3,32286.41,220061.26,2024-03-30,PAY-202403-0287
6868,287,2024-04-01,211800.0,3.97,7882.93,0.0,10043.04,21844.91,207881.06,2024-04-29,PAY-202404-0287
6869,287,2024-05-01,211800.0,5.37,10662.81,14229.3,13960.19,32285.58,218366.72,2024-05-30,PAY-202405-0287
6870,287,2024-06-01,211800.0,1.39,2760.02,0.0,11165.36,33465.78,192259.6,2024-06-30,PAY-202406-0287
6871,287,2024-07-01,211800.0,10.05,19955.53,0.0,9234.58,30789.98,210200.13,2024-07-29,PAY-202407-0287
6872,287,2024-08-01,211800.0,11.33,22497.13,0.0,10148.12,14527.76,229917.49,2024-08-28,PAY-202408-0287
6873,287,2024-09-01,211800.0,1.25,2482.03,0.0,6138.1,25794.59,194625.54,2024-09-27,PAY-202409-0287
6874,287,2024-10-01,211800.0,5.72,11357.77,0.0,14532.34,16659.72,221030.39,2024-10-26,PAY-202410-0287
6875,287,2024-11-01,211800.0,1.26,2501.89,0.0,2970.06,12510.79,204761.16,2024-11-26,PAY-202411-0287
6876,287,2024-12-01,211800.0,3.51,6969.54,35025.29,12823.43,28032.46,238585.8,2024-12-28,PAY-202412-0287
6877,287,2025-01-01,211800.0,10.76,21365.33,39414.57,13824.45,29792.42,256611.93,2025-01-27,PAY-202501-0287
6878,287,2025-02-01,211800.0,4.33,8597.76,0.0,9542.71,22840.82,207099.65,2025-03-02,PAY-202502-0287
6879,287,2025-03-01,211800.0,6.5,12906.56,0.0,4645.77,22992.3,206360.03,2025-03-30,PAY-202503-0287
6880,287,2025-04-01,211800.0,0.0,0.0,0.0,20.45,31098.43,180722.02,2025-04-26,PAY-202504-0287
6881,287,2025-05-01,211800.0,8.93,17731.63,0.0,13541.02,23069.38,220003.27,2025-05-28,PAY-202505-0287
6882,287,2025-06-01,211800.0,7.78,15448.16,0.0,7549.93,25088.5,209709.59,2025-06-26,PAY-202506-0287
6883,287,2025-07-01,211800.0,4.36,8657.33,8659.83,12139.86,20328.43,220928.59,2025-07-29,PAY-202507-0287
6884,287,2025-08-01,211800.0,7.05,13998.66,0.0,7107.02,36647.24,196258.44,2025-08-27,PAY-202508-0287
6885,287,2025-09-01,211800.0,8.9,17672.06,0.0,9920.89,23596.97,215795.98,2025-09-28,PAY-202509-0287
6886,287,2025-10-01,211800.0,3.93,7803.51,0.0,6824.91,17961.65,208466.77,2025-10-27,PAY-202510-0287
6887,287,2025-11-01,211800.0,0.62,1231.09,0.0,14896.91,22972.96,204955.04,2025-11-28,PAY-202511-0287
6888,287,2025-12-01,211800.0,17.03,33815.19,0.0,8709.37,35951.76,218372.8,2025-12-30,PAY-202512-0287
6889,288,2024-01-01,136400.0,4.83,6176.36,0.0,9064.03,10892.52,140747.87,2024-01-30,PAY-202401-0288
6890,288,2024-02-01,136400.0,7.52,9616.2,13006.58,11216.91,24532.12,145707.57,2024-02-28,PAY-202402-0288
6891,288,2024-03-01,136400.0,13.05,16687.69,33553.71,6067.81,12147.75,180561.46,2024-03-26,PAY-202403-0288
6892,288,2024-04-01,136400.0,25.65,32799.94,0.0,253.82,9795.96,159657.8,2024-04-29,PAY-202404-0288
6893,288,2024-05-01,136400.0,1.78,2276.18,0.0,14104.55,19282.46,133498.27,2024-05-30,PAY-202405-0288
6894,288,2024-06-01,136400.0,10.25,13107.19,22111.87,14219.27,11101.14,174737.19,2024-07-01,PAY-202406-0288
6895,288,2024-07-01,136400.0,4.46,5703.23,0.0,1218.21,24489.07,118832.37,2024-07-30,PAY-202407-0288
6896,288,2024-08-01,136400.0,5.31,6790.16,0.0,4984.31,14036.99,134137.48,2024-08-26,PAY-202408-0288
6897,288,2024-09-01,136400.0,4.4,5626.5,0.0,3387.89,7484.1,137930.29,2024-09-28,PAY-202409-0288
6898,288,2024-10-01,136400.0,2.37,3030.64,14831.46,4358.9,16059.32,142561.68,2024-10-29,PAY-202410-0288
6899,288,2024-11-01,136400.0,7.79,9961.46,0.0,13152.21,13532.82,145980.85,2024-12-01,PAY-202411-0288
6900,288,2024-12-01,136400.0,0.63,805.61,0.0,12244.63,17298.58,132151.66,2024-12-30,PAY-202412-0288
6901,288,2025-01-01,136400.0,12.73,16278.49,0.0,1040.05,7034.86,146683.68,2025-01-31,PAY-202501-0288
6902,288,2025-02-01,136400.0,8.28,10588.05,0.0,12121.85,7269.56,151840.34,2025-02-26,PAY-202502-0288
6903,288,2025-03-01,136400.0,10.11,12928.16,0.0,6839.92,15128.07,141040.01,2025-03-26,PAY-202503-0288
6904,288,2025-04-01,136400.0,5.67,7250.51,0.0,14245.26,20388.86,137506.91,2025-04-27,PAY-202504-0288
6905,288,2025-05-01,136400.0,6.16,7877.1,0.0,4697.98,22910.96,126064.12,2025-05-30,PAY-202505-0288
6906,288,2025-06-01,136400.0,9.44,12071.4,0.0,3029.83,24378.77,127122.46,2025-06-26,PAY-202506-0288
6907,288,2025-07-01,136400.0,2.18,2787.68,0.0,1548.95,23338.73,117397.9,2025-07-26,PAY-202507-0288
6908,288,2025-08-01,136400.0,6.21,7941.04,0.0,8606.02,20276.63,132670.43,2025-08-26,PAY-202508-0288
6909,288,2025-09-01,136400.0,3.7,4731.38,0.0,4170.48,7238.94,138062.92,2025-09-26,PAY-202509-0288
6910,288,2025-10-01,136400.0,3.55,4539.56,0.0,4405.87,23573.43,121772.0,2025-10-28,PAY-202510-0288
6911,288,2025-11-01,136400.0,0.0,0.0,0.0,8878.77,14759.31,130519.46,2025-11-27,PAY-202511-0288
6912,288,2025-12-01,136400.0,14.7,18797.62,0.0,9983.75,16022.6,149158.77,2025-12-31,PAY-202512-0288
6913,289,2024-01-01,166200.0,4.57,7120.63,0.0,6107.36,23462.93,155965.06,2024-01-28,PAY-202401-0289
6914,289,2024-02-01,166200.0,13.82,21533.29,0.0,2426.38,20572.42,169587.25,2024-02-26,PAY-202402-0289
6915,289,2024-03-01,166200.0,13.34,20785.39,0.0,10195.59,25995.45,171185.53,2024-03-31,PAY-202403-0289
6916,289,2024-04-01,166200.0,1.57,2446.26,0.0,3657.05,8337.27,163966.04,2024-04-26,PAY-202404-0289
6917,289,2024-05-01,166200.0,2.56,3988.8,0.0,10420.98,20963.91,159645.87,2024-05-27,PAY-202405-0289
6918,289,2024-06-01,166200.0,20.8,32409.0,0.0,6063.28,15828.53,188843.75,2024-07-01,PAY-202406-0289
6919,289,2024-07-01,166200.0,16.75,26098.59,0.0,1675.02,24291.94,169681.67,2024-07-29,PAY-202407-0289
6920,289,2024-08-01,166200.0,7.84,12215.7,0.0,6845.43,10551.96,174709.17,2024-08-29,PAY-202408-0289
6921,289,2024-09-01,166200.0,9.29,14474.98,0.0,8518.88,14866.09,174327.77,2024-09-29,PAY-202409-0289
6922,289,2024-10-01,166200.0,4.85,7556.91,0.0,2321.56,19254.88,156823.59,2024-10-31,PAY-202410-0289
6923,289,2024-11-01,166200.0,10.16,15830.55,0.0,13936.42,12546.42,183420.55,2024-12-01,PAY-202411-0289
6924,289,2024-12-01,166200.0,4.41,6871.33,0.0,12340.25,26584.3,158827.28,2024-12-29,PAY-202412-0289
6925,289,2025-01-01,166200.0,0.0,0.0,0.0,14546.23,13573.25,167172.98,2025-01-30,PAY-202501-0289
6926,289,2025-02-01,166200.0,1.39,2165.79,0.0,7187.44,25855.59,149697.64,2025-03-02,PAY-202502-0289
6927,289,2025-03-01,166200.0,8.11,12636.39,0.0,1387.33,23462.19,156761.53,2025-03-27,PAY-202503-0289
6928,289,2025-04-01,166200.0,2.34,3646.01,0.0,3011.37,10997.09,161860.29,2025-04-29,PAY-202504-0289
6929,289,2025-05-01,166200.0,7.66,11935.24,0.0,5857.75,28559.7,155433.29,2025-05-29,PAY-202505-0289
6930,289,2025-06-01,166200.0,2.63,4097.87,17734.31,9616.26,18630.99,179017.45,2025-06-27,PAY-202506-0289
6931,289,2025-07-01,166200.0,4.09,6372.73,0.0,6937.61,11017.13,168493.21,2025-07-31,PAY-202507-0289
6932,289,2025-08-01,166200.0,12.27,19118.19,0.0,2043.71,8839.3,178522.6,2025-08-31,PAY-202508-0289
6933,289,2025-09-01,166200.0,9.24,14397.08,0.0,8359.38,12371.45,176585.01,2025-09-28,PAY-202509-0289
6934,289,2025-10-01,166200.0,7.95,12387.09,0.0,5897.17,16966.32,167517.94,2025-10-30,PAY-202510-0289
6935,289,2025-11-01,166200.0,12.39,19305.17,0.0,8939.55,8646.52,185798.2,2025-11-28,PAY-202511-0289
6936,289,2025-12-01,166200.0,10.4,16204.5,0.0,9425.88,15389.37,176441.01,2025-12-29,PAY-202512-0289
6937,290,2024-01-01,134800.0,15.23,19246.91,35587.59,8989.5,10899.09,187724.91,2024-01-31,PAY-202401-0290
6938,290,2024-02-01,134800.0,5.7,7203.38,0.0,10434.15,23951.88,128485.65,2024-03-02,PAY-202402-0290
6939,290,2024-03-01,134800.0,5.85,7392.94,0.0,5926.8,23453.77,124665.97,2024-03-30,PAY-202403-0290
6940,290,2024-04-01,134800.0,1.49,1882.99,0.0,5431.74,8950.53,133164.2,2024-05-01,PAY-202404-0290
6941,290,2024-05-01,134800.0,5.86,7405.58,5834.88,13858.75,13564.37,148334.84,2024-05-26,PAY-202405-0290
6942,290,2024-06-01,134800.0,12.82,16201.27,28338.32,11756.57,20693.88,170402.28,2024-06-26,PAY-202406-0290
6943,290,2024-07-01,134800.0,14.5,18324.38,0.0,11247.69,8197.37,156174.7,2024-07-28,PAY-202407-0290
6944,290,2024-08-01,134800.0,12.8,16176.0,0.0,6229.17,21566.85,135638.32,2024-08-29,PAY-202408-0290
6945,290,2024-09-01,134800.0,0.0,0.0,0.0,3868.85,11162.68,127506.17,2024-10-01,PAY-202409-0290
6946,290,2024-10-01,134800.0,13.42,16959.53,0.0,7714.05,9181.36,150292.22,2024-10-26,PAY-202410-0290
6947,290,2024-11-01,134800.0,0.0,0.0,0.0,18.11,18526.4,116291.71,2024-11-30,PAY-202411-0290
6948,290,2024-12-01,134800.0,12.49,15784.24,0.0,9827.23,10125.94,150285.53,2024-12-28,PAY-202412-0290
6949,290,2025-01-01,134800.0,6.16,7784.7,0.0,5632.02,16780.56,131436.16,2025-01-26,PAY-202501-0290
6950,290,2025-02-01,134800.0,11.51,14545.76,0.0,10298.98,22330.35,137314.39,2025-03-03,PAY-202502-0290
6951,290,2025-03-01,134800.0,1.34,1693.43,0.0,12790.46,15117.72,134166.17,2025-03-27,PAY-202503-0290
6952,290,2025-04-01,134800.0,13.86,17515.58,0.0,3270.77,7815.3,147771.05,2025-05-01,PAY-202504-0290
6953,290,2025-05-01,134800.0,0.68,859.35,0.0,1873.03,18590.94,118941.44,2025-05-29,PAY-202505-0290
6954,290,2025-06-01,134800.0,4.66,5889.07,0.0,3675.18,24121.28,120242.97,2025-06-28,PAY-202506-0290
6955,290,2025-07-01,134800.0,3.01,3803.89,0.0,10869.59,7970.31,141503.17,2025-07-27,PAY-202507-0290
6956,290,2025-08-01,134800.0,0.0,0.0,0.0,1077.33,24111.8,111765.53,2025-08-30,PAY-202508-0290
6957,290,2025-09-01,134800.0,8.47,10703.96,0.0,2095.64,13936.42,133663.18,2025-09-26,PAY-202509-0290
6958,290,2025-10-01,134800.0,17.03,21521.66,0.0,14760.74,21143.81,149938.59,2025-10-26,PAY-202510-0290
6959,290,2025-11-01,134800.0,21.33,26955.79,0.0,946.96,17774.74,144928.01,2025-12-01,PAY-202511-0290
6960,290,2025-12-01,134800.0,8.49,10729.24,0.0,435.84,10062.26,135902.82,2025-12-28,PAY-202512-0290
6961,291,2024-01-01,60100.0,13.58,7651.48,0.0,10354.17,6414.3,71691.35,2024-01-27,PAY-202401-0291
6962,291,2024-02-01,60100.0,9.16,5161.09,0.0,2839.11,10138.74,57961.46,2024-03-01,PAY-202402-0291
6963,291,2024-03-01,60100.0,10.49,5910.46,0.0,6207.41,6618.05,65599.82,2024-03-28,PAY-202403-0291
6964,291,2024-04-01,60100.0,6.29,3544.02,13533.64,3379.92,7516.27,73041.31,2024-04-26,PAY-202404-0291
6965,291,2024-05-01,60100.0,8.98,5059.67,0.0,11012.59,8150.56,68021.7,2024-05-28,PAY-202405-0291
6966,291,2024-06-01,60100.0,10.69,6023.15,0.0,13495.49,4170.58,75448.06,2024-07-01,PAY-202406-0291
6967,291,2024-07-01,60100.0,5.11,2879.17,0.0,12075.65,10126.62,64928.2,2024-07-27,PAY-202407-0291
6968,291,2024-08-01,60100.0,7.61,4287.76,0.0,9037.54,6607.54,66817.76,2024-08-28,PAY-202408-0291
6969,291,2024-09-01,60100.0,7.71,4344.1,0.0,9369.26,5512.02,68301.34,2024-09-27,PAY-202409-0291
6970,291,2024-10-01,60100.0,12.13,6834.5,0.0,4695.32,10091.37,61538.45,2024-10-29,PAY-202410-0291
6971,291,2024-11-01,60100.0,2.67,1504.38,0.0,3872.07,8347.48,57128.97,2024-11-28,PAY-202411-0291
6972,291,2024-12-01,60100.0,7.74,4361.01,0.0,3724.69,10206.98,57978.72,2024-12-31,PAY-202412-0291
6973,291,2025-01-01,60100.0,17.56,9893.96,0.0,10552.12,7240.65,73305.43,2025-01-30,PAY-202501-0291
6974,291,2025-02-01,60100.0,13.82,7786.71,39019.82,1742.2,5420.08,103228.65,2025-02-27,PAY-202502-0291
6975,291,2025-03-01,60100.0,14.75,8310.7,0.0,6391.29,3194.92,71607.07,2025-03-31,PAY-202503-0291
6976,291,2025-04-01,60100.0,8.12,4575.11,0.0,4807.12,6909.02,62573.21,2025-04-26,PAY-202504-0291
6977,291,2025-05-01,60100.0,9.6,5409.0,0.0,4758.96,5721.74,64546.22,2025-05-31,PAY-202505-0291
6978,291,2025-06-01,60100.0,13.01,7330.32,0.0,10413.78,9028.22,68815.88,2025-06-29,PAY-202506-0291
6979,291,2025-07-01,60100.0,15.8,8902.31,0.0,2503.49,6766.82,64738.98,2025-07-29,PAY-202507-0291
6980,291,2025-08-01,60100.0,0.0,0.0,0.0,781.96,10210.89,50671.07,2025-08-30,PAY-202508-0291
6981,291,2025-09-01,60100.0,1.42,800.08,10318.04,10698.59,5086.75,76829.96,2025-09-29,PAY-202509-0291
6982,291,2025-10-01,60100.0,14.55,8198.02,0.0,7019.43,3913.1,71404.35,2025-10-27,PAY-202510-0291
6983,291,2025-11-01,60100.0,6.62,3729.96,0.0,14499.39,6093.24,72236.11,2025-11-26,PAY-202511-0291
6984,291,2025-12-01,60100.0,4.64,2614.35,0.0,2853.93,6979.63,58588.65,2025-12-26,PAY-202512-0291
6985,292,2024-01-01,140900.0,1.73,2285.22,0.0,100.7,18447.13,124838.79,2024-01-28,PAY-202401-0292
6986,292,2024-02-01,140900.0,5.22,6895.29,0.0,8841.56,24471.57,132165.28,2024-02-29,PAY-202402-0292
6987,292,2024-03-01,140900.0,0.99,1307.73,0.0,10822.26,24815.63,128214.36,2024-03-30,PAY-202403-0292
6988,292,2024-04-01,140900.0,18.46,24384.51,0.0,12458.68,24936.05,152807.14,2024-04-30,PAY-202404-0292
6989,292,2024-05-01,140900.0,7.89,10422.2,0.0,5193.85,17381.74,139134.31,2024-05-31,PAY-202405-0292
6990,292,2024-06-01,140900.0,7.71,10184.43,0.0,3822.84,15314.01,139593.26,2024-07-01,PAY-202406-0292
6991,292,2024-07-01,140900.0,10.94,14451.06,7253.67,10131.19,25135.58,147600.34,2024-07-29,PAY-202407-0292
6992,292,2024-08-01,140900.0,12.81,16921.21,29866.94,6385.45,24653.15,169420.45,2024-08-29,PAY-202408-0292
6993,292,2024-09-01,140900.0,12.73,16815.53,0.0,6945.25,14941.25,149719.53,2024-09-26,PAY-202409-0292
6994,292,2024-10-01,140900.0,13.37,17660.93,0.0,14221.12,12387.4,160394.65,2024-10-27,PAY-202410-0292
6995,292,2024-11-01,140900.0,4.85,6406.55,0.0,459.44,7309.02,140456.97,2024-11-26,PAY-202411-0292
6996,292,2024-12-01,140900.0,6.51,8599.3,0.0,14343.61,7632.49,156210.42,2024-12-30,PAY-202412-0292
6997,292,2025-01-01,140900.0,11.85,15653.11,0.0,8670.55,10087.97,155135.69,2025-01-28,PAY-202501-0292
6998,292,2025-02-01,140900.0,5.36,7080.23,0.0,8379.29,16410.05,139949.47,2025-02-27,PAY-202502-0292
6999,292,2025-03-01,140900.0,7.97,10527.87,0.0,12578.41,10182.4,153823.88,2025-03-26,PAY-202503-0292
7000,292,2025-04-01,140900.0,9.99,13196.17,21509.61,10741.75,16657.1,169690.43,2025-04-26,PAY-202504-0292
7001,292,2025-05-01,140900.0,11.93,15758.78,0.0,6620.65,20164.9,143114.53,2025-05-28,PAY-202505-0292
7002,292,2025-06-01,140900.0,0.0,0.0,0.0,4359.12,13436.46,131822.66,2025-06-27,PAY-202506-0292
7003,292,2025-07-01,140900.0,11.57,15283.25,9680.7,960.8,15272.8,151551.95,2025-07-26,PAY-202507-0292
7004,292,2025-08-01,140900.0,6.83,9022.0,0.0,2065.9,15653.26,136334.64,2025-08-31,PAY-202508-0292
7005,292,2025-09-01,140900.0,11.54,15243.62,28865.74,2402.49,18274.64,169137.21,2025-09-29,PAY-202509-0292
7006,292,2025-10-01,140900.0,11.88,15692.74,0.0,3140.11,14290.47,145442.38,2025-10-26,PAY-202510-0292
7007,292,2025-11-01,140900.0,16.04,21187.84,0.0,10970.53,13039.02,160019.35,2025-11-28,PAY-202511-0292
7008,292,2025-12-01,140900.0,14.77,19510.25,29828.11,274.81,13701.99,176811.18,2025-12-26,PAY-202512-0292
7009,293,2024-01-01,64200.0,14.73,8865.62,9018.82,4553.62,7698.2,78939.86,2024-01-28,PAY-202401-0293
7010,293,2024-02-01,64200.0,15.22,9160.54,0.0,1932.32,10530.39,64762.47,2024-02-27,PAY-202402-0293
7011,293,2024-03-01,64200.0,9.46,5693.74,0.0,192.97,6701.48,63385.23,2024-03-29,PAY-202403-0293
7012,293,2024-04-01,64200.0,8.16,4911.3,0.0,3609.41,3529.54,69191.17,2024-05-01,PAY-202404-0293
7013,293,2024-05-01,64200.0,12.36,7439.17,0.0,3463.71,9097.18,66005.7,2024-05-27,PAY-202405-0293
7014,293,2024-06-01,64200.0,11.66,7017.86,0.0,10242.04,10530.74,70929.16,2024-07-01,PAY-202406-0293
7015,293,2024-07-01,64200.0,6.45,3882.09,0.0,14936.47,5971.64,77046.92,2024-07-27,PAY-202407-0293
7016,293,2024-08-01,64200.0,10.02,6030.79,0.0,14709.16,9615.72,75324.23,2024-08-27,PAY-202408-0293
7017,293,2024-09-01,64200.0,7.82,4706.66,0.0,8403.82,10424.86,66885.62,2024-09-26,PAY-202409-0293
7018,293,2024-10-01,64200.0,3.73,2244.99,0.0,10641.96,5055.41,72031.54,2024-10-29,PAY-202410-0293
7019,293,2024-11-01,64200.0,14.45,8697.09,0.0,11768.39,8319.56,76345.92,2024-11-30,PAY-202411-0293
7020,293,2024-12-01,64200.0,8.28,4983.52,0.0,10140.92,3287.2,76037.24,2024-12-27,PAY-202412-0293
7021,293,2025-01-01,64200.0,18.24,10978.2,0.0,3813.59,5533.93,73457.86,2025-01-28,PAY-202501-0293
7022,293,2025-02-01,64200.0,0.0,0.0,5660.1,1493.85,6472.98,64880.97,2025-03-02,PAY-202502-0293
7023,293,2025-03-01,64200.0,5.22,3141.79,0.0,459.41,7771.89,60029.31,2025-03-28,PAY-202503-0293
7024,293,2025-04-01,64200.0,8.16,4911.3,0.0,4969.32,3439.26,70641.36,2025-04-28,PAY-202504-0293
7025,293,2025-05-01,64200.0,13.69,8239.67,0.0,1424.76,6608.63,67255.8,2025-05-27,PAY-202505-0293
7026,293,2025-06-01,64200.0,10.0,6018.75,0.0,6193.11,8996.26,67415.6,2025-06-30,PAY-202506-0293
7027,293,2025-07-01,64200.0,9.55,5747.91,9535.79,1438.39,6203.42,74718.67,2025-07-28,PAY-202507-0293
7028,293,2025-08-01,64200.0,2.36,1420.42,0.0,9812.95,11258.25,64175.12,2025-08-29,PAY-202508-0293
7029,293,2025-09-01,64200.0,2.22,1336.16,0.0,14673.37,6679.45,73530.08,2025-10-01,PAY-202509-0293
7030,293,2025-10-01,64200.0,9.61,5784.02,0.0,2927.13,5963.31,66947.84,2025-10-27,PAY-202510-0293
7031,293,2025-11-01,64200.0,1.18,710.21,0.0,5587.17,9036.6,61460.78,2025-12-01,PAY-202511-0293
7032,293,2025-12-01,64200.0,5.34,3214.01,0.0,9909.88,11385.89,65938.0,2025-12-26,PAY-202512-0293
7033,294,2024-01-01,194800.0,10.5,19175.62,0.0,12561.8,14630.23,211907.19,2024-01-29,PAY-202401-0294
7034,294,2024-02-01,194800.0,3.09,5643.11,0.0,9539.42,15691.43,194291.1,2024-02-28,PAY-202402-0294
7035,294,2024-03-01,194800.0,16.03,29274.79,0.0,14319.7,31286.5,207107.99,2024-03-28,PAY-202403-0294
7036,294,2024-04-01,194800.0,14.12,25786.65,0.0,6068.88,33504.54,193150.99,2024-05-01,PAY-202404-0294
7037,294,2024-05-01,194800.0,0.14,255.68,0.0,2977.16,18961.29,179071.55,2024-05-26,PAY-202405-0294
7038,294,2024-06-01,194800.0,3.34,6099.68,37012.24,11644.4,30431.51,219124.81,2024-06-28,PAY-202406-0294
7039,294,2024-07-01,194800.0,0.0,0.0,0.0,6531.03,14338.26,186992.77,2024-07-29,PAY-202407-0294
7040,294,2024-08-01,194800.0,4.09,7469.36,0.0,8282.45,14226.61,196325.2,2024-08-26,PAY-202408-0294
7041,294,2024-09-01,194800.0,11.83,21604.54,0.0,14747.61,16738.55,214413.6,2024-09-30,PAY-202409-0294
7042,294,2024-10-01,194800.0,5.93,10829.66,13328.59,3820.91,34148.31,188630.85,2024-10-30,PAY-202410-0294
7043,294,2024-11-01,194800.0,10.3,18810.38,0.0,7612.48,27636.44,193586.42,2024-11-30,PAY-202411-0294
7044,294,2024-12-01,194800.0,0.39,712.24,0.0,12551.55,20674.05,187389.74,2024-12-28,PAY-202412-0294
7045,294,2025-01-01,194800.0,11.99,21896.74,0.0,1968.69,25166.17,193499.26,2025-01-27,PAY-202501-0294
7046,294,2025-02-01,194800.0,5.22,9533.02,0.0,10537.77,34041.53,180829.26,2025-02-28,PAY-202502-0294
7047,294,2025-03-01,194800.0,8.06,14719.58,0.0,5466.98,32006.93,182979.63,2025-03-26,PAY-202503-0294
7048,294,2025-04-01,194800.0,7.54,13769.92,0.0,11901.77,24010.86,196460.83,2025-04-29,PAY-202504-0294
7049,294,2025-05-01,194800.0,1.64,2995.05,0.0,7438.88,25118.43,180115.5,2025-05-26,PAY-202505-0294
7050,294,2025-06-01,194800.0,2.23,4072.54,11592.84,6738.19,24742.3,192461.27,2025-06-30,PAY-202506-0294
7051,294,2025-07-01,194800.0,12.84,23449.05,0.0,10629.62,28950.69,199927.98,2025-07-29,PAY-202507-0294
7052,294,2025-08-01,194800.0,9.99,18244.24,0.0,2141.94,31874.42,183311.76,2025-08-28,PAY-202508-0294
7053,294,2025-09-01,194800.0,13.25,24197.81,0.0,10242.43,11962.51,217277.73,2025-09-29,PAY-202509-0294
7054,294,2025-10-01,194800.0,9.62,17568.52,24949.55,13383.03,18771.68,231929.42,2025-10-30,PAY-202510-0294
7055,294,2025-11-01,194800.0,8.71,15906.64,0.0,13673.46,10727.03,213653.07,2025-11-26,PAY-202511-0294
7056,294,2025-12-01,194800.0,0.0,0.0,0.0,9889.46,34158.94,170530.52,2025-12-27,PAY-202512-0294
7057,295,2024-01-01,191200.0,6.65,11920.12,12178.71,5683.74,22527.07,198455.5,2024-01-29,PAY-202401-0295
7058,295,2024-02-01,191200.0,7.86,14089.05,37039.47,2936.36,20956.63,224308.25,2024-03-02,PAY-202402-0295
7059,295,2024-03-01,191200.0,17.77,31852.72,0.0,1948.57,22176.59,202824.7,2024-03-30,PAY-202403-0295
7060,295,2024-04-01,191200.0,11.43,20488.27,0.0,8800.67,27494.05,192994.89,2024-04-26,PAY-202404-0295
7061,295,2024-05-01,191200.0,15.68,28106.4,0.0,13810.23,16538.65,216577.98,2024-05-26,PAY-202405-0295
7062,295,2024-06-01,191200.0,10.99,19699.58,0.0,11215.52,27717.87,194397.23,2024-06-30,PAY-202406-0295
7063,295,2024-07-01,191200.0,4.44,7958.7,0.0,9585.77,23909.77,184834.7,2024-07-30,PAY-202407-0295
7064,295,2024-08-01,191200.0,8.59,15397.57,0.0,1576.99,32088.56,176086.0,2024-08-28,PAY-202408-0295
7065,295,2024-09-01,191200.0,9.18,16455.15,0.0,14025.62,32237.75,189443.02,2024-09-27,PAY-202409-0295
7066,295,2024-10-01,191200.0,3.3,5915.25,0.0,10151.38,28156.47,179110.16,2024-10-30,PAY-202410-0295
7067,295,2024-11-01,191200.0,6.08,10898.4,0.0,13237.72,13177.39,202158.73,2024-11-28,PAY-202411-0295
7068,295,2024-12-01,191200.0,6.97,12493.73,0.0,14448.53,23499.78,194642.48,2024-12-30,PAY-202412-0295
7069,295,2025-01-01,191200.0,16.03,28733.78,0.0,7687.94,12167.73,215453.99,2025-01-28,PAY-202501-0295
7070,295,2025-02-01,191200.0,0.0,0.0,0.0,14537.32,21177.98,184559.34,2025-03-03,PAY-202502-0295
7071,295,2025-03-01,191200.0,14.03,25148.77,0.0,10676.46,31844.52,195180.71,2025-03-26,PAY-202503-0295
7072,295,2025-04-01,191200.0,3.32,5951.1,0.0,7053.96,21899.55,182305.51,2025-04-28,PAY-202504-0295
7073,295,2025-05-01,191200.0,1.14,2043.45,0.0,14703.27,30678.98,177267.74,2025-05-31,PAY-202505-0295
7074,295,2025-06-01,191200.0,13.9,24915.75,0.0,4457.83,16437.48,204136.1,2025-06-29,PAY-202506-0295
7075,295,2025-07-01,191200.0,11.66,20900.55,0.0,9638.55,15839.9,205899.2,2025-07-28,PAY-202507-0295
7076,295,2025-08-01,191200.0,14.27,25578.97,0.0,12749.99,10634.15,218894.81,2025-08-29,PAY-202508-0295
7077,295,2025-09-01,191200.0,12.0,21510.0,0.0,12425.08,28048.32,197086.76,2025-09-27,PAY-202509-0295
7078,295,2025-10-01,191200.0,18.3,32802.75,0.0,11567.77,18094.55,217475.97,2025-10-31,PAY-202510-0295
7079,295,2025-11-01,191200.0,10.79,19341.07,0.0,11528.88,30199.05,191870.9,2025-11-30,PAY-202511-0295
7080,295,2025-12-01,191200.0,7.22,12941.85,18684.97,14050.24,27795.0,209082.06,2025-12-27,PAY-202512-0295
7081,296,2024-01-01,167400.0,9.71,15238.63,0.0,9783.89,19585.97,172836.55,2024-01-30,PAY-202401-0296
7082,296,2024-02-01,167400.0,14.22,22316.51,0.0,14322.07,22228.7,181809.88,2024-03-01,PAY-202402-0296
7083,296,2024-03-01,167400.0,4.1,6434.44,0.0,6930.92,21557.12,159208.24,2024-03-30,PAY-202403-0296
7084,296,2024-04-01,167400.0,4.74,7438.84,0.0,5458.11,26978.08,153318.87,2024-04-29,PAY-202404-0296
7085,296,2024-05-01,167400.0,6.46,10138.16,0.0,3344.52,22992.56,157890.12,2024-05-28,PAY-202405-0296
7086,296,2024-06-01,167400.0,0.0,0.0,0.0,14793.33,20386.19,161807.14,2024-06-29,PAY-202406-0296
7087,296,2024-07-01,167400.0,8.69,13637.87,0.0,4641.45,26297.78,159381.54,2024-07-28,PAY-202407-0296
7088,296,2024-08-01,167400.0,0.0,0.0,0.0,7332.09,29158.04,145574.05,2024-08-27,PAY-202408-0296
7089,296,2024-09-01,167400.0,8.27,12978.73,20499.99,10048.86,25918.23,185009.35,2024-09-29,PAY-202409-0296
7090,296,2024-10-01,167400.0,12.33,19350.39,0.0,5818.94,27524.07,165045.26,2024-10-31,PAY-202410-0296
7091,296,2024-11-01,167400.0,5.62,8819.89,0.0,2899.58,22680.45,156439.02,2024-12-01,PAY-202411-0296
7092,296,2024-12-01,167400.0,16.39,25722.06,0.0,7378.94,20004.0,180497.0,2024-12-29,PAY-202412-0296
7093,296,2025-01-01,167400.0,0.7,1098.56,0.0,2229.18,12665.19,158062.55,2025-01-31,PAY-202501-0296
7094,296,2025-02-01,167400.0,13.96,21908.48,0.0,4237.82,13512.28,180034.02,2025-02-27,PAY-202502-0296
7095,296,2025-03-01,167400.0,86.7,136064.81,0.0,8818.03,15770.55,296512.29,2025-03-30,PAY-202503-0296
7096,296,2025-04-01,167400.0,0.0,0.0,0.0,11487.41,24213.72,154673.69,2025-04-27,PAY-202504-0296
7097,296,2025-05-01,167400.0,21.55,33820.03,39988.73,2073.67,26244.47,217037.96,2025-05-29,PAY-202505-0296
7098,296,2025-06-01,167400.0,7.68,12052.8,0.0,2379.33,13547.02,168285.11,2025-07-01,PAY-202506-0296
7099,296,2025-07-01,167400.0,3.61,5665.44,0.0,4965.22,10957.09,167073.57,2025-07-30,PAY-202507-0296
7100,296,2025-08-01,167400.0,0.96,1506.6,0.0,3937.23,23385.17,149458.66,2025-08-27,PAY-202508-0296
7101,296,2025-09-01,167400.0,6.9,10828.69,0.0,1919.38,14198.7,165949.37,2025-09-29,PAY-202509-0296
7102,296,2025-10-01,167400.0,7.36,11550.6,19835.83,9185.61,27656.13,180315.91,2025-10-30,PAY-202510-0296
7103,296,2025-11-01,167400.0,8.51,13355.38,0.0,5354.02,16381.56,169727.84,2025-12-01,PAY-202511-0296
7104,296,2025-12-01,167400.0,6.51,10216.63,0.0,14829.46,28244.08,164202.01,2025-12-27,PAY-202512-0296
7105,297,2024-01-01,81700.0,11.17,8555.52,19387.56,7053.95,4867.16,111829.87,2024-01-29,PAY-202401-0297
7106,297,2024-02-01,81700.0,6.06,4641.58,0.0,3982.03,13998.09,76325.52,2024-02-28,PAY-202402-0297
7107,297,2024-03-01,81700.0,0.0,0.0,0.0,11989.81,12573.25,81116.56,2024-03-26,PAY-202403-0297
7108,297,2024-04-01,81700.0,7.25,5553.05,0.0,1616.6,10072.25,78797.4,2024-05-01,PAY-202404-0297
7109,297,2024-05-01,81700.0,0.0,0.0,0.0,14348.28,5651.33,90396.95,2024-05-31,PAY-202405-0297
7110,297,2024-06-01,81700.0,9.77,7483.21,0.0,11785.43,13035.73,87932.91,2024-06-28,PAY-202406-0297
7111,297,2024-07-01,81700.0,3.1,2374.41,30723.0,1550.52,5718.74,110629.19,2024-07-27,PAY-202407-0297
7112,297,2024-08-01,81700.0,8.82,6755.57,0.0,8115.31,6600.64,89970.24,2024-08-31,PAY-202408-0297
7113,297,2024-09-01,81700.0,14.57,11159.71,0.0,5470.17,7229.24,91100.64,2024-09-29,PAY-202409-0297
7114,297,2024-10-01,81700.0,3.26,2496.96,0.0,5290.52,11213.78,78273.7,2024-10-28,PAY-202410-0297
7115,297,2024-11-01,81700.0,13.31,10194.63,0.0,4857.63,14064.26,82688.0,2024-11-30,PAY-202411-0297
7116,297,2024-12-01,81700.0,5.83,4465.42,0.0,1891.04,8417.2,79639.26,2024-12-31,PAY-202412-0297
7117,297,2025-01-01,81700.0,16.77,12844.77,0.0,99.25,9378.71,85265.31,2025-01-30,PAY-202501-0297
7118,297,2025-02-01,81700.0,6.17,4725.83,0.0,10082.46,13887.46,82620.83,2025-02-27,PAY-202502-0297
7119,297,2025-03-01,81700.0,3.8,2910.56,0.0,2053.48,8439.0,78225.04,2025-03-27,PAY-202503-0297
7120,297,2025-04-01,81700.0,11.44,8762.32,0.0,9009.09,6876.76,92594.65,2025-04-29,PAY-202504-0297
7121,297,2025-05-01,81700.0,5.82,4457.76,23184.2,10414.21,12845.31,106910.86,2025-05-29,PAY-202505-0297
7122,297,2025-06-01,81700.0,3.79,2902.9,0.0,10813.09,14525.98,80890.01,2025-06-27,PAY-202506-0297
7123,297,2025-07-01,81700.0,5.61,4296.91,0.0,6361.33,13953.3,78404.94,2025-07-26,PAY-202507-0297
7124,297,2025-08-01,81700.0,7.78,5958.99,0.0,10284.78,5674.61,92269.16,2025-08-30,PAY-202508-0297
7125,297,2025-09-01,81700.0,14.71,11266.94,0.0,14233.46,11270.47,95929.93,2025-09-29,PAY-202509-0297
7126,297,2025-10-01,81700.0,0.0,0.0,32064.06,556.89,10917.65,103403.3,2025-10-29,PAY-202510-0297
7127,297,2025-11-01,81700.0,8.12,6219.41,30245.57,14342.79,11288.32,121219.45,2025-11-27,PAY-202511-0297
7128,297,2025-12-01,81700.0,11.12,8517.22,12252.22,12725.15,6770.53,108424.06,2025-12-30,PAY-202512-0297
7129,298,2024-01-01,56400.0,8.97,4742.89,20274.83,7134.35,4019.44,84532.63,2024-01-26,PAY-202401-0298
7130,298,2024-02-01,56400.0,14.55,7693.31,0.0,10921.74,6861.64,68153.41,2024-02-27,PAY-202402-0298
7131,298,2024-03-01,56400.0,7.63,4034.36,0.0,11323.64,8816.83,62941.17,2024-03-30,PAY-202403-0298
7132,298,2024-04-01,56400.0,7.08,3743.55,0.0,12827.53,3352.07,69619.01,2024-04-30,PAY-202404-0298
7133,298,2024-05-01,56400.0,10.96,5795.1,0.0,13797.97,8562.4,67430.67,2024-05-30,PAY-202405-0298
7134,298,2024-06-01,56400.0,8.5,4494.38,0.0,36.67,5292.17,55638.88,2024-06-26,PAY-202406-0298
7135,298,2024-07-01,56400.0,6.05,3198.94,0.0,2394.23,9562.83,52430.34,2024-07-26,PAY-202407-0298
7136,298,2024-08-01,56400.0,10.58,5594.18,0.0,13465.73,3743.27,71716.64,2024-08-27,PAY-202408-0298
7137,298,2024-09-01,56400.0,4.74,2506.28,0.0,9785.52,6078.86,62612.94,2024-09-28,PAY-202409-0298
7138,298,2024-10-01,56400.0,4.94,2612.03,0.0,11691.06,5133.66,65569.43,2024-10-30,PAY-202410-0298
7139,298,2024-11-01,56400.0,5.36,2834.1,0.0,7364.93,6790.09,59808.94,2024-11-29,PAY-202411-0298
7140,298,2024-12-01,56400.0,14.77,7809.64,0.0,13359.96,9664.66,67904.94,2024-12-26,PAY-202412-0298
7141,298,2025-01-01,56400.0,0.0,0.0,0.0,2260.89,7900.85,50760.04,2025-01-30,PAY-202501-0298
7142,298,2025-02-01,56400.0,9.98,5276.93,0.0,11209.36,3009.11,69877.18,2025-02-26,PAY-202502-0298
7143,298,2025-03-01,56400.0,8.17,4319.89,0.0,2511.17,9976.33,53254.73,2025-03-30,PAY-202503-0298
7144,298,2025-04-01,56400.0,0.0,0.0,15189.77,6239.36,5892.74,71936.39,2025-04-30,PAY-202504-0298
7145,298,2025-05-01,56400.0,9.55,5049.56,0.0,2060.31,9279.78,54230.09,2025-05-29,PAY-202505-0298
7146,298,2025-06-01,56400.0,10.38,5488.43,0.0,12669.64,5877.12,68680.95,2025-07-01,PAY-202506-0298
7147,298,2025-07-01,56400.0,10.95,5789.81,0.0,9700.99,9317.01,62573.79,2025-07-28,PAY-202507-0298
7148,298,2025-08-01,56400.0,0.0,0.0,0.0,10421.62,4704.83,62116.79,2025-08-28,PAY-202508-0298
7149,298,2025-09-01,56400.0,14.83,7841.36,0.0,6915.48,6141.75,65015.09,2025-09-29,PAY-202509-0298
7150,298,2025-10-01,56400.0,4.31,2278.91,0.0,7039.1,6833.94,58884.07,2025-10-30,PAY-202510-0298
7151,298,2025-11-01,56400.0,11.43,6043.61,0.0,6622.78,8762.32,60304.07,2025-12-01,PAY-202511-0298
7152,298,2025-12-01,56400.0,11.71,6191.66,0.0,6248.61,6328.74,62511.53,2025-12-29,PAY-202512-0298
7153,299,2024-01-01,245200.0,3.62,8321.48,0.0,792.87,26093.43,228220.92,2024-01-27,PAY-202401-0299
7154,299,2024-02-01,245200.0,11.3,25975.88,0.0,7709.24,31598.01,247287.11,2024-02-27,PAY-202402-0299
7155,299,2024-03-01,245200.0,6.07,13953.41,0.0,2325.95,28913.7,232565.66,2024-03-30,PAY-202403-0299
7156,299,2024-04-01,245200.0,0.0,0.0,0.0,11949.73,16933.9,240215.83,2024-04-29,PAY-202404-0299
7157,299,2024-05-01,245200.0,13.84,31814.7,0.0,1068.01,32784.99,245297.72,2024-05-29,PAY-202405-0299
7158,299,2024-06-01,245200.0,4.12,9470.85,0.0,6563.2,12301.75,248932.3,2024-06-27,PAY-202406-0299
7159,299,2024-07-01,245200.0,3.73,8574.34,0.0,1117.98,28706.29,226186.03,2024-07-29,PAY-202407-0299
7160,299,2024-08-01,245200.0,5.98,13746.53,18551.74,10758.53,29560.66,258696.14,2024-08-26,PAY-202408-0299
7161,299,2024-09-01,245200.0,9.36,21516.3,0.0,1114.06,39014.48,228815.88,2024-10-01,PAY-202409-0299
7162,299,2024-10-01,245200.0,7.71,17723.36,0.0,4584.22,27303.88,240203.7,2024-10-30,PAY-202410-0299
7163,299,2024-11-01,245200.0,10.74,24688.58,0.0,9539.66,16861.15,262567.09,2024-11-30,PAY-202411-0299
7164,299,2024-12-01,245200.0,1.3,2988.38,0.0,13463.5,40314.62,221337.26,2024-12-28,PAY-202412-0299
7165,299,2025-01-01,245200.0,4.29,9861.64,0.0,10270.68,19853.58,245478.74,2025-01-28,PAY-202501-0299
7166,299,2025-02-01,245200.0,7.42,17056.72,0.0,4050.85,38986.59,227320.98,2025-02-26,PAY-202502-0299
7167,299,2025-03-01,245200.0,17.49,40205.14,26137.56,14656.56,29994.75,296204.51,2025-03-28,PAY-202503-0299
7168,299,2025-04-01,245200.0,7.43,17079.71,0.0,7834.49,12348.08,257766.12,2025-05-01,PAY-202504-0299
7169,299,2025-05-01,245200.0,13.43,30872.21,5041.11,7716.55,35336.01,253493.86,2025-05-29,PAY-202505-0299
7170,299,2025-06-01,245200.0,8.19,18826.76,0.0,13476.18,23959.1,253543.84,2025-06-26,PAY-202506-0299
7171,299,2025-07-01,245200.0,5.58,12827.02,0.0,9732.96,35355.15,232404.83,2025-07-26,PAY-202507-0299
7172,299,2025-08-01,245200.0,6.77,15562.54,0.0,4278.48,21344.06,243696.96,2025-08-27,PAY-202508-0299
7173,299,2025-09-01,245200.0,7.16,16459.05,0.0,8219.58,24149.43,245729.2,2025-09-29,PAY-202509-0299
7174,299,2025-10-01,245200.0,11.02,25332.22,0.0,6795.18,17094.51,260232.89,2025-10-28,PAY-202510-0299
7175,299,2025-11-01,245200.0,14.87,34182.41,0.0,10045.36,22700.13,266727.64,2025-11-26,PAY-202511-0299
7176,299,2025-12-01,245200.0,9.8,22527.75,37423.05,8559.75,12276.06,301434.49,2025-12-31,PAY-202512-0299
7177,300,2024-01-01,75800.0,13.94,9906.11,0.0,12228.63,8681.15,89253.59,2024-01-31,PAY-202401-0300
7178,300,2024-02-01,75800.0,3.18,2259.79,0.0,10897.69,3906.48,85051.0,2024-02-26,PAY-202402-0300
7179,300,2024-03-01,75800.0,5.93,4214.01,0.0,9976.86,9360.92,80629.95,2024-03-27,PAY-202403-0300
7180,300,2024-04-01,75800.0,4.38,3112.54,0.0,13954.35,6052.91,86813.98,2024-05-01,PAY-202404-0300
7181,300,2024-05-01,75800.0,9.57,6800.68,0.0,491.58,3907.81,79184.45,2024-05-31,PAY-202405-0300
7182,300,2024-06-01,75800.0,6.21,4412.98,0.0,13518.3,8427.96,85303.32,2024-06-30,PAY-202406-0300
7183,300,2024-07-01,75800.0,11.65,8278.78,0.0,7100.57,10179.55,80999.8,2024-07-31,PAY-202407-0300
7184,300,2024-08-01,75800.0,3.34,2373.49,0.0,9954.17,13023.89,75103.77,2024-08-31,PAY-202408-0300
7185,300,2024-09-01,75800.0,8.22,5841.34,0.0,8987.19,6956.0,83672.53,2024-10-01,PAY-202409-0300
7186,300,2024-10-01,75800.0,11.43,8122.44,0.0,11222.49,6296.91,88848.02,2024-10-27,PAY-202410-0300
7187,300,2024-11-01,75800.0,0.0,0.0,0.0,5753.67,10473.0,71080.67,2024-11-30,PAY-202411-0300
7188,300,2024-12-01,75800.0,18.61,13224.73,0.0,3868.73,10179.79,82713.67,2024-12-26,PAY-202412-0300
7189,300,2025-01-01,75800.0,6.58,4675.91,0.0,6066.95,4903.56,81639.3,2025-01-31,PAY-202501-0300
7190,300,2025-02-01,75800.0,0.0,0.0,0.0,4375.81,13064.17,67111.64,2025-03-03,PAY-202502-0300
7191,300,2025-03-01,75800.0,8.79,6246.39,0.0,1393.73,12639.59,70800.53,2025-03-27,PAY-202503-0300
7192,300,2025-04-01,75800.0,8.17,5805.81,0.0,14061.48,13479.43,82187.86,2025-04-27,PAY-202504-0300
7193,300,2025-05-01,75800.0,7.59,5393.64,0.0,11841.22,11635.97,81398.89,2025-05-29,PAY-202505-0300
7194,300,2025-06-01,75800.0,12.96,9209.7,0.0,11571.7,10557.01,86024.39,2025-06-29,PAY-202506-0300
7195,300,2025-07-01,75800.0,11.74,8342.74,0.0,1728.18,10451.89,75419.03,2025-07-29,PAY-202507-0300
7196,300,2025-08-01,75800.0,9.49,6743.83,0.0,71.98,9014.54,73601.27,2025-08-28,PAY-202508-0300
7197,300,2025-09-01,75800.0,10.25,7283.91,0.0,1326.05,11630.98,72778.98,2025-09-28,PAY-202509-0300
7198,300,2025-10-01,75800.0,7.48,5315.48,0.0,696.4,7368.68,74443.2,2025-10-28,PAY-202510-0300
7199,300,2025-11-01,75800.0,16.88,11995.35,0.0,5864.78,8807.06,84853.07,2025-11-28,PAY-202511-0300
7200,300,2025-12-01,75800.0,0.6,426.38,0.0,9184.12,8869.82,76540.68,2025-12-27,PAY-202512-0300
7201,278,2024-05-01,72800.0,4.25,2900.62,0.0,8475.01,11451.72,72723.91,2024-05-27,PAY-202405-0278-DUP
7202,277,2025-10-01,54400.0,16.99,8664.9,0.0,9132.83,4543.31,67654.42,2025-10-31,PAY-202510-0277-DUP
7203,279,2025-02-01,113700.0,8.72,9294.98,0.0,4645.64,7382.68,120257.94,2025-02-26,PAY-202502-0279-DUP
7204,62,2024-12-01,139400.0,11.24,14689.27,0.0,4243.88,22861.84,135471.31,2024-12-30,PAY-202412-0062-DUP
7205,291,2025-08-01,60100.0,0.0,0.0,0.0,781.96,10210.89,50671.07,2025-08-30,PAY-202508-0291-DUP
7206,112,2024-10-01,234000.0,5.31,11648.81,0.0,8536.02,12936.3,241248.53,2024-10-28,PAY-202410-0112-DUP
7207,165,2025-05-01,169900.0,18.92,30136.01,0.0,14996.38,26245.29,188787.1,2025-05-27,PAY-202505-0165-DUP
7208,42,2024-11-01,62600.0,2.99,1754.76,0.0,275.58,8698.93,55931.41,2024-11-28,PAY-202411-0042-DUP
7209,42,2025-07-01,62600.0,8.3,4871.06,0.0,8133.51,4812.59,70791.98,2025-07-27,PAY-202507-0042-DUP
7210,102,2024-03-01,219600.0,10.86,22358.02,0.0,960.65,16113.04,226805.63,2024-03-28,PAY-202403-0102-DUP
7211,162,2024-11-01,70200.0,4.3,2829.94,0.0,293.4,6545.53,66777.81,2024-11-28,PAY-202411-0162-DUP
7212,155,2024-08-01,136100.0,3.82,4874.08,0.0,12539.57,24160.71,129352.94,2024-08-26,PAY-202408-0155-DUP
7213,49,2025-04-01,229700.0,10.82,23300.19,0.0,12875.34,21487.46,244388.07,2025-04-28,PAY-202504-0049-DUP
7214,299,2025-10-01,245200.0,11.02,25332.22,0.0,6795.18,17094.51,260232.89,2025-10-28,PAY-202510-0299-DUP
7215,94,2025-11-01,206200.0,1.74,3363.64,22311.2,3187.13,28283.39,206778.58,2025-11-29,PAY-202511-0094-DUP
7216,198,2025-02-01,239100.0,10.48,23491.58,0.0,5686.72,24452.14,243826.16,2025-03-01,PAY-202502-0198-DUP
7217,182,2025-08-01,82600.0,13.98,10825.76,0.0,10229.53,8497.55,95157.74,2025-08-27,PAY-202508-0182-DUP
7218,30,2025-07-01,243800.0,7.81,17850.73,0.0,12355.33,43286.04,230720.02,2025-07-26,PAY-202507-0030-DUP
7219,99,2025-04-01,233800.0,0.0,0.0,0.0,7512.75,22525.01,218787.74,2025-04-30,PAY-202504-0099-DUP
7220,271,2025-07-01,156700.0,7.67,11267.71,0.0,14072.38,20203.25,161836.84,2025-07-26,PAY-202507-0271-DUP
